student_id,gender,category,age,hostel_status,commute_distance_km,family_income_slab,income_slab_idx,is_first_generation,has_scholarship,fee_payment_delay_days,att_core1,att_core2,att_lab,att_elective,attendance_month_1,attendance_month_2,attendance_month_3,attendance_percentage,attendance_3m_trend,consecutive_absences,attendance_risk_flag,prev_sem_cgpa,current_cgpa,cgpa_delta,backlog_count,internal_exam_score_pct,stem_core_fail_flag,lms_logins_per_week,assignment_submission_lag_days,resource_access_count,days_since_last_lms_activity,forum_participation_count,ground_truth_risk_prob,is_dropout,state,state_code,state_literacy_rate,state_female_literacy,state_ger_higher_ed,state_dropout_rate_secondary,district,district_mpi_pct,is_aspirational_district,district_rurality_pct,district_ptr_ratio,educational_tier
UG_2026_0001,Male,OBC,19.4,Day Scholar,10.3,5-8 LPA,2,1,0,3,81.3,88.6,85.0,71.0,89.7,81.9,88.0,86.3,-0.83,0,0,5.62,5.63,0.01,0,58.2,0,8.0,-1.7,29,8,3,0.0575,0,Tamil Nadu,TN,80.1,73.4,51.4,8.1,Ramanathapuram,7.8,1,69.7,22.1,UNDERGRADUATE
UG_2026_0002,Male,EWS,19.7,Hosteler,0.5,2-5 LPA,1,0,1,4,50.5,50.3,56.3,56.2,54.0,50.6,49.0,50.8,-2.49,8,1,6.66,6.1,-0.56,1,66.8,0,5.1,2.2,18,14,2,0.9445,1,Gujarat,GJ,78.0,69.7,21.3,17.9,Dahod,40.5,1,88.0,38.1,UNDERGRADUATE
UG_2026_0003,Male,OBC,17.6,Day Scholar,10.1,<2 LPA,0,0,1,4,59.3,52.3,57.0,41.8,54.0,52.4,50.3,52.0,-1.85,4,1,7.99,7.26,-0.73,1,73.7,0,4.6,-0.3,38,13,4,0.7002,1,Tamil Nadu,TN,80.1,73.4,51.4,8.1,Chennai,1.2,0,0.0,17.5,UNDERGRADUATE
UG_2026_0004,Female,OBC,20.1,Day Scholar,18.2,<2 LPA,0,1,0,94,75.7,69.6,76.0,74.7,77.1,79.6,61.0,71.5,-8.07,4,1,6.72,6.21,-0.51,0,56.1,0,5.2,1.3,26,10,2,0.9958,1,Bihar,BR,61.8,51.5,14.5,21.4,Muzaffarpur,35.1,1,90.3,38.0,UNDERGRADUATE
UG_2026_0005,Male,ST,18.4,Hosteler,0.5,<2 LPA,0,1,1,1,92.3,100.0,100.0,86.7,96.2,92.9,94.9,94.5,-0.66,1,0,5.64,6.35,0.71,0,63.2,0,8.8,3.9,34,14,1,0.1843,0,Karnataka,KA,75.4,68.1,36.2,12.0,Yadgir,39.4,1,81.2,36.5,UNDERGRADUATE
UG_2026_0006,Female,General,19.7,Hosteler,0.5,2-5 LPA,1,1,1,0,56.2,62.3,65.1,51.3,66.9,53.1,59.6,59.1,-3.67,7,1,6.16,5.7,-0.46,1,51.9,0,5.5,4.2,32,13,0,0.9238,1,Haryana,HR,75.6,65.9,29.8,12.5,Gurugram,2.5,0,31.2,20.5,UNDERGRADUATE
UG_2026_0007,Male,OBC,19.6,Hosteler,0.5,5-8 LPA,2,0,0,1,59.4,52.4,54.8,56.9,49.3,52.7,53.0,52.0,1.9,11,1,3.76,3.43,-0.33,2,29.7,1,3.4,-1.6,20,14,2,0.9796,1,Bihar,BR,61.8,51.5,14.5,21.4,Purnia,50.4,1,89.2,42.1,UNDERGRADUATE
UG_2026_0008,Male,OBC,17.7,Day Scholar,12.1,5-8 LPA,2,0,0,1,73.2,58.8,67.1,71.6,62.8,70.1,76.9,71.0,7.05,6,1,6.07,6.17,0.1,0,60.8,0,8.3,-3.3,44,11,1,0.2852,0,Uttar Pradesh,UP,67.7,57.2,23.2,16.8,Balrampur,47.9,1,92.3,45.0,UNDERGRADUATE
UG_2026_0009,Female,OBC,20.8,Hosteler,0.5,2-5 LPA,1,0,0,33,91.5,90.5,96.1,97.6,84.1,89.8,99.2,92.1,7.58,1,0,5.37,6.12,0.75,0,62.2,0,4.4,-2.7,52,14,2,0.1306,0,Maharashtra,MH,82.3,75.9,32.3,11.2,Mumbai,2.1,0,0.0,19.5,UNDERGRADUATE
UG_2026_0010,Female,EWS,18.8,Hosteler,0.5,>8 LPA,3,0,1,15,100.0,96.9,99.0,88.8,93.4,94.2,100.0,96.3,3.3,0,0,9.41,10.0,0.59,0,96.7,0,6.7,-2.0,43,3,6,0.0186,0,Kerala,KL,94.0,92.1,43.2,3.2,Thiruvananthapuram,0.9,0,46.2,15.2,UNDERGRADUATE
UG_2026_0011,Female,OBC,20.5,Day Scholar,11.0,>8 LPA,3,0,0,4,56.4,49.2,54.1,47.6,50.5,49.4,48.6,49.4,-0.93,21,1,9.88,9.38,-0.5,1,83.2,0,3.5,0.9,43,9,3,0.4515,0,Maharashtra,MH,82.3,75.9,32.3,11.2,Pune,3.9,0,39.1,21.0,UNDERGRADUATE
UG_2026_0012,Male,General,19.6,Hosteler,0.5,2-5 LPA,1,1,0,10,60.2,72.3,72.1,58.7,67.9,71.2,60.2,66.0,-3.84,6,1,7.85,6.95,-0.9,0,71.3,0,6.0,-0.4,11,8,2,0.7581,1,Madhya Pradesh,MP,69.3,59.2,24.8,18.5,Barwani,46.1,1,85.5,37.1,UNDERGRADUATE
UG_2026_0013,Female,ST,21.0,Day Scholar,23.8,<2 LPA,0,1,0,63,73.3,72.5,76.8,64.9,69.3,75.0,78.5,75.0,4.61,2,0,9.63,9.85,0.22,0,99.0,0,8.3,-2.9,66,6,0,0.1898,0,Maharashtra,MH,82.3,75.9,32.3,11.2,Pune,3.9,0,39.1,21.0,UNDERGRADUATE
UG_2026_0014,Female,General,19.0,Hosteler,0.5,2-5 LPA,1,0,1,2,75.9,74.3,73.3,57.1,63.8,61.4,68.3,64.7,2.22,10,1,6.53,6.79,0.26,2,67.2,0,8.2,-1.4,36,15,0,0.2863,0,Haryana,HR,75.6,65.9,29.8,12.5,Gurugram,2.5,0,31.2,20.5,UNDERGRADUATE
UG_2026_0015,Female,SC,21.9,Hosteler,0.5,2-5 LPA,1,1,1,0,79.3,94.6,93.0,99.2,87.6,94.8,83.9,88.6,-1.89,2,0,6.03,6.0,-0.03,0,59.3,0,7.8,-0.9,39,8,2,0.1554,0,Karnataka,KA,75.4,68.1,36.2,12.0,Bengaluru Urban,1.8,0,9.1,18.2,UNDERGRADUATE
UG_2026_0016,Male,General,19.7,Day Scholar,6.6,<2 LPA,0,0,0,32,87.5,93.5,86.2,87.6,89.3,84.3,79.8,83.8,-4.75,2,0,8.64,8.7,0.06,0,95.1,0,4.9,-2.0,76,5,2,0.5214,1,Maharashtra,MH,82.3,75.9,32.3,11.2,Nandurbar,33.1,1,83.3,32.4,UNDERGRADUATE
UG_2026_0017,Female,General,21.3,Hosteler,0.5,2-5 LPA,1,1,1,0,87.3,84.8,89.0,77.9,87.8,88.1,88.8,88.3,0.5,0,0,6.44,6.66,0.22,0,55.3,0,7.1,-2.5,28,7,4,0.064,0,Karnataka,KA,75.4,68.1,36.2,12.0,Bengaluru Urban,1.8,0,9.1,18.2,UNDERGRADUATE
UG_2026_0018,Female,General,21.9,Day Scholar,17.2,<2 LPA,0,1,0,31,62.5,67.4,75.2,76.9,66.1,74.9,73.2,72.0,3.51,4,1,7.58,6.59,-0.99,1,61.7,0,7.1,-1.1,49,8,4,0.8934,1,Uttar Pradesh,UP,67.7,57.2,23.2,16.8,Noida / Gautam Buddha Nagar,7.1,0,40.9,22.0,UNDERGRADUATE
UG_2026_0019,Male,OBC,18.9,Day Scholar,11.8,5-8 LPA,2,0,0,4,87.2,92.0,84.0,74.5,76.5,89.8,87.9,85.7,5.72,2,0,8.01,8.24,0.23,0,83.7,0,5.5,1.7,42,7,2,0.057,0,Karnataka,KA,75.4,68.1,36.2,12.0,Raichur,36.8,1,74.6,34.0,UNDERGRADUATE
UG_2026_0020,Male,OBC,21.1,Hosteler,0.5,2-5 LPA,1,0,0,12,34.9,40.4,36.1,32.1,41.2,36.2,33.9,36.5,-3.66,18,1,7.0,7.13,0.13,1,61.1,0,7.8,0.6,48,12,1,0.6905,1,Gujarat,GJ,78.0,69.7,21.3,17.9,Dahod,40.5,1,88.0,38.1,UNDERGRADUATE
UG_2026_0021,Male,SC,18.8,Day Scholar,15.5,2-5 LPA,1,1,1,2,83.9,69.9,72.5,78.3,69.6,70.2,71.4,70.5,0.89,3,1,5.84,5.62,-0.22,0,52.9,1,4.1,0.9,14,13,3,0.4276,0,Haryana,HR,75.6,65.9,29.8,12.5,Nuh / Mewat,44.8,1,88.6,47.0,UNDERGRADUATE
UG_2026_0022,Female,OBC,19.7,Day Scholar,10.5,>8 LPA,3,0,0,6,72.4,82.6,78.3,58.4,81.5,76.9,79.7,79.2,-0.88,1,0,5.85,5.1,-0.75,1,43.8,0,8.2,-0.5,52,13,1,0.3852,0,Kerala,KL,94.0,92.1,43.2,3.2,Ernakulam,0.6,0,31.9,14.8,UNDERGRADUATE
UG_2026_0023,Male,General,20.5,Hosteler,0.5,>8 LPA,3,0,0,2,82.7,80.8,89.5,93.5,79.7,85.5,84.7,83.8,2.49,2,0,5.45,6.05,0.6,0,51.0,0,10.9,-2.8,115,8,5,0.1315,0,Tamil Nadu,TN,80.1,73.4,51.4,8.1,Ramanathapuram,7.8,1,69.7,22.1,UNDERGRADUATE
UG_2026_0024,Male,SC,20.4,Day Scholar,13.2,<2 LPA,0,1,1,0,38.8,32.5,44.1,32.4,45.3,42.5,31.3,38.7,-7.0,17,1,6.87,5.04,-1.83,3,55.0,1,5.3,0.4,16,14,2,0.9965,1,Tamil Nadu,TN,80.1,73.4,51.4,8.1,Chennai,1.2,0,0.0,17.5,UNDERGRADUATE
UG_2026_0025,Male,OBC,19.6,Day Scholar,3.9,<2 LPA,0,1,1,0,80.4,82.5,89.0,82.8,79.4,79.1,82.3,80.5,1.44,0,0,3.5,3.75,0.25,0,33.9,0,5.6,-0.0,25,11,4,0.5504,1,Haryana,HR,75.6,65.9,29.8,12.5,Nuh / Mewat,44.8,1,88.6,47.0,UNDERGRADUATE
UG_2026_0026,Male,OBC,18.5,Hosteler,0.5,2-5 LPA,1,1,0,0,94.0,100.0,93.2,100.0,98.9,90.9,94.5,94.3,-2.2,0,0,7.81,8.12,0.31,0,75.2,0,8.3,-2.0,44,10,1,0.0071,0,Rajasthan,RJ,66.1,52.1,26.0,17.2,Jaisalmer,31.8,1,86.7,33.2,UNDERGRADUATE
UG_2026_0027,Female,OBC,20.1,Day Scholar,8.6,<2 LPA,0,1,0,3,89.6,92.0,91.4,72.6,85.4,80.1,88.1,84.6,1.36,2,0,7.73,8.46,0.73,1,88.4,0,6.0,-3.6,47,4,0,0.1206,0,Gujarat,GJ,78.0,69.7,21.3,17.9,Ahmedabad,3.8,0,15.9,20.2,UNDERGRADUATE
UG_2026_0028,Male,OBC,18.8,Day Scholar,4.8,2-5 LPA,1,0,0,14,32.3,24.9,37.9,20.9,17.8,29.7,38.9,30.4,10.55,13,1,5.18,2.76,-2.42,1,20.2,1,4.7,1.2,38,21,1,0.9976,1,Haryana,HR,75.6,65.9,29.8,12.5,Nuh / Mewat,44.8,1,88.6,47.0,UNDERGRADUATE
UG_2026_0029,Female,ST,21.7,Day Scholar,14.0,>8 LPA,3,0,1,1,44.3,46.4,51.4,41.9,44.4,41.5,39.1,41.2,-2.65,24,1,7.49,5.67,-1.82,0,56.5,1,1.3,1.2,23,18,2,0.9777,1,Kerala,KL,94.0,92.1,43.2,3.2,Ernakulam,0.6,0,31.9,14.8,UNDERGRADUATE
UG_2026_0030,Female,General,19.0,Day Scholar,14.9,>8 LPA,3,0,1,9,86.0,80.8,86.8,74.5,69.8,80.1,84.4,79.2,7.3,2,0,9.37,8.86,-0.51,0,77.5,0,7.2,-1.9,51,4,7,0.0267,0,Madhya Pradesh,MP,69.3,59.2,24.8,18.5,Indore,6.8,0,25.9,21.8,UNDERGRADUATE
UG_2026_0031,Male,OBC,19.6,Hosteler,0.5,>8 LPA,3,1,0,18,54.1,66.9,52.8,51.1,60.9,57.2,58.6,58.7,-1.17,10,1,6.54,5.66,-0.88,4,60.2,0,8.1,-2.0,33,12,2,0.9721,1,Tamil Nadu,TN,80.1,73.4,51.4,8.1,Ramanathapuram,7.8,1,69.7,22.1,UNDERGRADUATE
UG_2026_0032,Male,OBC,20.1,Day Scholar,16.3,2-5 LPA,1,0,0,22,73.6,80.4,82.0,82.2,74.3,77.7,80.6,78.0,3.13,2,0,8.12,7.39,-0.73,0,71.9,0,8.2,0.1,44,7,1,0.0704,0,Madhya Pradesh,MP,69.3,59.2,24.8,18.5,Alirajpur,52.0,1,92.2,39.5,UNDERGRADUATE
UG_2026_0033,Female,General,17.5,Hosteler,0.5,<2 LPA,0,1,1,1,55.8,44.9,47.7,57.2,54.0,51.7,47.1,50.4,-3.43,4,1,5.5,4.85,-0.65,1,41.9,0,4.5,3.3,40,14,0,0.8848,1,Madhya Pradesh,MP,69.3,59.2,24.8,18.5,Indore,6.8,0,25.9,21.8,UNDERGRADUATE
UG_2026_0034,Male,OBC,19.1,Day Scholar,9.3,5-8 LPA,2,0,0,2,65.4,54.9,59.5,66.1,61.6,55.1,53.1,55.9,-4.22,11,1,6.73,5.64,-1.09,2,45.0,0,5.3,2.5,38,11,1,0.9899,1,Karnataka,KA,75.4,68.1,36.2,12.0,Raichur,36.8,1,74.6,34.0,UNDERGRADUATE
UG_2026_0035,Male,OBC,21.0,Day Scholar,28.9,2-5 LPA,1,1,0,11,52.1,54.9,54.9,49.8,54.5,50.1,47.9,50.3,-3.28,9,1,6.59,6.0,-0.59,2,54.3,0,2.2,5.8,23,11,0,0.9907,1,Gujarat,GJ,78.0,69.7,21.3,17.9,Dahod,40.5,1,88.0,38.1,UNDERGRADUATE
UG_2026_0036,Male,OBC,21.6,Day Scholar,5.8,5-8 LPA,2,0,0,9,73.2,83.2,78.8,77.7,81.2,74.3,73.9,75.9,-3.68,0,0,6.62,5.52,-1.1,0,63.9,0,5.4,-1.3,51,11,5,0.7658,1,Uttar Pradesh,UP,67.7,57.2,23.2,16.8,Shravasti,49.6,1,96.5,48.2,UNDERGRADUATE
UG_2026_0037,Female,General,20.5,Hosteler,0.5,2-5 LPA,1,0,1,8,62.5,64.6,67.1,60.6,54.1,54.8,64.0,58.3,4.95,5,1,8.3,7.83,-0.47,2,77.5,0,6.0,-1.5,64,11,4,0.4362,0,Maharashtra,MH,82.3,75.9,32.3,11.2,Pune,3.9,0,39.1,21.0,UNDERGRADUATE
UG_2026_0038,Female,SC,20.3,Hosteler,0.5,5-8 LPA,2,0,0,0,87.9,79.6,78.9,85.0,80.7,75.0,73.6,75.8,-3.53,1,0,8.36,8.61,0.25,0,80.6,0,4.9,-1.5,34,6,3,0.0452,0,Karnataka,KA,75.4,68.1,36.2,12.0,Raichur,36.8,1,74.6,34.0,UNDERGRADUATE
UG_2026_0039,Male,General,20.0,Hosteler,0.5,2-5 LPA,1,1,0,0,74.9,66.8,65.2,54.9,67.2,56.7,58.7,60.1,-4.25,5,1,6.66,6.43,-0.23,0,63.6,0,7.5,0.5,57,12,3,0.5912,1,Gujarat,GJ,78.0,69.7,21.3,17.9,Narmada,32.4,1,89.5,30.5,UNDERGRADUATE
UG_2026_0040,Male,OBC,19.4,Hosteler,0.5,<2 LPA,0,1,1,0,86.1,90.8,84.9,94.6,88.0,87.7,84.6,86.6,-1.71,1,0,5.17,5.53,0.36,0,52.3,0,3.5,-5.8,86,9,3,0.2254,0,Karnataka,KA,75.4,68.1,36.2,12.0,Yadgir,39.4,1,81.2,36.5,UNDERGRADUATE
UG_2026_0041,Female,General,21.9,Day Scholar,4.5,2-5 LPA,1,1,0,3,55.0,58.4,62.4,51.0,58.1,62.0,56.1,58.7,-1.03,4,1,9.93,9.66,-0.27,1,89.3,0,8.9,-1.0,32,6,3,0.3919,0,Rajasthan,RJ,66.1,52.1,26.0,17.2,Kota,8.2,0,39.7,21.0,UNDERGRADUATE
UG_2026_0042,Male,OBC,21.7,Hosteler,0.5,5-8 LPA,2,0,0,2,70.8,63.0,66.0,58.1,65.6,66.6,70.4,67.9,2.41,5,1,8.17,7.7,-0.47,0,72.1,0,5.0,-1.4,23,10,3,0.5239,1,Kerala,KL,94.0,92.1,43.2,3.2,Wayanad,4.1,1,96.1,18.0,UNDERGRADUATE
UG_2026_0043,Female,ST,18.9,Day Scholar,4.7,2-5 LPA,1,1,0,45,93.0,100.0,97.1,100.0,98.1,100.0,88.8,95.0,-4.66,2,0,7.26,8.53,1.27,0,85.2,0,10.5,-1.2,60,4,5,0.0873,0,Karnataka,KA,75.4,68.1,36.2,12.0,Bengaluru Urban,1.8,0,9.1,18.2,UNDERGRADUATE
UG_2026_0044,Female,EWS,20.0,Hosteler,0.5,5-8 LPA,2,0,0,2,88.2,94.3,90.0,83.6,80.1,92.7,93.8,90.0,6.85,1,0,7.19,7.15,-0.04,0,67.5,0,8.8,-2.5,32,7,5,0.0617,0,Bihar,BR,61.8,51.5,14.5,21.4,Muzaffarpur,35.1,1,90.3,38.0,UNDERGRADUATE
UG_2026_0045,Male,General,21.2,Day Scholar,18.2,2-5 LPA,1,0,0,62,41.1,34.5,42.3,40.3,37.0,48.2,46.0,44.5,4.53,10,1,7.34,6.93,-0.41,1,69.8,0,8.2,1.0,67,13,0,0.9769,1,Rajasthan,RJ,66.1,52.1,26.0,17.2,Barmer,34.2,1,93.0,35.8,UNDERGRADUATE
UG_2026_0046,Female,OBC,20.4,Day Scholar,13.2,2-5 LPA,1,0,0,11,98.6,92.0,96.7,98.3,100.0,95.3,99.0,98.0,-0.5,2,0,6.96,7.77,0.81,0,72.1,0,9.6,1.2,49,5,0,0.0905,0,Haryana,HR,75.6,65.9,29.8,12.5,Gurugram,2.5,0,31.2,20.5,UNDERGRADUATE
UG_2026_0047,Female,OBC,20.4,Day Scholar,4.9,2-5 LPA,1,1,1,3,59.8,65.2,80.8,54.6,66.2,63.4,67.4,65.7,0.6,2,1,5.82,5.2,-0.62,0,44.0,0,3.8,-2.8,34,17,2,0.554,1,Uttar Pradesh,UP,67.7,57.2,23.2,16.8,Noida / Gautam Buddha Nagar,7.1,0,40.9,22.0,UNDERGRADUATE
UG_2026_0048,Male,OBC,21.1,Day Scholar,9.0,<2 LPA,0,1,1,7,95.5,86.1,86.8,86.2,82.3,88.1,86.6,86.1,2.16,2,0,8.32,8.34,0.02,0,81.2,0,9.2,-5.7,57,4,2,0.0817,0,Karnataka,KA,75.4,68.1,36.2,12.0,Raichur,36.8,1,74.6,34.0,UNDERGRADUATE
UG_2026_0049,Female,General,20.5,Day Scholar,4.5,2-5 LPA,1,1,1,4,75.7,81.0,89.4,72.7,84.2,87.0,93.5,88.9,4.64,1,0,9.15,9.37,0.22,0,97.7,0,6.3,-5.3,67,2,5,0.0131,0,Maharashtra,MH,82.3,75.9,32.3,11.2,Mumbai,2.1,0,0.0,19.5,UNDERGRADUATE
UG_2026_0050,Male,SC,18.9,Day Scholar,12.1,5-8 LPA,2,0,1,1,100.0,87.6,100.0,83.1,97.9,95.0,88.6,93.2,-4.68,1,0,9.42,9.86,0.44,0,90.5,0,9.5,-2.1,53,2,5,0.0087,0,Karnataka,KA,75.4,68.1,36.2,12.0,Yadgir,39.4,1,81.2,36.5,UNDERGRADUATE
UG_2026_0051,Female,SC,20.8,Day Scholar,11.3,<2 LPA,0,1,1,7,59.1,49.3,54.4,55.1,59.8,52.0,54.6,55.0,-2.6,10,1,5.59,6.07,0.48,3,63.9,0,6.1,-0.1,77,11,4,0.9731,1,Uttar Pradesh,UP,67.7,57.2,23.2,16.8,Varanasi,16.3,0,56.6,29.4,UNDERGRADUATE
UG_2026_0052,Male,General,20.9,Day Scholar,9.9,5-8 LPA,2,0,0,3,87.1,84.9,88.3,81.4,89.6,84.9,84.3,85.8,-2.67,0,0,6.36,7.03,0.67,0,60.7,0,7.5,2.9,44,6,2,0.2633,0,Madhya Pradesh,MP,69.3,59.2,24.8,18.5,Barwani,46.1,1,85.5,37.1,UNDERGRADUATE
UG_2026_0053,Male,OBC,20.3,Day Scholar,6.0,<2 LPA,0,1,1,4,91.4,96.8,96.0,93.2,87.9,89.0,87.2,88.0,-0.35,0,0,8.85,9.18,0.33,0,95.5,0,6.0,-3.6,77,3,3,0.013,0,Haryana,HR,75.6,65.9,29.8,12.5,Nuh / Mewat,44.8,1,88.6,47.0,UNDERGRADUATE
UG_2026_0054,Female,SC,19.9,Hosteler,0.5,2-5 LPA,1,0,1,19,75.8,83.8,83.9,68.2,80.6,79.3,89.0,83.5,4.18,1,0,5.44,5.3,-0.14,0,49.3,1,6.7,-0.5,45,12,3,0.5688,1,Bihar,BR,61.8,51.5,14.5,21.4,Gaya,38.6,1,86.8,36.2,UNDERGRADUATE
UG_2026_0055,Male,SC,19.8,Day Scholar,7.2,5-8 LPA,2,0,1,2,55.7,64.0,65.5,57.4,49.6,60.9,70.2,61.8,10.3,6,1,7.49,6.39,-1.1,2,52.4,0,8.7,-1.5,20,14,1,0.2866,0,Gujarat,GJ,78.0,69.7,21.3,17.9,Narmada,32.4,1,89.5,30.5,UNDERGRADUATE
UG_2026_0056,Female,SC,18.6,Day Scholar,8.9,<2 LPA,0,1,1,3,75.7,84.5,75.7,68.8,69.1,64.4,80.6,72.0,5.75,6,1,9.07,9.24,0.17,0,85.5,0,3.9,-3.9,62,5,4,0.0646,0,Gujarat,GJ,78.0,69.7,21.3,17.9,Ahmedabad,3.8,0,15.9,20.2,UNDERGRADUATE
UG_2026_0057,Female,General,18.9,Hosteler,0.5,5-8 LPA,2,0,0,0,56.3,54.1,60.5,37.5,47.9,46.3,49.8,48.1,0.96,13,1,7.4,6.7,-0.7,4,69.7,0,6.9,-2.8,40,12,2,0.7113,1,Rajasthan,RJ,66.1,52.1,26.0,17.2,Kota,8.2,0,39.7,21.0,UNDERGRADUATE
UG_2026_0058,Male,OBC,19.1,Day Scholar,11.2,>8 LPA,3,0,0,1,77.7,79.6,95.9,75.2,79.2,81.9,87.4,83.4,4.08,1,0,5.08,5.85,0.77,0,59.7,0,7.6,1.3,40,7,2,0.159,0,Karnataka,KA,75.4,68.1,36.2,12.0,Yadgir,39.4,1,81.2,36.5,UNDERGRADUATE
UG_2026_0059,Male,General,22.7,Hosteler,0.5,2-5 LPA,1,1,0,3,98.0,100.0,97.5,100.0,100.0,94.5,100.0,98.1,0.0,0,0,7.49,8.44,0.95,0,75.8,0,9.8,-0.3,42,6,3,0.0066,0,Tamil Nadu,TN,80.1,73.4,51.4,8.1,Ramanathapuram,7.8,1,69.7,22.1,UNDERGRADUATE
UG_2026_0060,Male,OBC,20.9,Day Scholar,29.3,5-8 LPA,2,0,0,2,85.0,95.4,100.0,95.7,91.6,74.5,72.6,78.0,-9.52,0,0,5.94,7.1,1.16,0,65.8,0,9.0,-0.6,64,7,3,0.0628,0,Madhya Pradesh,MP,69.3,59.2,24.8,18.5,Barwani,46.1,1,85.5,37.1,UNDERGRADUATE
UG_2026_0061,Male,OBC,19.7,Hosteler,0.5,2-5 LPA,1,1,1,2,48.2,56.4,62.4,54.1,61.3,59.7,54.7,58.1,-3.31,9,1,6.36,5.49,-0.87,3,46.4,0,6.8,0.1,26,11,2,0.9507,1,Rajasthan,RJ,66.1,52.1,26.0,17.2,Jaisalmer,31.8,1,86.7,33.2,UNDERGRADUATE
UG_2026_0062,Female,General,21.2,Day Scholar,15.3,<2 LPA,0,1,0,33,63.9,74.3,74.1,61.4,70.2,64.7,64.3,65.9,-2.96,4,1,7.52,7.21,-0.31,0,63.2,0,3.8,-0.9,15,8,1,0.8991,1,Haryana,HR,75.6,65.9,29.8,12.5,Gurugram,2.5,0,31.2,20.5,UNDERGRADUATE
UG_2026_0063,Male,SC,21.2,Day Scholar,6.6,2-5 LPA,1,1,1,3,50.8,54.8,53.6,55.0,26.7,52.8,70.4,53.3,21.86,4,1,7.3,6.26,-1.04,2,48.7,1,3.9,-2.0,62,12,2,0.6427,1,Tamil Nadu,TN,80.1,73.4,51.4,8.1,Chennai,1.2,0,0.0,17.5,UNDERGRADUATE
UG_2026_0064,Female,General,19.8,Hosteler,0.5,<2 LPA,0,1,1,1,70.6,77.5,65.1,66.7,68.8,70.2,68.9,69.3,0.06,5,1,5.68,4.84,-0.84,0,45.6,0,3.4,-1.3,49,11,2,0.8602,1,Tamil Nadu,TN,80.1,73.4,51.4,8.1,Coimbatore,2.1,0,24.2,18.9,UNDERGRADUATE
UG_2026_0065,Female,ST,21.2,Hosteler,0.5,2-5 LPA,1,0,1,0,90.1,98.4,100.0,88.7,100.0,96.4,87.8,93.8,-6.1,0,0,3.5,4.18,0.68,0,45.4,0,3.2,0.4,23,9,0,0.6331,1,Uttar Pradesh,UP,67.7,57.2,23.2,16.8,Noida / Gautam Buddha Nagar,7.1,0,40.9,22.0,UNDERGRADUATE
UG_2026_0066,Male,General,19.6,Day Scholar,13.7,5-8 LPA,2,0,0,1,84.9,97.3,92.7,100.0,85.0,99.8,91.6,92.8,3.31,0,0,6.7,6.97,0.27,0,69.4,0,8.8,-2.4,39,5,3,0.1217,0,Uttar Pradesh,UP,67.7,57.2,23.2,16.8,Shravasti,49.6,1,96.5,48.2,UNDERGRADUATE
UG_2026_0067,Female,OBC,17.9,Hosteler,0.5,5-8 LPA,2,1,0,4,70.3,68.4,70.5,67.4,67.9,72.0,80.1,74.2,6.13,5,1,6.55,7.71,1.16,0,70.0,0,6.5,-0.3,37,6,5,0.0861,0,Madhya Pradesh,MP,69.3,59.2,24.8,18.5,Indore,6.8,0,25.9,21.8,UNDERGRADUATE
UG_2026_0068,Male,ST,19.8,Day Scholar,6.7,5-8 LPA,2,0,1,4,86.2,79.2,83.4,74.2,91.8,84.3,77.1,83.3,-7.36,0,0,8.05,8.91,0.86,0,78.7,0,6.6,0.7,41,4,0,0.0135,0,Uttar Pradesh,UP,67.7,57.2,23.2,16.8,Balrampur,47.9,1,92.3,45.0,UNDERGRADUATE
UG_2026_0069,Male,ST,21.0,Day Scholar,6.3,>8 LPA,3,0,1,1,91.0,100.0,100.0,96.7,100.0,99.8,90.5,96.1,-4.77,2,0,7.74,8.38,0.64,0,82.3,0,9.1,-3.1,62,4,0,0.0101,0,Haryana,HR,75.6,65.9,29.8,12.5,Nuh / Mewat,44.8,1,88.6,47.0,UNDERGRADUATE
UG_2026_0070,Female,SC,22.5,Day Scholar,4.0,5-8 LPA,2,0,1,19,77.9,89.9,100.0,93.1,83.8,89.7,91.4,88.9,3.83,1,0,6.14,6.73,0.59,0,62.9,0,4.4,-2.1,70,19,3,0.1778,0,Gujarat,GJ,78.0,69.7,21.3,17.9,Narmada,32.4,1,89.5,30.5,UNDERGRADUATE
UG_2026_0071,Male,General,17.8,Hosteler,0.5,>8 LPA,3,0,0,2,77.1,77.5,81.7,85.9,86.2,82.4,74.7,80.3,-5.78,0,0,7.9,8.01,0.11,0,80.1,0,9.2,-1.4,67,11,2,0.1722,0,Gujarat,GJ,78.0,69.7,21.3,17.9,Dahod,40.5,1,88.0,38.1,UNDERGRADUATE
UG_2026_0072,Male,General,17.7,Hosteler,0.5,2-5 LPA,1,0,0,11,100.0,94.9,91.4,82.7,96.8,93.2,92.8,94.0,-1.99,1,0,8.32,9.96,1.64,1,96.7,0,8.4,-4.9,57,1,5,0.0055,0,Madhya Pradesh,MP,69.3,59.2,24.8,18.5,Barwani,46.1,1,85.5,37.1,UNDERGRADUATE
UG_2026_0073,Male,EWS,18.2,Day Scholar,12.7,2-5 LPA,1,0,0,4,78.8,77.0,74.9,67.7,63.0,66.5,74.9,69.0,5.95,3,1,6.66,5.83,-0.83,0,59.2,0,9.1,-0.1,23,11,3,0.4487,0,Maharashtra,MH,82.3,75.9,32.3,11.2,Gadchiroli,28.5,1,89.0,28.9,UNDERGRADUATE
UG_2026_0074,Female,ST,19.4,Day Scholar,21.5,2-5 LPA,1,0,1,0,78.4,88.4,81.4,72.3,84.6,73.0,72.5,75.7,-6.05,1,0,8.0,8.04,0.04,0,72.0,0,3.9,-3.4,68,6,3,0.207,0,Madhya Pradesh,MP,69.3,59.2,24.8,18.5,Bhopal,9.4,0,19.1,23.4,UNDERGRADUATE
UG_2026_0075,Male,OBC,21.1,Day Scholar,7.5,5-8 LPA,2,0,0,4,55.0,43.5,48.8,49.6,42.3,52.0,60.0,52.8,8.82,4,1,6.78,6.14,-0.64,6,60.3,0,7.6,-4.6,39,12,0,0.8968,1,Maharashtra,MH,82.3,75.9,32.3,11.2,Nandurbar,33.1,1,83.3,32.4,UNDERGRADUATE
UG_2026_0076,Male,General,22.7,Hosteler,0.5,2-5 LPA,1,0,0,33,75.4,60.2,89.3,73.6,75.4,67.6,76.6,73.1,0.61,5,1,8.57,8.8,0.23,0,86.7,0,7.0,-4.7,40,22,2,0.6644,1,Rajasthan,RJ,66.1,52.1,26.0,17.2,Barmer,34.2,1,93.0,35.8,UNDERGRADUATE
UG_2026_0077,Male,OBC,21.9,Day Scholar,18.5,5-8 LPA,2,0,0,2,78.5,79.7,82.9,84.9,88.9,76.2,71.7,77.6,-8.56,1,0,9.95,9.93,-0.02,0,96.4,0,6.0,0.3,53,3,2,0.0706,0,Bihar,BR,61.8,51.5,14.5,21.4,Purnia,50.4,1,89.2,42.1,UNDERGRADUATE
UG_2026_0078,Female,OBC,17.9,Day Scholar,3.2,<2 LPA,0,1,0,46,56.7,55.7,56.2,48.5,57.7,60.2,56.5,58.1,-0.61,10,1,5.58,5.68,0.1,0,55.7,0,2.1,0.4,56,12,3,0.9893,1,Rajasthan,RJ,66.1,52.1,26.0,17.2,Kota,8.2,0,39.7,21.0,UNDERGRADUATE
UG_2026_0079,Female,ST,18.7,Day Scholar,27.2,<2 LPA,0,0,1,7,55.9,46.6,54.5,60.3,54.1,46.4,50.3,49.9,-1.93,9,1,6.57,6.25,-0.32,1,58.4,0,5.5,-4.6,45,11,1,0.8193,1,Haryana,HR,75.6,65.9,29.8,12.5,Gurugram,2.5,0,31.2,20.5,UNDERGRADUATE
UG_2026_0080,Female,ST,21.3,Day Scholar,31.4,<2 LPA,0,0,1,0,69.5,64.1,75.3,76.9,66.5,68.2,60.1,64.5,-3.23,7,1,8.94,9.03,0.09,2,90.8,0,7.6,-3.9,50,7,5,0.1027,0,Uttar Pradesh,UP,67.7,57.2,23.2,16.8,Noida / Gautam Buddha Nagar,7.1,0,40.9,22.0,UNDERGRADUATE
UG_2026_0081,Female,OBC,19.8,Day Scholar,8.8,<2 LPA,0,0,0,16,43.0,38.7,36.3,35.8,39.3,34.0,31.6,34.4,-3.82,9,1,7.76,6.92,-0.84,5,64.0,0,4.7,3.8,47,12,3,0.995,1,Uttar Pradesh,UP,67.7,57.2,23.2,16.8,Varanasi,16.3,0,56.6,29.4,UNDERGRADUATE
UG_2026_0082,Male,General,20.6,Hosteler,0.5,2-5 LPA,1,1,0,3,74.2,71.9,79.4,62.5,68.5,71.0,73.3,71.3,2.36,2,1,9.6,9.99,0.39,0,99.0,0,10.4,-1.1,57,4,3,0.0315,0,Uttar Pradesh,UP,67.7,57.2,23.2,16.8,Bahraich,54.4,1,92.1,46.5,UNDERGRADUATE
UG_2026_0083,Female,OBC,19.3,Day Scholar,6.2,>8 LPA,3,0,0,5,74.1,63.5,83.0,66.1,62.2,73.3,78.7,72.7,8.25,3,1,7.78,7.5,-0.28,0,68.2,0,9.9,-0.4,37,7,6,0.5235,1,Madhya Pradesh,MP,69.3,59.2,24.8,18.5,Bhopal,9.4,0,19.1,23.4,UNDERGRADUATE
UG_2026_0084,Male,OBC,21.8,Day Scholar,5.0,>8 LPA,3,0,1,3,36.7,35.2,42.5,35.5,37.3,34.6,40.6,37.7,1.65,18,1,5.72,5.34,-0.38,2,47.4,1,5.7,1.6,34,16,1,0.8745,1,Tamil Nadu,TN,80.1,73.4,51.4,8.1,Chennai,1.2,0,0.0,17.5,UNDERGRADUATE
UG_2026_0085,Female,SC,19.0,Hosteler,0.5,<2 LPA,0,0,1,15,83.3,75.5,82.3,69.9,96.1,73.9,67.3,76.8,-14.4,0,0,7.92,8.2,0.28,0,67.2,0,6.9,-3.8,75,16,0,0.3086,0,Uttar Pradesh,UP,67.7,57.2,23.2,16.8,Noida / Gautam Buddha Nagar,7.1,0,40.9,22.0,UNDERGRADUATE
UG_2026_0086,Male,General,19.8,Day Scholar,7.6,2-5 LPA,1,0,0,3,94.7,100.0,97.3,98.8,100.0,100.0,95.2,98.1,-2.38,1,0,6.5,6.61,0.11,0,60.1,0,6.9,3.3,36,6,5,0.1669,0,Gujarat,GJ,78.0,69.7,21.3,17.9,Dahod,40.5,1,88.0,38.1,UNDERGRADUATE
UG_2026_0087,Male,ST,18.9,Day Scholar,11.7,2-5 LPA,1,1,1,1,83.5,80.1,86.9,94.9,88.4,92.4,80.0,86.4,-4.2,1,0,6.59,7.38,0.79,0,73.5,0,7.6,-2.2,29,7,3,0.0399,0,Gujarat,GJ,78.0,69.7,21.3,17.9,Dahod,40.5,1,88.0,38.1,UNDERGRADUATE
UG_2026_0088,Female,OBC,21.6,Day Scholar,11.1,2-5 LPA,1,0,0,11,75.3,81.3,80.4,87.8,87.9,88.0,79.1,84.4,-4.38,0,0,4.6,5.12,0.52,0,54.0,0,8.8,-0.7,43,9,2,0.3137,0,Uttar Pradesh,UP,67.7,57.2,23.2,16.8,Varanasi,16.3,0,56.6,29.4,UNDERGRADUATE
UG_2026_0089,Male,General,19.2,Day Scholar,3.1,<2 LPA,0,1,0,19,93.5,83.4,98.8,88.1,94.7,85.0,98.0,92.6,1.63,1,0,6.04,6.12,0.08,0,65.2,0,8.9,-0.7,16,8,3,0.3074,0,Kerala,KL,94.0,92.1,43.2,3.2,Thiruvananthapuram,0.9,0,46.2,15.2,UNDERGRADUATE
UG_2026_0090,Male,OBC,20.8,Hosteler,0.5,5-8 LPA,2,0,0,3,93.5,89.9,87.1,83.1,91.2,86.3,89.7,88.9,-0.74,0,0,5.71,5.67,-0.04,0,56.0,0,5.3,-2.1,66,17,2,0.3188,0,Madhya Pradesh,MP,69.3,59.2,24.8,18.5,Barwani,46.1,1,85.5,37.1,UNDERGRADUATE
UG_2026_0091,Female,General,21.7,Hosteler,0.5,2-5 LPA,1,0,1,0,65.3,67.0,83.5,64.0,63.5,64.6,76.0,68.9,6.26,6,1,4.95,4.74,-0.21,1,44.3,0,6.3,0.9,23,15,1,0.6473,1,Kerala,KL,94.0,92.1,43.2,3.2,Ernakulam,0.6,0,31.9,14.8,UNDERGRADUATE
UG_2026_0092,Male,General,20.3,Day Scholar,4.7,2-5 LPA,1,1,0,11,50.5,37.6,49.2,35.1,46.2,48.1,46.1,46.8,-0.06,21,1,7.67,7.66,-0.01,1,67.5,0,4.8,1.5,22,18,8,0.8588,1,Karnataka,KA,75.4,68.1,36.2,12.0,Yadgir,39.4,1,81.2,36.5,UNDERGRADUATE
UG_2026_0093,Male,ST,17.9,Day Scholar,9.6,2-5 LPA,1,0,0,0,76.5,82.6,91.4,72.8,84.5,78.3,82.4,81.5,-1.08,0,0,6.87,6.96,0.09,0,64.0,0,8.4,-1.3,15,7,5,0.1058,0,Bihar,BR,61.8,51.5,14.5,21.4,Patna,18.2,0,56.4,28.5,UNDERGRADUATE
UG_2026_0094,Female,General,21.9,Day Scholar,21.6,<2 LPA,0,1,1,1,45.4,48.5,51.7,57.6,65.6,48.6,54.9,55.4,-5.36,11,1,5.82,4.8,-1.02,0,52.1,0,5.8,0.4,18,21,4,0.8646,1,Karnataka,KA,75.4,68.1,36.2,12.0,Bengaluru Urban,1.8,0,9.1,18.2,UNDERGRADUATE
UG_2026_0095,Female,General,20.8,Day Scholar,4.4,5-8 LPA,2,0,0,4,52.8,58.0,63.8,48.1,64.1,58.8,53.7,58.1,-5.19,6,1,6.75,6.8,0.05,0,64.9,0,5.7,-0.7,24,11,1,0.7399,1,Karnataka,KA,75.4,68.1,36.2,12.0,Raichur,36.8,1,74.6,34.0,UNDERGRADUATE
UG_2026_0096,Female,ST,21.7,Day Scholar,4.0,2-5 LPA,1,0,0,3,63.1,65.2,72.6,58.8,66.8,69.4,62.0,65.8,-2.37,5,1,7.87,7.55,-0.32,0,68.4,0,4.4,-3.9,33,10,5,0.1976,0,Rajasthan,RJ,66.1,52.1,26.0,17.2,Kota,8.2,0,39.7,21.0,UNDERGRADUATE
UG_2026_0097,Female,General,19.3,Hosteler,0.5,>8 LPA,3,0,1,0,85.2,81.4,78.3,83.8,70.6,78.6,75.1,75.2,2.26,0,0,4.97,4.29,-0.68,0,45.4,0,4.8,-3.6,40,15,1,0.2992,0,Madhya Pradesh,MP,69.3,59.2,24.8,18.5,Indore,6.8,0,25.9,21.8,UNDERGRADUATE
UG_2026_0098,Male,OBC,20.6,Day Scholar,29.0,2-5 LPA,1,0,1,4,87.6,80.4,88.6,91.6,87.6,77.3,76.5,79.6,-5.56,0,0,8.1,7.79,-0.31,0,73.6,0,10.2,-2.3,39,7,4,0.1918,0,Tamil Nadu,TN,80.1,73.4,51.4,8.1,Ramanathapuram,7.8,1,69.7,22.1,UNDERGRADUATE
UG_2026_0099,Female,General,23.2,Day Scholar,10.6,>8 LPA,3,0,0,3,94.1,87.1,96.1,92.9,98.6,89.6,83.1,89.3,-7.75,1,0,7.59,7.91,0.32,0,67.9,0,8.5,0.2,18,6,5,0.0841,0,Karnataka,KA,75.4,68.1,36.2,12.0,Bengaluru Urban,1.8,0,9.1,18.2,UNDERGRADUATE
UG_2026_0100,Female,OBC,17.5,Day Scholar,5.6,<2 LPA,0,1,0,45,88.8,87.2,93.1,86.2,97.0,88.4,83.8,88.7,-6.61,0,0,7.08,6.34,-0.74,0,68.2,0,4.5,-3.9,54,6,2,0.7498,1,Uttar Pradesh,UP,67.7,57.2,23.2,16.8,Lucknow,8.5,0,33.8,24.1,UNDERGRADUATE
UG_2026_0101,Male,General,21.0,Day Scholar,6.0,2-5 LPA,1,1,0,47,77.2,79.6,77.9,66.6,73.2,78.0,77.4,76.6,2.09,2,0,8.53,8.14,-0.39,0,77.4,0,10.1,-0.9,68,9,6,0.1774,0,Rajasthan,RJ,66.1,52.1,26.0,17.2,Barmer,34.2,1,93.0,35.8,UNDERGRADUATE
UG_2026_0102,Male,General,20.0,Day Scholar,10.9,5-8 LPA,2,0,0,1,90.1,80.0,90.7,72.1,80.6,76.4,86.0,81.2,2.71,1,0,8.03,7.94,-0.09,0,77.9,0,6.2,-1.8,32,15,4,0.0637,0,Maharashtra,MH,82.3,75.9,32.3,11.2,Gadchiroli,28.5,1,89.0,28.9,UNDERGRADUATE
UG_2026_0103,Female,EWS,23.1,Day Scholar,12.2,2-5 LPA,1,0,1,8,87.3,86.6,84.2,82.8,86.3,80.5,89.3,85.4,1.51,1,0,6.25,6.74,0.49,0,72.3,0,4.7,1.2,23,8,3,0.0914,0,Uttar Pradesh,UP,67.7,57.2,23.2,16.8,Varanasi,16.3,0,56.6,29.4,UNDERGRADUATE
UG_2026_0104,Female,OBC,22.1,Hosteler,0.5,>8 LPA,3,0,0,3,94.9,87.3,85.6,94.3,91.6,82.1,89.0,87.2,-1.31,2,0,8.07,8.05,-0.02,0,81.5,0,6.4,-2.2,40,8,4,0.0553,0,Kerala,KL,94.0,92.1,43.2,3.2,Ernakulam,0.6,0,31.9,14.8,UNDERGRADUATE
UG_2026_0105,Male,ST,18.7,Day Scholar,16.2,2-5 LPA,1,0,0,14,50.5,65.5,65.5,52.3,59.5,65.2,58.9,61.3,-0.29,7,1,7.99,8.34,0.35,2,79.1,0,9.7,-0.5,56,22,3,0.255,0,Tamil Nadu,TN,80.1,73.4,51.4,8.1,Ramanathapuram,7.8,1,69.7,22.1,UNDERGRADUATE
UG_2026_0106,Female,EWS,20.0,Day Scholar,7.1,2-5 LPA,1,0,1,1,64.8,63.5,71.4,61.5,64.3,63.6,55.5,60.5,-4.37,11,1,7.37,7.0,-0.37,2,64.7,0,8.1,-1.5,38,11,1,0.7237,1,Kerala,KL,94.0,92.1,43.2,3.2,Ernakulam,0.6,0,31.9,14.8,UNDERGRADUATE
UG_2026_0107,Male,OBC,19.2,Day Scholar,18.6,2-5 LPA,1,0,1,32,59.5,57.7,70.9,65.9,65.2,59.1,67.2,63.9,1.03,7,1,5.61,5.37,-0.24,4,41.5,1,2.3,-1.4,22,12,2,0.9765,1,Madhya Pradesh,MP,69.3,59.2,24.8,18.5,Barwani,46.1,1,85.5,37.1,UNDERGRADUATE
UG_2026_0108,Male,OBC,18.6,Hosteler,0.5,2-5 LPA,1,1,0,48,86.0,71.6,85.4,60.5,73.3,82.5,82.3,80.1,4.52,2,0,7.56,7.97,0.41,0,71.8,0,8.2,0.4,70,5,4,0.8863,1,Haryana,HR,75.6,65.9,29.8,12.5,Nuh / Mewat,44.8,1,88.6,47.0,UNDERGRADUATE
UG_2026_0109,Male,General,18.1,Day Scholar,7.7,5-8 LPA,2,0,0,0,70.4,78.3,77.7,69.5,71.7,70.0,74.9,72.4,1.62,4,1,9.44,9.44,0.0,0,91.1,0,7.4,-5.0,32,4,2,0.0275,0,Uttar Pradesh,UP,67.7,57.2,23.2,16.8,Bahraich,54.4,1,92.1,46.5,UNDERGRADUATE
UG_2026_0110,Male,OBC,19.1,Day Scholar,12.4,2-5 LPA,1,0,1,1,95.1,90.3,96.2,79.2,86.9,84.7,93.7,88.8,3.4,0,0,7.38,8.11,0.73,0,73.8,0,8.1,-1.9,38,4,4,0.0107,0,Haryana,HR,75.6,65.9,29.8,12.5,Nuh / Mewat,44.8,1,88.6,47.0,UNDERGRADUATE
UG_2026_0111,Male,General,21.2,Hosteler,0.5,2-5 LPA,1,0,0,2,100.0,98.4,93.5,90.0,93.6,84.7,96.3,91.6,1.34,0,0,6.71,6.85,0.14,1,60.1,0,8.5,-0.7,51,6,1,0.0878,0,Madhya Pradesh,MP,69.3,59.2,24.8,18.5,Barwani,46.1,1,85.5,37.1,UNDERGRADUATE
UG_2026_0112,Male,General,18.2,Hosteler,0.5,<2 LPA,0,1,1,2,93.7,84.3,91.2,96.0,91.3,93.2,95.0,93.4,1.86,1,0,7.17,8.14,0.97,0,71.1,0,11.8,-5.8,48,5,4,0.0341,0,Gujarat,GJ,78.0,69.7,21.3,17.9,Dahod,40.5,1,88.0,38.1,UNDERGRADUATE
UG_2026_0113,Female,EWS,21.6,Hosteler,0.5,<2 LPA,0,0,1,1,88.8,98.2,94.1,93.9,96.0,91.6,95.5,94.3,-0.25,2,0,5.48,6.04,0.56,0,57.3,0,10.6,1.6,102,7,2,0.1179,0,Madhya Pradesh,MP,69.3,59.2,24.8,18.5,Bhopal,9.4,0,19.1,23.4,UNDERGRADUATE
UG_2026_0114,Female,OBC,17.5,Day Scholar,5.2,>8 LPA,3,0,0,3,93.0,98.6,92.3,91.8,91.0,90.7,92.4,91.5,0.67,1,0,9.71,10.0,0.29,0,91.9,0,6.4,1.2,34,7,4,0.0393,0,Tamil Nadu,TN,80.1,73.4,51.4,8.1,Coimbatore,2.1,0,24.2,18.9,UNDERGRADUATE
UG_2026_0115,Male,General,18.6,Day Scholar,11.1,5-8 LPA,2,0,0,1,98.3,86.2,98.2,91.7,98.8,91.4,97.9,95.9,-0.47,0,0,5.99,7.09,1.1,0,61.1,0,7.0,0.0,66,6,5,0.0369,0,Bihar,BR,61.8,51.5,14.5,21.4,Patna,18.2,0,56.4,28.5,UNDERGRADUATE
UG_2026_0116,Female,OBC,21.8,Day Scholar,20.2,5-8 LPA,2,0,0,3,50.6,51.9,58.3,46.0,45.5,50.5,47.9,48.2,1.21,16,1,5.36,4.01,-1.35,2,33.4,0,4.1,0.3,44,15,0,0.9774,1,Gujarat,GJ,78.0,69.7,21.3,17.9,Narmada,32.4,1,89.5,30.5,UNDERGRADUATE
UG_2026_0117,Female,EWS,21.2,Hosteler,0.5,<2 LPA,0,0,1,9,62.4,66.0,55.5,51.0,68.0,56.6,46.3,55.3,-10.86,8,1,7.59,6.15,-1.44,2,52.7,0,6.4,-1.9,48,13,1,0.4917,0,Haryana,HR,75.6,65.9,29.8,12.5,Gurugram,2.5,0,31.2,20.5,UNDERGRADUATE
UG_2026_0118,Female,ST,20.8,Day Scholar,16.0,5-8 LPA,2,0,1,5,69.7,78.1,72.8,62.4,71.4,71.1,77.9,73.9,3.26,6,1,6.91,7.2,0.29,0,76.0,0,2.5,0.3,51,7,1,0.4183,0,Haryana,HR,75.6,65.9,29.8,12.5,Gurugram,2.5,0,31.2,20.5,UNDERGRADUATE
UG_2026_0119,Male,OBC,19.6,Hosteler,0.5,2-5 LPA,1,0,0,0,67.4,57.2,66.0,56.4,69.6,63.0,57.8,62.6,-5.92,11,1,7.46,7.31,-0.15,2,71.3,0,6.6,2.6,43,8,6,0.8724,1,Karnataka,KA,75.4,68.1,36.2,12.0,Yadgir,39.4,1,81.2,36.5,UNDERGRADUATE
UG_2026_0120,Male,ST,20.1,Hosteler,0.5,5-8 LPA,2,1,0,3,98.6,95.8,100.0,96.7,100.0,90.4,84.2,90.3,-7.91,1,0,5.81,5.92,0.11,0,60.2,0,6.7,-1.0,23,11,5,0.3649,0,Madhya Pradesh,MP,69.3,59.2,24.8,18.5,Bhopal,9.4,0,19.1,23.4,UNDERGRADUATE
UG_2026_0121,Male,OBC,23.7,Day Scholar,20.1,5-8 LPA,2,0,0,2,79.5,93.9,88.9,92.5,76.3,90.0,95.9,88.9,9.81,1,0,8.54,8.93,0.39,0,78.9,0,8.8,-5.4,36,3,5,0.0065,0,Gujarat,GJ,78.0,69.7,21.3,17.9,Narmada,32.4,1,89.5,30.5,UNDERGRADUATE
UG_2026_0122,Male,ST,23.2,Hosteler,0.5,<2 LPA,0,0,1,0,79.4,75.7,83.1,74.6,80.5,69.0,71.1,72.7,-4.71,2,1,8.2,8.91,0.71,0,85.6,0,7.7,-0.3,24,7,6,0.1865,0,Karnataka,KA,75.4,68.1,36.2,12.0,Yadgir,39.4,1,81.2,36.5,UNDERGRADUATE
UG_2026_0123,Male,General,21.3,Day Scholar,2.3,2-5 LPA,1,0,0,1,80.8,93.2,90.3,80.9,87.1,85.2,88.2,86.8,0.54,0,0,7.35,7.41,0.06,0,72.2,0,9.9,1.4,24,6,2,0.0407,0,Tamil Nadu,TN,80.1,73.4,51.4,8.1,Ramanathapuram,7.8,1,69.7,22.1,UNDERGRADUATE
UG_2026_0124,Male,OBC,21.0,Hosteler,0.5,<2 LPA,0,1,0,122,94.5,97.9,100.0,100.0,88.4,100.0,100.0,97.1,5.8,2,0,9.95,10.0,0.05,0,99.0,0,12.1,0.1,97,2,5,0.2751,0,Maharashtra,MH,82.3,75.9,32.3,11.2,Nandurbar,33.1,1,83.3,32.4,UNDERGRADUATE
UG_2026_0125,Male,General,19.4,Hosteler,0.5,2-5 LPA,1,0,0,20,49.8,54.0,66.3,43.0,49.5,56.2,58.2,55.3,4.34,11,1,6.05,6.55,0.5,1,56.3,0,5.1,3.7,33,14,4,0.8651,1,Karnataka,KA,75.4,68.1,36.2,12.0,Yadgir,39.4,1,81.2,36.5,UNDERGRADUATE
UG_2026_0126,Female,OBC,19.0,Day Scholar,6.4,5-8 LPA,2,0,0,3,91.9,80.7,92.2,87.1,94.3,95.5,89.1,92.6,-2.62,0,0,4.99,5.3,0.31,1,50.8,0,7.2,-1.4,73,7,4,0.1597,0,Tamil Nadu,TN,80.1,73.4,51.4,8.1,Coimbatore,2.1,0,24.2,18.9,UNDERGRADUATE
UG_2026_0127,Female,EWS,19.1,Hosteler,0.5,5-8 LPA,2,1,0,15,63.6,67.7,63.0,65.9,62.9,65.6,69.1,66.3,3.13,4,1,7.49,7.43,-0.06,0,80.6,0,8.2,-1.8,33,9,2,0.5144,1,Bihar,BR,61.8,51.5,14.5,21.4,Muzaffarpur,35.1,1,90.3,38.0,UNDERGRADUATE
UG_2026_0128,Female,OBC,17.9,Hosteler,0.5,2-5 LPA,1,0,0,2,26.1,34.6,33.6,39.5,39.7,28.7,22.7,29.1,-8.53,19,1,8.93,7.85,-1.08,2,66.8,0,2.6,4.0,21,12,3,0.9376,1,Rajasthan,RJ,66.1,52.1,26.0,17.2,Kota,8.2,0,39.7,21.0,UNDERGRADUATE
UG_2026_0129,Female,SC,20.6,Hosteler,0.5,2-5 LPA,1,1,1,1,72.6,73.2,82.3,72.2,64.5,77.2,80.6,75.4,8.07,0,0,8.27,8.11,-0.16,0,64.2,0,9.6,-0.3,20,8,4,0.0494,0,Kerala,KL,94.0,92.1,43.2,3.2,Ernakulam,0.6,0,31.9,14.8,UNDERGRADUATE
UG_2026_0130,Female,OBC,17.5,Day Scholar,18.8,2-5 LPA,1,1,1,1,71.1,79.5,86.5,82.4,69.5,87.0,85.1,81.9,7.8,0,0,7.65,8.3,0.65,0,82.9,0,5.3,-2.1,37,5,3,0.0743,0,Tamil Nadu,TN,80.1,73.4,51.4,8.1,Coimbatore,2.1,0,24.2,18.9,UNDERGRADUATE
UG_2026_0131,Male,General,19.2,Day Scholar,9.7,5-8 LPA,2,1,1,17,68.3,68.2,72.9,61.2,69.1,65.5,74.5,70.0,2.7,4,1,6.4,6.2,-0.2,0,58.0,0,0.0,-2.5,53,10,2,0.7044,1,Bihar,BR,61.8,51.5,14.5,21.4,Purnia,50.4,1,89.2,42.1,UNDERGRADUATE
UG_2026_0132,Female,OBC,17.9,Day Scholar,15.7,2-5 LPA,1,1,0,12,87.7,99.6,95.6,87.6,99.7,96.0,87.5,93.5,-6.1,1,0,7.6,8.82,1.22,0,85.7,0,9.8,1.4,73,5,4,0.1594,0,Bihar,BR,61.8,51.5,14.5,21.4,Patna,18.2,0,56.4,28.5,UNDERGRADUATE
UG_2026_0133,Male,General,20.2,Hosteler,0.5,>8 LPA,3,1,0,18,68.0,65.2,66.9,49.9,71.1,71.1,61.5,67.3,-4.79,6,1,5.87,5.67,-0.2,0,54.8,0,4.9,-0.9,30,16,1,0.9267,1,Bihar,BR,61.8,51.5,14.5,21.4,Katihar,48.7,1,91.1,44.3,UNDERGRADUATE
UG_2026_0134,Male,EWS,20.7,Day Scholar,6.4,5-8 LPA,2,0,0,4,62.5,63.7,74.2,54.5,63.1,70.1,71.5,68.9,4.16,2,1,7.38,7.07,-0.31,0,63.7,0,3.5,-0.3,18,11,3,0.2754,0,Madhya Pradesh,MP,69.3,59.2,24.8,18.5,Alirajpur,52.0,1,92.2,39.5,UNDERGRADUATE
UG_2026_0135,Male,General,19.0,Day Scholar,2.0,<2 LPA,0,1,1,3,46.6,59.5,62.3,60.1,50.8,48.8,67.6,56.8,8.36,4,1,6.95,6.25,-0.7,0,55.9,0,4.0,-1.4,18,12,2,0.4542,0,Kerala,KL,94.0,92.1,43.2,3.2,Wayanad,4.1,1,96.1,18.0,UNDERGRADUATE
UG_2026_0136,Female,ST,19.2,Day Scholar,12.9,5-8 LPA,2,0,0,1,100.0,92.6,89.9,87.7,89.0,83.9,90.5,87.8,0.73,2,0,7.03,7.58,0.55,0,61.6,0,5.9,3.9,49,12,5,0.5398,1,Karnataka,KA,75.4,68.1,36.2,12.0,Bengaluru Urban,1.8,0,9.1,18.2,UNDERGRADUATE
UG_2026_0137,Female,General,20.5,Hosteler,0.5,2-5 LPA,1,0,1,1,51.7,60.1,65.2,50.3,58.3,56.5,51.7,55.0,-3.32,4,1,9.02,8.62,-0.4,1,80.5,0,3.0,-3.2,47,10,1,0.698,1,Haryana,HR,75.6,65.9,29.8,12.5,Gurugram,2.5,0,31.2,20.5,UNDERGRADUATE
UG_2026_0138,Female,General,18.7,Hosteler,0.5,2-5 LPA,1,0,0,49,54.0,57.4,56.4,49.0,50.5,52.0,44.2,48.5,-3.15,16,1,8.87,7.94,-0.93,1,76.5,0,6.5,-1.3,30,10,3,0.9761,1,Haryana,HR,75.6,65.9,29.8,12.5,Gurugram,2.5,0,31.2,20.5,UNDERGRADUATE
UG_2026_0139,Female,SC,18.8,Hosteler,0.5,<2 LPA,0,0,1,1,82.3,90.3,97.8,87.5,87.2,91.6,100.0,93.9,6.41,1,0,7.73,8.13,0.4,0,77.8,0,8.4,-0.0,103,6,4,0.0346,0,Kerala,KL,94.0,92.1,43.2,3.2,Ernakulam,0.6,0,31.9,14.8,UNDERGRADUATE
UG_2026_0140,Male,EWS,20.4,Day Scholar,5.5,5-8 LPA,2,0,1,5,99.1,96.1,100.0,88.6,94.6,97.6,94.9,95.7,0.16,1,0,9.95,10.0,0.05,0,87.9,0,7.6,0.1,126,1,3,0.0042,0,Tamil Nadu,TN,80.1,73.4,51.4,8.1,Ramanathapuram,7.8,1,69.7,22.1,UNDERGRADUATE
UG_2026_0141,Female,OBC,20.3,Day Scholar,9.5,2-5 LPA,1,1,0,0,93.8,78.1,97.3,92.6,91.6,92.9,100.0,95.4,4.19,1,0,6.23,6.9,0.67,0,57.9,0,7.9,-2.6,126,14,5,0.0451,0,Kerala,KL,94.0,92.1,43.2,3.2,Ernakulam,0.6,0,31.9,14.8,UNDERGRADUATE
UG_2026_0142,Male,OBC,19.9,Day Scholar,20.2,2-5 LPA,1,1,0,12,73.5,76.7,90.3,74.7,75.7,83.1,86.6,82.7,5.44,2,0,8.13,7.74,-0.39,0,75.8,0,6.0,-1.9,33,6,1,0.1011,0,Maharashtra,MH,82.3,75.9,32.3,11.2,Gadchiroli,28.5,1,89.0,28.9,UNDERGRADUATE
UG_2026_0143,Male,OBC,20.7,Hosteler,0.5,2-5 LPA,1,0,0,14,86.1,86.9,90.4,90.6,89.2,89.2,85.7,87.8,-1.75,1,0,6.46,6.48,0.02,0,60.3,0,5.4,-1.8,30,10,3,0.0881,0,Maharashtra,MH,82.3,75.9,32.3,11.2,Gadchiroli,28.5,1,89.0,28.9,UNDERGRADUATE
UG_2026_0144,Female,OBC,19.6,Hosteler,0.5,5-8 LPA,2,1,0,0,55.4,53.4,49.4,36.9,43.8,38.9,56.8,47.3,6.48,23,1,8.75,7.7,-1.05,1,80.9,0,5.0,-0.5,41,10,1,0.9249,1,Rajasthan,RJ,66.1,52.1,26.0,17.2,Kota,8.2,0,39.7,21.0,UNDERGRADUATE
UG_2026_0145,Male,OBC,20.8,Hosteler,0.5,5-8 LPA,2,0,0,7,80.2,68.8,85.8,81.6,86.3,77.8,77.3,79.7,-4.47,2,0,6.41,6.66,0.25,0,68.3,0,8.4,-0.6,32,10,3,0.2517,0,Madhya Pradesh,MP,69.3,59.2,24.8,18.5,Barwani,46.1,1,85.5,37.1,UNDERGRADUATE
UG_2026_0146,Female,OBC,22.0,Day Scholar,9.0,<2 LPA,0,1,1,0,71.9,89.9,76.3,72.8,74.1,76.4,75.4,75.4,0.67,1,0,6.8,7.13,0.33,1,67.4,0,7.0,-0.1,50,12,4,0.1027,0,Tamil Nadu,TN,80.1,73.4,51.4,8.1,Coimbatore,2.1,0,24.2,18.9,UNDERGRADUATE
UG_2026_0147,Male,OBC,19.6,Hosteler,0.5,>8 LPA,3,0,0,1,86.3,77.8,87.4,86.3,91.1,81.7,77.5,82.4,-6.77,0,0,5.34,5.57,0.23,0,52.9,0,7.1,1.2,15,10,0,0.1258,0,Rajasthan,RJ,66.1,52.1,26.0,17.2,Barmer,34.2,1,93.0,35.8,UNDERGRADUATE
UG_2026_0148,Female,General,21.6,Day Scholar,13.0,2-5 LPA,1,0,1,1,100.0,92.0,96.6,92.9,84.3,75.9,88.7,83.1,2.17,2,0,5.63,5.92,0.29,0,64.6,0,7.4,0.5,29,8,2,0.0592,0,Kerala,KL,94.0,92.1,43.2,3.2,Thiruvananthapuram,0.9,0,46.2,15.2,UNDERGRADUATE
UG_2026_0149,Female,General,21.9,Day Scholar,20.3,>8 LPA,3,1,0,2,93.2,83.3,94.0,73.8,74.9,78.7,88.4,81.6,6.71,2,0,6.44,6.49,0.05,0,54.0,0,6.8,-4.5,23,10,2,0.0386,0,Madhya Pradesh,MP,69.3,59.2,24.8,18.5,Bhopal,9.4,0,19.1,23.4,UNDERGRADUATE
UG_2026_0150,Male,ST,18.3,Day Scholar,6.3,5-8 LPA,2,1,0,8,79.3,89.4,82.3,73.6,76.1,84.5,90.3,84.7,7.09,1,0,6.28,6.31,0.03,0,58.2,0,5.8,-2.2,42,9,3,0.1323,0,Gujarat,GJ,78.0,69.7,21.3,17.9,Dahod,40.5,1,88.0,38.1,UNDERGRADUATE
UG_2026_0151,Female,SC,21.4,Day Scholar,5.6,>8 LPA,3,0,1,0,78.7,71.5,77.6,70.4,65.8,68.7,75.6,70.7,4.91,3,1,6.31,6.68,0.37,0,63.4,0,5.3,1.2,69,10,4,0.0842,0,Madhya Pradesh,MP,69.3,59.2,24.8,18.5,Bhopal,9.4,0,19.1,23.4,UNDERGRADUATE
UG_2026_0152,Female,OBC,19.2,Hosteler,0.5,>8 LPA,3,0,0,2,55.5,60.8,65.9,61.2,50.8,59.1,66.3,59.9,7.77,11,1,6.9,6.51,-0.39,2,58.2,0,5.0,-0.5,18,14,4,0.4482,0,Maharashtra,MH,82.3,75.9,32.3,11.2,Pune,3.9,0,39.1,21.0,UNDERGRADUATE
UG_2026_0153,Male,General,21.9,Hosteler,0.5,<2 LPA,0,1,1,6,100.0,100.0,100.0,100.0,93.1,100.0,100.0,98.3,3.45,0,0,6.76,7.82,1.06,0,72.8,0,5.8,-2.7,51,9,5,0.0152,0,Uttar Pradesh,UP,67.7,57.2,23.2,16.8,Balrampur,47.9,1,92.3,45.0,UNDERGRADUATE
UG_2026_0154,Male,General,21.3,Day Scholar,12.7,5-8 LPA,2,1,0,1,70.9,63.6,73.9,80.6,72.2,69.8,74.2,72.1,0.97,4,1,5.91,5.79,-0.12,0,54.8,0,5.6,2.3,44,10,1,0.866,1,Kerala,KL,94.0,92.1,43.2,3.2,Wayanad,4.1,1,96.1,18.0,UNDERGRADUATE
UG_2026_0155,Male,General,19.4,Hosteler,0.5,2-5 LPA,1,0,0,3,100.0,86.6,100.0,100.0,85.1,100.0,100.0,96.3,7.43,0,0,9.88,10.0,0.12,0,89.9,0,8.0,-0.1,81,2,6,0.0134,0,Kerala,KL,94.0,92.1,43.2,3.2,Thiruvananthapuram,0.9,0,46.2,15.2,UNDERGRADUATE
UG_2026_0156,Male,EWS,18.9,Day Scholar,12.4,2-5 LPA,1,1,1,3,72.7,78.1,79.5,87.7,89.7,80.2,72.8,79.6,-8.46,0,0,8.32,8.86,0.54,0,88.6,0,9.2,-3.8,35,15,4,0.1671,0,Maharashtra,MH,82.3,75.9,32.3,11.2,Nandurbar,33.1,1,83.3,32.4,UNDERGRADUATE
UG_2026_0157,Female,SC,19.5,Day Scholar,17.2,2-5 LPA,1,0,1,0,87.6,78.2,82.0,79.0,89.2,76.6,75.7,79.4,-6.71,0,0,6.75,7.43,0.68,0,75.7,0,6.9,-1.9,115,7,3,0.108,0,Rajasthan,RJ,66.1,52.1,26.0,17.2,Jaipur,6.9,0,47.6,22.5,UNDERGRADUATE
UG_2026_0158,Female,General,21.5,Hosteler,0.5,5-8 LPA,2,0,0,1,73.6,70.7,72.1,44.9,71.8,65.2,64.7,66.7,-3.57,2,1,6.48,5.18,-1.3,0,43.6,0,4.2,-3.6,31,13,5,0.6956,1,Bihar,BR,61.8,51.5,14.5,21.4,Gaya,38.6,1,86.8,36.2,UNDERGRADUATE
UG_2026_0159,Male,General,20.7,Hosteler,0.5,5-8 LPA,2,0,0,4,70.7,72.5,81.9,71.4,79.0,81.3,86.3,82.7,3.63,0,0,5.56,5.75,0.19,0,52.8,0,4.7,0.7,32,10,0,0.0726,0,Karnataka,KA,75.4,68.1,36.2,12.0,Yadgir,39.4,1,81.2,36.5,UNDERGRADUATE
UG_2026_0160,Female,General,21.4,Day Scholar,8.3,2-5 LPA,1,0,1,3,70.1,78.4,80.9,81.8,75.1,84.9,73.4,77.8,-0.85,2,0,8.08,7.89,-0.19,1,82.6,0,6.5,-3.5,34,8,8,0.1541,0,Gujarat,GJ,78.0,69.7,21.3,17.9,Ahmedabad,3.8,0,15.9,20.2,UNDERGRADUATE
UG_2026_0161,Female,SC,20.3,Day Scholar,12.4,2-5 LPA,1,0,1,3,56.3,62.4,59.2,60.7,59.3,58.8,56.5,58.0,-1.39,6,1,4.51,3.81,-0.7,3,39.1,0,2.3,0.4,81,16,2,0.9887,1,Rajasthan,RJ,66.1,52.1,26.0,17.2,Jaipur,6.9,0,47.6,22.5,UNDERGRADUATE
UG_2026_0162,Male,General,19.2,Day Scholar,7.1,5-8 LPA,2,0,0,0,53.2,55.1,57.2,58.1,62.1,56.4,45.6,53.5,-8.25,8,1,6.49,6.29,-0.2,1,57.7,0,6.9,0.3,98,19,2,0.3271,0,Bihar,BR,61.8,51.5,14.5,21.4,Patna,18.2,0,56.4,28.5,UNDERGRADUATE
UG_2026_0163,Male,OBC,19.9,Day Scholar,22.3,>8 LPA,3,0,0,3,47.8,47.7,47.0,45.3,52.3,45.9,40.9,45.5,-5.7,22,1,6.97,5.75,-1.22,0,66.0,1,2.5,-1.1,31,22,1,0.9948,1,Karnataka,KA,75.4,68.1,36.2,12.0,Yadgir,39.4,1,81.2,36.5,UNDERGRADUATE
UG_2026_0164,Male,General,20.5,Day Scholar,11.4,2-5 LPA,1,0,0,4,87.3,72.9,86.5,71.3,75.6,83.9,76.9,79.1,0.64,2,0,8.12,8.25,0.13,0,69.9,0,10.0,-3.6,36,8,3,0.2592,0,Karnataka,KA,75.4,68.1,36.2,12.0,Yadgir,39.4,1,81.2,36.5,UNDERGRADUATE
UG_2026_0165,Male,General,21.6,Day Scholar,11.5,<2 LPA,0,1,1,3,100.0,91.9,86.5,73.3,82.3,90.6,72.7,81.3,-4.82,1,0,8.12,7.77,-0.35,0,68.7,0,8.8,0.0,48,6,4,0.0833,0,Bihar,BR,61.8,51.5,14.5,21.4,Patna,18.2,0,56.4,28.5,UNDERGRADUATE
UG_2026_0166,Female,General,21.5,Day Scholar,11.6,<2 LPA,0,0,0,30,87.2,83.9,86.7,91.9,75.9,92.4,85.0,85.3,4.55,0,0,8.22,7.91,-0.31,0,73.9,0,7.2,-1.0,23,5,4,0.5964,1,Uttar Pradesh,UP,67.7,57.2,23.2,16.8,Varanasi,16.3,0,56.6,29.4,UNDERGRADUATE
UG_2026_0167,Male,OBC,18.5,Day Scholar,29.4,2-5 LPA,1,0,1,1,65.2,54.7,63.8,74.4,59.8,59.9,70.8,64.3,5.5,10,1,7.37,7.57,0.2,1,69.7,0,4.6,-0.8,36,12,3,0.3912,0,Haryana,HR,75.6,65.9,29.8,12.5,Nuh / Mewat,44.8,1,88.6,47.0,UNDERGRADUATE
UG_2026_0168,Female,General,20.6,Day Scholar,23.2,<2 LPA,0,1,0,47,60.1,69.5,73.8,61.1,67.1,74.2,75.9,73.1,4.42,6,1,5.27,5.56,0.29,0,49.3,0,5.1,-2.8,22,12,1,0.8779,1,Kerala,KL,94.0,92.1,43.2,3.2,Ernakulam,0.6,0,31.9,14.8,UNDERGRADUATE
UG_2026_0169,Male,SC,17.5,Day Scholar,3.4,2-5 LPA,1,1,0,2,69.7,61.6,67.9,58.7,61.2,61.9,65.1,63.0,1.93,6,1,6.99,7.57,0.58,0,71.3,0,5.0,-0.5,54,14,4,0.1636,0,Haryana,HR,75.6,65.9,29.8,12.5,Nuh / Mewat,44.8,1,88.6,47.0,UNDERGRADUATE
UG_2026_0170,Male,OBC,19.9,Hosteler,0.5,5-8 LPA,2,0,0,2,86.4,93.6,94.3,79.5,93.1,96.0,100.0,96.9,3.43,1,0,7.0,7.75,0.75,0,66.6,0,8.2,3.1,22,6,1,0.0558,0,Haryana,HR,75.6,65.9,29.8,12.5,Gurugram,2.5,0,31.2,20.5,UNDERGRADUATE
UG_2026_0171,Male,General,20.0,Hosteler,0.5,>8 LPA,3,0,0,1,85.5,74.8,84.5,74.9,73.6,77.9,76.5,76.3,1.41,2,0,7.94,8.41,0.47,0,73.8,0,9.7,-2.9,29,7,5,0.014,0,Kerala,KL,94.0,92.1,43.2,3.2,Wayanad,4.1,1,96.1,18.0,UNDERGRADUATE
UG_2026_0172,Female,SC,19.2,Day Scholar,25.4,2-5 LPA,1,1,1,5,70.8,85.1,84.0,70.5,89.1,79.8,72.9,79.3,-8.08,2,0,5.26,4.94,-0.32,0,45.1,0,6.7,-0.2,11,10,2,0.3697,0,Kerala,KL,94.0,92.1,43.2,3.2,Ernakulam,0.6,0,31.9,14.8,UNDERGRADUATE
UG_2026_0173,Male,SC,20.9,Day Scholar,8.2,5-8 LPA,2,0,1,0,68.3,84.6,76.4,83.9,68.4,75.8,71.0,72.1,1.32,2,1,7.04,7.77,0.73,0,60.4,0,6.4,-0.8,34,7,3,0.2261,0,Maharashtra,MH,82.3,75.9,32.3,11.2,Nandurbar,33.1,1,83.3,32.4,UNDERGRADUATE
UG_2026_0174,Female,General,18.5,Day Scholar,14.7,2-5 LPA,1,1,0,24,55.4,48.8,48.5,55.9,44.0,54.2,41.7,46.7,-1.13,17,1,6.32,6.43,0.11,2,67.2,0,6.3,0.0,28,14,4,0.9588,1,Rajasthan,RJ,66.1,52.1,26.0,17.2,Kota,8.2,0,39.7,21.0,UNDERGRADUATE
UG_2026_0175,Female,General,19.6,Hosteler,0.5,<2 LPA,0,1,1,3,80.1,78.3,77.3,87.8,73.2,82.6,90.0,83.2,8.41,1,0,6.71,7.17,0.46,0,70.6,0,7.2,-1.1,35,9,2,0.0404,0,Karnataka,KA,75.4,68.1,36.2,12.0,Bengaluru Urban,1.8,0,9.1,18.2,UNDERGRADUATE
UG_2026_0176,Female,ST,20.2,Day Scholar,9.2,5-8 LPA,2,0,0,4,77.6,75.1,82.5,81.7,74.0,80.5,88.4,82.0,7.21,0,0,6.25,6.76,0.51,0,72.5,0,2.2,1.2,48,7,2,0.0496,0,Kerala,KL,94.0,92.1,43.2,3.2,Ernakulam,0.6,0,31.9,14.8,UNDERGRADUATE
UG_2026_0177,Male,SC,21.3,Day Scholar,5.8,2-5 LPA,1,1,1,6,62.0,48.6,68.5,56.8,62.1,66.6,61.4,63.4,-0.32,11,1,7.55,7.33,-0.22,2,76.5,0,4.4,2.8,43,10,1,0.677,1,Haryana,HR,75.6,65.9,29.8,12.5,Gurugram,2.5,0,31.2,20.5,UNDERGRADUATE
UG_2026_0178,Male,OBC,20.2,Day Scholar,8.4,>8 LPA,3,0,0,1,99.4,95.5,96.4,94.0,86.9,97.3,100.0,95.8,6.57,2,0,8.0,8.31,0.31,0,81.7,0,6.1,0.7,82,7,1,0.0339,0,Tamil Nadu,TN,80.1,73.4,51.4,8.1,Ramanathapuram,7.8,1,69.7,22.1,UNDERGRADUATE
UG_2026_0179,Female,General,22.4,Day Scholar,15.1,2-5 LPA,1,0,0,20,97.3,80.6,90.0,84.0,93.3,97.5,100.0,97.5,3.36,2,0,8.19,8.33,0.14,0,82.7,0,11.5,-1.7,43,6,3,0.0851,0,Karnataka,KA,75.4,68.1,36.2,12.0,Bengaluru Urban,1.8,0,9.1,18.2,UNDERGRADUATE
UG_2026_0180,Male,General,17.6,Hosteler,0.5,2-5 LPA,1,1,0,20,97.0,94.2,94.9,100.0,86.1,90.2,97.2,92.0,5.58,1,0,8.19,8.7,0.51,0,90.1,0,5.6,-0.6,31,6,3,0.1608,0,Gujarat,GJ,78.0,69.7,21.3,17.9,Narmada,32.4,1,89.5,30.5,UNDERGRADUATE
UG_2026_0181,Male,General,20.3,Day Scholar,9.7,2-5 LPA,1,1,0,4,89.5,88.4,92.7,95.5,85.3,87.1,77.3,82.7,-4.0,2,0,6.68,6.67,-0.01,0,61.9,0,6.0,2.3,27,9,2,0.7444,1,Kerala,KL,94.0,92.1,43.2,3.2,Wayanad,4.1,1,96.1,18.0,UNDERGRADUATE
UG_2026_0182,Male,ST,21.7,Day Scholar,16.3,5-8 LPA,2,0,1,4,55.7,53.7,58.2,58.1,61.1,49.2,44.3,50.2,-8.37,10,1,7.14,6.39,-0.75,0,57.8,0,5.4,1.6,16,15,2,0.9573,1,Uttar Pradesh,UP,67.7,57.2,23.2,16.8,Shravasti,49.6,1,96.5,48.2,UNDERGRADUATE
UG_2026_0183,Male,EWS,21.5,Day Scholar,12.7,>8 LPA,3,0,0,4,83.8,91.6,97.8,86.9,95.2,97.0,94.5,95.6,-0.36,1,0,6.11,6.6,0.49,0,63.3,0,7.7,-1.3,20,9,1,0.0362,0,Gujarat,GJ,78.0,69.7,21.3,17.9,Dahod,40.5,1,88.0,38.1,UNDERGRADUATE
UG_2026_0184,Female,SC,20.3,Day Scholar,13.7,>8 LPA,3,0,0,9,35.9,30.8,35.1,28.4,18.9,24.5,28.8,24.8,4.98,20,1,8.64,6.79,-1.85,0,66.2,0,3.4,-6.6,21,20,2,0.9846,1,Rajasthan,RJ,66.1,52.1,26.0,17.2,Jaipur,6.9,0,47.6,22.5,UNDERGRADUATE
UG_2026_0185,Female,General,20.5,Hosteler,0.5,2-5 LPA,1,0,0,24,27.2,36.1,27.4,20.6,21.8,27.1,31.0,27.3,4.59,21,1,7.43,6.2,-1.23,0,62.9,1,1.6,5.5,27,23,2,0.9986,1,Rajasthan,RJ,66.1,52.1,26.0,17.2,Kota,8.2,0,39.7,21.0,UNDERGRADUATE
UG_2026_0186,Male,SC,20.2,Hosteler,0.5,5-8 LPA,2,0,0,3,68.3,54.3,67.5,60.5,68.6,57.6,59.5,61.2,-4.54,8,1,7.21,6.82,-0.39,1,70.5,0,6.6,-5.8,73,15,2,0.4096,0,Maharashtra,MH,82.3,75.9,32.3,11.2,Nandurbar,33.1,1,83.3,32.4,UNDERGRADUATE
UG_2026_0187,Male,SC,20.1,Day Scholar,18.1,<2 LPA,0,1,1,0,67.6,60.0,78.9,58.4,65.9,68.5,58.8,64.0,-3.53,6,1,8.53,7.75,-0.78,1,72.6,0,6.6,2.0,30,9,3,0.5645,1,Tamil Nadu,TN,80.1,73.4,51.4,8.1,Chennai,1.2,0,0.0,17.5,UNDERGRADUATE
UG_2026_0188,Female,SC,20.9,Day Scholar,6.0,2-5 LPA,1,1,0,34,86.8,82.3,89.1,93.7,84.9,84.6,84.3,84.6,-0.29,0,0,7.26,8.51,1.25,0,87.6,0,6.7,-0.4,80,18,3,0.046,0,Kerala,KL,94.0,92.1,43.2,3.2,Thiruvananthapuram,0.9,0,46.2,15.2,UNDERGRADUATE
UG_2026_0189,Female,General,21.6,Hosteler,0.5,2-5 LPA,1,0,0,1,84.0,80.1,88.6,71.3,89.3,79.1,74.9,80.0,-7.24,1,0,8.83,8.99,0.16,0,86.4,0,5.4,-5.5,57,4,5,0.1518,0,Gujarat,GJ,78.0,69.7,21.3,17.9,Ahmedabad,3.8,0,15.9,20.2,UNDERGRADUATE
UG_2026_0190,Female,General,18.8,Day Scholar,9.7,<2 LPA,0,0,0,63,83.9,70.9,79.1,69.2,80.0,74.2,84.7,79.9,2.32,1,0,6.25,5.59,-0.66,0,53.2,0,6.0,1.1,49,8,2,0.8998,1,Madhya Pradesh,MP,69.3,59.2,24.8,18.5,Indore,6.8,0,25.9,21.8,UNDERGRADUATE
UG_2026_0191,Male,General,21.4,Day Scholar,7.0,2-5 LPA,1,0,0,48,77.7,100.0,82.0,89.9,88.5,79.0,80.2,81.9,-4.16,1,0,6.36,6.96,0.6,0,62.3,0,5.2,-0.2,69,8,4,0.6581,1,Gujarat,GJ,78.0,69.7,21.3,17.9,Narmada,32.4,1,89.5,30.5,UNDERGRADUATE
UG_2026_0192,Male,SC,18.7,Day Scholar,22.6,5-8 LPA,2,0,0,2,100.0,97.9,93.8,84.3,85.5,90.2,94.9,90.9,4.73,0,0,9.95,10.0,0.05,0,97.1,0,9.1,1.2,46,2,2,0.0084,0,Tamil Nadu,TN,80.1,73.4,51.4,8.1,Ramanathapuram,7.8,1,69.7,22.1,UNDERGRADUATE
UG_2026_0193,Male,General,22.9,Hosteler,0.5,2-5 LPA,1,1,0,24,81.7,76.7,73.9,62.8,80.8,74.4,63.5,71.7,-8.61,2,1,8.74,7.91,-0.83,0,78.6,0,9.9,-0.4,11,9,2,0.2454,0,Gujarat,GJ,78.0,69.7,21.3,17.9,Dahod,40.5,1,88.0,38.1,UNDERGRADUATE
UG_2026_0194,Female,OBC,20.6,Day Scholar,13.9,>8 LPA,3,0,0,0,75.2,84.0,81.1,74.2,82.2,83.6,80.8,82.1,-0.72,0,0,9.03,8.83,-0.2,0,86.8,0,6.8,-6.2,115,6,2,0.0643,0,Madhya Pradesh,MP,69.3,59.2,24.8,18.5,Bhopal,9.4,0,19.1,23.4,UNDERGRADUATE
UG_2026_0195,Male,SC,21.9,Hosteler,0.5,5-8 LPA,2,0,1,1,75.3,78.4,75.0,74.9,76.9,77.4,73.8,75.9,-1.51,1,0,7.35,7.0,-0.35,0,70.4,0,4.5,-0.6,36,7,4,0.1989,0,Uttar Pradesh,UP,67.7,57.2,23.2,16.8,Lucknow,8.5,0,33.8,24.1,UNDERGRADUATE
UG_2026_0196,Male,OBC,19.4,Hosteler,0.5,>8 LPA,3,0,0,4,53.8,49.4,53.2,42.3,53.0,53.8,51.0,52.5,-1.04,4,1,7.51,6.37,-1.14,5,59.0,0,6.3,2.0,57,13,3,0.8345,1,Kerala,KL,94.0,92.1,43.2,3.2,Wayanad,4.1,1,96.1,18.0,UNDERGRADUATE
UG_2026_0197,Female,General,19.5,Hosteler,0.5,2-5 LPA,1,1,0,3,41.2,26.6,38.6,23.0,39.3,32.3,32.9,34.3,-3.19,12,1,4.86,4.37,-0.49,3,38.1,1,4.0,1.3,25,16,2,0.9834,1,Uttar Pradesh,UP,67.7,57.2,23.2,16.8,Noida / Gautam Buddha Nagar,7.1,0,40.9,22.0,UNDERGRADUATE
UG_2026_0198,Female,General,20.0,Day Scholar,12.3,2-5 LPA,1,0,0,0,84.3,88.3,86.6,77.3,90.0,82.0,73.4,80.5,-8.34,1,0,6.55,7.46,0.91,0,66.8,0,6.6,-1.7,24,6,1,0.112,0,Gujarat,GJ,78.0,69.7,21.3,17.9,Narmada,32.4,1,89.5,30.5,UNDERGRADUATE
UG_2026_0199,Female,SC,21.1,Day Scholar,5.5,2-5 LPA,1,1,0,4,81.8,81.0,82.1,81.3,82.2,75.1,70.9,75.2,-5.67,2,0,5.4,6.29,0.89,0,58.1,0,8.0,-4.8,34,9,2,0.4843,0,Bihar,BR,61.8,51.5,14.5,21.4,Muzaffarpur,35.1,1,90.3,38.0,UNDERGRADUATE
UG_2026_0200,Male,OBC,20.7,Hosteler,0.5,<2 LPA,0,0,1,0,64.3,63.9,64.9,60.4,66.1,64.7,61.7,63.8,-2.23,6,1,9.0,9.26,0.26,4,84.6,0,8.1,2.2,34,20,3,0.3347,0,Haryana,HR,75.6,65.9,29.8,12.5,Nuh / Mewat,44.8,1,88.6,47.0,UNDERGRADUATE
UG_2026_0201,Male,SC,22.9,Hosteler,0.5,2-5 LPA,1,0,1,4,97.0,85.9,97.2,97.7,93.2,87.3,99.9,93.8,3.38,2,0,8.54,9.29,0.75,0,83.0,0,10.1,-2.8,52,2,5,0.0176,0,Maharashtra,MH,82.3,75.9,32.3,11.2,Gadchiroli,28.5,1,89.0,28.9,UNDERGRADUATE
UG_2026_0202,Male,SC,20.6,Day Scholar,7.3,<2 LPA,0,1,1,0,70.7,72.3,75.8,72.8,73.7,74.9,68.3,72.0,-2.71,2,1,9.81,9.74,-0.07,1,96.1,0,6.4,-2.4,33,4,5,0.0545,0,Rajasthan,RJ,66.1,52.1,26.0,17.2,Jaisalmer,31.8,1,86.7,33.2,UNDERGRADUATE
UG_2026_0203,Male,OBC,19.9,Hosteler,0.5,5-8 LPA,2,0,0,1,44.8,31.9,46.3,33.3,43.1,46.0,36.6,41.5,-3.29,14,1,8.09,7.19,-0.9,0,63.3,0,7.7,6.2,23,12,4,0.9342,1,Rajasthan,RJ,66.1,52.1,26.0,17.2,Barmer,34.2,1,93.0,35.8,UNDERGRADUATE
UG_2026_0204,Female,General,18.7,Hosteler,0.5,>8 LPA,3,1,0,0,67.0,80.6,75.5,63.0,75.4,76.9,68.4,73.1,-3.47,4,1,7.48,7.23,-0.25,0,71.1,0,5.2,-1.1,27,9,4,0.4725,0,Bihar,BR,61.8,51.5,14.5,21.4,Muzaffarpur,35.1,1,90.3,38.0,UNDERGRADUATE
UG_2026_0205,Female,General,19.3,Day Scholar,12.5,>8 LPA,3,1,0,1,67.8,67.2,70.9,68.2,68.5,69.6,75.7,71.8,3.61,2,1,5.84,6.2,0.36,0,60.2,0,4.9,-0.1,87,9,1,0.2532,0,Haryana,HR,75.6,65.9,29.8,12.5,Gurugram,2.5,0,31.2,20.5,UNDERGRADUATE
UG_2026_0206,Male,General,20.4,Hosteler,0.5,2-5 LPA,1,0,0,2,42.0,35.6,35.1,21.4,22.2,28.7,36.2,30.1,7.02,12,1,8.03,6.49,-1.54,1,65.0,0,2.5,1.5,24,30,0,0.9517,1,Karnataka,KA,75.4,68.1,36.2,12.0,Raichur,36.8,1,74.6,34.0,UNDERGRADUATE
UG_2026_0207,Male,General,20.4,Day Scholar,11.3,5-8 LPA,2,0,0,4,90.4,79.3,82.2,80.0,79.5,91.4,91.5,88.4,6.01,2,0,3.83,4.3,0.47,0,45.6,0,2.3,0.5,39,9,5,0.368,0,Karnataka,KA,75.4,68.1,36.2,12.0,Raichur,36.8,1,74.6,34.0,UNDERGRADUATE
UG_2026_0208,Male,EWS,20.8,Day Scholar,10.9,<2 LPA,0,0,1,8,69.0,62.4,64.2,75.3,68.4,63.2,56.7,61.9,-5.88,4,1,9.09,8.66,-0.43,0,79.9,0,3.9,-3.4,34,7,2,0.4851,0,Madhya Pradesh,MP,69.3,59.2,24.8,18.5,Barwani,46.1,1,85.5,37.1,UNDERGRADUATE
UG_2026_0209,Male,General,21.0,Hosteler,0.5,2-5 LPA,1,0,0,13,88.8,93.6,99.1,79.2,88.2,83.7,93.5,88.7,2.64,2,0,7.5,7.86,0.36,0,77.2,0,5.4,-1.1,35,7,2,0.04,0,Gujarat,GJ,78.0,69.7,21.3,17.9,Dahod,40.5,1,88.0,38.1,UNDERGRADUATE
UG_2026_0210,Female,OBC,18.9,Day Scholar,26.7,5-8 LPA,2,0,1,3,88.9,78.3,84.1,78.6,77.6,81.0,85.8,82.1,4.08,2,0,7.95,7.37,-0.58,0,68.8,0,6.7,-2.3,44,8,8,0.0381,0,Rajasthan,RJ,66.1,52.1,26.0,17.2,Jaipur,6.9,0,47.6,22.5,UNDERGRADUATE
UG_2026_0211,Male,General,20.4,Hosteler,0.5,>8 LPA,3,0,1,33,99.4,99.7,100.0,100.0,93.6,98.1,100.0,97.7,3.22,1,0,6.83,7.4,0.57,0,70.3,0,3.6,-2.7,39,6,4,0.0807,0,Tamil Nadu,TN,80.1,73.4,51.4,8.1,Ramanathapuram,7.8,1,69.7,22.1,UNDERGRADUATE
UG_2026_0212,Female,OBC,19.6,Day Scholar,8.7,<2 LPA,0,0,1,3,28.8,39.2,35.1,27.6,40.6,36.6,32.6,36.0,-4.02,22,1,5.53,4.68,-0.85,1,41.8,1,3.4,0.2,21,19,2,0.9526,1,Kerala,KL,94.0,92.1,43.2,3.2,Thiruvananthapuram,0.9,0,46.2,15.2,UNDERGRADUATE
UG_2026_0213,Female,EWS,20.8,Day Scholar,14.7,5-8 LPA,2,0,0,1,76.9,79.8,82.0,66.4,79.2,71.9,71.2,73.4,-4.01,6,1,5.61,5.22,-0.39,0,45.9,0,6.3,-2.0,21,11,2,0.7338,1,Tamil Nadu,TN,80.1,73.4,51.4,8.1,Coimbatore,2.1,0,24.2,18.9,UNDERGRADUATE
UG_2026_0214,Male,General,23.1,Hosteler,0.5,<2 LPA,0,1,0,94,90.0,88.3,87.8,86.0,89.3,81.8,89.5,86.8,0.1,2,0,6.48,6.61,0.13,0,57.2,0,5.9,-2.0,12,7,8,0.9872,1,Karnataka,KA,75.4,68.1,36.2,12.0,Yadgir,39.4,1,81.2,36.5,UNDERGRADUATE
UG_2026_0215,Female,SC,19.3,Day Scholar,6.7,>8 LPA,3,0,0,0,82.4,75.5,87.0,69.2,73.1,79.5,81.3,78.6,4.1,1,0,8.34,8.41,0.07,0,75.7,0,10.7,-2.1,62,6,4,0.0306,0,Madhya Pradesh,MP,69.3,59.2,24.8,18.5,Bhopal,9.4,0,19.1,23.4,UNDERGRADUATE
UG_2026_0216,Female,OBC,22.4,Day Scholar,14.0,<2 LPA,0,1,1,19,37.3,35.7,40.9,39.5,40.3,41.9,40.8,41.1,0.26,22,1,8.26,7.79,-0.47,3,74.0,0,4.2,1.2,19,16,2,0.9848,1,Bihar,BR,61.8,51.5,14.5,21.4,Gaya,38.6,1,86.8,36.2,UNDERGRADUATE
UG_2026_0217,Male,OBC,19.9,Day Scholar,5.6,<2 LPA,0,1,0,49,63.1,65.9,79.1,81.9,72.2,75.0,76.0,74.7,1.93,4,1,6.34,6.26,-0.08,0,69.4,0,7.1,-0.3,50,10,0,0.3338,0,Uttar Pradesh,UP,67.7,57.2,23.2,16.8,Bahraich,54.4,1,92.1,46.5,UNDERGRADUATE
UG_2026_0218,Female,OBC,19.8,Hosteler,0.5,5-8 LPA,2,0,0,8,99.0,92.0,94.9,86.4,100.0,87.9,80.5,88.0,-9.75,0,0,6.01,4.68,-1.33,0,34.3,0,7.2,-0.7,17,10,2,0.4504,0,Karnataka,KA,75.4,68.1,36.2,12.0,Bengaluru Urban,1.8,0,9.1,18.2,UNDERGRADUATE
UG_2026_0219,Male,General,22.2,Hosteler,0.5,2-5 LPA,1,0,0,3,77.6,94.6,91.8,100.0,100.0,92.0,89.4,93.0,-5.28,1,0,5.67,5.68,0.01,0,50.1,0,11.6,-0.8,49,7,4,0.0597,0,Rajasthan,RJ,66.1,52.1,26.0,17.2,Barmer,34.2,1,93.0,35.8,UNDERGRADUATE
UG_2026_0220,Male,General,17.6,Hosteler,0.5,5-8 LPA,2,0,0,1,54.3,65.3,61.8,65.1,59.6,57.7,58.1,58.4,-0.76,8,1,7.36,6.75,-0.61,2,62.4,0,6.0,-2.7,27,11,3,0.8271,1,Rajasthan,RJ,66.1,52.1,26.0,17.2,Jaisalmer,31.8,1,86.7,33.2,UNDERGRADUATE
UG_2026_0221,Male,OBC,23.2,Day Scholar,7.3,<2 LPA,0,0,1,2,66.0,84.2,71.7,82.3,72.2,74.0,73.1,73.2,0.45,5,1,6.15,5.59,-0.56,0,58.8,0,5.2,1.9,50,11,5,0.223,0,Tamil Nadu,TN,80.1,73.4,51.4,8.1,Ramanathapuram,7.8,1,69.7,22.1,UNDERGRADUATE
UG_2026_0222,Male,OBC,20.6,Day Scholar,5.1,>8 LPA,3,0,0,2,90.1,76.6,83.3,77.9,74.1,84.3,88.0,83.2,6.92,0,0,6.03,5.69,-0.34,0,54.4,0,8.2,3.7,26,9,5,0.2939,0,Bihar,BR,61.8,51.5,14.5,21.4,Purnia,50.4,1,89.2,42.1,UNDERGRADUATE
UG_2026_0223,Female,SC,18.0,Hosteler,0.5,<2 LPA,0,1,0,62,87.2,93.0,87.9,91.6,91.5,90.3,85.9,88.8,-2.84,0,0,7.86,9.41,1.55,0,92.7,0,6.2,-0.6,29,5,2,0.1889,0,Rajasthan,RJ,66.1,52.1,26.0,17.2,Kota,8.2,0,39.7,21.0,UNDERGRADUATE
UG_2026_0224,Female,OBC,20.4,Hosteler,0.5,2-5 LPA,1,0,0,12,81.7,69.8,86.2,65.5,72.9,75.8,76.2,75.2,1.69,0,0,5.36,4.64,-0.72,0,41.4,0,7.2,-2.1,34,13,0,0.2226,0,Gujarat,GJ,78.0,69.7,21.3,17.9,Ahmedabad,3.8,0,15.9,20.2,UNDERGRADUATE
UG_2026_0225,Female,SC,19.2,Hosteler,0.5,2-5 LPA,1,0,0,1,61.4,70.9,57.4,60.4,54.3,58.0,50.9,54.2,-1.69,7,1,8.78,8.94,0.16,1,78.3,0,11.5,-3.2,58,8,3,0.1288,0,Rajasthan,RJ,66.1,52.1,26.0,17.2,Kota,8.2,0,39.7,21.0,UNDERGRADUATE
UG_2026_0226,Male,SC,17.7,Day Scholar,12.7,2-5 LPA,1,1,1,5,80.7,73.8,81.3,77.6,78.1,83.2,77.6,79.7,-0.26,2,0,9.46,9.6,0.14,0,91.1,0,9.9,-3.4,54,11,2,0.1278,0,Kerala,KL,94.0,92.1,43.2,3.2,Thiruvananthapuram,0.9,0,46.2,15.2,UNDERGRADUATE
UG_2026_0227,Male,SC,20.9,Day Scholar,9.8,<2 LPA,0,0,1,4,97.4,100.0,100.0,86.1,100.0,96.5,78.7,90.2,-10.67,1,0,8.11,8.52,0.41,0,83.1,0,8.9,-2.6,27,8,3,0.1401,0,Tamil Nadu,TN,80.1,73.4,51.4,8.1,Ramanathapuram,7.8,1,69.7,22.1,UNDERGRADUATE
UG_2026_0228,Female,General,19.4,Hosteler,0.5,5-8 LPA,2,1,0,7,63.6,66.6,68.7,76.4,62.2,63.5,73.5,67.2,5.64,6,1,7.71,7.52,-0.19,0,70.9,0,6.7,-0.9,50,9,4,0.3063,0,Haryana,HR,75.6,65.9,29.8,12.5,Gurugram,2.5,0,31.2,20.5,UNDERGRADUATE
UG_2026_0229,Male,OBC,18.5,Day Scholar,7.7,5-8 LPA,2,1,0,2,93.7,88.4,99.0,97.2,90.0,88.6,90.4,89.6,0.2,0,0,8.54,8.48,-0.06,0,88.7,0,8.2,-4.8,99,3,4,0.033,0,Haryana,HR,75.6,65.9,29.8,12.5,Nuh / Mewat,44.8,1,88.6,47.0,UNDERGRADUATE
UG_2026_0230,Female,OBC,22.7,Day Scholar,10.4,2-5 LPA,1,0,0,12,47.3,42.5,45.9,44.5,46.0,47.0,41.9,44.7,-2.06,8,1,7.47,6.92,-0.55,2,71.0,0,9.0,2.7,16,19,0,0.8771,1,Rajasthan,RJ,66.1,52.1,26.0,17.2,Jaipur,6.9,0,47.6,22.5,UNDERGRADUATE
UG_2026_0231,Male,EWS,19.6,Hosteler,0.5,2-5 LPA,1,0,0,4,92.3,85.7,92.9,93.5,98.2,91.9,94.0,94.3,-2.07,1,0,5.74,5.88,0.14,0,58.8,0,8.1,-4.2,59,8,5,0.1316,0,Maharashtra,MH,82.3,75.9,32.3,11.2,Nandurbar,33.1,1,83.3,32.4,UNDERGRADUATE
UG_2026_0232,Male,General,20.4,Hosteler,0.5,>8 LPA,3,0,0,2,83.8,78.1,81.4,72.3,76.0,78.9,89.0,82.2,6.49,2,0,7.08,8.02,0.94,1,81.0,0,7.3,-2.6,39,20,3,0.0317,0,Maharashtra,MH,82.3,75.9,32.3,11.2,Gadchiroli,28.5,1,89.0,28.9,UNDERGRADUATE
UG_2026_0233,Female,ST,21.9,Day Scholar,15.3,<2 LPA,0,1,0,90,72.2,69.7,79.5,72.3,66.1,70.1,64.6,66.9,-0.76,2,1,8.99,9.29,0.3,0,88.7,0,6.2,-2.6,24,5,2,0.8668,1,Kerala,KL,94.0,92.1,43.2,3.2,Ernakulam,0.6,0,31.9,14.8,UNDERGRADUATE
UG_2026_0234,Male,General,20.0,Hosteler,0.5,5-8 LPA,2,0,0,8,72.3,71.7,71.4,71.4,72.7,65.1,66.9,67.7,-2.91,6,1,9.22,9.03,-0.19,0,82.3,0,10.0,-3.2,67,6,4,0.1678,0,Bihar,BR,61.8,51.5,14.5,21.4,Katihar,48.7,1,91.1,44.3,UNDERGRADUATE
UG_2026_0235,Male,EWS,19.6,Hosteler,0.5,>8 LPA,3,0,1,3,87.1,81.2,79.4,70.8,84.6,76.7,68.6,75.4,-8.01,0,0,9.48,9.72,0.24,0,86.6,0,7.9,-2.9,52,9,6,0.0329,0,Maharashtra,MH,82.3,75.9,32.3,11.2,Nandurbar,33.1,1,83.3,32.4,UNDERGRADUATE
UG_2026_0236,Male,OBC,19.2,Hosteler,0.5,2-5 LPA,1,1,0,13,96.4,94.7,100.0,95.7,100.0,97.2,89.3,94.8,-5.33,2,0,4.36,5.2,0.84,0,45.8,0,5.7,-5.3,63,7,2,0.1279,0,Rajasthan,RJ,66.1,52.1,26.0,17.2,Jaisalmer,31.8,1,86.7,33.2,UNDERGRADUATE
UG_2026_0237,Male,General,21.9,Day Scholar,18.4,2-5 LPA,1,0,0,0,78.5,76.0,76.1,71.0,78.4,73.6,70.8,73.7,-3.76,4,1,9.03,9.67,0.64,1,89.1,0,7.9,-0.9,64,5,3,0.1889,0,Uttar Pradesh,UP,67.7,57.2,23.2,16.8,Balrampur,47.9,1,92.3,45.0,UNDERGRADUATE
UG_2026_0238,Male,General,20.6,Day Scholar,5.6,2-5 LPA,1,0,0,4,73.1,78.7,89.8,79.2,77.9,80.2,89.6,83.4,5.86,1,0,7.94,8.19,0.25,0,86.3,0,6.2,-2.4,42,4,1,0.0371,0,Madhya Pradesh,MP,69.3,59.2,24.8,18.5,Alirajpur,52.0,1,92.2,39.5,UNDERGRADUATE
UG_2026_0239,Male,EWS,21.3,Hosteler,0.5,2-5 LPA,1,0,1,3,87.9,89.3,86.3,83.7,79.6,90.9,92.8,88.8,6.57,2,0,5.99,6.1,0.11,0,57.9,0,10.9,-0.9,39,10,1,0.1346,0,Tamil Nadu,TN,80.1,73.4,51.4,8.1,Chennai,1.2,0,0.0,17.5,UNDERGRADUATE
UG_2026_0240,Male,General,18.5,Day Scholar,9.7,5-8 LPA,2,0,0,0,34.0,43.3,45.9,45.2,45.2,42.0,33.3,39.3,-5.98,11,1,7.76,7.83,0.07,5,72.1,0,6.4,1.0,25,19,0,0.9569,1,Karnataka,KA,75.4,68.1,36.2,12.0,Yadgir,39.4,1,81.2,36.5,UNDERGRADUATE
UG_2026_0241,Female,General,19.6,Day Scholar,11.2,<2 LPA,0,0,0,16,70.3,79.5,77.3,79.8,82.6,81.6,81.5,81.8,-0.53,2,0,7.44,8.15,0.71,0,82.6,0,11.3,0.1,40,5,1,0.2271,0,Maharashtra,MH,82.3,75.9,32.3,11.2,Pune,3.9,0,39.1,21.0,UNDERGRADUATE
UG_2026_0242,Male,OBC,21.8,Hosteler,0.5,>8 LPA,3,0,0,3,77.2,87.7,83.8,92.0,74.0,81.2,91.0,83.4,8.5,0,0,6.43,7.97,1.54,0,76.8,0,8.4,0.4,38,6,4,0.0685,0,Maharashtra,MH,82.3,75.9,32.3,11.2,Gadchiroli,28.5,1,89.0,28.9,UNDERGRADUATE
UG_2026_0243,Male,OBC,21.0,Day Scholar,5.8,<2 LPA,0,1,1,1,75.2,67.9,76.4,68.7,68.9,73.8,64.6,68.9,-2.12,6,1,7.61,8.79,1.18,0,71.9,0,10.0,-3.4,45,7,4,0.0572,0,Kerala,KL,94.0,92.1,43.2,3.2,Wayanad,4.1,1,96.1,18.0,UNDERGRADUATE
UG_2026_0244,Male,General,20.2,Day Scholar,5.8,5-8 LPA,2,0,0,3,88.0,93.1,92.9,90.4,89.7,91.7,91.1,91.0,0.67,0,0,8.77,8.56,-0.21,0,87.1,0,9.8,-1.8,46,4,4,0.0561,0,Madhya Pradesh,MP,69.3,59.2,24.8,18.5,Alirajpur,52.0,1,92.2,39.5,UNDERGRADUATE
UG_2026_0245,Female,SC,19.8,Day Scholar,14.1,5-8 LPA,2,1,0,2,53.8,53.7,59.4,66.8,64.9,59.4,50.8,57.3,-7.08,11,1,7.17,6.01,-1.16,2,53.9,0,7.4,2.1,46,11,7,0.9232,1,Rajasthan,RJ,66.1,52.1,26.0,17.2,Kota,8.2,0,39.7,21.0,UNDERGRADUATE
UG_2026_0246,Male,OBC,19.7,Hosteler,0.5,5-8 LPA,2,0,0,2,32.3,33.4,37.7,27.7,36.6,37.4,30.4,34.4,-3.1,24,1,6.72,5.39,-1.33,3,56.9,1,4.3,2.0,31,18,2,0.9939,1,Bihar,BR,61.8,51.5,14.5,21.4,Patna,18.2,0,56.4,28.5,UNDERGRADUATE
UG_2026_0247,Male,EWS,21.4,Day Scholar,10.1,<2 LPA,0,1,1,8,82.2,91.8,95.8,87.1,88.0,87.0,89.3,88.2,0.63,0,0,9.95,10.0,0.05,0,99.0,0,5.1,-1.7,53,6,5,0.0109,0,Bihar,BR,61.8,51.5,14.5,21.4,Katihar,48.7,1,91.1,44.3,UNDERGRADUATE
UG_2026_0248,Male,General,18.6,Hosteler,0.5,5-8 LPA,2,1,0,19,81.2,69.9,84.0,84.5,88.8,92.3,74.3,84.2,-7.26,1,0,4.27,4.24,-0.03,0,32.3,0,8.7,-2.1,53,9,0,0.4951,0,Madhya Pradesh,MP,69.3,59.2,24.8,18.5,Alirajpur,52.0,1,92.2,39.5,UNDERGRADUATE
UG_2026_0249,Female,OBC,19.7,Day Scholar,7.4,>8 LPA,3,0,0,0,77.4,69.3,80.5,73.8,69.6,65.0,75.9,70.5,3.19,6,1,6.19,5.95,-0.24,0,59.2,0,5.0,-4.1,26,12,3,0.4773,0,Gujarat,GJ,78.0,69.7,21.3,17.9,Ahmedabad,3.8,0,15.9,20.2,UNDERGRADUATE
UG_2026_0250,Male,General,20.1,Day Scholar,14.1,2-5 LPA,1,1,0,34,51.6,58.3,63.7,58.8,49.4,50.1,63.5,55.3,7.03,8,1,9.73,9.89,0.16,1,99.0,0,7.6,2.3,52,13,4,0.8156,1,Bihar,BR,61.8,51.5,14.5,21.4,Patna,18.2,0,56.4,28.5,UNDERGRADUATE
UG_2026_0251,Male,SC,20.9,Day Scholar,11.3,5-8 LPA,2,0,0,3,89.2,85.7,83.2,88.8,85.5,79.4,78.5,80.6,-3.51,2,0,8.49,8.65,0.16,0,88.0,0,8.1,-1.7,46,6,2,0.0569,0,Uttar Pradesh,UP,67.7,57.2,23.2,16.8,Balrampur,47.9,1,92.3,45.0,UNDERGRADUATE
UG_2026_0252,Male,ST,21.5,Day Scholar,9.2,2-5 LPA,1,1,1,5,100.0,90.0,100.0,89.2,93.3,100.0,100.0,98.3,3.36,0,0,8.24,8.65,0.41,0,83.4,0,6.3,-4.2,54,2,3,0.0034,0,Uttar Pradesh,UP,67.7,57.2,23.2,16.8,Bahraich,54.4,1,92.1,46.5,UNDERGRADUATE
UG_2026_0253,Male,OBC,21.2,Day Scholar,8.6,<2 LPA,0,1,0,17,75.8,72.4,78.4,84.0,84.0,75.0,74.7,77.1,-4.64,0,0,5.11,5.04,-0.07,0,61.8,0,4.6,-2.2,40,12,2,0.7122,1,Maharashtra,MH,82.3,75.9,32.3,11.2,Nandurbar,33.1,1,83.3,32.4,UNDERGRADUATE
UG_2026_0254,Male,OBC,22.2,Hosteler,0.5,>8 LPA,3,0,0,0,94.6,98.4,92.6,91.1,99.5,88.3,80.9,88.1,-9.32,1,0,8.3,9.16,0.86,0,88.9,0,7.1,-2.6,49,4,4,0.0555,0,Gujarat,GJ,78.0,69.7,21.3,17.9,Narmada,32.4,1,89.5,30.5,UNDERGRADUATE
UG_2026_0255,Male,OBC,20.1,Day Scholar,21.5,<2 LPA,0,0,1,3,74.8,80.4,82.8,80.7,91.4,88.2,75.1,83.8,-8.13,0,0,8.77,8.65,-0.12,0,86.4,0,9.4,-1.5,71,6,6,0.0545,0,Uttar Pradesh,UP,67.7,57.2,23.2,16.8,Bahraich,54.4,1,92.1,46.5,UNDERGRADUATE
UG_2026_0256,Male,OBC,18.5,Day Scholar,10.9,2-5 LPA,1,0,0,10,34.4,37.4,45.0,35.7,50.3,41.1,38.3,42.3,-6.01,24,1,7.69,6.81,-0.88,3,70.1,0,5.8,3.1,38,12,5,0.9694,1,Maharashtra,MH,82.3,75.9,32.3,11.2,Nandurbar,33.1,1,83.3,32.4,UNDERGRADUATE
UG_2026_0257,Female,General,22.0,Hosteler,0.5,2-5 LPA,1,0,0,11,97.3,87.3,90.0,77.8,81.3,78.7,77.4,78.8,-1.97,1,0,5.93,6.21,0.28,0,59.2,0,5.8,-5.5,55,12,3,0.3225,0,Maharashtra,MH,82.3,75.9,32.3,11.2,Pune,3.9,0,39.1,21.0,UNDERGRADUATE
UG_2026_0258,Male,EWS,19.5,Day Scholar,15.9,5-8 LPA,2,0,1,0,50.0,42.2,50.3,47.0,36.7,52.1,50.4,47.6,6.82,21,1,7.43,6.78,-0.65,0,62.0,0,7.3,0.4,45,11,2,0.6941,1,Gujarat,GJ,78.0,69.7,21.3,17.9,Dahod,40.5,1,88.0,38.1,UNDERGRADUATE
UG_2026_0259,Female,General,20.2,Hosteler,0.5,<2 LPA,0,1,1,0,47.9,52.8,62.7,61.3,55.4,59.0,58.0,57.7,1.32,5,1,8.77,7.84,-0.93,2,71.0,0,4.8,-3.1,44,9,2,0.4577,0,Haryana,HR,75.6,65.9,29.8,12.5,Gurugram,2.5,0,31.2,20.5,UNDERGRADUATE
UG_2026_0260,Male,SC,19.6,Hosteler,0.5,2-5 LPA,1,0,1,4,67.0,74.6,72.7,87.0,72.1,71.8,77.6,74.2,2.78,3,1,7.15,7.32,0.17,0,72.2,0,8.6,0.3,58,9,3,0.3195,0,Madhya Pradesh,MP,69.3,59.2,24.8,18.5,Barwani,46.1,1,85.5,37.1,UNDERGRADUATE
UG_2026_0261,Male,SC,21.8,Day Scholar,11.0,2-5 LPA,1,0,0,33,53.5,53.5,54.4,54.4,57.1,48.8,52.0,52.2,-2.55,5,1,6.73,5.58,-1.15,2,58.1,0,5.5,2.0,16,16,5,0.9891,1,Rajasthan,RJ,66.1,52.1,26.0,17.2,Jaisalmer,31.8,1,86.7,33.2,UNDERGRADUATE
UG_2026_0262,Female,OBC,20.1,Day Scholar,4.1,2-5 LPA,1,0,1,1,93.0,89.5,93.3,88.7,80.7,91.5,87.1,87.0,3.2,2,0,9.95,10.0,0.05,0,84.5,0,8.0,2.2,79,2,4,0.0175,0,Haryana,HR,75.6,65.9,29.8,12.5,Gurugram,2.5,0,31.2,20.5,UNDERGRADUATE
UG_2026_0263,Female,OBC,19.7,Hosteler,0.5,5-8 LPA,2,0,0,0,50.7,52.5,56.2,61.8,51.8,55.8,54.6,54.3,1.38,7,1,9.56,8.92,-0.64,7,84.4,0,8.4,-0.0,85,15,4,0.7154,1,Maharashtra,MH,82.3,75.9,32.3,11.2,Mumbai,2.1,0,0.0,19.5,UNDERGRADUATE
UG_2026_0264,Male,General,20.4,Hosteler,0.5,2-5 LPA,1,0,0,4,71.8,68.8,74.3,74.2,84.2,74.8,65.3,73.3,-9.43,3,1,5.91,5.13,-0.78,0,35.7,1,8.2,7.0,46,12,1,0.7396,1,Gujarat,GJ,78.0,69.7,21.3,17.9,Narmada,32.4,1,89.5,30.5,UNDERGRADUATE
UG_2026_0265,Male,General,22.0,Hosteler,0.5,<2 LPA,0,0,0,33,50.2,45.4,52.2,68.0,47.0,42.4,64.5,52.4,8.76,4,1,8.53,8.52,-0.01,4,88.6,0,6.5,-4.3,50,9,3,0.8867,1,Karnataka,KA,75.4,68.1,36.2,12.0,Yadgir,39.4,1,81.2,36.5,UNDERGRADUATE
UG_2026_0266,Male,OBC,18.9,Hosteler,0.5,>8 LPA,3,0,0,4,100.0,81.4,99.1,93.5,100.0,92.7,78.2,88.7,-10.89,0,0,8.71,9.2,0.49,0,89.2,0,9.5,-4.7,31,3,2,0.0113,0,Haryana,HR,75.6,65.9,29.8,12.5,Nuh / Mewat,44.8,1,88.6,47.0,UNDERGRADUATE
UG_2026_0267,Female,General,23.4,Hosteler,0.5,2-5 LPA,1,1,0,22,71.1,41.3,47.3,38.0,59.5,45.7,26.3,41.4,-16.63,20,1,7.73,6.74,-0.99,3,58.0,0,1.1,-0.6,59,12,2,0.9993,1,Kerala,KL,94.0,92.1,43.2,3.2,Ernakulam,0.6,0,31.9,14.8,UNDERGRADUATE
UG_2026_0268,Female,SC,20.9,Hosteler,0.5,<2 LPA,0,1,1,1,69.0,79.5,69.1,86.3,80.0,71.0,67.4,71.8,-6.28,2,1,7.26,6.93,-0.33,0,66.4,0,5.0,2.8,34,8,4,0.5719,1,Maharashtra,MH,82.3,75.9,32.3,11.2,Pune,3.9,0,39.1,21.0,UNDERGRADUATE
UG_2026_0269,Male,OBC,18.5,Hosteler,0.5,2-5 LPA,1,1,0,4,61.1,67.8,64.8,50.2,58.9,66.8,62.6,63.2,1.84,10,1,7.7,7.61,-0.09,0,79.0,0,6.8,-3.4,73,9,4,0.2788,0,Madhya Pradesh,MP,69.3,59.2,24.8,18.5,Barwani,46.1,1,85.5,37.1,UNDERGRADUATE
UG_2026_0270,Male,General,18.4,Day Scholar,11.7,5-8 LPA,2,0,0,1,78.1,70.4,81.4,71.5,74.2,78.5,75.2,76.1,0.47,2,0,6.96,6.95,-0.01,0,63.2,0,8.5,-3.8,50,7,2,0.0373,0,Madhya Pradesh,MP,69.3,59.2,24.8,18.5,Barwani,46.1,1,85.5,37.1,UNDERGRADUATE
UG_2026_0271,Female,General,21.2,Day Scholar,18.8,2-5 LPA,1,0,0,12,44.8,51.1,47.2,35.7,36.4,45.0,52.2,45.7,7.9,18,1,5.76,5.4,-0.36,0,50.1,1,3.4,3.3,33,13,0,0.9767,1,Karnataka,KA,75.4,68.1,36.2,12.0,Bengaluru Urban,1.8,0,9.1,18.2,UNDERGRADUATE
UG_2026_0272,Male,SC,18.8,Hosteler,0.5,<2 LPA,0,1,1,1,69.6,68.5,84.8,68.2,70.3,71.8,75.5,72.9,2.62,2,1,7.67,7.89,0.22,0,65.9,0,6.9,1.7,37,7,3,0.1872,0,Rajasthan,RJ,66.1,52.1,26.0,17.2,Barmer,34.2,1,93.0,35.8,UNDERGRADUATE
UG_2026_0273,Male,General,21.0,Day Scholar,19.7,2-5 LPA,1,1,0,23,63.0,64.8,65.1,49.5,63.3,65.1,71.7,67.3,4.21,4,1,5.96,5.22,-0.74,0,50.2,0,3.8,0.2,42,19,1,0.7775,1,Rajasthan,RJ,66.1,52.1,26.0,17.2,Barmer,34.2,1,93.0,35.8,UNDERGRADUATE
UG_2026_0274,Female,General,19.3,Hosteler,0.5,>8 LPA,3,0,0,2,92.8,95.9,99.2,91.3,86.1,92.3,100.0,93.8,6.96,0,0,9.21,9.46,0.25,0,89.8,0,9.1,-3.9,41,6,1,0.0024,0,Gujarat,GJ,78.0,69.7,21.3,17.9,Ahmedabad,3.8,0,15.9,20.2,UNDERGRADUATE
UG_2026_0275,Male,General,19.8,Day Scholar,6.5,>8 LPA,3,1,0,3,49.9,54.0,51.2,54.7,49.7,50.6,59.5,53.9,4.89,4,1,7.27,6.97,-0.3,2,64.5,1,1.9,3.2,19,11,2,0.903,1,Uttar Pradesh,UP,67.7,57.2,23.2,16.8,Balrampur,47.9,1,92.3,45.0,UNDERGRADUATE
UG_2026_0276,Male,ST,19.3,Hosteler,0.5,<2 LPA,0,1,1,34,73.6,74.0,75.8,59.0,73.8,76.7,77.0,76.1,1.58,0,0,6.16,6.65,0.49,0,60.3,0,5.1,-2.9,34,8,2,0.2752,0,Madhya Pradesh,MP,69.3,59.2,24.8,18.5,Barwani,46.1,1,85.5,37.1,UNDERGRADUATE
UG_2026_0277,Male,SC,20.6,Day Scholar,8.7,2-5 LPA,1,0,1,4,76.1,79.5,83.7,95.1,83.8,79.6,85.3,82.9,0.72,2,0,7.18,8.41,1.23,0,89.6,0,6.9,-1.4,54,6,3,0.0221,0,Madhya Pradesh,MP,69.3,59.2,24.8,18.5,Barwani,46.1,1,85.5,37.1,UNDERGRADUATE
UG_2026_0278,Male,General,22.2,Day Scholar,15.5,5-8 LPA,2,1,0,0,43.6,48.4,57.7,28.1,61.6,42.9,37.7,45.5,-11.91,20,1,9.51,8.45,-1.06,2,83.7,0,4.4,-1.6,27,10,1,0.9403,1,Karnataka,KA,75.4,68.1,36.2,12.0,Yadgir,39.4,1,81.2,36.5,UNDERGRADUATE
UG_2026_0279,Female,General,21.8,Day Scholar,7.6,2-5 LPA,1,1,0,3,93.6,93.9,97.6,100.0,86.4,97.1,100.0,95.6,6.81,2,0,5.92,5.66,-0.26,0,50.3,0,8.5,-4.6,57,8,5,0.4288,0,Tamil Nadu,TN,80.1,73.4,51.4,8.1,Coimbatore,2.1,0,24.2,18.9,UNDERGRADUATE
UG_2026_0280,Male,General,22.3,Hosteler,0.5,2-5 LPA,1,1,0,4,52.9,48.9,61.6,51.8,70.6,57.0,44.0,55.2,-13.29,9,1,9.37,9.03,-0.34,0,86.0,0,10.8,-0.3,21,8,3,0.2868,0,Bihar,BR,61.8,51.5,14.5,21.4,Purnia,50.4,1,89.2,42.1,UNDERGRADUATE
UG_2026_0281,Female,OBC,19.9,Day Scholar,6.3,<2 LPA,0,1,0,63,45.3,52.8,57.6,40.2,51.3,46.1,57.5,52.0,3.11,9,1,5.08,4.53,-0.55,2,42.6,1,7.0,0.7,21,14,1,0.9971,1,Gujarat,GJ,78.0,69.7,21.3,17.9,Ahmedabad,3.8,0,15.9,20.2,UNDERGRADUATE
UG_2026_0282,Female,General,18.3,Day Scholar,19.9,2-5 LPA,1,1,0,3,61.1,63.7,80.2,61.3,73.3,70.7,73.8,72.6,0.26,2,1,7.11,7.17,0.06,0,71.3,0,6.7,0.1,43,7,4,0.2467,0,Maharashtra,MH,82.3,75.9,32.3,11.2,Pune,3.9,0,39.1,21.0,UNDERGRADUATE
UG_2026_0283,Female,General,19.1,Hosteler,0.5,<2 LPA,0,0,1,2,66.6,86.7,92.5,84.5,97.1,77.3,73.6,80.8,-11.76,0,0,5.36,5.73,0.37,1,59.7,0,7.3,1.1,39,8,5,0.1779,0,Uttar Pradesh,UP,67.7,57.2,23.2,16.8,Varanasi,16.3,0,56.6,29.4,UNDERGRADUATE
UG_2026_0284,Male,OBC,20.7,Day Scholar,11.9,2-5 LPA,1,1,1,1,96.4,92.2,96.0,98.8,96.3,97.5,100.0,98.2,1.85,0,0,4.06,4.17,0.11,0,37.9,0,6.1,1.4,32,9,3,0.4182,0,Uttar Pradesh,UP,67.7,57.2,23.2,16.8,Shravasti,49.6,1,96.5,48.2,UNDERGRADUATE
UG_2026_0285,Female,SC,19.0,Day Scholar,10.9,5-8 LPA,2,0,1,4,92.6,91.1,99.4,97.2,89.7,91.3,95.2,92.4,2.75,2,0,8.25,8.72,0.47,0,78.5,0,5.6,-6.3,103,11,6,0.0758,0,Madhya Pradesh,MP,69.3,59.2,24.8,18.5,Indore,6.8,0,25.9,21.8,UNDERGRADUATE
UG_2026_0286,Female,General,21.2,Hosteler,0.5,>8 LPA,3,0,0,1,48.6,48.0,54.7,45.4,50.0,54.3,61.1,55.9,5.57,11,1,6.37,5.5,-0.87,0,56.5,0,4.9,2.1,32,13,1,0.9198,1,Bihar,BR,61.8,51.5,14.5,21.4,Muzaffarpur,35.1,1,90.3,38.0,UNDERGRADUATE
UG_2026_0287,Male,General,21.6,Day Scholar,12.4,2-5 LPA,1,0,0,1,72.5,75.9,91.5,78.9,84.1,87.7,90.9,88.1,3.37,0,0,7.38,8.65,1.27,0,78.0,0,8.9,0.4,42,11,2,0.0404,0,Tamil Nadu,TN,80.1,73.4,51.4,8.1,Ramanathapuram,7.8,1,69.7,22.1,UNDERGRADUATE
UG_2026_0288,Female,OBC,22.3,Hosteler,0.5,2-5 LPA,1,1,1,4,66.2,63.1,65.4,67.8,55.3,63.2,63.4,61.3,4.04,8,1,6.0,5.74,-0.26,0,59.0,0,3.9,1.0,37,18,3,0.5022,1,Karnataka,KA,75.4,68.1,36.2,12.0,Raichur,36.8,1,74.6,34.0,UNDERGRADUATE
UG_2026_0289,Male,OBC,20.5,Hosteler,0.5,5-8 LPA,2,1,0,1,74.1,83.7,84.3,63.7,93.2,82.8,76.1,82.7,-8.58,1,0,6.59,6.89,0.3,0,69.1,0,7.4,-1.5,31,7,5,0.2915,0,Rajasthan,RJ,66.1,52.1,26.0,17.2,Barmer,34.2,1,93.0,35.8,UNDERGRADUATE
UG_2026_0290,Female,ST,20.7,Hosteler,0.5,5-8 LPA,2,0,1,2,79.8,65.1,73.3,69.0,62.1,68.6,70.1,67.5,4.0,3,1,3.88,3.42,-0.46,0,30.0,1,3.5,1.5,27,15,3,0.8485,1,Kerala,KL,94.0,92.1,43.2,3.2,Thiruvananthapuram,0.9,0,46.2,15.2,UNDERGRADUATE
UG_2026_0291,Male,SC,19.1,Day Scholar,7.6,2-5 LPA,1,0,1,33,70.6,73.9,75.5,80.3,83.9,73.9,76.9,77.6,-3.49,2,0,6.4,6.73,0.33,0,55.2,0,6.4,-2.5,45,10,4,0.5861,1,Haryana,HR,75.6,65.9,29.8,12.5,Nuh / Mewat,44.8,1,88.6,47.0,UNDERGRADUATE
UG_2026_0292,Male,General,19.0,Hosteler,0.5,2-5 LPA,1,1,0,2,59.2,61.7,56.7,63.5,62.9,60.5,55.9,59.3,-3.5,10,1,7.05,6.71,-0.34,4,51.6,0,3.8,-0.6,35,10,3,0.9803,1,Haryana,HR,75.6,65.9,29.8,12.5,Nuh / Mewat,44.8,1,88.6,47.0,UNDERGRADUATE
UG_2026_0293,Male,EWS,20.9,Hosteler,0.5,<2 LPA,0,1,1,9,77.8,64.8,75.5,68.0,69.4,68.3,71.1,69.7,0.85,2,1,9.09,8.56,-0.53,1,82.9,0,4.3,1.8,32,9,4,0.2917,0,Bihar,BR,61.8,51.5,14.5,21.4,Katihar,48.7,1,91.1,44.3,UNDERGRADUATE
UG_2026_0294,Male,OBC,19.6,Hosteler,0.5,2-5 LPA,1,0,1,0,43.5,36.8,43.5,35.0,36.6,42.5,46.8,42.7,5.13,11,1,6.15,6.01,-0.14,2,59.5,0,6.0,-2.5,28,13,3,0.3407,0,Maharashtra,MH,82.3,75.9,32.3,11.2,Gadchiroli,28.5,1,89.0,28.9,UNDERGRADUATE
UG_2026_0295,Female,SC,19.1,Hosteler,0.5,>8 LPA,3,0,1,4,79.2,79.1,73.0,68.6,71.4,74.2,69.3,71.6,-1.08,4,1,9.02,8.35,-0.67,0,78.6,0,9.7,-3.5,24,7,1,0.0716,0,Kerala,KL,94.0,92.1,43.2,3.2,Thiruvananthapuram,0.9,0,46.2,15.2,UNDERGRADUATE
UG_2026_0296,Male,SC,20.6,Hosteler,0.5,2-5 LPA,1,1,1,4,55.3,53.8,56.1,55.1,48.1,45.4,50.5,48.1,1.24,8,1,6.81,6.24,-0.57,3,66.2,0,4.6,0.4,66,13,1,0.8551,1,Karnataka,KA,75.4,68.1,36.2,12.0,Raichur,36.8,1,74.6,34.0,UNDERGRADUATE
UG_2026_0297,Female,OBC,17.5,Hosteler,0.5,<2 LPA,0,1,1,8,64.4,59.6,65.1,57.5,61.4,69.8,62.2,64.7,0.38,4,1,8.84,8.16,-0.68,2,75.7,0,7.3,-0.8,64,8,6,0.3672,0,Gujarat,GJ,78.0,69.7,21.3,17.9,Ahmedabad,3.8,0,15.9,20.2,UNDERGRADUATE
UG_2026_0298,Male,SC,20.2,Day Scholar,19.6,<2 LPA,0,0,1,0,68.4,63.0,73.3,67.2,72.6,68.8,66.7,68.9,-2.98,6,1,7.85,7.74,-0.11,0,78.5,0,4.9,4.0,47,8,8,0.554,1,Tamil Nadu,TN,80.1,73.4,51.4,8.1,Ramanathapuram,7.8,1,69.7,22.1,UNDERGRADUATE
UG_2026_0299,Male,OBC,21.5,Hosteler,0.5,5-8 LPA,2,0,0,16,52.0,56.9,63.3,44.5,65.1,53.0,49.1,54.5,-7.98,5,1,5.59,5.37,-0.22,1,41.9,1,4.9,0.3,36,13,3,0.8422,1,Bihar,BR,61.8,51.5,14.5,21.4,Purnia,50.4,1,89.2,42.1,UNDERGRADUATE
UG_2026_0300,Female,ST,19.2,Hosteler,0.5,<2 LPA,0,0,1,3,75.6,55.4,71.6,75.3,79.4,69.5,60.7,68.4,-9.35,5,1,6.74,6.34,-0.4,0,65.1,0,8.6,-1.1,39,19,4,0.5107,1,Gujarat,GJ,78.0,69.7,21.3,17.9,Ahmedabad,3.8,0,15.9,20.2,UNDERGRADUATE
UG_2026_0301,Male,OBC,18.8,Day Scholar,9.6,5-8 LPA,2,0,0,1,56.4,67.9,68.5,43.2,63.2,64.3,60.2,62.4,-1.49,4,1,8.03,7.49,-0.54,2,61.9,1,5.5,-2.0,39,10,4,0.7567,1,Bihar,BR,61.8,51.5,14.5,21.4,Katihar,48.7,1,91.1,44.3,UNDERGRADUATE
UG_2026_0302,Male,SC,21.4,Day Scholar,13.4,<2 LPA,0,0,1,3,67.6,80.7,75.6,73.4,77.6,77.2,77.1,77.3,-0.26,1,0,8.2,8.22,0.02,0,76.1,0,4.3,-1.4,26,6,2,0.286,0,Karnataka,KA,75.4,68.1,36.2,12.0,Raichur,36.8,1,74.6,34.0,UNDERGRADUATE
UG_2026_0303,Male,SC,20.4,Hosteler,0.5,2-5 LPA,1,1,1,5,82.9,90.4,78.2,65.0,83.7,78.4,84.6,82.2,0.44,2,0,7.64,8.12,0.48,1,71.7,0,6.1,-0.9,24,6,6,0.1309,0,Uttar Pradesh,UP,67.7,57.2,23.2,16.8,Bahraich,54.4,1,92.1,46.5,UNDERGRADUATE
UG_2026_0304,Male,OBC,21.3,Day Scholar,15.3,5-8 LPA,2,1,0,2,78.9,67.0,72.9,67.7,78.7,76.0,72.8,75.4,-2.91,2,0,7.45,6.98,-0.47,0,66.4,0,5.7,-0.7,30,12,2,0.63,1,Kerala,KL,94.0,92.1,43.2,3.2,Wayanad,4.1,1,96.1,18.0,UNDERGRADUATE
UG_2026_0305,Male,OBC,19.2,Hosteler,0.5,5-8 LPA,2,0,0,2,49.8,49.9,55.1,38.5,39.9,49.3,48.4,46.6,4.28,8,1,5.78,4.58,-1.2,3,39.6,1,6.2,1.2,42,17,1,0.981,1,Uttar Pradesh,UP,67.7,57.2,23.2,16.8,Balrampur,47.9,1,92.3,45.0,UNDERGRADUATE
UG_2026_0306,Female,OBC,21.3,Hosteler,0.5,2-5 LPA,1,0,0,14,76.9,82.2,74.0,60.4,73.6,72.8,72.3,72.8,-0.64,6,1,7.68,8.0,0.32,0,70.2,0,9.3,-3.9,71,15,2,0.5921,1,Gujarat,GJ,78.0,69.7,21.3,17.9,Ahmedabad,3.8,0,15.9,20.2,UNDERGRADUATE
UG_2026_0307,Male,OBC,18.9,Hosteler,0.5,>8 LPA,3,0,0,4,99.1,95.8,100.0,91.3,91.3,99.1,93.4,94.9,1.07,2,0,9.1,9.96,0.86,0,89.7,0,14.0,-3.2,30,4,2,0.0075,0,Madhya Pradesh,MP,69.3,59.2,24.8,18.5,Alirajpur,52.0,1,92.2,39.5,UNDERGRADUATE
UG_2026_0308,Male,General,20.4,Day Scholar,2.7,<2 LPA,0,0,1,31,59.4,58.6,65.1,49.6,58.8,56.2,65.9,60.7,3.55,11,1,5.7,5.77,0.07,3,66.4,0,3.9,2.4,44,23,1,0.9852,1,Kerala,KL,94.0,92.1,43.2,3.2,Thiruvananthapuram,0.9,0,46.2,15.2,UNDERGRADUATE
UG_2026_0309,Male,EWS,21.0,Hosteler,0.5,5-8 LPA,2,0,1,4,56.6,66.0,79.1,62.8,57.9,71.1,72.3,68.3,7.23,3,1,4.86,4.61,-0.25,0,46.7,0,8.3,1.5,36,17,2,0.5858,1,Haryana,HR,75.6,65.9,29.8,12.5,Nuh / Mewat,44.8,1,88.6,47.0,UNDERGRADUATE
UG_2026_0310,Male,General,20.7,Hosteler,0.5,2-5 LPA,1,1,1,2,38.6,45.1,45.7,50.0,43.6,42.2,49.0,45.3,2.72,12,1,6.52,5.91,-0.61,1,50.9,0,3.5,-2.6,19,18,1,0.6177,1,Uttar Pradesh,UP,67.7,57.2,23.2,16.8,Shravasti,49.6,1,96.5,48.2,UNDERGRADUATE
UG_2026_0311,Female,OBC,24.7,Day Scholar,22.4,2-5 LPA,1,1,0,3,76.2,71.1,92.6,75.2,77.3,75.8,83.2,79.2,2.95,0,0,5.69,6.08,0.39,0,60.1,0,4.9,-2.5,42,10,3,0.3792,0,Haryana,HR,75.6,65.9,29.8,12.5,Gurugram,2.5,0,31.2,20.5,UNDERGRADUATE
UG_2026_0312,Female,General,20.4,Hosteler,0.5,<2 LPA,0,1,1,9,81.8,72.1,80.9,77.0,89.3,78.2,82.4,82.7,-3.42,2,0,7.22,8.31,1.09,0,70.4,0,10.4,-0.1,38,11,2,0.0736,0,Karnataka,KA,75.4,68.1,36.2,12.0,Bengaluru Urban,1.8,0,9.1,18.2,UNDERGRADUATE
UG_2026_0313,Male,OBC,20.8,Day Scholar,6.9,2-5 LPA,1,1,0,30,83.6,83.1,75.2,86.1,76.6,77.5,78.3,77.6,0.86,0,0,5.05,5.3,0.25,0,54.8,0,4.2,-2.0,102,15,4,0.8671,1,Madhya Pradesh,MP,69.3,59.2,24.8,18.5,Barwani,46.1,1,85.5,37.1,UNDERGRADUATE
UG_2026_0314,Female,OBC,21.7,Hosteler,0.5,<2 LPA,0,1,1,5,89.8,86.2,90.2,92.4,83.0,84.8,89.7,86.3,3.34,1,0,8.51,8.91,0.4,0,91.3,0,8.4,0.9,47,4,6,0.0236,0,Gujarat,GJ,78.0,69.7,21.3,17.9,Ahmedabad,3.8,0,15.9,20.2,UNDERGRADUATE
UG_2026_0315,Female,OBC,18.0,Day Scholar,10.2,>8 LPA,3,0,0,1,48.3,55.5,57.5,62.2,50.1,51.5,47.3,49.5,-1.41,12,1,6.19,5.47,-0.72,1,53.1,1,3.6,4.5,29,12,3,0.9694,1,Kerala,KL,94.0,92.1,43.2,3.2,Thiruvananthapuram,0.9,0,46.2,15.2,UNDERGRADUATE
UG_2026_0316,Male,EWS,21.3,Hosteler,0.5,5-8 LPA,2,0,0,7,59.4,71.0,65.4,57.4,52.5,62.1,61.8,59.6,4.69,7,1,9.95,9.1,-0.85,2,86.1,0,7.0,-0.2,27,7,2,0.6,1,Madhya Pradesh,MP,69.3,59.2,24.8,18.5,Bhopal,9.4,0,19.1,23.4,UNDERGRADUATE
UG_2026_0317,Female,General,19.8,Day Scholar,10.0,2-5 LPA,1,1,0,24,95.5,96.1,100.0,97.1,95.6,87.9,95.7,92.9,0.04,2,0,6.9,7.44,0.54,0,71.9,0,3.4,-2.2,60,9,1,0.2988,0,Haryana,HR,75.6,65.9,29.8,12.5,Gurugram,2.5,0,31.2,20.5,UNDERGRADUATE
UG_2026_0318,Female,ST,20.3,Hosteler,0.5,>8 LPA,3,0,0,2,62.2,71.0,65.6,62.6,68.0,61.7,63.7,64.1,-2.18,4,1,8.47,8.06,-0.41,0,76.6,0,5.7,-2.0,47,17,5,0.1764,0,Bihar,BR,61.8,51.5,14.5,21.4,Gaya,38.6,1,86.8,36.2,UNDERGRADUATE
UG_2026_0319,Male,OBC,20.6,Day Scholar,14.7,2-5 LPA,1,0,1,2,58.8,60.5,61.0,57.8,65.7,60.7,57.7,60.8,-3.95,9,1,9.7,9.15,-0.55,0,84.4,0,6.9,-5.8,29,6,2,0.1457,0,Bihar,BR,61.8,51.5,14.5,21.4,Patna,18.2,0,56.4,28.5,UNDERGRADUATE
UG_2026_0320,Male,ST,18.5,Hosteler,0.5,2-5 LPA,1,0,1,0,84.4,72.9,81.9,84.8,76.8,82.3,91.0,84.4,7.06,2,0,6.9,5.87,-1.03,0,58.5,0,7.7,1.0,45,11,4,0.2162,0,Madhya Pradesh,MP,69.3,59.2,24.8,18.5,Barwani,46.1,1,85.5,37.1,UNDERGRADUATE
UG_2026_0321,Female,OBC,21.0,Hosteler,0.5,2-5 LPA,1,0,0,12,39.3,48.6,49.8,47.6,50.0,50.8,41.0,46.7,-4.5,17,1,8.58,7.16,-1.42,1,71.8,0,4.6,3.1,43,11,3,0.9473,1,Bihar,BR,61.8,51.5,14.5,21.4,Muzaffarpur,35.1,1,90.3,38.0,UNDERGRADUATE
UG_2026_0322,Male,General,20.2,Hosteler,0.5,2-5 LPA,1,0,1,2,85.4,82.3,83.3,81.1,65.8,71.1,86.4,75.9,10.28,0,0,7.94,8.53,0.59,0,85.3,0,6.0,-2.8,55,6,3,0.0113,0,Rajasthan,RJ,66.1,52.1,26.0,17.2,Jaisalmer,31.8,1,86.7,33.2,UNDERGRADUATE
UG_2026_0323,Male,SC,20.5,Day Scholar,7.1,>8 LPA,3,0,0,3,54.0,48.2,62.0,56.2,58.4,66.9,56.4,60.6,-1.02,4,1,6.81,5.81,-1.0,6,51.3,0,5.2,-2.0,29,10,0,0.9326,1,Madhya Pradesh,MP,69.3,59.2,24.8,18.5,Alirajpur,52.0,1,92.2,39.5,UNDERGRADUATE
UG_2026_0324,Male,General,21.8,Day Scholar,35.7,5-8 LPA,2,0,0,3,69.5,72.0,68.1,56.7,60.7,65.0,70.5,66.1,4.91,4,1,6.46,6.57,0.11,0,63.3,0,5.7,-5.3,48,11,3,0.3122,0,Gujarat,GJ,78.0,69.7,21.3,17.9,Narmada,32.4,1,89.5,30.5,UNDERGRADUATE
UG_2026_0325,Male,SC,19.6,Hosteler,0.5,2-5 LPA,1,1,0,1,93.7,100.0,100.0,100.0,97.7,100.0,95.5,97.6,-1.11,2,0,7.9,8.75,0.85,0,88.3,0,7.9,-2.8,54,3,6,0.0267,0,Gujarat,GJ,78.0,69.7,21.3,17.9,Dahod,40.5,1,88.0,38.1,UNDERGRADUATE
UG_2026_0326,Male,General,20.7,Day Scholar,3.1,2-5 LPA,1,1,0,0,40.7,49.8,45.2,35.5,39.0,44.3,48.7,44.7,4.86,11,1,9.22,7.73,-1.49,0,67.2,0,2.9,1.2,27,18,5,0.6725,1,Karnataka,KA,75.4,68.1,36.2,12.0,Raichur,36.8,1,74.6,34.0,UNDERGRADUATE
UG_2026_0327,Female,SC,21.6,Hosteler,0.5,<2 LPA,0,1,1,3,55.5,62.7,65.8,60.5,60.2,53.6,61.5,58.4,0.65,6,1,5.16,5.36,0.2,1,51.6,0,5.6,-0.1,50,23,4,0.5912,1,Haryana,HR,75.6,65.9,29.8,12.5,Gurugram,2.5,0,31.2,20.5,UNDERGRADUATE
UG_2026_0328,Male,OBC,20.0,Day Scholar,10.9,2-5 LPA,1,0,0,30,74.5,77.9,84.0,79.1,85.9,84.5,71.7,79.7,-7.12,1,0,5.97,6.33,0.36,0,60.8,0,8.3,-2.1,49,10,4,0.6151,1,Haryana,HR,75.6,65.9,29.8,12.5,Nuh / Mewat,44.8,1,88.6,47.0,UNDERGRADUATE
UG_2026_0329,Male,SC,21.7,Hosteler,0.5,5-8 LPA,2,0,0,2,53.9,60.6,71.5,45.8,51.9,55.1,55.2,54.3,1.68,9,1,6.53,5.49,-1.04,1,47.3,0,2.8,-0.3,42,12,3,0.9728,1,Rajasthan,RJ,66.1,52.1,26.0,17.2,Barmer,34.2,1,93.0,35.8,UNDERGRADUATE
UG_2026_0330,Female,OBC,18.9,Hosteler,0.5,2-5 LPA,1,0,0,3,69.4,73.0,73.3,79.8,68.9,75.9,79.5,75.6,5.31,2,0,8.31,9.07,0.76,0,95.4,0,6.3,-0.1,35,7,1,0.013,0,Gujarat,GJ,78.0,69.7,21.3,17.9,Ahmedabad,3.8,0,15.9,20.2,UNDERGRADUATE
UG_2026_0331,Male,OBC,21.7,Day Scholar,4.6,2-5 LPA,1,0,0,12,85.3,92.9,96.0,94.4,93.2,95.6,92.0,93.6,-0.57,0,0,6.05,6.76,0.71,0,54.9,0,10.1,0.8,41,8,5,0.0571,0,Bihar,BR,61.8,51.5,14.5,21.4,Purnia,50.4,1,89.2,42.1,UNDERGRADUATE
UG_2026_0332,Male,EWS,20.0,Hosteler,0.5,2-5 LPA,1,0,1,7,68.1,68.1,66.9,70.4,74.9,73.0,74.6,74.1,-0.12,4,1,9.32,10.0,0.68,0,91.3,0,9.6,-1.7,40,11,1,0.0214,0,Rajasthan,RJ,66.1,52.1,26.0,17.2,Barmer,34.2,1,93.0,35.8,UNDERGRADUATE
UG_2026_0333,Female,SC,20.7,Hosteler,0.5,2-5 LPA,1,0,1,1,73.5,68.1,63.1,59.7,68.0,65.5,58.1,63.1,-4.95,4,1,7.53,7.64,0.11,2,77.2,0,6.9,-0.8,33,12,0,0.3141,0,Kerala,KL,94.0,92.1,43.2,3.2,Thiruvananthapuram,0.9,0,46.2,15.2,UNDERGRADUATE
UG_2026_0334,Male,OBC,18.7,Day Scholar,11.8,5-8 LPA,2,0,0,8,57.9,54.6,63.0,54.0,64.4,55.4,61.2,59.9,-1.58,7,1,5.95,5.99,0.04,0,55.4,1,4.1,3.0,18,11,5,0.8066,1,Karnataka,KA,75.4,68.1,36.2,12.0,Raichur,36.8,1,74.6,34.0,UNDERGRADUATE
UG_2026_0335,Male,OBC,20.4,Hosteler,0.5,2-5 LPA,1,0,0,1,100.0,96.5,99.1,81.8,94.3,85.0,97.0,92.1,1.37,2,0,5.49,5.95,0.46,1,57.4,0,7.8,1.7,55,13,5,0.151,0,Gujarat,GJ,78.0,69.7,21.3,17.9,Dahod,40.5,1,88.0,38.1,UNDERGRADUATE
UG_2026_0336,Male,ST,20.9,Hosteler,0.5,<2 LPA,0,1,0,31,95.3,91.7,92.6,86.5,85.9,90.3,86.6,87.7,0.38,2,0,6.88,7.15,0.27,0,65.8,0,8.7,0.4,37,6,2,0.2125,0,Rajasthan,RJ,66.1,52.1,26.0,17.2,Barmer,34.2,1,93.0,35.8,UNDERGRADUATE
UG_2026_0337,Female,SC,18.7,Day Scholar,9.1,5-8 LPA,2,0,1,0,58.9,58.0,62.1,48.2,47.0,57.8,59.4,55.7,6.16,4,1,5.74,4.66,-1.08,2,42.1,0,6.4,2.2,43,13,0,0.826,1,Gujarat,GJ,78.0,69.7,21.3,17.9,Ahmedabad,3.8,0,15.9,20.2,UNDERGRADUATE
UG_2026_0338,Male,SC,17.5,Day Scholar,13.0,5-8 LPA,2,0,0,1,72.9,84.6,90.2,89.5,79.9,85.0,87.6,84.8,3.89,1,0,4.71,5.01,0.3,0,42.7,0,6.5,-1.5,14,11,2,0.6896,1,Madhya Pradesh,MP,69.3,59.2,24.8,18.5,Barwani,46.1,1,85.5,37.1,UNDERGRADUATE
UG_2026_0339,Male,OBC,18.8,Day Scholar,10.4,5-8 LPA,2,0,0,3,59.7,56.5,53.0,49.6,49.3,60.3,55.7,55.7,3.19,7,1,6.28,5.74,-0.54,4,51.4,0,4.3,1.1,38,12,3,0.897,1,Gujarat,GJ,78.0,69.7,21.3,17.9,Dahod,40.5,1,88.0,38.1,UNDERGRADUATE
UG_2026_0340,Male,General,18.1,Day Scholar,23.1,5-8 LPA,2,0,0,4,78.5,80.3,77.4,87.0,79.1,78.8,77.7,78.5,-0.69,2,0,7.43,7.0,-0.43,1,56.9,0,7.5,0.1,30,7,2,0.156,0,Madhya Pradesh,MP,69.3,59.2,24.8,18.5,Barwani,46.1,1,85.5,37.1,UNDERGRADUATE
UG_2026_0341,Female,General,18.0,Day Scholar,12.1,2-5 LPA,1,1,0,22,52.1,53.8,60.5,45.9,53.5,59.9,56.0,56.7,1.26,6,1,4.49,5.26,0.77,2,55.2,0,3.9,1.4,23,13,3,0.9855,1,Rajasthan,RJ,66.1,52.1,26.0,17.2,Jaipur,6.9,0,47.6,22.5,UNDERGRADUATE
UG_2026_0342,Female,General,18.1,Hosteler,0.5,2-5 LPA,1,0,0,4,54.1,56.1,51.2,44.6,57.0,49.7,46.3,50.2,-5.36,4,1,6.71,6.66,-0.05,1,67.3,0,7.5,5.2,36,10,0,0.9468,1,Bihar,BR,61.8,51.5,14.5,21.4,Gaya,38.6,1,86.8,36.2,UNDERGRADUATE
UG_2026_0343,Female,OBC,19.0,Hosteler,0.5,<2 LPA,0,1,1,3,71.9,74.1,77.4,80.8,78.9,78.5,69.5,75.0,-4.67,0,0,7.55,7.99,0.44,0,75.7,0,7.5,-2.4,42,6,2,0.0708,0,Uttar Pradesh,UP,67.7,57.2,23.2,16.8,Varanasi,16.3,0,56.6,29.4,UNDERGRADUATE
UG_2026_0344,Female,General,18.0,Day Scholar,6.5,2-5 LPA,1,0,0,1,79.8,75.7,78.2,71.1,97.0,76.8,71.5,79.8,-12.74,1,0,7.68,7.33,-0.35,0,72.3,0,5.5,2.2,41,10,2,0.5425,1,Haryana,HR,75.6,65.9,29.8,12.5,Gurugram,2.5,0,31.2,20.5,UNDERGRADUATE
UG_2026_0345,Male,General,22.3,Day Scholar,12.3,5-8 LPA,2,1,0,4,76.0,74.8,74.3,82.9,71.9,74.0,68.7,71.3,-1.63,3,1,6.18,5.74,-0.44,0,56.7,0,5.2,-0.0,32,12,1,0.4565,0,Rajasthan,RJ,66.1,52.1,26.0,17.2,Jaisalmer,31.8,1,86.7,33.2,UNDERGRADUATE
UG_2026_0346,Male,OBC,19.2,Hosteler,0.5,5-8 LPA,2,0,0,4,85.1,100.0,98.8,100.0,93.4,94.2,88.6,91.7,-2.37,2,0,4.86,6.15,1.29,0,58.6,0,7.4,1.7,51,12,3,0.3893,0,Rajasthan,RJ,66.1,52.1,26.0,17.2,Jaisalmer,31.8,1,86.7,33.2,UNDERGRADUATE
UG_2026_0347,Male,OBC,19.9,Day Scholar,4.8,2-5 LPA,1,0,1,15,74.5,72.7,86.9,65.3,68.6,76.4,82.1,76.7,6.75,2,0,7.45,6.98,-0.47,0,77.2,0,7.2,3.8,17,9,4,0.2869,0,Rajasthan,RJ,66.1,52.1,26.0,17.2,Jaisalmer,31.8,1,86.7,33.2,UNDERGRADUATE
UG_2026_0348,Male,General,18.6,Day Scholar,10.1,<2 LPA,0,0,0,31,58.5,65.3,71.8,64.1,67.3,63.6,64.9,65.1,-1.23,5,1,5.88,6.53,0.65,0,69.1,0,6.8,-2.4,71,9,4,0.2449,0,Tamil Nadu,TN,80.1,73.4,51.4,8.1,Ramanathapuram,7.8,1,69.7,22.1,UNDERGRADUATE
UG_2026_0349,Female,OBC,19.8,Hosteler,0.5,<2 LPA,0,1,1,2,98.2,100.0,91.3,83.3,92.7,89.2,84.3,88.1,-4.17,2,0,7.25,7.48,0.23,0,72.2,0,9.3,-1.1,56,8,3,0.0326,0,Haryana,HR,75.6,65.9,29.8,12.5,Gurugram,2.5,0,31.2,20.5,UNDERGRADUATE
UG_2026_0350,Male,ST,21.6,Hosteler,0.5,<2 LPA,0,0,0,47,48.2,51.0,62.0,59.3,61.8,52.9,42.6,51.0,-9.65,8,1,7.66,6.52,-1.14,5,67.8,0,6.0,-2.4,32,12,2,0.9933,1,Rajasthan,RJ,66.1,52.1,26.0,17.2,Barmer,34.2,1,93.0,35.8,UNDERGRADUATE
UG_2026_0351,Female,EWS,20.6,Day Scholar,6.8,<2 LPA,0,0,0,91,79.8,90.7,83.9,83.6,83.5,92.2,88.5,88.6,2.52,2,0,9.83,9.87,0.04,1,92.5,0,9.6,-1.3,40,8,2,0.4432,0,Rajasthan,RJ,66.1,52.1,26.0,17.2,Jaipur,6.9,0,47.6,22.5,UNDERGRADUATE
UG_2026_0352,Male,ST,21.4,Hosteler,0.5,2-5 LPA,1,0,1,0,87.6,80.9,90.4,92.4,85.3,86.6,82.1,84.5,-1.56,2,0,4.2,4.44,0.24,1,37.8,0,7.1,0.1,29,9,1,0.1451,0,Maharashtra,MH,82.3,75.9,32.3,11.2,Nandurbar,33.1,1,83.3,32.4,UNDERGRADUATE
UG_2026_0353,Male,EWS,20.1,Day Scholar,14.4,2-5 LPA,1,0,1,9,93.0,91.5,93.9,87.8,89.6,87.2,88.4,88.3,-0.64,2,0,9.37,10.0,0.63,0,94.1,0,10.7,-0.4,54,2,3,0.0026,0,Maharashtra,MH,82.3,75.9,32.3,11.2,Gadchiroli,28.5,1,89.0,28.9,UNDERGRADUATE
UG_2026_0354,Female,General,20.4,Hosteler,0.5,>8 LPA,3,0,0,2,75.5,99.8,100.0,74.1,82.3,84.9,95.4,88.5,6.57,2,0,6.68,7.36,0.68,0,69.8,0,6.2,-2.9,26,11,3,0.0264,0,Tamil Nadu,TN,80.1,73.4,51.4,8.1,Coimbatore,2.1,0,24.2,18.9,UNDERGRADUATE
UG_2026_0355,Female,General,19.1,Day Scholar,15.1,5-8 LPA,2,0,0,3,91.9,80.2,85.5,78.3,78.5,75.4,78.5,77.4,-0.03,1,0,8.89,9.13,0.24,0,85.8,0,7.4,1.1,72,6,1,0.0218,0,Haryana,HR,75.6,65.9,29.8,12.5,Gurugram,2.5,0,31.2,20.5,UNDERGRADUATE
UG_2026_0356,Male,OBC,19.8,Day Scholar,7.0,>8 LPA,3,0,0,0,68.9,76.7,82.2,68.0,77.2,73.3,74.2,74.7,-1.49,3,1,6.72,7.46,0.74,0,69.4,0,6.6,-1.2,75,7,1,0.1021,0,Madhya Pradesh,MP,69.3,59.2,24.8,18.5,Alirajpur,52.0,1,92.2,39.5,UNDERGRADUATE
UG_2026_0357,Male,General,19.7,Hosteler,0.5,2-5 LPA,1,1,1,1,89.6,94.9,93.1,89.3,98.3,88.0,90.8,91.7,-3.76,0,0,5.2,5.52,0.32,0,51.8,0,7.4,2.4,42,9,3,0.3076,0,Maharashtra,MH,82.3,75.9,32.3,11.2,Nandurbar,33.1,1,83.3,32.4,UNDERGRADUATE
UG_2026_0358,Female,General,21.0,Day Scholar,12.2,5-8 LPA,2,0,0,1,61.1,49.7,57.0,43.5,47.5,50.4,61.8,54.2,7.13,8,1,5.48,5.42,-0.06,2,54.6,0,6.4,-3.6,54,17,5,0.5681,1,Bihar,BR,61.8,51.5,14.5,21.4,Muzaffarpur,35.1,1,90.3,38.0,UNDERGRADUATE
UG_2026_0359,Female,OBC,19.8,Day Scholar,3.2,>8 LPA,3,0,0,0,82.4,78.9,86.8,84.2,79.0,81.2,81.3,80.7,1.14,2,0,8.6,9.22,0.62,0,95.3,0,6.1,2.2,34,13,2,0.2486,0,Madhya Pradesh,MP,69.3,59.2,24.8,18.5,Bhopal,9.4,0,19.1,23.4,UNDERGRADUATE
UG_2026_0360,Female,General,19.5,Day Scholar,29.0,5-8 LPA,2,0,0,3,50.8,50.0,47.3,39.0,44.7,44.5,39.9,42.7,-2.38,20,1,9.51,8.18,-1.33,2,68.7,0,5.4,1.2,36,12,1,0.9554,1,Madhya Pradesh,MP,69.3,59.2,24.8,18.5,Indore,6.8,0,25.9,21.8,UNDERGRADUATE
UG_2026_0361,Female,ST,20.1,Day Scholar,13.7,<2 LPA,0,1,1,0,100.0,100.0,94.3,97.5,98.0,100.0,93.6,96.9,-2.19,2,0,5.69,5.69,0.0,0,54.3,0,9.9,-1.2,59,7,3,0.0398,0,Karnataka,KA,75.4,68.1,36.2,12.0,Bengaluru Urban,1.8,0,9.1,18.2,UNDERGRADUATE
UG_2026_0362,Male,SC,20.5,Day Scholar,5.7,<2 LPA,0,1,1,3,70.4,74.0,79.1,68.6,72.9,72.5,78.0,74.8,2.53,5,1,8.64,8.91,0.27,0,81.2,0,7.0,-1.1,37,11,6,0.037,0,Tamil Nadu,TN,80.1,73.4,51.4,8.1,Chennai,1.2,0,0.0,17.5,UNDERGRADUATE
UG_2026_0363,Female,General,18.8,Day Scholar,19.1,5-8 LPA,2,0,0,3,71.1,63.2,83.2,60.9,78.5,70.2,63.7,69.7,-7.4,6,1,7.09,6.5,-0.59,0,57.3,0,0.0,-4.5,44,10,3,0.7828,1,Madhya Pradesh,MP,69.3,59.2,24.8,18.5,Bhopal,9.4,0,19.1,23.4,UNDERGRADUATE
UG_2026_0364,Male,General,19.3,Hosteler,0.5,>8 LPA,3,0,0,4,85.3,89.4,93.8,87.1,83.6,86.0,93.9,88.6,5.18,0,0,9.0,9.34,0.34,0,87.3,0,9.1,-2.8,40,10,4,0.0227,0,Rajasthan,RJ,66.1,52.1,26.0,17.2,Barmer,34.2,1,93.0,35.8,UNDERGRADUATE
UG_2026_0365,Male,OBC,23.0,Day Scholar,6.9,2-5 LPA,1,0,0,23,81.0,94.9,90.0,95.1,87.5,92.7,94.0,91.9,3.29,2,0,7.47,7.64,0.17,0,71.8,0,5.6,-1.8,49,6,6,0.2047,0,Bihar,BR,61.8,51.5,14.5,21.4,Katihar,48.7,1,91.1,44.3,UNDERGRADUATE
UG_2026_0366,Male,ST,21.3,Hosteler,0.5,>8 LPA,3,0,1,0,68.1,69.0,66.7,74.1,74.2,77.0,73.1,74.8,-0.55,5,1,8.18,7.95,-0.23,0,66.7,0,7.1,-2.5,54,9,5,0.0833,0,Karnataka,KA,75.4,68.1,36.2,12.0,Raichur,36.8,1,74.6,34.0,UNDERGRADUATE
UG_2026_0367,Female,OBC,18.4,Hosteler,0.5,2-5 LPA,1,1,0,3,71.0,68.1,68.9,78.3,65.4,68.8,66.8,67.1,0.7,3,1,6.98,7.11,0.13,0,69.9,0,7.6,-4.0,45,9,1,0.3625,0,Bihar,BR,61.8,51.5,14.5,21.4,Muzaffarpur,35.1,1,90.3,38.0,UNDERGRADUATE
UG_2026_0368,Male,EWS,20.4,Hosteler,0.5,5-8 LPA,2,0,1,0,92.4,96.1,97.0,95.1,87.3,85.1,92.8,88.7,2.71,1,0,6.21,6.84,0.63,0,57.6,0,3.5,0.7,38,11,1,0.0817,0,Gujarat,GJ,78.0,69.7,21.3,17.9,Narmada,32.4,1,89.5,30.5,UNDERGRADUATE
UG_2026_0369,Male,SC,19.5,Hosteler,0.5,2-5 LPA,1,0,1,19,68.9,68.7,70.0,58.6,57.6,67.3,70.1,66.0,6.29,4,1,7.68,7.21,-0.47,0,65.5,0,5.6,1.7,55,9,2,0.3878,0,Bihar,BR,61.8,51.5,14.5,21.4,Katihar,48.7,1,91.1,44.3,UNDERGRADUATE
UG_2026_0370,Male,General,18.0,Hosteler,0.5,>8 LPA,3,0,0,2,59.7,56.5,61.7,63.9,66.5,54.1,56.4,58.2,-5.05,11,1,6.61,5.82,-0.79,0,66.5,0,5.8,-5.6,35,17,1,0.9815,1,Haryana,HR,75.6,65.9,29.8,12.5,Nuh / Mewat,44.8,1,88.6,47.0,UNDERGRADUATE
UG_2026_0371,Male,EWS,19.5,Hosteler,0.5,5-8 LPA,2,0,1,4,100.0,89.4,100.0,100.0,95.7,93.2,97.5,95.6,0.88,0,0,6.43,6.44,0.01,0,65.8,0,8.3,2.8,47,7,5,0.1122,0,Gujarat,GJ,78.0,69.7,21.3,17.9,Dahod,40.5,1,88.0,38.1,UNDERGRADUATE
UG_2026_0372,Male,ST,18.5,Day Scholar,5.5,5-8 LPA,2,0,0,2,77.7,94.8,87.8,76.3,82.2,88.7,96.9,90.3,7.36,2,0,8.28,9.56,1.28,0,98.3,0,11.2,-2.6,24,5,3,0.0042,0,Haryana,HR,75.6,65.9,29.8,12.5,Gurugram,2.5,0,31.2,20.5,UNDERGRADUATE
UG_2026_0373,Female,General,21.5,Hosteler,0.5,2-5 LPA,1,0,1,18,70.6,68.0,66.1,51.4,70.2,66.1,67.8,67.8,-1.21,2,1,9.4,9.26,-0.14,0,85.8,0,4.9,-0.7,45,14,4,0.2749,0,Kerala,KL,94.0,92.1,43.2,3.2,Ernakulam,0.6,0,31.9,14.8,UNDERGRADUATE
UG_2026_0374,Male,General,21.0,Hosteler,0.5,2-5 LPA,1,1,0,10,41.5,46.0,57.6,46.2,49.9,44.8,43.3,45.5,-3.31,16,1,5.44,4.69,-0.75,1,39.5,1,3.1,2.4,32,14,1,0.9923,1,Karnataka,KA,75.4,68.1,36.2,12.0,Raichur,36.8,1,74.6,34.0,UNDERGRADUATE
UG_2026_0375,Female,OBC,21.2,Day Scholar,11.0,5-8 LPA,2,1,0,3,82.1,93.4,92.1,85.9,93.4,97.7,89.7,93.4,-1.84,1,0,8.71,9.79,1.08,0,96.5,0,7.7,-3.5,57,7,5,0.0389,0,Gujarat,GJ,78.0,69.7,21.3,17.9,Ahmedabad,3.8,0,15.9,20.2,UNDERGRADUATE
UG_2026_0376,Male,General,19.6,Day Scholar,6.2,2-5 LPA,1,0,0,4,95.4,92.3,92.5,99.4,94.7,96.9,100.0,97.6,2.65,2,0,9.19,10.0,0.81,0,99.0,0,10.5,-3.0,44,1,4,0.0028,0,Madhya Pradesh,MP,69.3,59.2,24.8,18.5,Alirajpur,52.0,1,92.2,39.5,UNDERGRADUATE
UG_2026_0377,Female,General,18.0,Day Scholar,2.6,5-8 LPA,2,0,0,3,71.5,55.7,69.4,61.1,65.6,72.9,64.3,67.6,-0.66,5,1,7.41,7.59,0.18,0,77.0,0,4.7,0.6,27,9,2,0.6566,1,Bihar,BR,61.8,51.5,14.5,21.4,Gaya,38.6,1,86.8,36.2,UNDERGRADUATE
UG_2026_0378,Female,OBC,18.8,Day Scholar,14.6,5-8 LPA,2,0,0,2,93.7,90.9,93.2,84.6,94.2,85.8,90.4,89.7,-1.89,2,0,9.29,9.44,0.15,0,86.7,0,3.9,-4.2,53,3,5,0.031,0,Madhya Pradesh,MP,69.3,59.2,24.8,18.5,Indore,6.8,0,25.9,21.8,UNDERGRADUATE
UG_2026_0379,Female,SC,21.1,Hosteler,0.5,2-5 LPA,1,0,1,1,72.4,72.8,71.2,64.7,75.6,69.8,76.3,73.9,0.36,4,1,6.68,7.9,1.22,0,76.5,0,9.5,-0.6,22,7,2,0.0187,0,Bihar,BR,61.8,51.5,14.5,21.4,Gaya,38.6,1,86.8,36.2,UNDERGRADUATE
UG_2026_0380,Female,General,20.3,Day Scholar,7.3,2-5 LPA,1,0,0,64,61.7,47.9,55.8,43.2,48.6,57.0,49.1,51.7,0.26,8,1,6.69,6.17,-0.52,4,51.3,0,1.4,1.7,34,14,3,0.9989,1,Maharashtra,MH,82.3,75.9,32.3,11.2,Pune,3.9,0,39.1,21.0,UNDERGRADUATE
UG_2026_0381,Female,General,19.6,Day Scholar,7.8,2-5 LPA,1,1,0,1,64.7,71.4,68.2,61.6,69.3,70.7,65.7,68.4,-1.79,6,1,6.99,7.32,0.33,0,70.5,0,7.4,-0.3,38,9,2,0.347,0,Kerala,KL,94.0,92.1,43.2,3.2,Ernakulam,0.6,0,31.9,14.8,UNDERGRADUATE
UG_2026_0382,Male,ST,19.4,Day Scholar,6.1,>8 LPA,3,0,1,0,70.9,59.0,70.4,56.1,60.4,62.4,60.8,61.2,0.19,9,1,5.44,4.57,-0.87,4,44.3,1,3.2,-1.7,56,27,2,0.9783,1,Tamil Nadu,TN,80.1,73.4,51.4,8.1,Ramanathapuram,7.8,1,69.7,22.1,UNDERGRADUATE
UG_2026_0383,Male,EWS,20.1,Day Scholar,9.5,5-8 LPA,2,0,1,1,92.6,83.8,92.5,88.6,100.0,88.0,90.4,92.0,-4.78,0,0,8.32,9.08,0.76,0,89.2,0,7.9,-2.0,135,6,4,0.0076,0,Haryana,HR,75.6,65.9,29.8,12.5,Nuh / Mewat,44.8,1,88.6,47.0,UNDERGRADUATE
UG_2026_0384,Male,General,18.9,Hosteler,0.5,5-8 LPA,2,0,0,3,65.8,58.4,75.3,61.9,57.0,62.7,69.8,64.1,6.41,7,1,8.02,7.62,-0.4,0,70.9,0,7.6,2.7,36,10,4,0.4477,0,Tamil Nadu,TN,80.1,73.4,51.4,8.1,Chennai,1.2,0,0.0,17.5,UNDERGRADUATE
UG_2026_0385,Male,General,19.5,Day Scholar,14.2,5-8 LPA,2,0,0,4,86.4,79.9,89.4,89.9,95.5,89.9,89.0,90.9,-3.21,2,0,8.45,9.1,0.65,0,82.0,0,7.3,-5.1,72,11,5,0.048,0,Kerala,KL,94.0,92.1,43.2,3.2,Thiruvananthapuram,0.9,0,46.2,15.2,UNDERGRADUATE
UG_2026_0386,Male,General,22.3,Day Scholar,11.5,<2 LPA,0,0,1,7,98.1,90.3,90.4,88.4,92.1,87.1,93.8,91.0,0.81,0,0,8.46,8.1,-0.36,0,70.9,0,12.1,0.8,52,9,4,0.0294,0,Haryana,HR,75.6,65.9,29.8,12.5,Nuh / Mewat,44.8,1,88.6,47.0,UNDERGRADUATE
UG_2026_0387,Female,General,23.0,Day Scholar,10.7,2-5 LPA,1,0,0,0,77.0,80.2,84.6,82.5,86.3,85.9,84.4,85.4,-0.92,2,0,7.44,7.41,-0.03,0,68.1,0,8.6,-3.2,32,7,2,0.0777,0,Karnataka,KA,75.4,68.1,36.2,12.0,Bengaluru Urban,1.8,0,9.1,18.2,UNDERGRADUATE
UG_2026_0388,Male,OBC,20.7,Day Scholar,10.2,2-5 LPA,1,1,1,4,89.2,82.4,100.0,85.0,95.5,96.3,84.3,91.3,-5.63,0,0,4.93,5.05,0.12,0,49.0,0,5.2,-0.9,39,9,2,0.6208,1,Haryana,HR,75.6,65.9,29.8,12.5,Nuh / Mewat,44.8,1,88.6,47.0,UNDERGRADUATE
UG_2026_0389,Female,SC,17.8,Day Scholar,23.6,2-5 LPA,1,0,1,3,75.4,73.8,70.0,83.9,72.1,72.4,70.6,71.6,-0.75,6,1,7.67,7.92,0.25,0,73.9,0,5.6,1.9,24,10,2,0.4337,0,Bihar,BR,61.8,51.5,14.5,21.4,Muzaffarpur,35.1,1,90.3,38.0,UNDERGRADUATE
UG_2026_0390,Female,OBC,22.6,Day Scholar,4.9,5-8 LPA,2,0,0,9,96.9,100.0,91.8,97.7,86.3,87.6,86.6,86.9,0.15,1,0,5.6,5.73,0.13,0,55.1,0,11.0,-0.1,26,7,2,0.1565,0,Karnataka,KA,75.4,68.1,36.2,12.0,Bengaluru Urban,1.8,0,9.1,18.2,UNDERGRADUATE
UG_2026_0391,Male,SC,19.8,Hosteler,0.5,2-5 LPA,1,1,1,18,100.0,90.0,99.3,98.1,90.2,99.4,95.9,95.7,2.86,0,0,6.53,7.07,0.54,0,60.3,0,7.5,-3.8,43,6,6,0.0511,0,Maharashtra,MH,82.3,75.9,32.3,11.2,Nandurbar,33.1,1,83.3,32.4,UNDERGRADUATE
UG_2026_0392,Male,General,17.7,Day Scholar,9.3,2-5 LPA,1,0,0,1,78.5,87.0,89.3,91.5,72.2,80.2,93.8,83.6,10.76,2,0,5.41,5.41,0.0,0,55.5,0,7.4,-1.5,36,12,0,0.181,0,Bihar,BR,61.8,51.5,14.5,21.4,Patna,18.2,0,56.4,28.5,UNDERGRADUATE
UG_2026_0393,Female,EWS,19.3,Day Scholar,30.2,2-5 LPA,1,0,1,2,67.7,70.1,76.5,74.2,74.6,74.7,66.6,71.4,-4.03,2,1,8.73,8.94,0.21,0,82.5,0,4.3,-2.5,94,7,6,0.0871,0,Haryana,HR,75.6,65.9,29.8,12.5,Gurugram,2.5,0,31.2,20.5,UNDERGRADUATE
UG_2026_0394,Male,OBC,21.3,Day Scholar,3.9,2-5 LPA,1,1,0,20,66.6,63.2,65.6,53.8,69.0,60.4,54.1,60.0,-7.43,10,1,7.06,7.3,0.24,1,70.6,0,8.8,5.4,45,10,1,0.8722,1,Uttar Pradesh,UP,67.7,57.2,23.2,16.8,Balrampur,47.9,1,92.3,45.0,UNDERGRADUATE
UG_2026_0395,Male,General,18.8,Day Scholar,4.7,>8 LPA,3,1,0,3,68.3,77.4,73.7,76.9,73.4,66.0,62.4,66.4,-5.49,2,1,5.62,5.09,-0.53,0,44.3,0,6.5,-0.9,43,11,2,0.7334,1,Rajasthan,RJ,66.1,52.1,26.0,17.2,Jaipur,6.9,0,47.6,22.5,UNDERGRADUATE
UG_2026_0396,Male,General,19.8,Day Scholar,9.0,>8 LPA,3,0,0,4,76.2,84.5,80.0,81.6,76.5,84.2,76.6,79.3,0.06,0,0,7.76,7.66,-0.1,0,80.4,0,4.2,-0.2,24,6,0,0.0937,0,Uttar Pradesh,UP,67.7,57.2,23.2,16.8,Balrampur,47.9,1,92.3,45.0,UNDERGRADUATE
UG_2026_0397,Female,General,20.2,Day Scholar,13.9,>8 LPA,3,0,0,3,72.7,73.3,77.2,71.4,78.9,77.2,74.6,76.6,-2.16,0,0,5.46,5.44,-0.02,0,59.9,0,6.0,-1.8,22,12,5,0.2194,0,Uttar Pradesh,UP,67.7,57.2,23.2,16.8,Noida / Gautam Buddha Nagar,7.1,0,40.9,22.0,UNDERGRADUATE
UG_2026_0398,Male,OBC,17.5,Hosteler,0.5,2-5 LPA,1,0,0,2,77.7,73.3,71.6,66.9,63.5,71.8,90.5,77.2,13.5,2,0,3.69,3.62,-0.07,0,31.1,0,3.7,-6.4,32,12,1,0.3925,0,Tamil Nadu,TN,80.1,73.4,51.4,8.1,Chennai,1.2,0,0.0,17.5,UNDERGRADUATE
UG_2026_0399,Male,General,22.0,Hosteler,0.5,<2 LPA,0,1,1,1,58.6,63.3,55.5,52.4,43.9,54.1,56.1,52.3,6.12,7,1,8.72,9.44,0.72,2,98.9,0,8.0,0.2,71,9,0,0.2467,0,Madhya Pradesh,MP,69.3,59.2,24.8,18.5,Barwani,46.1,1,85.5,37.1,UNDERGRADUATE
UG_2026_0400,Male,General,19.9,Hosteler,0.5,>8 LPA,3,0,0,0,44.3,50.6,48.0,32.1,58.4,46.7,48.3,50.3,-5.04,11,1,8.83,8.36,-0.47,0,81.0,0,7.5,-0.1,31,10,1,0.244,0,Maharashtra,MH,82.3,75.9,32.3,11.2,Gadchiroli,28.5,1,89.0,28.9,UNDERGRADUATE
UG_2026_0401,Male,General,19.7,Hosteler,0.5,<2 LPA,0,1,1,8,70.7,66.1,80.2,71.5,58.8,80.4,75.8,73.2,8.5,4,1,6.95,6.96,0.01,0,66.3,0,12.6,-0.0,27,12,3,0.2846,0,Uttar Pradesh,UP,67.7,57.2,23.2,16.8,Lucknow,8.5,0,33.8,24.1,UNDERGRADUATE
UG_2026_0402,Female,OBC,21.4,Day Scholar,18.8,2-5 LPA,1,1,1,3,78.2,74.3,79.9,80.8,80.7,70.7,79.5,76.7,-0.64,0,0,6.83,6.91,0.08,0,63.5,0,4.0,-1.6,62,9,3,0.1222,0,Kerala,KL,94.0,92.1,43.2,3.2,Ernakulam,0.6,0,31.9,14.8,UNDERGRADUATE
UG_2026_0403,Female,General,17.5,Day Scholar,21.5,>8 LPA,3,0,0,3,89.6,87.3,96.9,100.0,89.4,85.7,82.3,85.3,-3.51,1,0,4.79,4.56,-0.23,0,43.0,0,4.6,-0.2,32,9,4,0.3394,0,Haryana,HR,75.6,65.9,29.8,12.5,Gurugram,2.5,0,31.2,20.5,UNDERGRADUATE
UG_2026_0404,Male,General,20.8,Day Scholar,7.0,2-5 LPA,1,0,0,12,77.1,90.8,94.2,84.1,85.9,80.3,80.1,81.6,-2.89,1,0,4.93,5.28,0.35,0,54.5,0,9.4,-3.4,20,15,1,0.4015,0,Haryana,HR,75.6,65.9,29.8,12.5,Nuh / Mewat,44.8,1,88.6,47.0,UNDERGRADUATE
UG_2026_0405,Male,OBC,20.1,Hosteler,0.5,2-5 LPA,1,0,0,24,73.3,64.2,78.0,74.7,80.3,73.3,69.9,73.7,-5.19,4,1,8.4,8.03,-0.37,0,83.8,0,8.6,-0.7,60,6,3,0.2334,0,Uttar Pradesh,UP,67.7,57.2,23.2,16.8,Lucknow,8.5,0,33.8,24.1,UNDERGRADUATE
UG_2026_0406,Male,General,20.0,Day Scholar,14.2,5-8 LPA,2,0,0,9,88.2,96.7,88.4,88.7,96.7,95.3,84.7,91.4,-6.03,1,0,8.16,8.21,0.05,0,71.0,0,11.9,-1.8,121,5,2,0.1195,0,Madhya Pradesh,MP,69.3,59.2,24.8,18.5,Alirajpur,52.0,1,92.2,39.5,UNDERGRADUATE
UG_2026_0407,Male,ST,19.5,Day Scholar,10.5,2-5 LPA,1,0,1,0,69.9,72.7,76.5,82.1,73.8,68.9,70.2,70.6,-1.77,4,1,8.14,7.88,-0.26,0,76.1,0,6.0,-4.0,40,7,1,0.1616,0,Karnataka,KA,75.4,68.1,36.2,12.0,Yadgir,39.4,1,81.2,36.5,UNDERGRADUATE
UG_2026_0408,Female,EWS,21.2,Hosteler,0.5,2-5 LPA,1,1,0,0,52.9,65.7,51.9,42.6,61.2,55.2,51.1,55.1,-5.03,8,1,6.5,6.76,0.26,1,60.0,0,1.3,2.4,39,10,3,0.82,1,Gujarat,GJ,78.0,69.7,21.3,17.9,Ahmedabad,3.8,0,15.9,20.2,UNDERGRADUATE
UG_2026_0409,Male,OBC,17.5,Hosteler,0.5,>8 LPA,3,0,0,4,76.8,76.9,77.0,89.1,54.9,74.4,85.9,74.1,15.5,3,1,8.17,8.17,0.0,0,77.7,0,6.4,-2.8,31,7,2,0.0547,0,Maharashtra,MH,82.3,75.9,32.3,11.2,Nandurbar,33.1,1,83.3,32.4,UNDERGRADUATE
UG_2026_0410,Female,SC,20.2,Day Scholar,4.5,<2 LPA,0,0,1,17,88.7,84.3,93.1,79.5,92.8,88.3,82.2,87.0,-5.29,1,0,8.9,8.72,-0.18,0,85.7,0,10.1,1.0,74,5,4,0.0449,0,Karnataka,KA,75.4,68.1,36.2,12.0,Bengaluru Urban,1.8,0,9.1,18.2,UNDERGRADUATE
UG_2026_0411,Male,SC,20.7,Hosteler,0.5,<2 LPA,0,1,1,2,58.8,62.5,67.0,65.4,51.5,61.4,76.0,64.8,12.22,5,1,9.05,8.15,-0.9,2,86.8,0,3.1,-0.6,46,7,1,0.2287,0,Haryana,HR,75.6,65.9,29.8,12.5,Nuh / Mewat,44.8,1,88.6,47.0,UNDERGRADUATE
UG_2026_0412,Male,General,21.6,Day Scholar,23.3,2-5 LPA,1,1,0,13,91.7,77.2,86.8,75.5,81.1,80.1,84.6,82.1,1.74,1,0,6.56,6.0,-0.56,0,54.3,0,6.0,-4.4,15,9,2,0.6271,1,Bihar,BR,61.8,51.5,14.5,21.4,Katihar,48.7,1,91.1,44.3,UNDERGRADUATE
UG_2026_0413,Male,OBC,22.9,Hosteler,0.5,5-8 LPA,2,0,0,1,86.3,88.0,81.2,85.3,85.3,85.8,76.9,82.1,-4.22,2,0,5.93,6.67,0.74,1,71.7,0,8.3,-1.5,56,10,5,0.0865,0,Maharashtra,MH,82.3,75.9,32.3,11.2,Gadchiroli,28.5,1,89.0,28.9,UNDERGRADUATE
UG_2026_0414,Female,SC,18.1,Hosteler,0.5,>8 LPA,3,0,1,1,85.7,73.8,83.1,84.7,78.8,83.4,82.6,81.9,1.9,0,0,7.99,7.12,-0.87,0,63.8,0,8.4,-2.4,21,6,3,0.0509,0,Rajasthan,RJ,66.1,52.1,26.0,17.2,Kota,8.2,0,39.7,21.0,UNDERGRADUATE
UG_2026_0415,Female,OBC,18.5,Day Scholar,8.4,>8 LPA,3,0,0,3,72.6,80.6,73.1,77.4,86.0,68.6,66.0,71.9,-9.96,2,1,6.96,6.81,-0.15,0,74.8,0,8.7,-1.0,30,9,2,0.8054,1,Bihar,BR,61.8,51.5,14.5,21.4,Muzaffarpur,35.1,1,90.3,38.0,UNDERGRADUATE
UG_2026_0416,Female,OBC,20.8,Hosteler,0.5,<2 LPA,0,1,1,3,99.8,100.0,96.2,100.0,95.5,93.1,96.3,95.0,0.42,1,0,9.08,8.88,-0.2,0,74.8,0,8.5,-4.7,46,7,3,0.0399,0,Rajasthan,RJ,66.1,52.1,26.0,17.2,Kota,8.2,0,39.7,21.0,UNDERGRADUATE
UG_2026_0417,Male,General,21.3,Day Scholar,9.8,2-5 LPA,1,1,1,1,87.4,82.8,97.4,76.1,89.5,89.9,91.7,90.6,1.1,1,0,7.2,6.05,-1.15,0,50.6,0,4.6,1.5,22,9,5,0.2727,0,Bihar,BR,61.8,51.5,14.5,21.4,Katihar,48.7,1,91.1,44.3,UNDERGRADUATE
UG_2026_0418,Female,General,20.6,Day Scholar,8.9,<2 LPA,0,0,0,60,94.9,82.4,87.9,73.0,80.7,86.2,66.8,77.1,-6.97,2,0,9.12,9.24,0.12,0,85.9,0,11.1,-3.0,66,9,5,0.4744,0,Uttar Pradesh,UP,67.7,57.2,23.2,16.8,Noida / Gautam Buddha Nagar,7.1,0,40.9,22.0,UNDERGRADUATE
UG_2026_0419,Male,SC,21.2,Day Scholar,11.1,2-5 LPA,1,1,0,4,93.4,89.8,91.1,94.4,86.9,82.1,82.3,83.4,-2.29,0,0,6.75,6.92,0.17,0,69.9,0,8.3,0.9,62,6,1,0.1513,0,Uttar Pradesh,UP,67.7,57.2,23.2,16.8,Balrampur,47.9,1,92.3,45.0,UNDERGRADUATE
UG_2026_0420,Male,OBC,19.2,Day Scholar,13.8,>8 LPA,3,0,0,4,68.1,64.8,73.5,64.8,65.0,72.1,68.1,68.7,1.55,6,1,8.16,8.37,0.21,0,86.3,0,7.9,-2.8,41,8,1,0.0373,0,Tamil Nadu,TN,80.1,73.4,51.4,8.1,Ramanathapuram,7.8,1,69.7,22.1,UNDERGRADUATE
UG_2026_0421,Male,OBC,21.2,Hosteler,0.5,>8 LPA,3,0,0,4,94.1,83.0,86.9,84.6,84.5,88.6,88.3,87.5,1.9,0,0,7.42,8.14,0.72,1,76.8,0,12.6,0.9,41,4,4,0.0266,0,Maharashtra,MH,82.3,75.9,32.3,11.2,Gadchiroli,28.5,1,89.0,28.9,UNDERGRADUATE
UG_2026_0422,Male,General,19.4,Hosteler,0.5,2-5 LPA,1,1,0,2,87.7,95.0,86.2,88.1,75.5,72.5,84.1,77.9,4.3,0,0,5.25,5.21,-0.04,0,50.1,0,5.6,1.4,19,20,1,0.382,0,Maharashtra,MH,82.3,75.9,32.3,11.2,Nandurbar,33.1,1,83.3,32.4,UNDERGRADUATE
UG_2026_0423,Male,OBC,19.2,Hosteler,0.5,<2 LPA,0,0,0,31,37.9,46.0,43.3,40.3,44.2,44.3,51.0,46.9,3.44,11,1,8.58,8.32,-0.26,2,74.3,0,3.6,0.1,48,10,2,0.8976,1,Tamil Nadu,TN,80.1,73.4,51.4,8.1,Chennai,1.2,0,0.0,17.5,UNDERGRADUATE
UG_2026_0424,Male,SC,20.3,Day Scholar,4.9,2-5 LPA,1,1,1,2,84.8,86.2,93.7,81.3,82.4,90.7,89.1,88.0,3.38,0,0,6.95,6.91,-0.04,0,67.7,0,3.9,-1.8,31,8,4,0.0269,0,Haryana,HR,75.6,65.9,29.8,12.5,Gurugram,2.5,0,31.2,20.5,UNDERGRADUATE
UG_2026_0425,Male,General,17.9,Hosteler,0.5,2-5 LPA,1,1,0,3,95.8,83.7,97.5,100.0,93.1,87.4,87.5,88.9,-2.78,2,0,6.99,7.21,0.22,0,64.6,0,4.4,0.3,59,5,1,0.5508,1,Madhya Pradesh,MP,69.3,59.2,24.8,18.5,Alirajpur,52.0,1,92.2,39.5,UNDERGRADUATE
UG_2026_0426,Male,SC,21.9,Hosteler,0.5,2-5 LPA,1,1,0,34,78.3,77.4,79.2,67.2,75.1,71.9,85.2,78.0,5.06,1,0,8.19,8.21,0.02,0,72.8,0,10.3,1.4,46,10,4,0.1708,0,Kerala,KL,94.0,92.1,43.2,3.2,Wayanad,4.1,1,96.1,18.0,UNDERGRADUATE
UG_2026_0427,Female,SC,21.3,Day Scholar,4.1,<2 LPA,0,1,1,2,86.5,91.8,98.2,81.1,87.8,90.0,99.4,93.2,5.8,2,0,6.37,7.22,0.85,0,64.1,0,3.2,-2.3,30,5,1,0.1673,0,Maharashtra,MH,82.3,75.9,32.3,11.2,Pune,3.9,0,39.1,21.0,UNDERGRADUATE
UG_2026_0428,Female,General,21.6,Hosteler,0.5,2-5 LPA,1,1,0,12,50.1,67.9,59.2,54.8,56.1,60.1,61.4,59.6,2.66,9,1,8.31,7.26,-1.05,1,63.3,0,7.5,0.0,34,12,3,0.7293,1,Haryana,HR,75.6,65.9,29.8,12.5,Gurugram,2.5,0,31.2,20.5,UNDERGRADUATE
UG_2026_0429,Male,OBC,17.5,Day Scholar,2.3,5-8 LPA,2,0,0,4,67.1,72.2,77.1,68.3,71.1,76.5,77.2,75.5,3.03,0,0,5.67,6.04,0.37,0,63.3,0,8.4,2.3,32,8,1,0.1625,0,Madhya Pradesh,MP,69.3,59.2,24.8,18.5,Barwani,46.1,1,85.5,37.1,UNDERGRADUATE
UG_2026_0430,Female,General,19.6,Day Scholar,15.5,2-5 LPA,1,0,0,4,86.5,80.4,85.1,85.4,75.7,84.9,87.9,83.8,6.06,0,0,7.5,7.87,0.37,0,79.8,0,6.3,-1.7,45,8,3,0.008,0,Karnataka,KA,75.4,68.1,36.2,12.0,Bengaluru Urban,1.8,0,9.1,18.2,UNDERGRADUATE
UG_2026_0431,Male,OBC,21.4,Day Scholar,8.9,>8 LPA,3,1,0,2,69.9,68.7,79.6,76.9,84.2,68.7,66.8,71.8,-8.69,2,1,6.26,5.45,-0.81,0,49.4,0,4.2,-1.9,21,10,0,0.8201,1,Maharashtra,MH,82.3,75.9,32.3,11.2,Gadchiroli,28.5,1,89.0,28.9,UNDERGRADUATE
UG_2026_0432,Female,SC,18.8,Day Scholar,24.1,<2 LPA,0,1,1,2,60.0,65.4,79.3,68.9,71.0,70.0,76.2,72.7,2.61,6,1,8.68,9.14,0.46,0,85.2,0,4.2,1.6,45,13,4,0.0714,0,Bihar,BR,61.8,51.5,14.5,21.4,Gaya,38.6,1,86.8,36.2,UNDERGRADUATE
UG_2026_0433,Female,General,21.7,Hosteler,0.5,2-5 LPA,1,0,0,11,67.8,61.1,61.0,70.3,67.8,64.1,63.5,64.8,-2.18,4,1,8.3,7.23,-1.07,2,65.5,0,5.0,1.7,46,11,4,0.5387,1,Karnataka,KA,75.4,68.1,36.2,12.0,Raichur,36.8,1,74.6,34.0,UNDERGRADUATE
UG_2026_0434,Male,OBC,21.4,Hosteler,0.5,>8 LPA,3,0,0,4,93.5,87.5,93.3,88.0,91.4,98.6,99.9,97.3,4.26,0,0,6.28,7.51,1.23,0,69.4,0,8.5,0.3,45,7,7,0.0186,0,Haryana,HR,75.6,65.9,29.8,12.5,Nuh / Mewat,44.8,1,88.6,47.0,UNDERGRADUATE
UG_2026_0435,Female,General,23.2,Hosteler,0.5,<2 LPA,0,0,1,2,72.5,74.5,72.2,66.2,72.8,75.5,74.6,74.5,0.92,5,1,7.38,6.55,-0.83,0,56.2,0,7.4,-1.1,59,8,6,0.2737,0,Haryana,HR,75.6,65.9,29.8,12.5,Gurugram,2.5,0,31.2,20.5,UNDERGRADUATE
UG_2026_0436,Male,SC,18.8,Hosteler,0.5,>8 LPA,3,0,1,4,52.3,53.1,60.5,61.6,54.6,60.6,68.5,62.3,6.96,11,1,6.07,6.02,-0.05,2,46.3,0,5.3,3.4,14,12,0,0.4239,0,Haryana,HR,75.6,65.9,29.8,12.5,Nuh / Mewat,44.8,1,88.6,47.0,UNDERGRADUATE
UG_2026_0437,Female,EWS,20.3,Day Scholar,8.5,5-8 LPA,2,0,0,0,56.8,63.3,68.7,60.9,56.4,63.3,63.1,61.5,3.31,9,1,5.65,5.78,0.13,2,53.4,0,6.2,0.5,21,20,3,0.6869,1,Rajasthan,RJ,66.1,52.1,26.0,17.2,Jaipur,6.9,0,47.6,22.5,UNDERGRADUATE
UG_2026_0438,Female,General,18.7,Hosteler,0.5,<2 LPA,0,1,0,15,79.2,72.5,82.8,78.5,72.2,81.0,76.2,76.9,2.02,1,0,5.12,5.44,0.32,0,47.2,0,4.9,0.7,28,10,0,0.5983,1,Tamil Nadu,TN,80.1,73.4,51.4,8.1,Chennai,1.2,0,0.0,17.5,UNDERGRADUATE
UG_2026_0439,Male,OBC,19.7,Day Scholar,5.2,2-5 LPA,1,1,0,21,78.9,75.7,80.1,75.9,69.4,76.7,79.7,76.1,5.17,2,0,7.56,6.85,-0.71,0,58.7,0,5.8,-6.0,50,7,6,0.2557,0,Madhya Pradesh,MP,69.3,59.2,24.8,18.5,Bhopal,9.4,0,19.1,23.4,UNDERGRADUATE
UG_2026_0440,Female,OBC,19.5,Day Scholar,8.7,<2 LPA,0,0,0,18,73.8,79.1,83.5,71.4,75.0,72.1,69.6,71.8,-2.71,4,1,5.69,4.97,-0.72,0,40.9,0,6.0,-4.1,25,10,0,0.8817,1,Haryana,HR,75.6,65.9,29.8,12.5,Gurugram,2.5,0,31.2,20.5,UNDERGRADUATE
UG_2026_0441,Male,General,17.5,Hosteler,0.5,5-8 LPA,2,0,0,3,51.0,42.6,51.6,39.3,46.6,42.4,39.4,42.2,-3.58,17,1,8.01,7.16,-0.85,3,67.2,0,5.4,-1.6,31,12,5,0.9411,1,Madhya Pradesh,MP,69.3,59.2,24.8,18.5,Alirajpur,52.0,1,92.2,39.5,UNDERGRADUATE
UG_2026_0442,Male,ST,23.0,Hosteler,0.5,>8 LPA,3,1,1,1,84.3,86.7,86.4,92.9,80.2,82.0,93.7,86.2,6.74,2,0,6.57,6.7,0.13,0,61.9,0,8.5,-0.4,40,7,2,0.0573,0,Maharashtra,MH,82.3,75.9,32.3,11.2,Nandurbar,33.1,1,83.3,32.4,UNDERGRADUATE
UG_2026_0443,Male,General,18.4,Hosteler,0.5,2-5 LPA,1,1,0,21,94.4,90.8,100.0,89.4,84.3,88.9,100.0,92.2,7.87,2,0,8.25,8.03,-0.22,0,72.1,0,5.5,-0.3,51,5,2,0.1286,0,Haryana,HR,75.6,65.9,29.8,12.5,Nuh / Mewat,44.8,1,88.6,47.0,UNDERGRADUATE
UG_2026_0444,Male,General,19.7,Day Scholar,9.6,>8 LPA,3,0,0,3,79.9,82.9,86.7,75.3,72.8,69.9,80.9,75.0,4.06,2,0,6.72,6.99,0.27,0,64.0,0,7.4,0.8,23,7,3,0.4133,0,Gujarat,GJ,78.0,69.7,21.3,17.9,Narmada,32.4,1,89.5,30.5,UNDERGRADUATE
UG_2026_0445,Male,ST,21.1,Hosteler,0.5,<2 LPA,0,1,0,30,52.2,57.0,59.7,50.5,48.5,56.0,52.4,52.7,1.93,5,1,7.42,7.84,0.42,3,75.8,0,3.9,-1.6,25,12,7,0.9378,1,Bihar,BR,61.8,51.5,14.5,21.4,Purnia,50.4,1,89.2,42.1,UNDERGRADUATE
UG_2026_0446,Female,OBC,19.1,Day Scholar,28.3,<2 LPA,0,1,1,4,19.5,12.9,22.2,23.8,27.6,22.8,22.7,23.9,-2.48,8,1,6.71,5.79,-0.92,2,55.7,1,4.1,-0.4,18,15,2,0.9802,1,Rajasthan,RJ,66.1,52.1,26.0,17.2,Jaipur,6.9,0,47.6,22.5,UNDERGRADUATE
UG_2026_0447,Male,General,20.8,Day Scholar,11.7,>8 LPA,3,0,0,4,84.8,70.6,84.8,86.8,71.9,74.0,90.4,80.0,9.26,0,0,8.41,8.95,0.54,1,85.2,0,4.8,-6.4,24,4,4,0.0061,0,Karnataka,KA,75.4,68.1,36.2,12.0,Raichur,36.8,1,74.6,34.0,UNDERGRADUATE
UG_2026_0448,Male,General,19.4,Day Scholar,23.0,2-5 LPA,1,0,1,0,68.1,77.3,76.8,67.9,62.5,78.1,74.6,72.8,6.05,3,1,9.11,8.4,-0.71,0,91.5,0,5.7,-1.2,50,6,3,0.0512,0,Tamil Nadu,TN,80.1,73.4,51.4,8.1,Chennai,1.2,0,0.0,17.5,UNDERGRADUATE
UG_2026_0449,Male,General,19.8,Day Scholar,8.9,5-8 LPA,2,0,0,1,68.1,54.0,70.3,63.6,67.4,62.6,56.9,61.5,-5.29,11,1,8.38,7.89,-0.49,2,72.4,0,9.2,-2.7,23,18,2,0.5983,1,Tamil Nadu,TN,80.1,73.4,51.4,8.1,Ramanathapuram,7.8,1,69.7,22.1,UNDERGRADUATE
UG_2026_0450,Male,OBC,20.6,Day Scholar,17.6,2-5 LPA,1,1,1,16,65.9,62.2,78.2,65.0,62.8,66.5,70.2,67.1,3.71,2,1,5.68,6.35,0.67,0,69.7,0,4.7,-0.8,43,9,2,0.1448,0,Gujarat,GJ,78.0,69.7,21.3,17.9,Narmada,32.4,1,89.5,30.5,UNDERGRADUATE
UG_2026_0451,Female,OBC,22.6,Day Scholar,5.6,5-8 LPA,2,0,0,1,62.5,67.4,71.5,71.9,67.9,66.6,65.4,66.4,-1.24,6,1,5.4,5.24,-0.16,0,47.6,0,6.3,0.0,57,11,4,0.7846,1,Uttar Pradesh,UP,67.7,57.2,23.2,16.8,Noida / Gautam Buddha Nagar,7.1,0,40.9,22.0,UNDERGRADUATE
UG_2026_0452,Female,General,19.8,Day Scholar,13.3,>8 LPA,3,0,0,1,72.4,79.3,80.0,79.0,87.9,85.3,73.0,81.1,-7.44,1,0,5.73,5.47,-0.26,0,56.2,0,3.5,-0.8,57,11,2,0.4434,0,Gujarat,GJ,78.0,69.7,21.3,17.9,Narmada,32.4,1,89.5,30.5,UNDERGRADUATE
UG_2026_0453,Male,OBC,19.4,Day Scholar,9.3,2-5 LPA,1,1,1,1,69.5,70.3,69.7,62.5,62.1,68.5,52.4,60.5,-4.82,8,1,9.95,9.76,-0.19,4,94.7,0,8.8,-1.6,43,7,5,0.4572,0,Madhya Pradesh,MP,69.3,59.2,24.8,18.5,Alirajpur,52.0,1,92.2,39.5,UNDERGRADUATE
UG_2026_0454,Female,General,20.1,Day Scholar,8.4,<2 LPA,0,0,1,6,83.3,73.8,76.2,74.6,71.7,76.3,79.1,76.3,3.68,2,0,7.59,7.4,-0.19,0,67.0,0,6.6,-1.8,26,8,3,0.0826,0,Kerala,KL,94.0,92.1,43.2,3.2,Thiruvananthapuram,0.9,0,46.2,15.2,UNDERGRADUATE
UG_2026_0455,Female,OBC,21.6,Day Scholar,11.6,5-8 LPA,2,0,0,4,78.5,74.1,84.1,93.7,79.9,82.2,84.8,82.7,2.43,1,0,7.06,6.75,-0.31,0,62.5,0,6.2,-2.3,32,9,6,0.3549,0,Gujarat,GJ,78.0,69.7,21.3,17.9,Ahmedabad,3.8,0,15.9,20.2,UNDERGRADUATE
UG_2026_0456,Female,OBC,20.1,Hosteler,0.5,2-5 LPA,1,0,0,62,82.3,79.2,90.9,78.9,84.7,87.0,85.6,85.9,0.46,0,0,4.79,4.75,-0.04,0,43.7,0,5.0,1.8,20,8,5,0.754,1,Maharashtra,MH,82.3,75.9,32.3,11.2,Mumbai,2.1,0,0.0,19.5,UNDERGRADUATE
UG_2026_0457,Male,ST,22.5,Day Scholar,15.5,>8 LPA,3,0,0,2,70.2,88.3,76.6,66.3,71.1,74.3,70.8,72.1,-0.14,6,1,6.3,5.93,-0.37,0,54.4,0,7.2,1.8,66,9,4,0.5609,1,Madhya Pradesh,MP,69.3,59.2,24.8,18.5,Barwani,46.1,1,85.5,37.1,UNDERGRADUATE
UG_2026_0458,Female,General,19.1,Hosteler,0.5,5-8 LPA,2,0,0,4,59.4,60.1,61.9,64.9,52.7,57.1,70.0,61.2,8.69,11,1,5.79,6.05,0.26,1,59.0,0,6.3,0.8,33,10,1,0.4399,0,Bihar,BR,61.8,51.5,14.5,21.4,Gaya,38.6,1,86.8,36.2,UNDERGRADUATE
UG_2026_0459,Female,General,19.9,Hosteler,0.5,<2 LPA,0,1,1,17,85.0,92.4,90.6,76.7,83.8,83.3,81.4,82.7,-1.2,1,0,7.62,7.67,0.05,0,68.5,0,7.0,-1.6,56,8,3,0.1328,0,Gujarat,GJ,78.0,69.7,21.3,17.9,Ahmedabad,3.8,0,15.9,20.2,UNDERGRADUATE
UG_2026_0460,Male,General,18.4,Hosteler,0.5,2-5 LPA,1,1,0,2,58.4,61.4,64.1,48.7,63.7,59.2,54.3,58.4,-4.74,7,1,6.21,5.62,-0.59,1,55.2,1,8.1,1.2,30,12,4,0.8819,1,Kerala,KL,94.0,92.1,43.2,3.2,Thiruvananthapuram,0.9,0,46.2,15.2,UNDERGRADUATE
UG_2026_0461,Male,General,18.9,Hosteler,0.5,2-5 LPA,1,1,0,21,75.5,83.3,72.4,68.5,67.0,75.9,81.3,75.9,7.15,0,0,6.1,6.18,0.08,0,64.2,0,7.8,-1.7,33,9,3,0.5604,1,Madhya Pradesh,MP,69.3,59.2,24.8,18.5,Alirajpur,52.0,1,92.2,39.5,UNDERGRADUATE
UG_2026_0462,Female,SC,20.6,Hosteler,0.5,2-5 LPA,1,1,0,21,69.0,60.2,62.3,57.4,54.9,57.9,66.1,60.4,5.56,11,1,5.15,5.45,0.3,2,52.4,0,4.1,1.5,37,13,4,0.9726,1,Uttar Pradesh,UP,67.7,57.2,23.2,16.8,Varanasi,16.3,0,56.6,29.4,UNDERGRADUATE
UG_2026_0463,Female,OBC,20.7,Hosteler,0.5,2-5 LPA,1,0,0,46,68.0,71.0,72.7,68.2,69.9,68.4,71.8,70.1,0.98,2,1,6.82,6.99,0.17,0,70.8,0,6.5,-3.7,34,8,1,0.6774,1,Uttar Pradesh,UP,67.7,57.2,23.2,16.8,Lucknow,8.5,0,33.8,24.1,UNDERGRADUATE
UG_2026_0464,Female,General,21.5,Day Scholar,10.6,2-5 LPA,1,0,0,12,65.2,67.6,55.6,61.7,67.6,61.3,55.8,60.7,-5.88,6,1,7.54,7.54,0.0,2,69.9,0,8.4,0.9,61,8,4,0.3948,0,Gujarat,GJ,78.0,69.7,21.3,17.9,Narmada,32.4,1,89.5,30.5,UNDERGRADUATE
UG_2026_0465,Male,SC,21.5,Hosteler,0.5,2-5 LPA,1,0,1,4,49.7,45.4,46.1,50.2,51.2,47.0,50.9,49.6,-0.18,9,1,6.24,5.82,-0.42,2,54.5,0,4.4,-1.2,36,13,4,0.8244,1,Haryana,HR,75.6,65.9,29.8,12.5,Nuh / Mewat,44.8,1,88.6,47.0,UNDERGRADUATE
UG_2026_0466,Male,SC,19.8,Hosteler,0.5,<2 LPA,0,0,1,2,78.6,79.7,92.2,92.3,83.2,84.1,76.1,80.7,-3.57,0,0,6.71,6.39,-0.32,0,62.5,0,5.9,-2.6,49,9,1,0.1232,0,Rajasthan,RJ,66.1,52.1,26.0,17.2,Jaipur,6.9,0,47.6,22.5,UNDERGRADUATE
UG_2026_0467,Female,SC,22.0,Hosteler,0.5,2-5 LPA,1,1,1,16,80.6,93.2,90.6,63.3,95.1,72.2,84.5,82.8,-5.31,0,0,6.0,6.59,0.59,1,68.8,0,4.5,2.6,32,7,3,0.455,0,Gujarat,GJ,78.0,69.7,21.3,17.9,Narmada,32.4,1,89.5,30.5,UNDERGRADUATE
UG_2026_0468,Female,OBC,21.4,Day Scholar,8.5,5-8 LPA,2,0,0,4,79.9,78.2,81.3,69.3,83.1,78.5,73.2,77.5,-4.96,2,0,6.34,5.66,-0.68,0,59.2,0,7.2,-2.5,31,9,4,0.8778,1,Rajasthan,RJ,66.1,52.1,26.0,17.2,Kota,8.2,0,39.7,21.0,UNDERGRADUATE
UG_2026_0469,Male,ST,20.3,Hosteler,0.5,>8 LPA,3,0,1,1,68.6,75.0,83.0,76.2,82.5,75.7,71.9,75.9,-5.3,2,0,8.45,8.14,-0.31,0,78.1,0,6.9,-0.3,27,7,2,0.2317,0,Uttar Pradesh,UP,67.7,57.2,23.2,16.8,Shravasti,49.6,1,96.5,48.2,UNDERGRADUATE
UG_2026_0470,Male,OBC,18.4,Hosteler,0.5,5-8 LPA,2,1,1,3,96.1,94.2,91.0,85.5,89.2,88.1,92.7,90.2,1.77,2,0,8.31,8.51,0.2,0,85.9,0,10.2,-2.6,58,10,7,0.0785,0,Maharashtra,MH,82.3,75.9,32.3,11.2,Nandurbar,33.1,1,83.3,32.4,UNDERGRADUATE
UG_2026_0471,Male,SC,20.1,Hosteler,0.5,<2 LPA,0,0,1,3,96.3,85.1,84.6,59.0,89.3,76.3,79.1,80.7,-5.07,2,0,9.58,9.85,0.27,0,89.3,0,9.2,-3.4,14,3,2,0.0803,0,Gujarat,GJ,78.0,69.7,21.3,17.9,Dahod,40.5,1,88.0,38.1,UNDERGRADUATE
UG_2026_0472,Male,EWS,20.5,Hosteler,0.5,>8 LPA,3,0,1,4,75.0,81.3,90.5,82.5,80.6,80.9,90.4,84.6,4.91,0,0,8.35,8.63,0.28,0,75.6,0,6.2,-3.5,44,6,5,0.0291,0,Tamil Nadu,TN,80.1,73.4,51.4,8.1,Ramanathapuram,7.8,1,69.7,22.1,UNDERGRADUATE
UG_2026_0473,Male,General,19.4,Day Scholar,25.3,2-5 LPA,1,1,0,14,56.1,54.8,71.7,55.9,57.8,67.0,74.2,67.5,8.2,4,1,5.29,5.31,0.02,0,49.6,0,5.7,3.3,34,11,4,0.7554,1,Rajasthan,RJ,66.1,52.1,26.0,17.2,Barmer,34.2,1,93.0,35.8,UNDERGRADUATE
UG_2026_0474,Male,OBC,21.1,Hosteler,0.5,<2 LPA,0,1,1,3,71.4,87.6,81.9,78.1,78.4,78.5,80.9,79.4,1.29,2,0,8.31,9.73,1.42,1,84.3,0,3.4,-1.5,56,5,3,0.0325,0,Gujarat,GJ,78.0,69.7,21.3,17.9,Narmada,32.4,1,89.5,30.5,UNDERGRADUATE
UG_2026_0475,Male,OBC,19.6,Day Scholar,8.1,>8 LPA,3,0,0,0,81.0,80.3,77.0,76.7,84.4,85.8,74.7,81.0,-4.86,0,0,5.83,5.35,-0.48,0,57.3,0,7.9,1.5,33,12,3,0.7013,1,Madhya Pradesh,MP,69.3,59.2,24.8,18.5,Alirajpur,52.0,1,92.2,39.5,UNDERGRADUATE
UG_2026_0476,Female,General,20.2,Hosteler,0.5,2-5 LPA,1,1,1,3,85.3,84.9,99.9,96.0,86.9,90.6,87.1,88.3,0.13,0,0,7.73,8.24,0.51,0,84.1,0,6.0,0.3,59,4,0,0.072,0,Bihar,BR,61.8,51.5,14.5,21.4,Muzaffarpur,35.1,1,90.3,38.0,UNDERGRADUATE
UG_2026_0477,Male,General,20.9,Day Scholar,15.6,2-5 LPA,1,0,1,1,96.1,87.7,88.4,81.0,89.3,80.5,84.2,84.2,-2.52,2,0,7.36,7.67,0.31,0,64.2,0,8.0,2.1,51,5,3,0.1478,0,Rajasthan,RJ,66.1,52.1,26.0,17.2,Barmer,34.2,1,93.0,35.8,UNDERGRADUATE
UG_2026_0478,Male,General,20.3,Hosteler,0.5,5-8 LPA,2,0,0,3,59.6,63.6,54.8,43.0,57.5,59.1,48.7,54.6,-4.4,8,1,5.65,5.43,-0.22,3,54.2,0,7.1,-0.1,45,12,2,0.8114,1,Bihar,BR,61.8,51.5,14.5,21.4,Katihar,48.7,1,91.1,44.3,UNDERGRADUATE
UG_2026_0479,Female,EWS,18.7,Hosteler,0.5,<2 LPA,0,1,1,2,57.5,57.2,75.3,58.0,51.0,63.8,76.0,65.5,12.5,5,1,7.07,6.7,-0.37,0,58.2,0,4.3,-3.9,53,9,1,0.2838,0,Uttar Pradesh,UP,67.7,57.2,23.2,16.8,Noida / Gautam Buddha Nagar,7.1,0,40.9,22.0,UNDERGRADUATE
UG_2026_0480,Female,General,19.6,Day Scholar,12.2,2-5 LPA,1,0,0,4,77.3,63.9,77.9,80.0,68.1,77.0,81.1,76.4,6.5,0,0,6.56,6.8,0.24,0,53.6,0,11.8,4.2,47,10,5,0.5298,1,Bihar,BR,61.8,51.5,14.5,21.4,Muzaffarpur,35.1,1,90.3,38.0,UNDERGRADUATE
UG_2026_0481,Male,OBC,19.6,Hosteler,0.5,<2 LPA,0,1,1,2,63.8,75.8,81.9,81.0,83.4,78.7,81.5,81.0,-0.95,2,0,9.47,10.0,0.53,0,90.8,0,7.9,-4.1,55,5,8,0.0619,0,Maharashtra,MH,82.3,75.9,32.3,11.2,Gadchiroli,28.5,1,89.0,28.9,UNDERGRADUATE
UG_2026_0482,Female,ST,18.9,Day Scholar,9.4,2-5 LPA,1,1,1,4,51.3,51.7,55.4,48.6,44.3,55.2,52.5,51.4,4.13,11,1,6.42,6.39,-0.03,1,57.1,0,6.3,-0.6,17,11,2,0.7993,1,Haryana,HR,75.6,65.9,29.8,12.5,Gurugram,2.5,0,31.2,20.5,UNDERGRADUATE
UG_2026_0483,Male,General,20.2,Hosteler,0.5,2-5 LPA,1,0,0,13,91.7,90.4,94.0,90.7,83.7,97.7,100.0,95.1,8.17,0,0,5.4,5.87,0.47,0,61.3,0,6.1,-2.9,28,6,5,0.0603,0,Karnataka,KA,75.4,68.1,36.2,12.0,Yadgir,39.4,1,81.2,36.5,UNDERGRADUATE
UG_2026_0484,Female,General,19.9,Hosteler,0.5,2-5 LPA,1,0,0,13,71.0,80.8,72.9,73.5,72.8,75.5,68.4,72.0,-2.17,3,1,6.18,6.12,-0.06,0,54.4,0,7.4,-0.3,55,12,1,0.6888,1,Madhya Pradesh,MP,69.3,59.2,24.8,18.5,Indore,6.8,0,25.9,21.8,UNDERGRADUATE
UG_2026_0485,Female,General,18.8,Hosteler,0.5,<2 LPA,0,0,1,0,64.2,67.0,65.9,69.0,62.3,70.4,62.3,65.1,-0.03,3,1,5.63,5.69,0.06,0,46.7,0,6.6,-1.7,42,15,3,0.4137,0,Karnataka,KA,75.4,68.1,36.2,12.0,Bengaluru Urban,1.8,0,9.1,18.2,UNDERGRADUATE
UG_2026_0486,Male,OBC,22.3,Day Scholar,6.5,2-5 LPA,1,1,0,14,72.0,83.3,78.5,86.6,65.6,71.5,70.3,69.6,2.34,4,1,8.73,8.66,-0.07,0,85.6,0,9.7,-1.3,70,7,5,0.4003,0,Madhya Pradesh,MP,69.3,59.2,24.8,18.5,Barwani,46.1,1,85.5,37.1,UNDERGRADUATE
UG_2026_0487,Male,OBC,20.3,Hosteler,0.5,2-5 LPA,1,0,0,11,74.2,65.1,69.7,68.4,61.2,60.6,63.5,61.9,1.12,4,1,6.68,6.29,-0.39,2,66.5,0,5.0,-1.1,23,17,2,0.8019,1,Haryana,HR,75.6,65.9,29.8,12.5,Nuh / Mewat,44.8,1,88.6,47.0,UNDERGRADUATE
UG_2026_0488,Female,SC,20.2,Day Scholar,6.4,2-5 LPA,1,1,1,8,51.7,60.2,55.0,52.0,45.6,46.5,60.0,51.7,7.23,7,1,6.28,5.82,-0.46,2,54.3,0,5.5,-0.8,30,13,6,0.8174,1,Bihar,BR,61.8,51.5,14.5,21.4,Muzaffarpur,35.1,1,90.3,38.0,UNDERGRADUATE
UG_2026_0489,Male,General,19.5,Hosteler,0.5,<2 LPA,0,0,0,60,78.3,66.0,70.6,69.6,82.3,73.4,69.6,74.1,-6.37,6,1,8.52,8.57,0.05,0,78.2,0,10.5,-2.5,68,5,3,0.3564,0,Madhya Pradesh,MP,69.3,59.2,24.8,18.5,Alirajpur,52.0,1,92.2,39.5,UNDERGRADUATE
UG_2026_0490,Male,ST,21.1,Day Scholar,6.6,5-8 LPA,2,1,1,2,64.0,59.0,66.1,64.3,64.3,68.8,71.9,68.9,3.82,5,1,8.88,8.53,-0.35,0,82.7,0,6.3,-3.2,51,8,3,0.156,0,Haryana,HR,75.6,65.9,29.8,12.5,Nuh / Mewat,44.8,1,88.6,47.0,UNDERGRADUATE
UG_2026_0491,Female,OBC,19.6,Day Scholar,8.4,5-8 LPA,2,0,0,2,73.8,62.8,64.0,54.8,55.8,69.9,57.5,61.4,0.88,8,1,6.35,6.69,0.34,1,64.4,0,8.9,-0.2,51,9,6,0.7852,1,Uttar Pradesh,UP,67.7,57.2,23.2,16.8,Noida / Gautam Buddha Nagar,7.1,0,40.9,22.0,UNDERGRADUATE
UG_2026_0492,Female,OBC,19.9,Day Scholar,8.9,2-5 LPA,1,1,0,30,80.5,88.5,83.9,70.2,77.2,82.1,76.1,78.5,-0.59,0,0,8.03,8.56,0.53,1,85.7,0,11.9,-0.3,49,5,3,0.7443,1,Haryana,HR,75.6,65.9,29.8,12.5,Gurugram,2.5,0,31.2,20.5,UNDERGRADUATE
UG_2026_0493,Female,General,19.7,Hosteler,0.5,5-8 LPA,2,0,0,0,47.1,44.6,56.0,42.8,42.3,41.4,42.3,42.0,-0.03,19,1,7.18,6.08,-1.1,3,53.8,0,0.2,3.1,42,14,3,0.9875,1,Kerala,KL,94.0,92.1,43.2,3.2,Ernakulam,0.6,0,31.9,14.8,UNDERGRADUATE
UG_2026_0494,Male,OBC,22.1,Day Scholar,30.0,<2 LPA,0,1,0,30,73.1,75.4,76.3,77.0,76.1,81.3,79.2,79.2,1.57,1,0,4.88,4.46,-0.42,0,43.8,0,5.4,-1.9,29,11,4,0.7826,1,Tamil Nadu,TN,80.1,73.4,51.4,8.1,Ramanathapuram,7.8,1,69.7,22.1,UNDERGRADUATE
UG_2026_0495,Female,OBC,19.9,Hosteler,0.5,<2 LPA,0,1,0,1,52.7,51.4,54.6,58.4,54.3,52.6,49.7,51.9,-2.32,5,1,7.18,6.37,-0.81,1,64.0,1,6.3,2.1,24,13,1,0.637,1,Haryana,HR,75.6,65.9,29.8,12.5,Gurugram,2.5,0,31.2,20.5,UNDERGRADUATE
UG_2026_0496,Female,General,20.1,Day Scholar,14.0,2-5 LPA,1,1,0,4,100.0,99.7,93.6,80.2,88.2,90.2,92.0,90.4,1.92,2,0,7.54,8.0,0.46,0,79.4,0,8.7,-4.9,48,4,4,0.0147,0,Rajasthan,RJ,66.1,52.1,26.0,17.2,Jaipur,6.9,0,47.6,22.5,UNDERGRADUATE
UG_2026_0497,Male,ST,19.7,Day Scholar,16.0,>8 LPA,3,0,1,2,92.4,93.4,89.9,97.6,82.9,87.8,91.6,88.1,4.32,1,0,8.38,8.86,0.48,0,86.5,0,6.5,-4.1,81,7,5,0.0244,0,Gujarat,GJ,78.0,69.7,21.3,17.9,Dahod,40.5,1,88.0,38.1,UNDERGRADUATE
UG_2026_0498,Male,EWS,21.1,Hosteler,0.5,2-5 LPA,1,0,1,4,85.8,88.9,82.2,88.5,71.7,80.3,98.9,85.6,13.58,0,0,4.12,4.67,0.55,0,45.0,0,4.9,-4.4,67,9,3,0.0635,0,Rajasthan,RJ,66.1,52.1,26.0,17.2,Barmer,34.2,1,93.0,35.8,UNDERGRADUATE
UG_2026_0499,Male,OBC,20.5,Hosteler,0.5,>8 LPA,3,0,0,4,93.2,100.0,100.0,100.0,100.0,98.2,90.8,95.7,-4.61,2,0,5.94,5.9,-0.04,0,50.4,0,6.5,-2.4,41,8,4,0.0508,0,Tamil Nadu,TN,80.1,73.4,51.4,8.1,Ramanathapuram,7.8,1,69.7,22.1,UNDERGRADUATE
UG_2026_0500,Male,General,19.2,Day Scholar,5.3,<2 LPA,0,1,0,16,78.7,81.1,97.8,80.3,83.8,89.1,99.3,91.8,7.77,2,0,6.11,6.47,0.36,0,62.9,0,6.4,-4.3,29,6,4,0.3208,0,Kerala,KL,94.0,92.1,43.2,3.2,Wayanad,4.1,1,96.1,18.0,UNDERGRADUATE
UG_2026_0501,Female,General,19.4,Day Scholar,10.2,2-5 LPA,1,1,1,4,59.4,68.3,53.5,52.6,66.6,60.0,62.5,62.7,-2.05,10,1,5.9,5.79,-0.11,3,56.1,0,7.8,-0.4,17,11,3,0.5351,1,Madhya Pradesh,MP,69.3,59.2,24.8,18.5,Indore,6.8,0,25.9,21.8,UNDERGRADUATE
UG_2026_0502,Female,General,21.0,Day Scholar,7.1,2-5 LPA,1,1,0,10,28.0,36.0,36.1,31.8,39.0,32.8,29.6,33.1,-4.69,9,1,8.12,7.31,-0.81,0,69.5,0,6.4,-1.9,32,13,3,0.9864,1,Rajasthan,RJ,66.1,52.1,26.0,17.2,Kota,8.2,0,39.7,21.0,UNDERGRADUATE
UG_2026_0503,Female,ST,18.9,Hosteler,0.5,2-5 LPA,1,0,1,19,58.9,65.0,74.5,61.8,53.2,59.2,69.0,61.6,7.93,8,1,8.01,7.55,-0.46,0,77.3,1,6.3,-1.7,89,10,1,0.298,0,Uttar Pradesh,UP,67.7,57.2,23.2,16.8,Noida / Gautam Buddha Nagar,7.1,0,40.9,22.0,UNDERGRADUATE
UG_2026_0504,Female,OBC,19.1,Day Scholar,11.3,<2 LPA,0,0,1,6,85.7,95.7,100.0,85.5,86.4,93.2,96.1,92.7,4.85,2,0,5.21,6.01,0.8,0,59.1,0,5.1,-0.4,35,9,4,0.0211,0,Kerala,KL,94.0,92.1,43.2,3.2,Ernakulam,0.6,0,31.9,14.8,UNDERGRADUATE
UG_2026_0505,Female,General,18.0,Day Scholar,11.0,<2 LPA,0,0,1,5,64.0,50.2,57.4,57.1,45.3,51.6,56.4,52.0,5.54,6,1,6.99,6.19,-0.8,0,52.3,0,6.0,-0.1,32,13,2,0.2961,0,Haryana,HR,75.6,65.9,29.8,12.5,Gurugram,2.5,0,31.2,20.5,UNDERGRADUATE
UG_2026_0506,Male,OBC,19.6,Hosteler,0.5,>8 LPA,3,0,0,2,71.0,64.8,69.3,62.1,72.1,63.3,57.9,63.4,-7.08,6,1,6.6,7.18,0.58,3,65.6,0,5.9,-3.0,53,8,2,0.913,1,Haryana,HR,75.6,65.9,29.8,12.5,Nuh / Mewat,44.8,1,88.6,47.0,UNDERGRADUATE
UG_2026_0507,Male,OBC,19.3,Hosteler,0.5,5-8 LPA,2,1,0,1,32.1,37.2,46.0,55.1,45.8,38.3,44.4,42.6,-0.68,18,1,8.12,7.28,-0.84,1,76.5,0,4.6,0.8,25,17,3,0.9202,1,Haryana,HR,75.6,65.9,29.8,12.5,Nuh / Mewat,44.8,1,88.6,47.0,UNDERGRADUATE
UG_2026_0508,Male,General,23.1,Day Scholar,8.5,2-5 LPA,1,1,0,45,74.3,92.4,82.1,82.9,78.9,84.1,83.0,82.3,2.04,1,0,7.55,6.88,-0.67,0,58.9,0,6.2,-1.2,35,7,0,0.6753,1,Uttar Pradesh,UP,67.7,57.2,23.2,16.8,Bahraich,54.4,1,92.1,46.5,UNDERGRADUATE
UG_2026_0509,Female,SC,18.3,Hosteler,0.5,2-5 LPA,1,1,1,9,69.1,55.6,67.2,63.5,62.1,56.1,54.2,56.9,-3.93,10,1,7.29,7.53,0.24,1,75.7,0,3.4,-2.1,27,9,1,0.8266,1,Tamil Nadu,TN,80.1,73.4,51.4,8.1,Chennai,1.2,0,0.0,17.5,UNDERGRADUATE
UG_2026_0510,Male,OBC,18.8,Day Scholar,10.0,<2 LPA,0,1,1,8,40.3,29.2,34.4,26.3,26.9,30.5,40.4,33.5,6.71,10,1,6.55,4.72,-1.83,2,48.6,1,0.9,0.7,11,18,3,0.9975,1,Madhya Pradesh,MP,69.3,59.2,24.8,18.5,Barwani,46.1,1,85.5,37.1,UNDERGRADUATE
UG_2026_0511,Female,General,19.5,Hosteler,0.5,5-8 LPA,2,0,0,2,65.5,70.5,76.0,58.0,73.3,70.4,56.0,65.3,-8.67,5,1,7.6,7.67,0.07,0,74.0,0,4.4,-1.9,28,9,3,0.2513,0,Madhya Pradesh,MP,69.3,59.2,24.8,18.5,Indore,6.8,0,25.9,21.8,UNDERGRADUATE
UG_2026_0512,Male,EWS,20.7,Hosteler,0.5,5-8 LPA,2,0,1,2,80.3,93.2,92.6,82.0,82.9,82.0,92.1,86.3,4.62,1,0,6.6,6.85,0.25,0,65.1,0,6.4,-3.4,27,6,3,0.0946,0,Madhya Pradesh,MP,69.3,59.2,24.8,18.5,Barwani,46.1,1,85.5,37.1,UNDERGRADUATE
UG_2026_0513,Male,SC,22.6,Hosteler,0.5,2-5 LPA,1,0,1,4,85.0,84.7,89.4,78.6,82.8,87.8,86.3,85.9,1.72,1,0,7.13,7.81,0.68,0,74.7,0,10.8,-3.5,114,5,4,0.0223,0,Bihar,BR,61.8,51.5,14.5,21.4,Purnia,50.4,1,89.2,42.1,UNDERGRADUATE
UG_2026_0514,Male,ST,21.2,Day Scholar,3.4,2-5 LPA,1,0,1,4,91.4,98.2,92.5,85.3,93.1,95.0,86.7,91.2,-3.23,0,0,8.66,8.9,0.24,0,81.8,0,9.5,-1.0,39,3,6,0.0165,0,Tamil Nadu,TN,80.1,73.4,51.4,8.1,Ramanathapuram,7.8,1,69.7,22.1,UNDERGRADUATE
UG_2026_0515,Female,OBC,21.0,Day Scholar,5.6,2-5 LPA,1,1,1,0,69.1,81.5,86.9,84.0,87.8,91.6,86.5,88.6,-0.65,1,0,4.59,4.96,0.37,1,51.3,0,0.5,-1.4,28,12,2,0.3136,0,Karnataka,KA,75.4,68.1,36.2,12.0,Bengaluru Urban,1.8,0,9.1,18.2,UNDERGRADUATE
UG_2026_0516,Female,OBC,22.8,Hosteler,0.5,2-5 LPA,1,1,0,22,63.5,66.4,84.3,77.3,74.1,71.4,69.9,71.5,-2.1,6,1,5.67,5.89,0.22,0,52.2,0,4.1,0.8,47,15,2,0.6794,1,Kerala,KL,94.0,92.1,43.2,3.2,Thiruvananthapuram,0.9,0,46.2,15.2,UNDERGRADUATE
UG_2026_0517,Male,OBC,21.0,Hosteler,0.5,2-5 LPA,1,1,1,8,97.0,87.6,97.9,88.7,95.3,90.9,87.2,90.5,-4.06,0,0,5.65,6.18,0.53,0,53.3,0,5.3,0.0,26,9,0,0.133,0,Tamil Nadu,TN,80.1,73.4,51.4,8.1,Ramanathapuram,7.8,1,69.7,22.1,UNDERGRADUATE
UG_2026_0518,Female,General,21.3,Hosteler,0.5,5-8 LPA,2,1,0,7,90.5,79.8,94.0,76.5,80.5,88.1,90.9,87.3,5.18,0,0,8.93,8.78,-0.15,0,93.1,0,5.9,-1.6,29,3,5,0.0819,0,Tamil Nadu,TN,80.1,73.4,51.4,8.1,Coimbatore,2.1,0,24.2,18.9,UNDERGRADUATE
UG_2026_0519,Male,General,20.7,Day Scholar,14.5,5-8 LPA,2,0,0,4,77.2,74.2,87.5,79.2,81.5,79.1,84.1,81.7,1.26,0,0,5.2,5.14,-0.06,0,47.9,0,5.0,-2.0,69,10,1,0.2201,0,Madhya Pradesh,MP,69.3,59.2,24.8,18.5,Bhopal,9.4,0,19.1,23.4,UNDERGRADUATE
UG_2026_0520,Female,OBC,19.1,Day Scholar,21.2,>8 LPA,3,0,0,1,55.1,58.8,62.5,60.7,62.5,59.1,53.5,57.7,-4.48,6,1,3.77,3.26,-0.51,1,24.0,1,3.3,-0.9,37,27,1,0.9739,1,Madhya Pradesh,MP,69.3,59.2,24.8,18.5,Bhopal,9.4,0,19.1,23.4,UNDERGRADUATE
UG_2026_0521,Female,OBC,17.6,Hosteler,0.5,2-5 LPA,1,0,0,34,49.0,38.2,61.6,57.6,39.0,36.2,49.0,42.0,5.0,14,1,5.44,4.36,-1.08,3,43.3,1,4.4,0.0,20,15,3,0.9934,1,Kerala,KL,94.0,92.1,43.2,3.2,Ernakulam,0.6,0,31.9,14.8,UNDERGRADUATE
UG_2026_0522,Male,OBC,20.3,Day Scholar,16.0,2-5 LPA,1,0,0,12,84.8,90.3,96.9,88.6,86.6,86.9,96.2,90.6,4.83,0,0,6.96,7.93,0.97,0,76.3,0,6.1,-0.8,59,8,2,0.0121,0,Madhya Pradesh,MP,69.3,59.2,24.8,18.5,Alirajpur,52.0,1,92.2,39.5,UNDERGRADUATE
UG_2026_0523,Female,ST,18.9,Day Scholar,6.2,5-8 LPA,2,0,0,1,71.0,82.5,89.1,78.6,89.8,89.2,82.5,86.7,-3.69,2,0,3.5,4.34,0.84,0,44.4,0,7.4,-1.6,25,11,1,0.5314,1,Kerala,KL,94.0,92.1,43.2,3.2,Ernakulam,0.6,0,31.9,14.8,UNDERGRADUATE
UG_2026_0524,Female,SC,18.4,Day Scholar,8.9,2-5 LPA,1,1,1,4,81.0,81.4,89.6,90.5,87.4,86.1,78.8,83.5,-4.3,0,0,7.09,7.4,0.31,1,73.0,0,8.3,0.8,99,6,4,0.0664,0,Rajasthan,RJ,66.1,52.1,26.0,17.2,Kota,8.2,0,39.7,21.0,UNDERGRADUATE
UG_2026_0525,Male,ST,21.8,Hosteler,0.5,5-8 LPA,2,0,0,1,85.3,79.8,91.9,77.6,70.0,82.3,100.0,86.3,14.98,0,0,9.95,9.67,-0.28,0,89.3,0,7.7,2.2,18,2,3,0.0131,0,Karnataka,KA,75.4,68.1,36.2,12.0,Yadgir,39.4,1,81.2,36.5,UNDERGRADUATE
UG_2026_0526,Male,General,19.9,Day Scholar,9.3,2-5 LPA,1,1,0,0,87.6,90.4,89.4,93.0,86.8,93.7,100.0,94.5,6.58,1,0,8.32,8.85,0.53,0,77.5,0,6.4,-3.1,89,2,4,0.0163,0,Kerala,KL,94.0,92.1,43.2,3.2,Thiruvananthapuram,0.9,0,46.2,15.2,UNDERGRADUATE
UG_2026_0527,Male,OBC,19.7,Day Scholar,10.6,>8 LPA,3,0,0,3,88.7,100.0,96.1,84.5,93.2,88.6,91.5,90.9,-0.82,2,0,5.98,7.4,1.42,0,65.5,0,7.5,1.7,24,5,5,0.0189,0,Uttar Pradesh,UP,67.7,57.2,23.2,16.8,Balrampur,47.9,1,92.3,45.0,UNDERGRADUATE
UG_2026_0528,Male,OBC,22.2,Day Scholar,14.1,5-8 LPA,2,0,0,2,64.9,54.8,63.2,48.8,57.0,63.8,67.0,63.4,5.01,9,1,5.58,4.75,-0.83,1,43.4,0,1.6,-1.7,79,15,2,0.6985,1,Uttar Pradesh,UP,67.7,57.2,23.2,16.8,Bahraich,54.4,1,92.1,46.5,UNDERGRADUATE
UG_2026_0529,Male,OBC,20.8,Hosteler,0.5,5-8 LPA,2,0,0,2,87.5,80.3,83.8,80.6,81.3,83.4,83.4,82.8,1.05,1,0,6.44,6.4,-0.04,0,65.1,0,6.2,-4.7,26,8,3,0.0517,0,Haryana,HR,75.6,65.9,29.8,12.5,Gurugram,2.5,0,31.2,20.5,UNDERGRADUATE
UG_2026_0530,Female,OBC,19.7,Hosteler,0.5,2-5 LPA,1,0,0,4,86.3,95.1,94.8,100.0,85.9,94.1,100.0,94.4,7.05,0,0,5.58,5.64,0.06,1,63.6,0,6.4,1.1,38,7,2,0.2152,0,Haryana,HR,75.6,65.9,29.8,12.5,Gurugram,2.5,0,31.2,20.5,UNDERGRADUATE
UG_2026_0531,Male,General,19.1,Day Scholar,18.5,5-8 LPA,2,0,0,8,42.5,33.9,40.7,20.8,37.1,38.3,46.8,41.4,4.86,11,1,7.96,7.16,-0.8,1,60.1,0,5.2,-1.8,54,11,2,0.7601,1,Gujarat,GJ,78.0,69.7,21.3,17.9,Dahod,40.5,1,88.0,38.1,UNDERGRADUATE
UG_2026_0532,Male,General,19.6,Day Scholar,7.0,2-5 LPA,1,1,0,2,98.1,90.0,99.3,89.2,91.2,95.6,94.3,94.0,1.57,1,0,8.17,8.22,0.05,0,84.7,0,9.6,-0.9,79,10,2,0.1452,0,Kerala,KL,94.0,92.1,43.2,3.2,Wayanad,4.1,1,96.1,18.0,UNDERGRADUATE
UG_2026_0533,Male,General,19.1,Hosteler,0.5,>8 LPA,3,0,0,0,86.2,89.2,100.0,90.6,90.6,94.9,95.8,94.2,2.57,1,0,7.21,7.73,0.52,0,76.1,0,11.0,-4.5,66,6,3,0.0139,0,Uttar Pradesh,UP,67.7,57.2,23.2,16.8,Lucknow,8.5,0,33.8,24.1,UNDERGRADUATE
UG_2026_0534,Male,General,20.8,Hosteler,0.5,5-8 LPA,2,0,0,1,91.9,80.2,80.0,75.3,73.3,72.7,83.3,77.1,5.02,1,0,7.04,6.88,-0.16,0,67.0,0,7.4,-4.6,40,14,2,0.3326,0,Kerala,KL,94.0,92.1,43.2,3.2,Wayanad,4.1,1,96.1,18.0,UNDERGRADUATE
UG_2026_0535,Male,OBC,20.6,Hosteler,0.5,5-8 LPA,2,0,0,0,47.2,61.5,60.4,41.4,54.3,50.8,50.2,51.4,-2.05,11,1,9.95,9.67,-0.28,1,90.8,0,7.9,0.6,19,7,4,0.1076,0,Bihar,BR,61.8,51.5,14.5,21.4,Katihar,48.7,1,91.1,44.3,UNDERGRADUATE
UG_2026_0536,Male,OBC,20.5,Day Scholar,12.4,2-5 LPA,1,1,0,3,35.6,52.3,44.2,34.4,38.3,51.8,39.3,43.4,0.53,16,1,5.52,4.86,-0.66,2,44.7,1,4.0,3.7,13,14,4,0.9973,1,Madhya Pradesh,MP,69.3,59.2,24.8,18.5,Barwani,46.1,1,85.5,37.1,UNDERGRADUATE
UG_2026_0537,Female,OBC,21.5,Hosteler,0.5,<2 LPA,0,0,1,2,94.5,83.9,100.0,92.0,88.7,96.4,97.8,95.1,4.52,0,0,5.13,6.84,1.71,0,72.9,0,7.1,-4.8,32,6,4,0.0246,0,Haryana,HR,75.6,65.9,29.8,12.5,Gurugram,2.5,0,31.2,20.5,UNDERGRADUATE
UG_2026_0538,Male,OBC,20.3,Day Scholar,16.8,2-5 LPA,1,0,0,0,84.2,83.0,93.6,79.7,79.9,80.8,84.4,82.0,2.23,2,0,7.4,7.05,-0.35,0,64.0,0,5.9,-2.7,107,7,2,0.0252,0,Uttar Pradesh,UP,67.7,57.2,23.2,16.8,Shravasti,49.6,1,96.5,48.2,UNDERGRADUATE
UG_2026_0539,Male,SC,21.0,Day Scholar,11.0,<2 LPA,0,1,1,3,70.3,84.8,88.1,80.6,77.4,79.5,80.1,79.2,1.36,2,0,9.86,9.0,-0.86,0,89.2,0,9.8,-4.3,151,4,1,0.0173,0,Gujarat,GJ,78.0,69.7,21.3,17.9,Dahod,40.5,1,88.0,38.1,UNDERGRADUATE
UG_2026_0540,Male,OBC,19.6,Hosteler,0.5,<2 LPA,0,0,1,2,70.4,72.0,70.6,70.8,60.6,72.3,65.7,66.7,2.53,5,1,5.88,5.15,-0.73,0,55.2,0,6.8,-1.0,47,11,3,0.5114,1,Gujarat,GJ,78.0,69.7,21.3,17.9,Dahod,40.5,1,88.0,38.1,UNDERGRADUATE
UG_2026_0541,Female,General,22.3,Hosteler,0.5,2-5 LPA,1,1,0,49,79.6,84.2,91.3,72.2,77.8,83.1,88.5,83.9,5.34,1,0,7.33,7.5,0.17,0,74.1,0,7.6,0.8,74,9,3,0.6605,1,Kerala,KL,94.0,92.1,43.2,3.2,Ernakulam,0.6,0,31.9,14.8,UNDERGRADUATE
UG_2026_0542,Female,General,20.3,Day Scholar,3.2,2-5 LPA,1,1,0,11,77.7,67.0,65.7,74.7,73.9,73.4,71.0,72.6,-1.42,3,1,7.19,6.85,-0.34,0,60.0,0,7.4,-0.4,67,7,2,0.2593,0,Bihar,BR,61.8,51.5,14.5,21.4,Gaya,38.6,1,86.8,36.2,UNDERGRADUATE
UG_2026_0543,Male,OBC,20.2,Hosteler,0.5,2-5 LPA,1,0,0,3,60.9,39.9,51.8,39.4,52.0,46.0,44.0,46.7,-4.0,12,1,7.68,6.85,-0.83,3,67.5,0,5.9,0.5,31,13,3,0.8556,1,Madhya Pradesh,MP,69.3,59.2,24.8,18.5,Alirajpur,52.0,1,92.2,39.5,UNDERGRADUATE
UG_2026_0544,Male,OBC,23.2,Day Scholar,9.4,2-5 LPA,1,1,1,2,87.1,99.3,97.9,82.4,87.1,93.8,100.0,94.6,6.47,1,0,6.74,7.18,0.44,0,70.7,0,9.4,-8.2,55,11,1,0.0586,0,Tamil Nadu,TN,80.1,73.4,51.4,8.1,Chennai,1.2,0,0.0,17.5,UNDERGRADUATE
UG_2026_0545,Male,SC,19.7,Hosteler,0.5,2-5 LPA,1,0,1,16,54.1,53.2,61.9,46.2,46.6,50.0,58.8,52.7,6.11,6,1,5.57,5.19,-0.38,4,56.2,1,7.3,-2.3,17,19,0,0.9617,1,Uttar Pradesh,UP,67.7,57.2,23.2,16.8,Balrampur,47.9,1,92.3,45.0,UNDERGRADUATE
UG_2026_0546,Female,General,22.4,Day Scholar,6.5,5-8 LPA,2,0,0,4,78.2,84.4,82.3,68.3,66.5,75.3,75.2,73.1,4.36,6,1,8.12,7.81,-0.31,0,67.4,0,6.3,-4.0,93,11,6,0.0736,0,Kerala,KL,94.0,92.1,43.2,3.2,Ernakulam,0.6,0,31.9,14.8,UNDERGRADUATE
UG_2026_0547,Male,General,20.4,Hosteler,0.5,<2 LPA,0,0,1,17,68.8,72.7,82.1,57.3,72.5,71.5,69.9,71.1,-1.31,5,1,7.24,7.31,0.07,0,69.7,0,5.0,0.9,35,10,3,0.4511,0,Uttar Pradesh,UP,67.7,57.2,23.2,16.8,Balrampur,47.9,1,92.3,45.0,UNDERGRADUATE
UG_2026_0548,Male,SC,22.6,Day Scholar,9.2,2-5 LPA,1,0,0,21,94.1,89.5,97.1,100.0,97.1,86.7,82.9,87.8,-7.11,0,0,4.72,5.24,0.52,0,60.0,0,9.1,-0.1,49,8,0,0.4022,0,Madhya Pradesh,MP,69.3,59.2,24.8,18.5,Alirajpur,52.0,1,92.2,39.5,UNDERGRADUATE
UG_2026_0549,Female,General,20.7,Hosteler,0.5,2-5 LPA,1,1,0,11,95.5,87.3,89.6,86.5,81.0,81.7,89.1,84.5,4.07,1,0,8.47,8.51,0.04,0,75.3,0,9.9,-1.7,47,4,1,0.0451,0,Rajasthan,RJ,66.1,52.1,26.0,17.2,Kota,8.2,0,39.7,21.0,UNDERGRADUATE
UG_2026_0550,Male,OBC,18.6,Hosteler,0.5,>8 LPA,3,0,0,2,94.4,97.2,100.0,100.0,90.6,92.3,97.4,93.9,3.4,1,0,6.71,7.53,0.82,0,75.6,0,9.3,1.1,87,7,3,0.1869,0,Haryana,HR,75.6,65.9,29.8,12.5,Gurugram,2.5,0,31.2,20.5,UNDERGRADUATE
UG_2026_0551,Male,SC,20.2,Day Scholar,13.3,5-8 LPA,2,0,1,9,82.8,96.4,84.0,80.6,79.7,77.9,74.9,77.1,-2.43,2,0,9.21,9.66,0.45,0,93.1,0,10.0,0.4,100,5,4,0.0062,0,Haryana,HR,75.6,65.9,29.8,12.5,Nuh / Mewat,44.8,1,88.6,47.0,UNDERGRADUATE
UG_2026_0552,Female,OBC,18.6,Hosteler,0.5,<2 LPA,0,0,0,19,83.3,83.1,93.9,71.9,93.0,85.2,78.7,84.5,-7.13,0,0,6.66,7.28,0.62,0,65.9,0,5.6,-0.0,30,7,4,0.2036,0,Uttar Pradesh,UP,67.7,57.2,23.2,16.8,Varanasi,16.3,0,56.6,29.4,UNDERGRADUATE
UG_2026_0553,Male,SC,21.0,Hosteler,0.5,2-5 LPA,1,1,0,31,97.6,90.9,98.0,88.2,99.3,92.6,96.8,95.9,-1.22,2,0,9.14,9.91,0.77,0,99.0,0,12.7,-2.5,38,2,1,0.1108,0,Gujarat,GJ,78.0,69.7,21.3,17.9,Narmada,32.4,1,89.5,30.5,UNDERGRADUATE
UG_2026_0554,Female,SC,21.3,Day Scholar,5.5,2-5 LPA,1,0,1,3,35.8,40.7,48.0,48.3,34.2,44.7,41.3,40.7,3.58,16,1,7.61,6.97,-0.64,3,67.3,0,5.9,3.3,45,13,1,0.8384,1,Uttar Pradesh,UP,67.7,57.2,23.2,16.8,Varanasi,16.3,0,56.6,29.4,UNDERGRADUATE
UG_2026_0555,Male,OBC,20.2,Hosteler,0.5,<2 LPA,0,1,0,33,63.6,68.0,62.3,56.0,53.5,55.6,58.9,56.4,2.68,6,1,7.87,6.85,-1.02,2,63.0,0,6.9,-0.5,36,14,3,0.7887,1,Maharashtra,MH,82.3,75.9,32.3,11.2,Nandurbar,33.1,1,83.3,32.4,UNDERGRADUATE
UG_2026_0556,Male,ST,19.6,Day Scholar,28.2,2-5 LPA,1,0,0,11,69.7,71.3,83.3,84.3,82.1,77.4,70.5,75.8,-5.76,1,0,8.49,8.19,-0.3,0,87.3,0,7.4,-3.6,48,7,5,0.4666,0,Gujarat,GJ,78.0,69.7,21.3,17.9,Dahod,40.5,1,88.0,38.1,UNDERGRADUATE
UG_2026_0557,Male,OBC,19.6,Day Scholar,7.7,2-5 LPA,1,0,1,3,100.0,98.1,91.8,100.0,91.1,90.4,97.9,93.6,3.41,0,0,6.59,7.55,0.96,0,61.4,0,7.6,-2.7,50,9,1,0.0374,0,Uttar Pradesh,UP,67.7,57.2,23.2,16.8,Balrampur,47.9,1,92.3,45.0,UNDERGRADUATE
UG_2026_0558,Female,SC,19.3,Hosteler,0.5,2-5 LPA,1,0,0,30,34.3,39.2,47.7,33.2,36.1,32.7,39.2,36.2,1.53,14,1,8.78,7.36,-1.42,3,67.8,0,2.3,-3.5,24,12,1,0.9923,1,Rajasthan,RJ,66.1,52.1,26.0,17.2,Jaipur,6.9,0,47.6,22.5,UNDERGRADUATE
UG_2026_0559,Female,SC,19.4,Day Scholar,18.7,>8 LPA,3,0,1,3,73.6,69.4,78.0,63.6,62.1,68.0,74.5,69.1,6.15,3,1,5.39,4.97,-0.42,0,53.9,1,4.0,-1.6,76,10,4,0.4829,0,Karnataka,KA,75.4,68.1,36.2,12.0,Bengaluru Urban,1.8,0,9.1,18.2,UNDERGRADUATE
UG_2026_0560,Male,OBC,19.1,Day Scholar,12.9,<2 LPA,0,1,1,4,68.4,58.1,59.6,46.3,57.4,53.6,58.5,56.5,0.53,6,1,5.86,6.37,0.51,2,51.5,0,7.7,-3.2,58,10,1,0.6509,1,Karnataka,KA,75.4,68.1,36.2,12.0,Yadgir,39.4,1,81.2,36.5,UNDERGRADUATE
UG_2026_0561,Male,SC,18.4,Hosteler,0.5,<2 LPA,0,1,0,48,92.1,80.4,97.7,92.2,97.3,89.4,89.6,91.5,-3.88,1,0,6.23,7.14,0.91,0,72.4,0,5.8,-1.4,60,5,6,0.5428,1,Madhya Pradesh,MP,69.3,59.2,24.8,18.5,Alirajpur,52.0,1,92.2,39.5,UNDERGRADUATE
UG_2026_0562,Female,ST,21.8,Day Scholar,27.1,2-5 LPA,1,0,1,15,28.2,28.4,35.9,23.4,16.5,29.1,41.8,31.1,12.66,9,1,6.27,5.43,-0.84,1,48.5,0,4.5,3.4,36,15,2,0.8622,1,Tamil Nadu,TN,80.1,73.4,51.4,8.1,Coimbatore,2.1,0,24.2,18.9,UNDERGRADUATE
UG_2026_0563,Female,SC,20.2,Hosteler,0.5,>8 LPA,3,0,1,4,67.8,57.4,59.4,67.0,64.0,66.0,71.1,67.5,3.53,3,1,9.95,10.0,0.05,0,87.2,0,8.0,-1.9,29,6,5,0.0319,0,Maharashtra,MH,82.3,75.9,32.3,11.2,Pune,3.9,0,39.1,21.0,UNDERGRADUATE
UG_2026_0564,Male,EWS,21.5,Hosteler,0.5,2-5 LPA,1,0,1,7,60.3,65.9,70.7,65.0,76.3,65.2,57.7,65.0,-9.33,6,1,7.22,6.73,-0.49,0,63.0,0,4.9,-0.8,45,9,3,0.4062,0,Bihar,BR,61.8,51.5,14.5,21.4,Purnia,50.4,1,89.2,42.1,UNDERGRADUATE
UG_2026_0565,Male,General,21.6,Day Scholar,7.1,5-8 LPA,2,0,0,3,73.5,67.8,76.2,84.1,76.9,70.8,67.3,70.9,-4.8,6,1,6.35,6.32,-0.03,0,56.3,0,5.7,-2.1,37,11,4,0.6029,1,Madhya Pradesh,MP,69.3,59.2,24.8,18.5,Barwani,46.1,1,85.5,37.1,UNDERGRADUATE
UG_2026_0566,Male,SC,21.1,Day Scholar,9.0,2-5 LPA,1,1,1,0,54.0,57.2,64.3,57.3,76.2,68.9,47.8,62.3,-14.18,11,1,7.29,7.41,0.12,1,67.6,0,4.9,1.4,34,12,3,0.7155,1,Uttar Pradesh,UP,67.7,57.2,23.2,16.8,Shravasti,49.6,1,96.5,48.2,UNDERGRADUATE
UG_2026_0567,Female,SC,18.9,Day Scholar,2.5,2-5 LPA,1,1,1,6,46.6,57.4,59.1,35.9,63.5,53.5,53.4,56.0,-5.02,10,1,5.89,5.26,-0.63,2,52.6,1,7.0,1.0,54,15,1,0.9367,1,Gujarat,GJ,78.0,69.7,21.3,17.9,Narmada,32.4,1,89.5,30.5,UNDERGRADUATE
UG_2026_0568,Male,OBC,19.2,Day Scholar,9.2,>8 LPA,3,0,0,4,57.2,59.8,59.8,60.1,61.4,68.0,64.4,64.9,1.5,9,1,7.32,7.2,-0.12,2,73.2,0,5.0,-4.4,28,11,2,0.7254,1,Rajasthan,RJ,66.1,52.1,26.0,17.2,Jaisalmer,31.8,1,86.7,33.2,UNDERGRADUATE
UG_2026_0569,Male,General,20.8,Day Scholar,9.8,5-8 LPA,2,0,0,3,92.3,87.1,96.6,100.0,89.5,91.5,87.9,89.5,-0.8,1,0,7.17,8.1,0.93,0,79.4,0,7.3,-0.8,82,5,3,0.0287,0,Haryana,HR,75.6,65.9,29.8,12.5,Gurugram,2.5,0,31.2,20.5,UNDERGRADUATE
UG_2026_0570,Male,SC,20.9,Day Scholar,7.4,<2 LPA,0,0,1,1,77.1,84.3,84.5,88.6,81.5,80.2,75.1,78.5,-3.24,0,0,6.54,6.13,-0.41,0,58.9,0,8.0,-0.2,54,16,3,0.261,0,Uttar Pradesh,UP,67.7,57.2,23.2,16.8,Bahraich,54.4,1,92.1,46.5,UNDERGRADUATE
UG_2026_0571,Male,OBC,19.2,Hosteler,0.5,5-8 LPA,2,0,0,9,58.2,60.9,68.5,58.7,60.5,59.0,60.5,60.0,0.01,7,1,5.14,5.68,0.54,0,65.8,0,7.0,-3.1,56,10,2,0.8227,1,Uttar Pradesh,UP,67.7,57.2,23.2,16.8,Bahraich,54.4,1,92.1,46.5,UNDERGRADUATE
UG_2026_0572,Male,General,18.7,Day Scholar,11.4,<2 LPA,0,0,0,64,55.3,57.4,61.6,43.2,67.4,66.4,43.1,57.3,-12.16,6,1,7.95,7.23,-0.72,2,65.2,0,2.9,-3.3,26,10,5,0.9885,1,Rajasthan,RJ,66.1,52.1,26.0,17.2,Barmer,34.2,1,93.0,35.8,UNDERGRADUATE
UG_2026_0573,Male,General,21.5,Hosteler,0.5,5-8 LPA,2,0,0,0,47.1,50.8,48.8,43.4,43.1,50.6,45.3,46.6,1.09,10,1,7.51,7.79,0.28,1,75.5,0,4.9,3.4,70,12,1,0.7781,1,Tamil Nadu,TN,80.1,73.4,51.4,8.1,Chennai,1.2,0,0.0,17.5,UNDERGRADUATE
UG_2026_0574,Female,OBC,22.2,Hosteler,0.5,5-8 LPA,2,0,0,0,82.3,77.4,84.9,82.7,74.8,78.3,80.1,78.1,2.61,0,0,6.48,7.05,0.57,0,66.0,0,7.9,0.7,59,6,9,0.0534,0,Haryana,HR,75.6,65.9,29.8,12.5,Gurugram,2.5,0,31.2,20.5,UNDERGRADUATE
UG_2026_0575,Female,General,20.5,Day Scholar,8.1,>8 LPA,3,0,0,0,47.0,47.6,53.2,34.2,44.5,45.3,41.6,43.6,-1.44,15,1,4.65,3.93,-0.72,2,34.7,0,4.3,0.8,38,20,0,0.9872,1,Rajasthan,RJ,66.1,52.1,26.0,17.2,Kota,8.2,0,39.7,21.0,UNDERGRADUATE
UG_2026_0576,Male,EWS,18.2,Day Scholar,5.5,2-5 LPA,1,1,0,0,71.6,81.1,88.1,65.7,82.2,85.5,86.4,85.0,2.08,2,0,6.72,7.05,0.33,0,74.8,0,4.9,-1.9,50,9,2,0.2017,0,Madhya Pradesh,MP,69.3,59.2,24.8,18.5,Barwani,46.1,1,85.5,37.1,UNDERGRADUATE
UG_2026_0577,Male,OBC,19.1,Day Scholar,5.2,2-5 LPA,1,0,1,4,66.4,75.1,79.0,80.8,64.2,77.0,85.5,77.2,10.65,0,0,5.43,5.04,-0.39,1,49.6,0,6.0,-3.8,55,14,2,0.1935,0,Maharashtra,MH,82.3,75.9,32.3,11.2,Gadchiroli,28.5,1,89.0,28.9,UNDERGRADUATE
UG_2026_0578,Female,EWS,23.0,Hosteler,0.5,<2 LPA,0,1,0,63,92.1,80.9,90.7,100.0,87.4,85.6,99.3,91.5,5.95,0,0,6.12,6.44,0.32,0,58.2,0,7.2,3.9,49,11,4,0.7984,1,Kerala,KL,94.0,92.1,43.2,3.2,Thiruvananthapuram,0.9,0,46.2,15.2,UNDERGRADUATE
UG_2026_0579,Female,SC,20.0,Hosteler,0.5,<2 LPA,0,1,1,0,65.7,69.3,73.4,72.6,60.4,71.4,76.9,70.9,8.27,2,1,7.33,7.7,0.37,0,64.9,0,8.8,-2.7,60,9,3,0.1595,0,Uttar Pradesh,UP,67.7,57.2,23.2,16.8,Noida / Gautam Buddha Nagar,7.1,0,40.9,22.0,UNDERGRADUATE
UG_2026_0580,Male,SC,20.9,Day Scholar,8.5,>8 LPA,3,0,0,1,70.6,81.8,77.8,87.1,85.8,71.6,73.8,76.0,-6.01,1,0,9.95,10.0,0.05,0,88.2,0,7.0,-2.4,31,3,0,0.0907,0,Kerala,KL,94.0,92.1,43.2,3.2,Wayanad,4.1,1,96.1,18.0,UNDERGRADUATE
UG_2026_0581,Male,OBC,21.8,Day Scholar,13.5,2-5 LPA,1,1,0,14,87.8,81.0,89.0,96.2,100.0,90.5,75.5,86.9,-12.24,2,0,6.71,7.35,0.64,0,73.1,0,8.0,-1.5,25,14,0,0.1608,0,Kerala,KL,94.0,92.1,43.2,3.2,Wayanad,4.1,1,96.1,18.0,UNDERGRADUATE
UG_2026_0582,Female,EWS,19.5,Hosteler,0.5,2-5 LPA,1,0,0,13,62.0,62.9,68.8,63.3,62.4,64.0,59.9,61.9,-1.25,5,1,6.13,4.83,-1.3,3,46.0,0,7.2,5.5,14,15,1,0.9657,1,Kerala,KL,94.0,92.1,43.2,3.2,Ernakulam,0.6,0,31.9,14.8,UNDERGRADUATE
UG_2026_0583,Female,General,18.9,Hosteler,0.5,2-5 LPA,1,0,0,4,64.5,54.6,65.0,62.7,54.9,54.1,61.8,57.4,3.41,8,1,8.3,8.75,0.45,1,90.9,0,6.2,-1.4,34,10,4,0.4758,0,Rajasthan,RJ,66.1,52.1,26.0,17.2,Kota,8.2,0,39.7,21.0,UNDERGRADUATE
UG_2026_0584,Female,OBC,20.8,Day Scholar,27.9,2-5 LPA,1,1,0,2,64.2,51.0,56.6,51.7,54.9,57.3,53.8,55.3,-0.53,11,1,7.08,6.43,-0.65,1,63.3,0,7.0,-2.7,80,15,2,0.8261,1,Haryana,HR,75.6,65.9,29.8,12.5,Gurugram,2.5,0,31.2,20.5,UNDERGRADUATE
UG_2026_0585,Male,OBC,17.7,Hosteler,0.5,5-8 LPA,2,0,0,3,69.4,72.3,71.3,63.6,68.4,66.1,64.2,65.9,-2.13,3,1,8.18,8.13,-0.05,0,71.5,0,7.8,0.8,48,7,2,0.3515,0,Gujarat,GJ,78.0,69.7,21.3,17.9,Narmada,32.4,1,89.5,30.5,UNDERGRADUATE
UG_2026_0586,Male,General,18.9,Day Scholar,6.4,5-8 LPA,2,0,0,8,84.3,75.2,86.8,80.0,75.8,85.6,91.7,85.6,7.96,1,0,4.03,4.34,0.31,0,34.8,0,6.0,-0.7,37,15,3,0.6451,1,Kerala,KL,94.0,92.1,43.2,3.2,Wayanad,4.1,1,96.1,18.0,UNDERGRADUATE
UG_2026_0587,Male,SC,21.6,Day Scholar,3.4,>8 LPA,3,0,1,0,58.8,66.3,74.8,74.8,67.1,60.9,60.3,62.2,-3.41,11,1,5.3,4.84,-0.46,2,46.7,1,6.9,-0.6,57,12,0,0.8566,1,Rajasthan,RJ,66.1,52.1,26.0,17.2,Barmer,34.2,1,93.0,35.8,UNDERGRADUATE
UG_2026_0588,Male,General,21.2,Day Scholar,20.4,2-5 LPA,1,1,1,16,52.8,56.6,55.7,44.6,59.7,49.0,42.7,49.1,-8.48,24,1,5.97,5.18,-0.79,2,49.2,1,5.3,3.5,50,15,4,0.993,1,Maharashtra,MH,82.3,75.9,32.3,11.2,Nandurbar,33.1,1,83.3,32.4,UNDERGRADUATE
UG_2026_0589,Male,ST,18.7,Day Scholar,10.6,>8 LPA,3,0,0,0,88.4,81.8,91.6,82.2,85.0,76.6,81.1,80.5,-1.92,2,0,7.82,8.32,0.5,0,80.0,0,8.1,-1.4,19,9,6,0.3058,0,Madhya Pradesh,MP,69.3,59.2,24.8,18.5,Alirajpur,52.0,1,92.2,39.5,UNDERGRADUATE
UG_2026_0590,Male,SC,20.6,Day Scholar,23.4,>8 LPA,3,0,1,4,79.6,88.7,84.1,74.4,80.3,79.0,86.9,82.5,3.29,0,0,7.09,7.05,-0.04,1,58.1,0,6.4,-6.2,59,6,5,0.1469,0,Kerala,KL,94.0,92.1,43.2,3.2,Wayanad,4.1,1,96.1,18.0,UNDERGRADUATE
UG_2026_0591,Male,General,18.7,Hosteler,0.5,2-5 LPA,1,0,1,3,64.5,74.2,72.4,70.6,78.4,70.3,59.6,68.0,-9.39,3,1,7.25,6.98,-0.27,0,64.6,0,4.6,0.8,34,10,1,0.4773,0,Rajasthan,RJ,66.1,52.1,26.0,17.2,Barmer,34.2,1,93.0,35.8,UNDERGRADUATE
UG_2026_0592,Male,ST,17.6,Day Scholar,10.5,>8 LPA,3,0,1,4,68.1,62.1,72.0,65.7,61.9,65.2,63.1,63.6,0.59,9,1,8.03,7.86,-0.17,3,75.5,0,5.7,-4.6,44,13,3,0.5141,1,Gujarat,GJ,78.0,69.7,21.3,17.9,Narmada,32.4,1,89.5,30.5,UNDERGRADUATE
UG_2026_0593,Male,SC,19.2,Hosteler,0.5,>8 LPA,3,0,1,5,71.4,67.6,72.7,75.1,77.9,69.3,74.0,73.3,-1.94,4,1,9.95,10.0,0.05,0,87.6,0,8.3,-0.9,33,4,4,0.0306,0,Maharashtra,MH,82.3,75.9,32.3,11.2,Mumbai,2.1,0,0.0,19.5,UNDERGRADUATE
UG_2026_0594,Female,OBC,19.5,Hosteler,0.5,>8 LPA,3,0,0,0,75.6,68.4,79.9,77.7,70.6,67.7,76.6,72.0,3.0,4,1,9.23,9.9,0.67,0,99.0,0,10.2,-2.4,45,8,2,0.094,0,Madhya Pradesh,MP,69.3,59.2,24.8,18.5,Indore,6.8,0,25.9,21.8,UNDERGRADUATE
UG_2026_0595,Male,General,19.1,Day Scholar,4.4,5-8 LPA,2,0,0,1,82.3,77.8,85.5,80.4,85.0,89.2,86.8,87.2,0.9,0,0,6.46,7.18,0.72,0,72.9,0,9.7,0.4,60,9,4,0.055,0,Kerala,KL,94.0,92.1,43.2,3.2,Thiruvananthapuram,0.9,0,46.2,15.2,UNDERGRADUATE
UG_2026_0596,Female,General,19.7,Hosteler,0.5,5-8 LPA,2,0,0,4,89.9,87.0,90.3,84.0,79.9,82.7,93.7,86.4,6.86,2,0,6.27,6.32,0.05,0,64.2,0,4.2,0.9,79,8,4,0.5149,1,Karnataka,KA,75.4,68.1,36.2,12.0,Bengaluru Urban,1.8,0,9.1,18.2,UNDERGRADUATE
UG_2026_0597,Female,OBC,22.0,Day Scholar,11.5,>8 LPA,3,0,0,4,57.1,57.2,65.0,63.6,49.0,54.3,73.1,60.5,12.04,11,1,7.12,7.36,0.24,1,68.9,0,6.3,-2.2,34,15,1,0.3509,0,Kerala,KL,94.0,92.1,43.2,3.2,Ernakulam,0.6,0,31.9,14.8,UNDERGRADUATE
UG_2026_0598,Male,General,20.6,Day Scholar,9.2,2-5 LPA,1,0,0,4,53.9,53.5,60.6,54.9,74.0,58.7,47.5,58.0,-13.25,11,1,7.44,6.76,-0.68,1,61.2,0,7.5,-0.3,66,13,1,0.931,1,Madhya Pradesh,MP,69.3,59.2,24.8,18.5,Barwani,46.1,1,85.5,37.1,UNDERGRADUATE
UG_2026_0599,Female,OBC,20.8,Hosteler,0.5,2-5 LPA,1,0,0,10,53.1,48.0,64.1,51.7,48.8,53.6,63.2,56.2,7.18,4,1,5.81,5.73,-0.08,4,48.5,0,8.4,-2.2,39,18,4,0.9377,1,Uttar Pradesh,UP,67.7,57.2,23.2,16.8,Varanasi,16.3,0,56.6,29.4,UNDERGRADUATE
UG_2026_0600,Female,OBC,19.3,Day Scholar,4.6,<2 LPA,0,1,1,0,70.6,67.4,69.2,73.0,71.0,67.3,61.4,65.8,-4.81,2,1,6.05,5.49,-0.56,0,50.7,0,5.2,-2.2,30,22,2,0.739,1,Tamil Nadu,TN,80.1,73.4,51.4,8.1,Coimbatore,2.1,0,24.2,18.9,UNDERGRADUATE
UG_2026_0601,Male,SC,19.1,Day Scholar,16.7,>8 LPA,3,0,1,3,84.2,77.7,81.0,65.4,82.3,76.3,76.2,77.8,-3.1,0,0,7.13,7.1,-0.03,1,67.8,0,9.7,-5.2,52,7,0,0.174,0,Gujarat,GJ,78.0,69.7,21.3,17.9,Dahod,40.5,1,88.0,38.1,UNDERGRADUATE
UG_2026_0602,Female,General,18.6,Day Scholar,10.0,5-8 LPA,2,1,0,1,81.2,96.1,86.5,79.6,91.8,90.4,78.7,86.1,-6.55,2,0,7.46,7.52,0.06,0,69.5,0,6.8,-3.5,25,6,9,0.2081,0,Gujarat,GJ,78.0,69.7,21.3,17.9,Ahmedabad,3.8,0,15.9,20.2,UNDERGRADUATE
UG_2026_0603,Male,EWS,18.7,Day Scholar,25.6,5-8 LPA,2,1,0,5,61.8,76.4,64.7,66.8,69.1,66.7,60.3,64.7,-4.45,6,1,8.45,7.34,-1.11,2,75.0,0,5.3,-0.3,55,9,5,0.5963,1,Gujarat,GJ,78.0,69.7,21.3,17.9,Narmada,32.4,1,89.5,30.5,UNDERGRADUATE
UG_2026_0604,Male,SC,19.7,Hosteler,0.5,5-8 LPA,2,1,0,2,90.6,84.6,87.1,84.3,83.2,97.5,88.9,90.5,2.83,1,0,7.05,6.77,-0.28,0,57.1,0,8.0,-2.3,69,6,1,0.0337,0,Bihar,BR,61.8,51.5,14.5,21.4,Katihar,48.7,1,91.1,44.3,UNDERGRADUATE
UG_2026_0605,Male,General,17.9,Day Scholar,7.0,<2 LPA,0,0,1,19,87.6,84.3,97.8,88.6,90.1,87.7,83.4,86.6,-3.36,1,0,6.65,6.41,-0.24,0,57.2,0,8.1,-2.1,43,10,6,0.0455,0,Uttar Pradesh,UP,67.7,57.2,23.2,16.8,Bahraich,54.4,1,92.1,46.5,UNDERGRADUATE
UG_2026_0606,Female,General,21.3,Day Scholar,13.9,<2 LPA,0,1,0,34,78.0,86.3,78.8,61.4,80.0,74.4,85.7,80.3,2.87,2,0,7.6,7.73,0.13,0,78.7,0,4.8,-1.9,25,17,3,0.4489,0,Bihar,BR,61.8,51.5,14.5,21.4,Muzaffarpur,35.1,1,90.3,38.0,UNDERGRADUATE
UG_2026_0607,Male,SC,19.7,Hosteler,0.5,2-5 LPA,1,0,0,23,55.0,53.5,66.0,64.9,55.8,60.7,56.6,57.8,0.39,8,1,6.3,5.73,-0.57,1,53.7,1,3.4,-2.1,29,15,1,0.9329,1,Maharashtra,MH,82.3,75.9,32.3,11.2,Gadchiroli,28.5,1,89.0,28.9,UNDERGRADUATE
UG_2026_0608,Female,General,21.2,Day Scholar,3.5,2-5 LPA,1,1,0,13,60.7,56.9,74.3,70.3,73.2,68.2,61.8,66.9,-5.73,5,1,6.39,6.39,0.0,0,59.8,0,2.6,-2.2,125,9,0,0.7979,1,Bihar,BR,61.8,51.5,14.5,21.4,Gaya,38.6,1,86.8,36.2,UNDERGRADUATE
UG_2026_0609,Female,OBC,20.6,Hosteler,0.5,2-5 LPA,1,0,0,4,57.3,58.9,66.0,73.0,64.6,64.5,64.7,64.6,0.07,8,1,5.25,5.27,0.02,1,42.4,1,2.9,-1.1,29,12,1,0.8172,1,Karnataka,KA,75.4,68.1,36.2,12.0,Bengaluru Urban,1.8,0,9.1,18.2,UNDERGRADUATE
UG_2026_0610,Female,General,19.0,Hosteler,0.5,<2 LPA,0,0,1,1,52.6,40.3,57.0,49.0,57.4,49.2,41.3,48.1,-8.09,20,1,5.35,5.05,-0.3,3,46.8,0,3.5,-1.4,61,24,5,0.9781,1,Haryana,HR,75.6,65.9,29.8,12.5,Gurugram,2.5,0,31.2,20.5,UNDERGRADUATE
UG_2026_0611,Female,OBC,19.5,Hosteler,0.5,2-5 LPA,1,0,1,17,93.1,84.8,85.7,75.3,82.7,79.7,72.1,77.4,-5.33,1,0,4.61,4.34,-0.27,0,45.3,0,1.1,-0.3,25,11,2,0.5375,1,Gujarat,GJ,78.0,69.7,21.3,17.9,Narmada,32.4,1,89.5,30.5,UNDERGRADUATE
UG_2026_0612,Male,General,22.1,Hosteler,0.5,>8 LPA,3,0,0,3,71.5,72.0,74.9,76.5,74.2,77.5,71.4,74.2,-1.39,3,1,6.94,6.63,-0.31,0,60.7,0,6.2,-0.1,72,8,3,0.1556,0,Gujarat,GJ,78.0,69.7,21.3,17.9,Dahod,40.5,1,88.0,38.1,UNDERGRADUATE
UG_2026_0613,Male,General,19.3,Hosteler,0.5,5-8 LPA,2,0,0,0,63.9,61.7,61.7,61.6,74.5,53.0,52.4,58.1,-11.02,4,1,8.47,7.98,-0.49,0,83.6,0,6.3,3.1,76,18,5,0.4905,0,Gujarat,GJ,78.0,69.7,21.3,17.9,Dahod,40.5,1,88.0,38.1,UNDERGRADUATE
UG_2026_0614,Male,ST,20.6,Day Scholar,19.2,<2 LPA,0,0,0,18,95.6,94.6,93.8,94.3,96.3,89.2,90.8,91.6,-2.75,2,0,5.22,5.44,0.22,0,45.6,0,4.5,-3.6,91,8,4,0.635,1,Kerala,KL,94.0,92.1,43.2,3.2,Wayanad,4.1,1,96.1,18.0,UNDERGRADUATE
UG_2026_0615,Female,General,21.7,Hosteler,0.5,5-8 LPA,2,0,0,1,86.5,92.3,96.4,83.6,80.8,92.4,93.6,90.0,6.42,1,0,4.55,4.86,0.31,0,39.1,1,6.4,0.9,25,15,3,0.6596,1,Madhya Pradesh,MP,69.3,59.2,24.8,18.5,Bhopal,9.4,0,19.1,23.4,UNDERGRADUATE
UG_2026_0616,Female,General,19.3,Hosteler,0.5,<2 LPA,0,0,0,46,75.0,72.2,70.3,44.6,77.5,62.6,60.1,65.3,-8.73,2,1,7.4,6.61,-0.79,0,52.7,0,5.4,-2.7,52,13,3,0.8974,1,Rajasthan,RJ,66.1,52.1,26.0,17.2,Kota,8.2,0,39.7,21.0,UNDERGRADUATE
UG_2026_0617,Female,General,21.3,Hosteler,0.5,2-5 LPA,1,1,1,4,89.8,87.3,95.3,100.0,100.0,96.4,82.9,91.9,-8.57,0,0,7.02,8.07,1.05,0,70.4,0,6.2,-2.8,51,4,4,0.0434,0,Uttar Pradesh,UP,67.7,57.2,23.2,16.8,Varanasi,16.3,0,56.6,29.4,UNDERGRADUATE
UG_2026_0618,Male,ST,19.0,Hosteler,0.5,>8 LPA,3,0,1,17,80.5,83.7,88.1,70.2,72.5,81.2,93.0,83.7,10.25,1,0,6.69,6.29,-0.4,0,57.8,0,3.0,-1.8,42,8,4,0.2929,0,Karnataka,KA,75.4,68.1,36.2,12.0,Yadgir,39.4,1,81.2,36.5,UNDERGRADUATE
UG_2026_0619,Male,General,20.5,Day Scholar,10.5,2-5 LPA,1,1,0,11,65.9,76.2,66.1,63.3,75.2,69.4,59.1,66.7,-8.07,5,1,7.68,6.84,-0.84,0,71.1,0,3.3,-2.5,37,10,1,0.8883,1,Madhya Pradesh,MP,69.3,59.2,24.8,18.5,Barwani,46.1,1,85.5,37.1,UNDERGRADUATE
UG_2026_0620,Male,OBC,20.8,Day Scholar,19.2,2-5 LPA,1,0,1,0,63.8,56.9,70.6,61.9,59.7,58.4,65.6,61.6,2.94,8,1,5.76,5.27,-0.49,4,44.8,1,6.9,-6.5,60,17,1,0.8938,1,Bihar,BR,61.8,51.5,14.5,21.4,Purnia,50.4,1,89.2,42.1,UNDERGRADUATE
UG_2026_0621,Male,General,20.0,Hosteler,0.5,2-5 LPA,1,0,0,11,92.7,82.6,92.4,73.7,91.3,83.3,83.7,85.4,-3.81,1,0,7.33,7.86,0.53,0,75.5,0,8.4,-0.6,42,8,3,0.2325,0,Uttar Pradesh,UP,67.7,57.2,23.2,16.8,Shravasti,49.6,1,96.5,48.2,UNDERGRADUATE
UG_2026_0622,Male,General,22.3,Hosteler,0.5,2-5 LPA,1,0,1,15,86.9,88.0,86.4,84.8,89.4,87.1,91.8,89.6,1.2,2,0,7.48,7.98,0.5,0,71.7,0,7.3,-2.9,81,6,4,0.1259,0,Gujarat,GJ,78.0,69.7,21.3,17.9,Narmada,32.4,1,89.5,30.5,UNDERGRADUATE
UG_2026_0623,Male,OBC,19.8,Day Scholar,5.8,>8 LPA,3,0,0,2,81.0,81.3,87.0,81.3,75.4,89.3,89.9,86.1,7.24,2,0,6.26,5.96,-0.3,0,56.6,0,8.2,-3.5,46,14,6,0.2448,0,Madhya Pradesh,MP,69.3,59.2,24.8,18.5,Barwani,46.1,1,85.5,37.1,UNDERGRADUATE
UG_2026_0624,Female,OBC,21.8,Day Scholar,2.8,5-8 LPA,2,0,0,3,86.8,81.8,85.8,78.2,68.3,75.7,84.7,77.4,8.22,0,0,6.44,6.21,-0.23,0,55.6,0,3.1,-1.7,20,8,5,0.4613,0,Gujarat,GJ,78.0,69.7,21.3,17.9,Ahmedabad,3.8,0,15.9,20.2,UNDERGRADUATE
UG_2026_0625,Female,EWS,20.1,Hosteler,0.5,<2 LPA,0,1,0,30,72.4,84.3,94.6,85.8,90.4,76.0,79.0,80.8,-5.71,0,0,8.42,9.37,0.95,0,84.7,0,6.4,-6.0,35,7,3,0.1227,0,Uttar Pradesh,UP,67.7,57.2,23.2,16.8,Noida / Gautam Buddha Nagar,7.1,0,40.9,22.0,UNDERGRADUATE
UG_2026_0626,Male,General,20.1,Hosteler,0.5,5-8 LPA,2,0,0,8,96.9,86.5,94.7,89.3,85.6,95.8,95.2,93.0,4.77,1,0,6.13,6.6,0.47,0,60.1,0,6.4,-2.0,82,10,5,0.125,0,Tamil Nadu,TN,80.1,73.4,51.4,8.1,Chennai,1.2,0,0.0,17.5,UNDERGRADUATE
UG_2026_0627,Male,SC,20.6,Hosteler,0.5,5-8 LPA,2,0,1,2,93.8,79.0,98.5,85.0,89.9,82.9,88.1,86.7,-0.89,1,0,6.79,6.96,0.17,0,73.5,0,6.8,0.7,37,6,5,0.059,0,Tamil Nadu,TN,80.1,73.4,51.4,8.1,Chennai,1.2,0,0.0,17.5,UNDERGRADUATE
UG_2026_0628,Female,SC,20.1,Hosteler,0.5,2-5 LPA,1,1,1,1,71.3,82.4,75.8,69.3,76.9,73.8,73.3,74.4,-1.8,5,1,8.76,9.07,0.31,0,82.3,0,6.8,-2.2,38,8,2,0.0612,0,Tamil Nadu,TN,80.1,73.4,51.4,8.1,Coimbatore,2.1,0,24.2,18.9,UNDERGRADUATE
UG_2026_0629,Male,OBC,18.0,Day Scholar,19.7,>8 LPA,3,0,0,4,78.1,72.2,84.8,79.3,73.9,70.2,78.3,74.4,2.19,6,1,8.88,9.03,0.15,0,90.1,0,6.3,-5.8,26,7,8,0.0504,0,Tamil Nadu,TN,80.1,73.4,51.4,8.1,Ramanathapuram,7.8,1,69.7,22.1,UNDERGRADUATE
UG_2026_0630,Female,General,20.3,Hosteler,0.5,2-5 LPA,1,0,1,4,45.5,56.5,56.3,45.4,55.6,49.5,36.4,45.8,-9.61,19,1,7.75,6.82,-0.93,2,59.0,0,5.1,4.4,44,11,3,0.9839,1,Maharashtra,MH,82.3,75.9,32.3,11.2,Pune,3.9,0,39.1,21.0,UNDERGRADUATE
UG_2026_0631,Male,General,22.4,Hosteler,0.5,>8 LPA,3,0,0,4,93.5,77.7,82.9,90.2,82.1,81.2,68.5,76.3,-6.81,2,0,8.21,8.31,0.1,0,72.4,0,12.2,-3.5,74,10,3,0.1135,0,Maharashtra,MH,82.3,75.9,32.3,11.2,Nandurbar,33.1,1,83.3,32.4,UNDERGRADUATE
UG_2026_0632,Male,General,19.3,Day Scholar,16.2,2-5 LPA,1,0,0,23,71.6,58.3,73.1,69.0,80.1,72.1,65.9,71.6,-7.12,6,1,7.47,7.29,-0.18,0,70.8,0,3.7,5.9,19,7,1,0.5981,1,Gujarat,GJ,78.0,69.7,21.3,17.9,Dahod,40.5,1,88.0,38.1,UNDERGRADUATE
UG_2026_0633,Female,SC,19.5,Hosteler,0.5,2-5 LPA,1,1,1,0,95.5,82.6,87.5,84.6,72.8,89.6,89.6,85.4,8.36,1,0,7.25,7.14,-0.11,0,73.8,0,10.3,-0.1,22,12,2,0.0117,0,Haryana,HR,75.6,65.9,29.8,12.5,Gurugram,2.5,0,31.2,20.5,UNDERGRADUATE
UG_2026_0634,Male,OBC,18.1,Hosteler,0.5,2-5 LPA,1,1,0,0,93.0,90.6,90.1,87.9,85.8,87.3,83.1,85.3,-1.33,1,0,6.81,6.54,-0.27,0,64.0,0,7.8,-2.6,26,8,7,0.132,0,Uttar Pradesh,UP,67.7,57.2,23.2,16.8,Shravasti,49.6,1,96.5,48.2,UNDERGRADUATE
UG_2026_0635,Male,OBC,19.4,Hosteler,0.5,>8 LPA,3,0,0,4,65.8,58.9,65.9,61.0,58.3,63.6,62.5,61.8,2.08,10,1,9.51,9.11,-0.4,3,88.0,0,7.9,1.6,45,7,4,0.3891,0,Bihar,BR,61.8,51.5,14.5,21.4,Patna,18.2,0,56.4,28.5,UNDERGRADUATE
UG_2026_0636,Male,ST,20.2,Day Scholar,21.2,5-8 LPA,2,0,1,0,86.9,81.9,100.0,88.1,100.0,96.2,94.6,96.5,-2.68,1,0,8.6,9.12,0.52,0,88.9,0,7.8,-5.4,38,2,6,0.007,0,Rajasthan,RJ,66.1,52.1,26.0,17.2,Jaisalmer,31.8,1,86.7,33.2,UNDERGRADUATE
UG_2026_0637,Male,General,22.0,Hosteler,0.5,5-8 LPA,2,0,0,2,65.0,66.2,69.9,73.7,75.4,60.3,60.4,64.1,-7.5,5,1,5.87,5.87,0.0,1,52.0,0,3.5,-0.1,83,13,3,0.5564,1,Rajasthan,RJ,66.1,52.1,26.0,17.2,Barmer,34.2,1,93.0,35.8,UNDERGRADUATE
UG_2026_0638,Male,General,19.7,Day Scholar,15.5,2-5 LPA,1,1,0,11,73.8,82.8,78.7,74.2,74.5,70.3,74.7,73.1,0.06,3,1,9.52,8.49,-1.03,0,82.5,0,7.5,-3.2,42,6,3,0.1684,0,Gujarat,GJ,78.0,69.7,21.3,17.9,Narmada,32.4,1,89.5,30.5,UNDERGRADUATE
UG_2026_0639,Female,OBC,20.5,Day Scholar,16.4,<2 LPA,0,1,1,2,90.1,90.7,98.3,81.1,91.2,95.4,87.1,91.0,-2.05,1,0,6.76,7.21,0.45,0,67.1,0,6.9,-1.9,37,5,6,0.0984,0,Gujarat,GJ,78.0,69.7,21.3,17.9,Narmada,32.4,1,89.5,30.5,UNDERGRADUATE
UG_2026_0640,Female,SC,19.7,Day Scholar,22.1,>8 LPA,3,0,1,1,49.1,42.5,55.8,45.8,55.7,46.6,41.6,46.9,-7.06,14,1,6.78,6.07,-0.71,1,51.7,0,5.8,0.0,27,12,4,0.9562,1,Maharashtra,MH,82.3,75.9,32.3,11.2,Mumbai,2.1,0,0.0,19.5,UNDERGRADUATE
UG_2026_0641,Male,EWS,19.1,Hosteler,0.5,2-5 LPA,1,0,1,6,72.5,66.1,79.0,61.2,70.7,70.1,71.7,70.9,0.51,2,1,7.54,7.6,0.06,0,71.6,0,7.0,1.8,13,7,0,0.5256,1,Gujarat,GJ,78.0,69.7,21.3,17.9,Dahod,40.5,1,88.0,38.1,UNDERGRADUATE
UG_2026_0642,Male,ST,20.3,Hosteler,0.5,2-5 LPA,1,0,1,1,64.6,52.3,66.5,59.2,64.4,54.0,65.4,61.1,0.46,5,1,7.82,7.44,-0.38,2,76.8,0,3.9,-1.9,66,8,1,0.2583,0,Bihar,BR,61.8,51.5,14.5,21.4,Katihar,48.7,1,91.1,44.3,UNDERGRADUATE
UG_2026_0643,Female,General,21.8,Hosteler,0.5,2-5 LPA,1,0,1,6,60.9,65.6,64.9,51.5,62.2,76.3,70.2,70.3,3.98,4,1,4.57,3.8,-0.77,0,32.9,0,5.3,-0.5,8,12,2,0.2584,0,Karnataka,KA,75.4,68.1,36.2,12.0,Bengaluru Urban,1.8,0,9.1,18.2,UNDERGRADUATE
UG_2026_0644,Male,SC,20.2,Hosteler,0.5,2-5 LPA,1,0,0,23,66.4,80.9,74.1,63.3,73.9,70.2,68.6,70.5,-2.64,5,1,8.44,8.1,-0.34,0,80.4,0,6.1,3.2,30,9,2,0.4804,0,Kerala,KL,94.0,92.1,43.2,3.2,Wayanad,4.1,1,96.1,18.0,UNDERGRADUATE
UG_2026_0645,Female,General,19.8,Day Scholar,12.3,5-8 LPA,2,0,0,4,63.2,75.7,69.6,75.7,62.1,67.6,77.7,70.3,7.78,2,1,7.87,7.94,0.07,0,65.4,0,0.6,0.2,40,10,5,0.0977,0,Karnataka,KA,75.4,68.1,36.2,12.0,Bengaluru Urban,1.8,0,9.1,18.2,UNDERGRADUATE
UG_2026_0646,Male,General,18.7,Day Scholar,17.9,5-8 LPA,2,1,0,7,68.0,80.1,77.8,74.7,82.6,69.6,73.0,74.2,-4.79,4,1,8.41,8.37,-0.04,0,79.6,0,6.3,-2.7,20,7,5,0.3329,0,Haryana,HR,75.6,65.9,29.8,12.5,Nuh / Mewat,44.8,1,88.6,47.0,UNDERGRADUATE
UG_2026_0647,Female,OBC,19.3,Day Scholar,6.6,2-5 LPA,1,0,1,0,95.8,91.5,95.1,82.8,100.0,96.0,85.6,92.8,-7.19,0,0,8.54,9.29,0.75,0,92.4,0,11.1,-5.0,49,8,2,0.0087,0,Uttar Pradesh,UP,67.7,57.2,23.2,16.8,Varanasi,16.3,0,56.6,29.4,UNDERGRADUATE
UG_2026_0648,Male,OBC,20.3,Hosteler,0.5,2-5 LPA,1,1,0,11,62.4,63.9,65.6,49.2,61.4,57.7,62.2,60.4,0.38,11,1,7.07,6.93,-0.14,1,60.7,0,6.2,-1.5,18,12,5,0.9545,1,Maharashtra,MH,82.3,75.9,32.3,11.2,Nandurbar,33.1,1,83.3,32.4,UNDERGRADUATE
UG_2026_0649,Female,ST,18.6,Hosteler,0.5,5-8 LPA,2,0,1,5,84.9,80.6,90.5,94.4,93.6,89.9,86.5,89.5,-3.55,0,0,8.28,9.7,1.42,0,92.2,0,11.2,-3.0,65,3,3,0.0025,0,Kerala,KL,94.0,92.1,43.2,3.2,Ernakulam,0.6,0,31.9,14.8,UNDERGRADUATE
UG_2026_0650,Male,SC,19.4,Day Scholar,5.2,5-8 LPA,2,0,0,0,80.6,72.6,87.5,77.2,79.2,78.0,79.8,79.1,0.3,1,0,8.12,8.51,0.39,0,88.2,0,10.0,-4.7,39,5,0,0.0275,0,Uttar Pradesh,UP,67.7,57.2,23.2,16.8,Lucknow,8.5,0,33.8,24.1,UNDERGRADUATE
UG_2026_0651,Female,OBC,21.4,Day Scholar,6.9,>8 LPA,3,0,0,3,21.1,16.3,24.2,37.9,25.9,30.0,19.9,24.9,-3.01,8,1,6.76,5.4,-1.36,3,60.0,0,0.0,0.9,38,17,1,0.9962,1,Haryana,HR,75.6,65.9,29.8,12.5,Gurugram,2.5,0,31.2,20.5,UNDERGRADUATE
UG_2026_0652,Male,General,22.2,Day Scholar,8.2,5-8 LPA,2,0,0,3,94.2,94.6,92.4,78.3,95.3,93.7,78.6,88.1,-8.34,0,0,9.28,9.45,0.17,0,91.7,0,5.5,-2.9,35,9,3,0.1536,0,Rajasthan,RJ,66.1,52.1,26.0,17.2,Barmer,34.2,1,93.0,35.8,UNDERGRADUATE
UG_2026_0653,Female,General,21.3,Day Scholar,8.7,5-8 LPA,2,0,0,1,98.9,97.3,100.0,96.6,99.0,99.6,95.2,97.7,-1.89,1,0,9.6,9.38,-0.22,0,81.6,0,8.3,-1.0,31,4,8,0.0032,0,Tamil Nadu,TN,80.1,73.4,51.4,8.1,Coimbatore,2.1,0,24.2,18.9,UNDERGRADUATE
UG_2026_0654,Male,General,22.3,Day Scholar,11.0,<2 LPA,0,0,0,34,55.8,68.3,63.2,69.6,60.3,68.9,58.9,62.7,-0.74,8,1,7.15,6.77,-0.38,4,61.5,0,4.2,5.0,68,14,2,0.9968,1,Karnataka,KA,75.4,68.1,36.2,12.0,Raichur,36.8,1,74.6,34.0,UNDERGRADUATE
UG_2026_0655,Male,ST,19.8,Hosteler,0.5,>8 LPA,3,0,0,4,66.7,59.5,67.1,58.9,52.5,65.0,62.3,60.8,4.91,4,1,5.67,5.45,-0.22,4,43.4,0,9.1,0.2,46,11,3,0.7053,1,Haryana,HR,75.6,65.9,29.8,12.5,Nuh / Mewat,44.8,1,88.6,47.0,UNDERGRADUATE
UG_2026_0656,Female,OBC,22.7,Hosteler,0.5,5-8 LPA,2,0,0,2,68.6,71.5,82.8,76.0,71.4,76.2,65.0,70.5,-3.21,2,1,6.91,6.61,-0.3,1,66.9,0,3.2,2.7,56,8,2,0.2401,0,Tamil Nadu,TN,80.1,73.4,51.4,8.1,Coimbatore,2.1,0,24.2,18.9,UNDERGRADUATE
UG_2026_0657,Male,SC,21.6,Hosteler,0.5,>8 LPA,3,0,0,4,69.9,79.4,81.7,74.0,69.7,74.7,76.6,74.2,3.45,4,1,6.32,5.97,-0.35,0,48.6,0,7.4,0.7,68,10,4,0.4513,0,Karnataka,KA,75.4,68.1,36.2,12.0,Raichur,36.8,1,74.6,34.0,UNDERGRADUATE
UG_2026_0658,Female,General,19.1,Hosteler,0.5,<2 LPA,0,1,1,2,76.6,77.9,80.3,79.7,78.9,78.2,78.4,78.5,-0.26,0,0,7.56,7.49,-0.07,0,67.7,0,7.2,-1.5,33,12,4,0.1618,0,Karnataka,KA,75.4,68.1,36.2,12.0,Bengaluru Urban,1.8,0,9.1,18.2,UNDERGRADUATE
UG_2026_0659,Male,General,18.7,Day Scholar,18.6,2-5 LPA,1,1,0,4,93.0,89.8,91.6,77.0,90.2,81.4,83.7,84.5,-3.25,0,0,8.32,7.67,-0.65,0,64.4,0,5.8,-1.6,45,7,5,0.1609,0,Haryana,HR,75.6,65.9,29.8,12.5,Nuh / Mewat,44.8,1,88.6,47.0,UNDERGRADUATE
UG_2026_0660,Male,General,18.8,Day Scholar,6.3,2-5 LPA,1,1,0,33,45.2,51.9,52.0,33.0,40.8,48.8,48.8,46.8,4.04,17,1,6.04,5.41,-0.63,0,63.9,1,5.1,0.4,26,15,1,0.9754,1,Karnataka,KA,75.4,68.1,36.2,12.0,Yadgir,39.4,1,81.2,36.5,UNDERGRADUATE
UG_2026_0661,Male,SC,18.6,Hosteler,0.5,2-5 LPA,1,1,1,0,68.2,65.2,76.5,66.3,65.5,65.4,75.8,69.6,5.15,3,1,4.53,4.88,0.35,0,47.0,0,6.7,1.7,34,11,3,0.1967,0,Tamil Nadu,TN,80.1,73.4,51.4,8.1,Ramanathapuram,7.8,1,69.7,22.1,UNDERGRADUATE
UG_2026_0662,Female,SC,18.9,Hosteler,0.5,2-5 LPA,1,1,1,1,95.0,100.0,88.6,84.4,94.0,91.3,88.1,90.7,-2.95,0,0,6.98,7.74,0.76,1,67.0,0,6.5,1.2,24,11,5,0.0963,0,Maharashtra,MH,82.3,75.9,32.3,11.2,Mumbai,2.1,0,0.0,19.5,UNDERGRADUATE
UG_2026_0663,Male,General,22.3,Day Scholar,10.4,<2 LPA,0,0,0,2,99.3,97.1,99.9,91.8,94.0,96.2,92.0,94.0,-1.0,2,0,5.9,6.98,1.08,0,65.0,0,5.0,-2.7,57,12,7,0.1079,0,Bihar,BR,61.8,51.5,14.5,21.4,Patna,18.2,0,56.4,28.5,UNDERGRADUATE
UG_2026_0664,Female,General,17.5,Hosteler,0.5,<2 LPA,0,1,1,3,49.6,53.5,54.6,48.0,43.8,51.2,54.0,50.5,5.06,9,1,4.42,3.6,-0.82,0,33.6,1,2.6,1.1,44,15,0,0.9145,1,Kerala,KL,94.0,92.1,43.2,3.2,Ernakulam,0.6,0,31.9,14.8,UNDERGRADUATE
UG_2026_0665,Female,SC,21.3,Day Scholar,23.5,2-5 LPA,1,0,0,34,94.2,80.6,85.9,89.1,78.3,85.8,95.5,87.8,8.6,2,0,7.52,8.65,1.13,0,81.8,0,10.8,1.2,77,8,1,0.0748,0,Madhya Pradesh,MP,69.3,59.2,24.8,18.5,Indore,6.8,0,25.9,21.8,UNDERGRADUATE
UG_2026_0666,Male,SC,20.2,Day Scholar,20.8,<2 LPA,0,1,0,30,78.3,76.0,74.2,77.4,90.1,73.7,57.2,71.2,-16.43,5,1,8.02,7.78,-0.24,0,76.0,0,6.9,-2.8,82,7,1,0.8418,1,Madhya Pradesh,MP,69.3,59.2,24.8,18.5,Barwani,46.1,1,85.5,37.1,UNDERGRADUATE
UG_2026_0667,Female,OBC,22.1,Day Scholar,5.7,>8 LPA,3,0,0,3,94.7,90.5,99.5,90.8,97.3,88.4,96.5,93.9,-0.37,0,0,9.95,9.96,0.01,0,95.2,0,7.1,-2.3,35,5,2,0.0117,0,Madhya Pradesh,MP,69.3,59.2,24.8,18.5,Bhopal,9.4,0,19.1,23.4,UNDERGRADUATE
UG_2026_0668,Male,SC,18.5,Day Scholar,6.7,<2 LPA,0,0,1,4,58.8,60.1,66.9,58.1,60.2,63.1,54.6,58.9,-2.81,6,1,4.11,3.69,-0.42,3,30.5,0,1.6,3.1,32,15,0,0.9661,1,Madhya Pradesh,MP,69.3,59.2,24.8,18.5,Alirajpur,52.0,1,92.2,39.5,UNDERGRADUATE
UG_2026_0669,Female,OBC,18.6,Day Scholar,7.1,5-8 LPA,2,1,0,0,87.7,86.1,92.0,78.7,83.7,99.4,88.9,91.3,2.6,2,0,8.55,8.48,-0.07,0,82.7,0,10.3,-2.4,36,5,7,0.0057,0,Madhya Pradesh,MP,69.3,59.2,24.8,18.5,Indore,6.8,0,25.9,21.8,UNDERGRADUATE
UG_2026_0670,Male,General,20.7,Hosteler,0.5,5-8 LPA,2,1,0,3,73.2,70.7,87.2,78.5,87.2,79.8,76.8,80.5,-5.17,2,0,7.35,7.8,0.45,0,65.7,0,9.4,2.0,214,6,2,0.2878,0,Haryana,HR,75.6,65.9,29.8,12.5,Nuh / Mewat,44.8,1,88.6,47.0,UNDERGRADUATE
UG_2026_0671,Female,SC,18.2,Hosteler,0.5,5-8 LPA,2,0,1,9,87.9,94.9,90.2,84.8,97.6,100.0,95.9,97.7,-0.89,2,0,9.71,9.48,-0.23,0,82.7,0,10.0,-4.8,60,4,4,0.0226,0,Rajasthan,RJ,66.1,52.1,26.0,17.2,Kota,8.2,0,39.7,21.0,UNDERGRADUATE
UG_2026_0672,Female,OBC,18.7,Hosteler,0.5,<2 LPA,0,1,1,2,76.3,75.0,77.6,60.0,76.9,85.9,88.7,84.7,5.9,0,0,9.72,10.0,0.28,0,95.9,0,8.2,0.7,45,10,6,0.0214,0,Tamil Nadu,TN,80.1,73.4,51.4,8.1,Coimbatore,2.1,0,24.2,18.9,UNDERGRADUATE
UG_2026_0673,Female,General,21.3,Day Scholar,9.6,2-5 LPA,1,1,0,0,89.4,94.1,95.4,88.6,92.8,90.9,99.4,94.8,3.3,2,0,5.44,6.28,0.84,0,59.1,0,4.2,2.6,103,6,4,0.0398,0,Kerala,KL,94.0,92.1,43.2,3.2,Ernakulam,0.6,0,31.9,14.8,UNDERGRADUATE
UG_2026_0674,Male,SC,21.4,Day Scholar,8.8,>8 LPA,3,0,1,2,69.2,74.2,76.8,75.3,71.2,69.6,73.6,71.6,1.2,6,1,8.07,7.8,-0.27,0,78.8,0,6.4,-0.7,36,12,4,0.0924,0,Bihar,BR,61.8,51.5,14.5,21.4,Katihar,48.7,1,91.1,44.3,UNDERGRADUATE
UG_2026_0675,Female,General,20.9,Hosteler,0.5,2-5 LPA,1,1,1,4,40.4,47.0,44.4,47.6,41.5,49.5,48.0,46.9,3.26,21,1,5.94,5.35,-0.59,3,56.4,0,4.2,-0.5,33,14,5,0.8833,1,Maharashtra,MH,82.3,75.9,32.3,11.2,Pune,3.9,0,39.1,21.0,UNDERGRADUATE
UG_2026_0676,Female,General,20.3,Day Scholar,13.1,2-5 LPA,1,0,0,12,93.0,95.0,95.8,86.5,92.7,88.9,87.4,89.2,-2.64,0,0,7.19,7.91,0.72,0,69.1,0,9.7,-4.6,23,5,1,0.0419,0,Kerala,KL,94.0,92.1,43.2,3.2,Ernakulam,0.6,0,31.9,14.8,UNDERGRADUATE
UG_2026_0677,Female,General,17.5,Hosteler,0.5,>8 LPA,3,0,0,2,85.1,90.6,96.6,77.2,90.6,88.0,97.5,92.4,3.48,2,0,7.88,8.31,0.43,0,83.3,0,9.8,-0.1,28,8,3,0.0379,0,Bihar,BR,61.8,51.5,14.5,21.4,Gaya,38.6,1,86.8,36.2,UNDERGRADUATE
UG_2026_0678,Male,ST,18.8,Hosteler,0.5,2-5 LPA,1,0,1,17,69.3,75.5,72.4,55.1,71.9,68.3,69.3,69.6,-1.27,2,1,8.58,8.49,-0.09,0,76.7,0,7.1,-0.8,44,7,4,0.0941,0,Maharashtra,MH,82.3,75.9,32.3,11.2,Nandurbar,33.1,1,83.3,32.4,UNDERGRADUATE
UG_2026_0679,Female,OBC,22.0,Day Scholar,8.7,2-5 LPA,1,0,0,12,76.0,64.7,72.4,64.9,71.2,72.9,66.9,70.1,-2.18,3,1,8.28,8.75,0.47,0,73.1,0,8.0,0.7,35,6,2,0.2302,0,Haryana,HR,75.6,65.9,29.8,12.5,Gurugram,2.5,0,31.2,20.5,UNDERGRADUATE
UG_2026_0680,Female,SC,20.0,Day Scholar,21.2,2-5 LPA,1,1,1,0,58.2,65.8,68.9,53.7,58.6,65.9,66.2,64.2,3.81,6,1,8.46,8.66,0.2,2,80.6,0,4.4,-0.7,29,10,3,0.2497,0,Gujarat,GJ,78.0,69.7,21.3,17.9,Ahmedabad,3.8,0,15.9,20.2,UNDERGRADUATE
UG_2026_0681,Female,ST,20.5,Day Scholar,17.6,<2 LPA,0,1,0,62,45.0,50.1,44.1,37.6,53.3,39.3,39.1,42.7,-7.13,16,1,6.78,5.62,-1.16,0,56.8,1,1.5,1.9,17,13,1,0.9993,1,Kerala,KL,94.0,92.1,43.2,3.2,Thiruvananthapuram,0.9,0,46.2,15.2,UNDERGRADUATE
UG_2026_0682,Male,EWS,19.4,Day Scholar,45.0,2-5 LPA,1,0,1,16,83.9,78.5,90.1,85.2,77.9,73.0,81.4,77.6,1.74,1,0,5.17,4.87,-0.3,0,48.6,0,2.7,-0.0,143,10,1,0.4381,0,Karnataka,KA,75.4,68.1,36.2,12.0,Yadgir,39.4,1,81.2,36.5,UNDERGRADUATE
UG_2026_0683,Male,ST,19.8,Day Scholar,14.5,2-5 LPA,1,1,0,62,90.8,91.0,96.7,88.5,87.0,90.9,97.5,92.5,5.28,1,0,8.84,9.6,0.76,0,89.3,0,9.5,-0.2,28,4,8,0.1268,0,Kerala,KL,94.0,92.1,43.2,3.2,Wayanad,4.1,1,96.1,18.0,UNDERGRADUATE
UG_2026_0684,Female,General,20.0,Hosteler,0.5,2-5 LPA,1,0,0,4,82.7,95.8,92.4,77.6,83.7,85.1,84.2,84.4,0.23,1,0,5.83,5.46,-0.37,0,55.5,0,0.0,-0.1,35,13,4,0.5376,1,Uttar Pradesh,UP,67.7,57.2,23.2,16.8,Varanasi,16.3,0,56.6,29.4,UNDERGRADUATE
UG_2026_0685,Male,General,21.2,Day Scholar,11.5,2-5 LPA,1,0,0,10,92.0,87.2,93.5,80.1,89.3,82.7,92.8,88.4,1.72,1,0,5.8,6.16,0.36,0,58.5,0,9.3,-1.8,83,8,2,0.1369,0,Tamil Nadu,TN,80.1,73.4,51.4,8.1,Ramanathapuram,7.8,1,69.7,22.1,UNDERGRADUATE
UG_2026_0686,Female,General,19.5,Day Scholar,8.1,2-5 LPA,1,1,0,14,87.4,82.9,89.4,73.1,75.3,86.3,91.8,85.8,8.22,0,0,8.95,10.0,1.05,0,99.0,0,9.8,-4.5,63,2,3,0.0229,0,Madhya Pradesh,MP,69.3,59.2,24.8,18.5,Bhopal,9.4,0,19.1,23.4,UNDERGRADUATE
UG_2026_0687,Female,General,19.7,Hosteler,0.5,5-8 LPA,2,0,0,1,59.0,48.4,53.0,57.5,62.5,59.2,42.3,53.3,-10.13,11,1,6.54,6.33,-0.21,0,61.2,0,8.8,-2.5,28,10,2,0.7092,1,Kerala,KL,94.0,92.1,43.2,3.2,Ernakulam,0.6,0,31.9,14.8,UNDERGRADUATE
UG_2026_0688,Male,OBC,23.2,Day Scholar,19.0,5-8 LPA,2,0,0,1,50.9,62.9,59.7,47.8,63.6,51.8,44.7,51.9,-9.43,8,1,7.0,6.18,-0.82,1,61.8,0,5.6,-2.2,25,32,2,0.9689,1,Gujarat,GJ,78.0,69.7,21.3,17.9,Dahod,40.5,1,88.0,38.1,UNDERGRADUATE
UG_2026_0689,Male,General,21.7,Day Scholar,14.7,5-8 LPA,2,0,0,2,82.4,82.2,90.8,74.4,87.7,85.0,83.5,85.1,-2.12,1,0,7.93,8.8,0.87,0,80.1,0,7.9,-1.3,46,5,4,0.0083,0,Maharashtra,MH,82.3,75.9,32.3,11.2,Mumbai,2.1,0,0.0,19.5,UNDERGRADUATE
UG_2026_0690,Male,General,22.3,Day Scholar,13.8,2-5 LPA,1,0,0,10,45.3,41.8,50.4,47.3,50.7,39.5,33.9,40.1,-8.44,23,1,6.71,5.72,-0.99,1,49.4,1,6.4,4.2,38,18,0,0.9923,1,Gujarat,GJ,78.0,69.7,21.3,17.9,Narmada,32.4,1,89.5,30.5,UNDERGRADUATE
UG_2026_0691,Male,SC,21.9,Day Scholar,8.9,2-5 LPA,1,1,1,2,93.7,97.7,94.7,100.0,89.9,100.0,94.6,95.3,2.35,1,0,6.76,7.46,0.7,0,69.2,0,7.8,0.9,44,7,4,0.0518,0,Bihar,BR,61.8,51.5,14.5,21.4,Patna,18.2,0,56.4,28.5,UNDERGRADUATE
UG_2026_0692,Male,General,20.2,Day Scholar,4.6,5-8 LPA,2,0,0,1,51.0,44.0,54.5,53.6,51.3,45.2,50.2,48.7,-0.57,24,1,9.06,8.71,-0.35,3,91.4,0,5.8,-0.1,44,9,2,0.8111,1,Gujarat,GJ,78.0,69.7,21.3,17.9,Dahod,40.5,1,88.0,38.1,UNDERGRADUATE
UG_2026_0693,Male,General,17.5,Hosteler,0.5,>8 LPA,3,1,0,4,93.7,97.9,100.0,94.8,91.4,92.5,94.2,92.9,1.42,2,0,7.32,8.1,0.78,0,84.1,0,11.4,-2.5,26,9,7,0.0545,0,Haryana,HR,75.6,65.9,29.8,12.5,Nuh / Mewat,44.8,1,88.6,47.0,UNDERGRADUATE
UG_2026_0694,Female,OBC,18.9,Day Scholar,10.6,5-8 LPA,2,1,0,3,29.2,26.4,39.3,30.2,44.7,31.5,28.8,33.7,-7.96,24,1,8.38,7.43,-0.95,3,74.3,0,4.0,-2.5,40,13,6,0.9917,1,Rajasthan,RJ,66.1,52.1,26.0,17.2,Jaipur,6.9,0,47.6,22.5,UNDERGRADUATE
UG_2026_0695,Female,General,20.7,Day Scholar,16.4,>8 LPA,3,0,0,2,78.7,87.0,88.4,66.6,74.6,78.5,84.3,79.8,4.83,1,0,6.83,6.71,-0.12,1,65.5,0,6.2,-1.8,23,11,6,0.1501,0,Rajasthan,RJ,66.1,52.1,26.0,17.2,Jaipur,6.9,0,47.6,22.5,UNDERGRADUATE
UG_2026_0696,Male,OBC,18.2,Hosteler,0.5,>8 LPA,3,0,0,15,42.2,40.9,41.5,47.2,40.4,41.9,47.2,43.7,3.41,20,1,5.62,4.8,-0.82,3,42.8,0,6.1,-0.6,51,23,1,0.9989,1,Uttar Pradesh,UP,67.7,57.2,23.2,16.8,Balrampur,47.9,1,92.3,45.0,UNDERGRADUATE
UG_2026_0697,Male,SC,19.0,Day Scholar,24.9,2-5 LPA,1,1,1,7,82.1,89.4,77.4,86.7,83.3,78.9,81.7,81.1,-0.82,1,0,8.72,9.44,0.72,0,86.8,0,9.9,-1.9,27,19,6,0.0417,0,Haryana,HR,75.6,65.9,29.8,12.5,Nuh / Mewat,44.8,1,88.6,47.0,UNDERGRADUATE
UG_2026_0698,Female,OBC,21.9,Day Scholar,10.5,2-5 LPA,1,0,1,2,63.6,68.8,79.7,73.8,71.9,73.9,66.4,70.4,-2.75,3,1,7.39,7.38,-0.01,0,75.2,0,3.3,0.7,44,7,3,0.235,0,Haryana,HR,75.6,65.9,29.8,12.5,Gurugram,2.5,0,31.2,20.5,UNDERGRADUATE
UG_2026_0699,Male,OBC,21.6,Hosteler,0.5,<2 LPA,0,1,1,3,48.1,39.1,38.3,43.6,26.5,33.8,47.2,37.3,10.31,13,1,7.27,5.94,-1.33,3,54.8,1,3.6,0.8,22,29,5,0.9924,1,Gujarat,GJ,78.0,69.7,21.3,17.9,Dahod,40.5,1,88.0,38.1,UNDERGRADUATE
UG_2026_0700,Male,SC,20.2,Day Scholar,6.2,>8 LPA,3,0,1,2,65.2,65.7,74.1,70.1,65.7,70.3,68.6,68.4,1.42,5,1,8.17,8.04,-0.13,0,83.0,0,6.7,0.6,36,8,1,0.0651,0,Uttar Pradesh,UP,67.7,57.2,23.2,16.8,Shravasti,49.6,1,96.5,48.2,UNDERGRADUATE
UG_2026_0701,Male,OBC,22.9,Day Scholar,10.6,<2 LPA,0,1,1,1,90.7,80.5,88.0,87.0,83.8,89.3,70.6,80.4,-6.6,2,0,6.55,6.3,-0.25,0,59.3,0,5.8,-3.1,38,9,3,0.2472,0,Rajasthan,RJ,66.1,52.1,26.0,17.2,Jaisalmer,31.8,1,86.7,33.2,UNDERGRADUATE
UG_2026_0702,Female,General,20.3,Day Scholar,23.0,2-5 LPA,1,1,0,4,81.5,84.9,81.2,75.0,81.5,80.7,81.0,81.0,-0.21,2,0,6.71,7.38,0.67,0,76.5,0,5.6,-2.3,71,7,5,0.2809,0,Madhya Pradesh,MP,69.3,59.2,24.8,18.5,Indore,6.8,0,25.9,21.8,UNDERGRADUATE
UG_2026_0703,Male,ST,18.7,Hosteler,0.5,5-8 LPA,2,0,1,5,92.7,78.4,75.3,78.2,80.0,72.7,80.4,77.6,0.19,0,0,8.54,8.71,0.17,0,90.5,0,2.0,-6.4,48,9,10,0.0285,0,Madhya Pradesh,MP,69.3,59.2,24.8,18.5,Barwani,46.1,1,85.5,37.1,UNDERGRADUATE
UG_2026_0704,Male,General,18.4,Day Scholar,15.4,2-5 LPA,1,1,0,13,63.2,54.0,67.0,67.2,65.1,68.5,56.1,62.7,-4.48,8,1,7.92,7.53,-0.39,0,70.7,0,6.7,-2.5,51,8,3,0.7277,1,Rajasthan,RJ,66.1,52.1,26.0,17.2,Jaisalmer,31.8,1,86.7,33.2,UNDERGRADUATE
UG_2026_0705,Male,SC,18.6,Hosteler,0.5,5-8 LPA,2,0,0,0,96.4,98.1,98.8,93.5,88.5,92.7,100.0,94.6,5.73,1,0,5.45,5.73,0.28,0,62.2,0,8.5,-3.8,53,10,4,0.0484,0,Haryana,HR,75.6,65.9,29.8,12.5,Nuh / Mewat,44.8,1,88.6,47.0,UNDERGRADUATE
UG_2026_0706,Female,EWS,21.8,Day Scholar,3.4,<2 LPA,0,1,0,15,79.6,73.8,82.2,64.3,67.2,73.9,77.2,73.6,5.01,3,1,9.45,9.27,-0.18,0,91.8,0,8.1,-3.1,70,7,5,0.343,0,Madhya Pradesh,MP,69.3,59.2,24.8,18.5,Bhopal,9.4,0,19.1,23.4,UNDERGRADUATE
UG_2026_0707,Female,OBC,20.0,Hosteler,0.5,2-5 LPA,1,1,0,12,98.6,95.7,100.0,93.9,100.0,100.0,93.3,97.3,-3.36,0,0,5.93,6.26,0.33,0,59.9,0,3.3,-1.3,16,5,4,0.104,0,Maharashtra,MH,82.3,75.9,32.3,11.2,Pune,3.9,0,39.1,21.0,UNDERGRADUATE
UG_2026_0708,Male,General,18.8,Hosteler,0.5,<2 LPA,0,0,1,1,78.7,90.3,89.7,84.5,82.9,76.6,92.8,84.6,4.91,0,0,7.08,7.35,0.27,0,75.4,0,6.4,-1.7,69,9,6,0.0331,0,Gujarat,GJ,78.0,69.7,21.3,17.9,Dahod,40.5,1,88.0,38.1,UNDERGRADUATE
UG_2026_0709,Female,EWS,19.5,Day Scholar,14.0,2-5 LPA,1,1,0,20,83.9,94.3,87.7,66.9,88.4,84.1,82.9,84.7,-2.75,2,0,7.3,7.85,0.55,0,75.9,0,8.3,0.1,40,6,3,0.184,0,Madhya Pradesh,MP,69.3,59.2,24.8,18.5,Bhopal,9.4,0,19.1,23.4,UNDERGRADUATE
UG_2026_0710,Female,ST,20.4,Hosteler,0.5,5-8 LPA,2,0,0,0,58.4,59.5,64.2,65.6,65.5,62.4,52.0,59.0,-6.78,5,1,7.8,8.14,0.34,1,82.8,0,4.3,-0.7,52,10,2,0.6318,1,Gujarat,GJ,78.0,69.7,21.3,17.9,Ahmedabad,3.8,0,15.9,20.2,UNDERGRADUATE
UG_2026_0711,Female,General,19.0,Hosteler,0.5,<2 LPA,0,0,1,4,68.9,61.9,76.4,64.7,74.5,71.7,63.0,68.9,-5.74,6,1,8.61,7.98,-0.63,0,80.9,0,5.5,-1.7,63,9,1,0.2229,0,Haryana,HR,75.6,65.9,29.8,12.5,Gurugram,2.5,0,31.2,20.5,UNDERGRADUATE
UG_2026_0712,Male,General,17.5,Day Scholar,19.8,5-8 LPA,2,0,0,0,56.3,69.0,67.5,56.8,65.3,69.2,53.6,62.0,-5.86,4,1,9.75,9.22,-0.53,3,97.1,0,10.1,1.8,68,9,6,0.2079,0,Bihar,BR,61.8,51.5,14.5,21.4,Katihar,48.7,1,91.1,44.3,UNDERGRADUATE
UG_2026_0713,Male,General,21.4,Day Scholar,3.1,5-8 LPA,2,0,0,0,87.0,89.7,93.9,81.4,81.9,84.4,93.8,87.5,5.97,2,0,5.33,5.97,0.64,0,59.7,0,7.6,-6.2,27,11,0,0.0596,0,Karnataka,KA,75.4,68.1,36.2,12.0,Yadgir,39.4,1,81.2,36.5,UNDERGRADUATE
UG_2026_0714,Male,EWS,18.4,Hosteler,0.5,>8 LPA,3,0,1,4,75.0,73.8,79.6,69.4,64.4,77.4,73.6,72.6,4.62,5,1,8.87,8.02,-0.85,0,77.9,0,10.3,1.2,67,7,3,0.031,0,Bihar,BR,61.8,51.5,14.5,21.4,Purnia,50.4,1,89.2,42.1,UNDERGRADUATE
UG_2026_0715,Male,General,21.0,Hosteler,0.5,>8 LPA,3,0,0,7,96.7,86.4,93.1,86.3,97.3,89.2,87.6,90.6,-4.86,0,0,7.81,8.76,0.95,0,86.4,0,6.5,-7.1,140,9,5,0.049,0,Haryana,HR,75.6,65.9,29.8,12.5,Nuh / Mewat,44.8,1,88.6,47.0,UNDERGRADUATE
UG_2026_0716,Male,SC,20.0,Hosteler,0.5,<2 LPA,0,1,1,3,63.0,61.0,73.2,52.3,66.3,62.3,75.4,68.5,4.53,3,1,6.92,7.19,0.27,0,65.2,0,6.9,-1.1,36,10,5,0.2273,0,Madhya Pradesh,MP,69.3,59.2,24.8,18.5,Barwani,46.1,1,85.5,37.1,UNDERGRADUATE
UG_2026_0717,Female,General,20.5,Day Scholar,3.2,5-8 LPA,2,0,0,2,100.0,97.9,96.2,78.9,94.2,91.7,87.5,90.7,-3.34,0,0,5.98,6.5,0.52,0,54.0,0,5.5,0.4,21,7,1,0.4635,0,Bihar,BR,61.8,51.5,14.5,21.4,Muzaffarpur,35.1,1,90.3,38.0,UNDERGRADUATE
UG_2026_0718,Male,EWS,20.4,Hosteler,0.5,2-5 LPA,1,1,1,3,39.4,42.7,38.4,42.5,44.8,30.5,30.3,34.0,-7.27,22,1,9.95,8.51,-1.44,6,85.3,0,3.6,-1.5,41,13,2,0.9971,1,Gujarat,GJ,78.0,69.7,21.3,17.9,Dahod,40.5,1,88.0,38.1,UNDERGRADUATE
UG_2026_0719,Female,OBC,20.3,Hosteler,0.5,5-8 LPA,2,0,0,2,63.8,62.4,65.0,64.2,61.2,61.6,62.7,61.9,0.73,4,1,8.81,8.09,-0.72,1,77.9,0,7.9,-1.2,41,8,3,0.1912,0,Gujarat,GJ,78.0,69.7,21.3,17.9,Ahmedabad,3.8,0,15.9,20.2,UNDERGRADUATE
UG_2026_0720,Male,OBC,20.7,Day Scholar,12.1,<2 LPA,0,1,1,31,57.1,60.6,72.8,51.0,56.0,67.2,64.0,63.1,3.98,9,1,6.16,5.51,-0.65,5,44.5,0,6.0,-3.2,17,11,2,0.9592,1,Bihar,BR,61.8,51.5,14.5,21.4,Katihar,48.7,1,91.1,44.3,UNDERGRADUATE
UG_2026_0721,Male,SC,19.8,Day Scholar,9.1,<2 LPA,0,0,1,3,79.3,70.5,83.2,76.5,81.3,78.6,75.6,78.1,-2.85,1,0,5.5,6.4,0.9,0,66.0,0,9.8,-2.6,35,8,1,0.1388,0,Karnataka,KA,75.4,68.1,36.2,12.0,Yadgir,39.4,1,81.2,36.5,UNDERGRADUATE
UG_2026_0722,Male,ST,17.7,Day Scholar,5.1,<2 LPA,0,1,0,17,81.4,71.4,78.7,77.7,72.7,79.5,78.5,77.4,2.94,0,0,5.42,5.08,-0.34,0,43.8,0,6.0,-3.7,24,12,2,0.6216,1,Uttar Pradesh,UP,67.7,57.2,23.2,16.8,Balrampur,47.9,1,92.3,45.0,UNDERGRADUATE
UG_2026_0723,Male,SC,18.6,Hosteler,0.5,>8 LPA,3,1,1,3,49.9,54.0,57.9,52.1,43.9,40.4,43.3,42.4,-0.32,20,1,6.84,6.04,-0.8,1,65.3,0,5.6,1.2,21,13,3,0.971,1,Maharashtra,MH,82.3,75.9,32.3,11.2,Nandurbar,33.1,1,83.3,32.4,UNDERGRADUATE
UG_2026_0724,Male,General,17.9,Hosteler,0.5,2-5 LPA,1,1,0,2,75.8,92.7,85.9,78.1,76.0,87.6,78.7,81.1,1.36,1,0,9.95,10.0,0.05,0,94.8,0,9.3,1.5,84,18,4,0.0636,0,Gujarat,GJ,78.0,69.7,21.3,17.9,Narmada,32.4,1,89.5,30.5,UNDERGRADUATE
UG_2026_0725,Female,General,19.7,Hosteler,0.5,5-8 LPA,2,1,0,8,71.7,67.9,82.5,76.8,78.8,79.9,80.3,79.8,0.76,2,0,7.43,7.45,0.02,0,71.1,0,8.4,-2.7,30,13,2,0.1174,0,Uttar Pradesh,UP,67.7,57.2,23.2,16.8,Noida / Gautam Buddha Nagar,7.1,0,40.9,22.0,UNDERGRADUATE
UG_2026_0726,Female,SC,20.1,Hosteler,0.5,2-5 LPA,1,1,1,3,42.4,48.7,53.5,51.2,52.5,48.7,59.8,54.1,3.64,5,1,6.68,6.75,0.07,5,60.8,0,8.3,-0.2,72,10,3,0.9617,1,Kerala,KL,94.0,92.1,43.2,3.2,Ernakulam,0.6,0,31.9,14.8,UNDERGRADUATE
UG_2026_0727,Female,OBC,18.9,Day Scholar,6.8,<2 LPA,0,1,0,93,86.3,69.8,82.6,77.9,87.9,84.8,72.7,80.8,-7.58,0,0,6.72,6.72,0.0,0,64.3,0,4.3,-3.7,32,8,5,0.9151,1,Karnataka,KA,75.4,68.1,36.2,12.0,Raichur,36.8,1,74.6,34.0,UNDERGRADUATE
UG_2026_0728,Female,SC,17.8,Hosteler,0.5,2-5 LPA,1,1,0,1,64.8,54.9,61.8,62.6,60.9,61.9,60.5,61.1,-0.19,10,1,6.23,5.82,-0.41,1,56.2,0,3.8,-0.9,30,11,2,0.5369,1,Kerala,KL,94.0,92.1,43.2,3.2,Ernakulam,0.6,0,31.9,14.8,UNDERGRADUATE
UG_2026_0729,Female,General,19.5,Hosteler,0.5,>8 LPA,3,0,0,3,57.0,58.6,66.7,66.3,56.6,59.5,61.4,59.5,2.41,4,1,8.08,8.23,0.15,2,79.2,0,7.8,-4.2,40,21,7,0.3368,0,Haryana,HR,75.6,65.9,29.8,12.5,Gurugram,2.5,0,31.2,20.5,UNDERGRADUATE
UG_2026_0730,Male,General,20.8,Day Scholar,3.6,2-5 LPA,1,1,1,0,85.5,86.7,100.0,87.2,87.5,93.2,94.2,92.2,3.33,1,0,9.85,9.42,-0.43,0,81.5,0,8.2,-1.2,87,2,6,0.0189,0,Uttar Pradesh,UP,67.7,57.2,23.2,16.8,Balrampur,47.9,1,92.3,45.0,UNDERGRADUATE
UG_2026_0731,Male,SC,20.7,Day Scholar,10.7,5-8 LPA,2,0,1,1,79.0,69.9,81.8,92.6,83.7,72.2,83.9,79.8,0.13,2,0,6.8,6.55,-0.25,0,58.2,0,4.5,-0.3,34,9,2,0.2586,0,Uttar Pradesh,UP,67.7,57.2,23.2,16.8,Shravasti,49.6,1,96.5,48.2,UNDERGRADUATE
UG_2026_0732,Female,EWS,19.1,Day Scholar,9.4,2-5 LPA,1,0,1,16,91.6,89.1,93.7,76.8,82.9,91.0,75.8,82.9,-3.55,1,0,5.16,4.77,-0.39,0,39.5,0,5.8,-0.8,41,11,3,0.6135,1,Maharashtra,MH,82.3,75.9,32.3,11.2,Pune,3.9,0,39.1,21.0,UNDERGRADUATE
UG_2026_0733,Male,ST,19.5,Day Scholar,7.1,2-5 LPA,1,0,0,4,91.7,92.5,90.3,93.2,88.3,89.0,90.3,89.3,0.98,0,0,8.17,7.63,-0.54,0,73.7,0,4.7,-2.2,66,4,3,0.0493,0,Haryana,HR,75.6,65.9,29.8,12.5,Nuh / Mewat,44.8,1,88.6,47.0,UNDERGRADUATE
UG_2026_0734,Male,SC,21.7,Day Scholar,3.0,>8 LPA,3,0,0,3,73.5,83.5,84.4,75.6,73.9,93.8,89.6,87.1,7.86,0,0,9.76,9.7,-0.06,0,88.6,0,5.0,-0.4,41,5,4,0.0279,0,Gujarat,GJ,78.0,69.7,21.3,17.9,Narmada,32.4,1,89.5,30.5,UNDERGRADUATE
UG_2026_0735,Male,General,22.0,Hosteler,0.5,2-5 LPA,1,1,0,10,59.5,81.8,74.6,78.1,75.9,78.7,77.3,77.5,0.71,0,0,8.59,9.11,0.52,0,81.2,0,8.7,-2.3,22,7,3,0.023,0,Tamil Nadu,TN,80.1,73.4,51.4,8.1,Ramanathapuram,7.8,1,69.7,22.1,UNDERGRADUATE
UG_2026_0736,Male,General,20.0,Hosteler,0.5,2-5 LPA,1,1,0,11,67.6,55.8,69.5,56.5,75.6,61.8,63.8,66.1,-5.9,3,1,6.83,5.85,-0.98,1,53.8,0,6.4,-0.3,35,18,7,0.8045,1,Gujarat,GJ,78.0,69.7,21.3,17.9,Dahod,40.5,1,88.0,38.1,UNDERGRADUATE
UG_2026_0737,Female,General,21.4,Hosteler,0.5,2-5 LPA,1,1,1,5,68.7,70.1,74.3,77.1,65.0,74.5,70.1,70.4,2.55,5,1,7.72,8.08,0.36,1,80.9,0,8.4,-2.9,25,6,6,0.0368,0,Kerala,KL,94.0,92.1,43.2,3.2,Thiruvananthapuram,0.9,0,46.2,15.2,UNDERGRADUATE
UG_2026_0738,Male,OBC,21.5,Hosteler,0.5,2-5 LPA,1,0,0,23,82.0,78.7,79.4,83.2,81.9,75.2,77.4,77.7,-2.25,1,0,4.41,4.16,-0.25,0,32.4,0,6.1,-0.9,26,13,4,0.9191,1,Maharashtra,MH,82.3,75.9,32.3,11.2,Nandurbar,33.1,1,83.3,32.4,UNDERGRADUATE
UG_2026_0739,Male,OBC,19.2,Day Scholar,21.2,5-8 LPA,2,0,0,2,59.1,61.8,66.3,61.0,71.3,69.1,59.4,65.8,-5.96,2,1,9.15,9.45,0.3,0,83.7,0,8.6,2.2,52,7,3,0.1818,0,Rajasthan,RJ,66.1,52.1,26.0,17.2,Barmer,34.2,1,93.0,35.8,UNDERGRADUATE
UG_2026_0740,Male,OBC,20.8,Day Scholar,9.2,2-5 LPA,1,0,0,22,88.8,80.8,93.4,100.0,93.5,85.3,82.2,86.1,-5.66,0,0,6.91,6.68,-0.23,0,60.7,0,6.7,-1.3,36,8,2,0.2848,0,Kerala,KL,94.0,92.1,43.2,3.2,Wayanad,4.1,1,96.1,18.0,UNDERGRADUATE
UG_2026_0741,Female,General,20.9,Day Scholar,10.4,<2 LPA,0,1,1,0,73.0,71.1,75.6,84.4,73.5,80.6,80.5,78.8,3.52,2,0,6.61,6.93,0.32,0,69.3,0,4.1,-0.6,21,7,3,0.081,0,Uttar Pradesh,UP,67.7,57.2,23.2,16.8,Noida / Gautam Buddha Nagar,7.1,0,40.9,22.0,UNDERGRADUATE
UG_2026_0742,Male,SC,20.6,Hosteler,0.5,2-5 LPA,1,0,0,3,88.3,95.5,100.0,98.0,93.3,91.5,98.4,94.7,2.57,2,0,5.44,5.92,0.48,0,51.7,0,5.9,0.8,36,7,1,0.1377,0,Haryana,HR,75.6,65.9,29.8,12.5,Nuh / Mewat,44.8,1,88.6,47.0,UNDERGRADUATE
UG_2026_0743,Male,OBC,22.0,Day Scholar,6.1,<2 LPA,0,1,1,0,46.3,45.4,59.4,44.4,49.9,47.8,55.6,51.4,2.83,9,1,5.76,5.0,-0.76,4,44.7,0,4.1,-2.2,44,14,3,0.8917,1,Tamil Nadu,TN,80.1,73.4,51.4,8.1,Ramanathapuram,7.8,1,69.7,22.1,UNDERGRADUATE
UG_2026_0744,Female,SC,19.4,Hosteler,0.5,2-5 LPA,1,0,0,13,86.3,86.0,91.9,84.3,91.2,81.4,89.0,86.9,-1.11,1,0,7.95,8.67,0.72,0,78.9,0,6.9,-1.3,33,5,3,0.0568,0,Karnataka,KA,75.4,68.1,36.2,12.0,Bengaluru Urban,1.8,0,9.1,18.2,UNDERGRADUATE
UG_2026_0745,Female,SC,21.2,Day Scholar,7.3,>8 LPA,3,0,1,4,97.8,93.5,94.4,88.6,94.1,87.8,79.4,86.0,-7.37,0,0,6.55,6.42,-0.13,0,56.1,0,3.8,-0.6,73,8,8,0.2514,0,Maharashtra,MH,82.3,75.9,32.3,11.2,Pune,3.9,0,39.1,21.0,UNDERGRADUATE
UG_2026_0746,Male,OBC,20.2,Day Scholar,22.1,2-5 LPA,1,0,0,2,62.7,73.1,74.8,64.6,65.7,78.7,74.7,73.9,4.5,3,1,7.49,8.03,0.54,0,75.8,0,7.3,-1.9,23,7,3,0.013,0,Kerala,KL,94.0,92.1,43.2,3.2,Thiruvananthapuram,0.9,0,46.2,15.2,UNDERGRADUATE
UG_2026_0747,Male,OBC,21.7,Day Scholar,5.3,<2 LPA,0,1,1,1,78.2,69.5,75.9,74.2,71.6,77.7,70.4,73.3,-0.59,5,1,5.32,5.7,0.38,0,59.0,0,10.4,4.4,35,12,1,0.3825,0,Rajasthan,RJ,66.1,52.1,26.0,17.2,Jaisalmer,31.8,1,86.7,33.2,UNDERGRADUATE
UG_2026_0748,Male,ST,21.2,Day Scholar,8.0,2-5 LPA,1,1,0,4,78.7,77.1,80.9,73.6,83.9,74.2,71.1,75.4,-6.4,0,0,6.88,6.88,0.0,0,75.5,0,4.4,-1.0,42,10,5,0.5284,1,Kerala,KL,94.0,92.1,43.2,3.2,Thiruvananthapuram,0.9,0,46.2,15.2,UNDERGRADUATE
UG_2026_0749,Male,OBC,20.7,Day Scholar,2.4,5-8 LPA,2,0,0,3,92.7,85.6,95.3,96.8,93.8,96.1,95.4,95.2,0.79,1,0,7.58,8.55,0.97,0,83.7,0,6.1,-0.0,141,6,4,0.0739,0,Kerala,KL,94.0,92.1,43.2,3.2,Wayanad,4.1,1,96.1,18.0,UNDERGRADUATE
UG_2026_0750,Male,OBC,19.6,Hosteler,0.5,2-5 LPA,1,1,1,18,53.7,52.0,50.5,45.6,38.4,54.1,62.5,53.6,12.08,10,1,8.07,7.63,-0.44,0,76.8,0,6.1,-2.7,33,10,5,0.3889,0,Kerala,KL,94.0,92.1,43.2,3.2,Thiruvananthapuram,0.9,0,46.2,15.2,UNDERGRADUATE
UG_2026_0751,Male,SC,21.4,Day Scholar,14.5,2-5 LPA,1,0,1,2,55.9,67.0,70.0,59.3,58.6,55.3,72.5,63.0,6.98,7,1,9.16,8.55,-0.61,1,87.6,0,5.7,-5.7,71,7,4,0.2577,0,Karnataka,KA,75.4,68.1,36.2,12.0,Yadgir,39.4,1,81.2,36.5,UNDERGRADUATE
UG_2026_0752,Male,General,21.9,Hosteler,0.5,2-5 LPA,1,0,1,7,75.9,62.9,74.9,77.7,69.0,79.2,69.9,72.9,0.46,3,1,6.61,6.56,-0.05,0,57.3,0,5.3,0.3,37,9,7,0.056,0,Bihar,BR,61.8,51.5,14.5,21.4,Purnia,50.4,1,89.2,42.1,UNDERGRADUATE
UG_2026_0753,Male,General,19.5,Day Scholar,7.9,>8 LPA,3,1,0,4,68.5,61.9,62.4,72.8,67.1,67.9,61.2,65.0,-2.93,4,1,8.13,8.45,0.32,0,73.5,0,7.7,0.7,62,10,5,0.1078,0,Gujarat,GJ,78.0,69.7,21.3,17.9,Dahod,40.5,1,88.0,38.1,UNDERGRADUATE
UG_2026_0754,Female,OBC,20.7,Hosteler,0.5,2-5 LPA,1,1,0,13,96.2,88.5,96.1,93.3,90.3,91.3,100.0,94.5,4.85,2,0,7.35,7.23,-0.12,0,56.6,0,7.3,1.9,28,8,5,0.1433,0,Rajasthan,RJ,66.1,52.1,26.0,17.2,Kota,8.2,0,39.7,21.0,UNDERGRADUATE
UG_2026_0755,Female,EWS,19.9,Hosteler,0.5,<2 LPA,0,1,1,0,90.9,86.9,80.7,99.2,89.9,91.2,78.7,85.9,-5.61,0,0,7.16,8.04,0.88,0,80.9,0,6.8,-1.1,63,6,4,0.1116,0,Kerala,KL,94.0,92.1,43.2,3.2,Ernakulam,0.6,0,31.9,14.8,UNDERGRADUATE
UG_2026_0756,Male,OBC,20.3,Hosteler,0.5,5-8 LPA,2,0,0,2,51.4,61.9,66.2,54.1,53.2,53.4,54.3,53.7,0.54,5,1,7.55,7.34,-0.21,0,68.3,0,5.7,-2.7,10,10,1,0.4711,0,Maharashtra,MH,82.3,75.9,32.3,11.2,Gadchiroli,28.5,1,89.0,28.9,UNDERGRADUATE
UG_2026_0757,Female,General,22.7,Hosteler,0.5,<2 LPA,0,1,1,2,83.9,85.0,92.0,91.2,95.4,87.8,80.5,86.8,-7.46,2,0,9.13,8.74,-0.39,0,76.2,0,10.0,-1.7,33,4,5,0.1058,0,Haryana,HR,75.6,65.9,29.8,12.5,Gurugram,2.5,0,31.2,20.5,UNDERGRADUATE
UG_2026_0758,Female,OBC,20.7,Hosteler,0.5,<2 LPA,0,1,1,1,88.4,64.5,89.6,83.6,86.7,89.3,81.8,85.6,-2.42,2,0,9.28,9.82,0.54,0,98.2,0,9.5,-1.9,15,3,2,0.0427,0,Bihar,BR,61.8,51.5,14.5,21.4,Muzaffarpur,35.1,1,90.3,38.0,UNDERGRADUATE
UG_2026_0759,Female,General,22.6,Hosteler,0.5,2-5 LPA,1,0,0,24,52.6,56.6,55.6,55.7,60.5,49.2,53.7,53.8,-3.4,11,1,7.5,7.38,-0.12,3,73.4,0,4.2,0.8,23,12,4,0.9746,1,Uttar Pradesh,UP,67.7,57.2,23.2,16.8,Noida / Gautam Buddha Nagar,7.1,0,40.9,22.0,UNDERGRADUATE
UG_2026_0760,Male,SC,18.7,Hosteler,0.5,5-8 LPA,2,0,1,3,87.7,89.6,95.1,96.0,98.7,93.1,94.8,95.2,-1.94,1,0,7.79,8.5,0.71,0,83.6,0,8.2,-5.0,55,4,4,0.0045,0,Uttar Pradesh,UP,67.7,57.2,23.2,16.8,Bahraich,54.4,1,92.1,46.5,UNDERGRADUATE
UG_2026_0761,Male,SC,21.8,Day Scholar,7.5,<2 LPA,0,1,1,32,84.8,76.1,76.6,71.1,73.3,78.5,74.4,75.6,0.58,1,0,5.5,5.82,0.32,0,56.9,0,5.4,1.1,68,11,4,0.8441,1,Kerala,KL,94.0,92.1,43.2,3.2,Wayanad,4.1,1,96.1,18.0,UNDERGRADUATE
UG_2026_0762,Female,SC,20.5,Hosteler,0.5,2-5 LPA,1,0,1,19,55.4,44.4,41.5,40.3,50.6,41.7,40.1,43.3,-5.23,9,1,8.69,7.99,-0.7,3,75.6,0,3.8,0.8,26,10,1,0.7509,1,Tamil Nadu,TN,80.1,73.4,51.4,8.1,Coimbatore,2.1,0,24.2,18.9,UNDERGRADUATE
UG_2026_0763,Male,SC,21.9,Hosteler,0.5,<2 LPA,0,1,0,19,76.4,72.8,76.9,71.0,70.5,68.8,69.1,69.4,-0.72,6,1,8.48,8.36,-0.12,0,78.4,0,8.9,-4.8,33,9,2,0.4299,0,Uttar Pradesh,UP,67.7,57.2,23.2,16.8,Balrampur,47.9,1,92.3,45.0,UNDERGRADUATE
UG_2026_0764,Male,ST,21.5,Day Scholar,4.9,2-5 LPA,1,1,0,14,50.0,42.5,49.3,44.7,39.3,42.3,50.7,44.9,5.69,14,1,8.12,7.3,-0.82,1,67.8,0,7.6,-2.6,58,11,2,0.9161,1,Gujarat,GJ,78.0,69.7,21.3,17.9,Narmada,32.4,1,89.5,30.5,UNDERGRADUATE
UG_2026_0765,Female,OBC,19.4,Day Scholar,8.8,2-5 LPA,1,1,0,23,87.2,87.6,96.3,89.6,90.2,100.0,99.3,97.3,4.54,2,0,8.37,8.65,0.28,0,87.9,0,8.0,-1.0,84,3,7,0.0407,0,Uttar Pradesh,UP,67.7,57.2,23.2,16.8,Noida / Gautam Buddha Nagar,7.1,0,40.9,22.0,UNDERGRADUATE
UG_2026_0766,Male,SC,17.5,Hosteler,0.5,>8 LPA,3,0,1,18,54.7,58.2,51.1,49.5,52.7,46.1,37.3,44.2,-7.69,22,1,5.8,5.08,-0.72,3,43.3,1,3.5,0.9,37,15,2,0.9979,1,Gujarat,GJ,78.0,69.7,21.3,17.9,Dahod,40.5,1,88.0,38.1,UNDERGRADUATE
UG_2026_0767,Female,OBC,21.3,Day Scholar,6.3,2-5 LPA,1,1,0,12,71.4,72.2,78.8,78.8,84.5,83.8,67.7,77.5,-8.41,1,0,8.75,9.07,0.32,0,80.3,0,10.0,-3.2,73,12,3,0.3669,0,Gujarat,GJ,78.0,69.7,21.3,17.9,Ahmedabad,3.8,0,15.9,20.2,UNDERGRADUATE
UG_2026_0768,Male,ST,21.2,Hosteler,0.5,2-5 LPA,1,1,1,4,100.0,96.1,96.1,96.5,91.5,99.2,96.2,96.1,2.35,2,0,9.26,10.0,0.74,1,99.0,0,6.7,-0.2,37,4,2,0.0104,0,Karnataka,KA,75.4,68.1,36.2,12.0,Raichur,36.8,1,74.6,34.0,UNDERGRADUATE
UG_2026_0769,Female,EWS,20.2,Hosteler,0.5,>8 LPA,3,0,1,0,86.1,84.2,85.9,77.2,80.1,94.1,92.6,90.0,6.23,2,0,6.77,7.49,0.72,0,64.7,0,8.7,2.2,84,5,0,0.0306,0,Kerala,KL,94.0,92.1,43.2,3.2,Ernakulam,0.6,0,31.9,14.8,UNDERGRADUATE
UG_2026_0770,Male,OBC,20.4,Day Scholar,6.8,2-5 LPA,1,0,0,3,55.0,53.8,51.3,46.1,58.0,52.4,41.2,49.3,-8.38,14,1,6.66,5.7,-0.96,4,58.0,0,4.0,-0.0,16,15,4,0.9898,1,Uttar Pradesh,UP,67.7,57.2,23.2,16.8,Lucknow,8.5,0,33.8,24.1,UNDERGRADUATE
UG_2026_0771,Male,ST,19.1,Hosteler,0.5,5-8 LPA,2,0,1,3,81.5,80.9,81.4,77.8,73.9,79.7,79.6,78.2,2.86,2,0,5.66,5.03,-0.63,0,48.6,0,6.6,-1.5,19,12,3,0.1976,0,Karnataka,KA,75.4,68.1,36.2,12.0,Raichur,36.8,1,74.6,34.0,UNDERGRADUATE
UG_2026_0772,Female,ST,20.5,Day Scholar,4.3,5-8 LPA,2,0,1,3,32.1,27.5,32.5,15.8,35.5,30.2,23.0,28.6,-6.21,14,1,6.09,4.26,-1.83,3,41.2,0,2.6,1.0,55,22,4,0.9978,1,Haryana,HR,75.6,65.9,29.8,12.5,Gurugram,2.5,0,31.2,20.5,UNDERGRADUATE
UG_2026_0773,Female,SC,19.9,Day Scholar,12.7,2-5 LPA,1,1,1,2,52.2,47.7,49.0,46.2,58.1,41.7,41.8,45.8,-8.18,16,1,8.19,7.45,-0.74,1,71.1,0,3.6,0.2,36,12,3,0.9444,1,Kerala,KL,94.0,92.1,43.2,3.2,Ernakulam,0.6,0,31.9,14.8,UNDERGRADUATE
UG_2026_0774,Male,ST,19.3,Day Scholar,13.1,<2 LPA,0,0,1,18,81.4,84.3,93.0,85.6,84.8,84.0,86.0,85.0,0.59,1,0,5.31,6.57,1.26,0,58.0,0,5.6,3.7,15,8,6,0.4121,0,Kerala,KL,94.0,92.1,43.2,3.2,Wayanad,4.1,1,96.1,18.0,UNDERGRADUATE
UG_2026_0775,Female,General,19.9,Day Scholar,18.0,<2 LPA,0,1,0,93,65.0,69.9,69.0,59.9,67.1,70.9,69.7,69.5,1.27,6,1,8.64,8.42,-0.22,0,85.0,0,8.1,3.2,28,7,5,0.9824,1,Karnataka,KA,75.4,68.1,36.2,12.0,Bengaluru Urban,1.8,0,9.1,18.2,UNDERGRADUATE
UG_2026_0776,Male,EWS,18.2,Day Scholar,18.0,<2 LPA,0,0,1,1,57.7,57.7,58.7,50.9,39.0,60.1,66.1,57.2,13.51,5,1,8.25,7.51,-0.74,1,73.0,0,10.1,-4.5,40,13,2,0.1866,0,Gujarat,GJ,78.0,69.7,21.3,17.9,Narmada,32.4,1,89.5,30.5,UNDERGRADUATE
UG_2026_0777,Female,General,17.6,Day Scholar,14.7,5-8 LPA,2,0,0,2,73.4,80.7,74.9,67.5,75.8,73.6,69.1,72.3,-3.35,3,1,7.22,7.68,0.46,0,71.9,0,7.4,0.9,47,9,5,0.1897,0,Tamil Nadu,TN,80.1,73.4,51.4,8.1,Coimbatore,2.1,0,24.2,18.9,UNDERGRADUATE
UG_2026_0778,Male,General,20.0,Hosteler,0.5,2-5 LPA,1,0,0,30,25.6,30.7,30.2,22.8,33.3,28.1,25.9,28.5,-3.73,19,1,8.32,7.22,-1.1,6,74.4,0,7.2,0.2,33,20,3,0.9991,1,Bihar,BR,61.8,51.5,14.5,21.4,Purnia,50.4,1,89.2,42.1,UNDERGRADUATE
UG_2026_0779,Female,General,20.0,Day Scholar,18.0,>8 LPA,3,0,0,4,92.9,81.2,91.9,91.2,92.2,94.0,94.1,93.6,0.98,0,0,6.23,6.32,0.09,0,64.6,0,5.8,-0.4,78,7,3,0.052,0,Tamil Nadu,TN,80.1,73.4,51.4,8.1,Coimbatore,2.1,0,24.2,18.9,UNDERGRADUATE
UG_2026_0780,Male,OBC,22.7,Hosteler,0.5,2-5 LPA,1,0,0,21,78.5,74.3,70.6,77.9,79.3,65.9,73.4,72.2,-2.97,5,1,8.88,8.34,-0.54,0,83.0,0,6.4,-0.5,18,9,2,0.3982,0,Rajasthan,RJ,66.1,52.1,26.0,17.2,Jaipur,6.9,0,47.6,22.5,UNDERGRADUATE
UG_2026_0781,Male,General,21.7,Hosteler,0.5,5-8 LPA,2,0,0,0,61.1,63.8,60.4,56.6,63.9,59.7,63.9,62.4,0.02,6,1,7.44,7.37,-0.07,3,62.8,0,5.5,-0.2,60,16,1,0.7222,1,Uttar Pradesh,UP,67.7,57.2,23.2,16.8,Shravasti,49.6,1,96.5,48.2,UNDERGRADUATE
UG_2026_0782,Male,OBC,18.3,Hosteler,0.5,5-8 LPA,2,1,1,6,82.4,93.9,94.1,67.9,94.2,92.4,89.4,91.7,-2.39,0,0,6.8,7.52,0.72,0,76.0,0,6.5,-5.4,82,5,2,0.0168,0,Gujarat,GJ,78.0,69.7,21.3,17.9,Narmada,32.4,1,89.5,30.5,UNDERGRADUATE
UG_2026_0783,Male,General,17.8,Day Scholar,22.1,<2 LPA,0,0,1,1,77.2,76.0,69.0,81.9,59.6,70.5,74.6,69.4,7.49,5,1,9.95,9.67,-0.28,0,91.3,0,5.0,-6.0,25,7,3,0.0559,0,Maharashtra,MH,82.3,75.9,32.3,11.2,Nandurbar,33.1,1,83.3,32.4,UNDERGRADUATE
UG_2026_0784,Male,SC,17.8,Day Scholar,13.9,2-5 LPA,1,0,1,32,68.3,76.0,77.4,61.2,71.9,73.9,57.9,67.0,-6.97,2,1,8.79,9.77,0.98,0,99.0,0,5.0,2.2,40,5,3,0.193,0,Uttar Pradesh,UP,67.7,57.2,23.2,16.8,Balrampur,47.9,1,92.3,45.0,UNDERGRADUATE
UG_2026_0785,Female,OBC,19.5,Hosteler,0.5,5-8 LPA,2,0,0,0,100.0,100.0,100.0,78.7,88.5,100.0,100.0,97.1,5.75,2,0,6.47,6.2,-0.27,0,55.1,0,8.7,-4.4,59,8,4,0.0771,0,Karnataka,KA,75.4,68.1,36.2,12.0,Raichur,36.8,1,74.6,34.0,UNDERGRADUATE
UG_2026_0786,Male,General,18.8,Day Scholar,16.3,2-5 LPA,1,0,0,23,52.8,63.8,66.8,54.1,74.1,65.6,61.4,66.0,-6.34,4,1,6.45,6.84,0.39,0,57.5,1,7.9,0.2,30,14,3,0.8926,1,Karnataka,KA,75.4,68.1,36.2,12.0,Yadgir,39.4,1,81.2,36.5,UNDERGRADUATE
UG_2026_0787,Female,ST,20.0,Day Scholar,4.8,<2 LPA,0,1,1,2,88.6,94.0,84.5,67.8,87.5,85.3,83.1,85.0,-2.19,2,0,5.13,4.92,-0.21,0,47.7,0,5.4,-2.5,29,16,3,0.6447,1,Kerala,KL,94.0,92.1,43.2,3.2,Ernakulam,0.6,0,31.9,14.8,UNDERGRADUATE
UG_2026_0788,Female,SC,18.8,Hosteler,0.5,<2 LPA,0,0,0,18,86.4,100.0,96.6,89.0,90.1,92.3,93.2,92.1,1.56,2,0,6.4,7.04,0.64,0,65.8,0,6.6,-3.3,77,7,3,0.2166,0,Tamil Nadu,TN,80.1,73.4,51.4,8.1,Coimbatore,2.1,0,24.2,18.9,UNDERGRADUATE
UG_2026_0789,Male,General,19.3,Hosteler,0.5,5-8 LPA,2,0,0,5,100.0,84.4,93.8,86.6,86.2,90.1,87.9,88.3,0.86,0,0,4.8,5.09,0.29,0,48.3,0,5.1,4.1,58,16,3,0.7973,1,Maharashtra,MH,82.3,75.9,32.3,11.2,Nandurbar,33.1,1,83.3,32.4,UNDERGRADUATE
UG_2026_0790,Male,OBC,21.3,Hosteler,0.5,2-5 LPA,1,0,0,1,84.9,68.5,72.2,70.2,62.5,76.7,72.1,71.3,4.77,2,1,5.98,5.56,-0.42,0,52.8,0,5.8,-0.5,32,11,3,0.3854,0,Kerala,KL,94.0,92.1,43.2,3.2,Thiruvananthapuram,0.9,0,46.2,15.2,UNDERGRADUATE
UG_2026_0791,Female,OBC,20.1,Day Scholar,10.0,2-5 LPA,1,0,0,64,90.7,96.3,94.8,99.0,91.4,90.3,88.6,89.9,-1.38,0,0,6.77,7.19,0.42,0,69.1,0,1.4,-1.1,44,5,2,0.5911,1,Tamil Nadu,TN,80.1,73.4,51.4,8.1,Coimbatore,2.1,0,24.2,18.9,UNDERGRADUATE
UG_2026_0792,Male,General,22.4,Day Scholar,14.1,5-8 LPA,2,0,0,4,85.4,81.9,97.2,80.7,87.8,98.3,97.2,95.3,4.73,2,0,9.24,9.59,0.35,0,91.3,0,9.8,-3.4,69,2,7,0.0017,0,Karnataka,KA,75.4,68.1,36.2,12.0,Yadgir,39.4,1,81.2,36.5,UNDERGRADUATE
UG_2026_0793,Male,SC,20.8,Hosteler,0.5,<2 LPA,0,1,1,3,75.6,87.1,83.3,71.1,86.0,80.6,80.5,81.9,-2.72,0,0,6.13,6.67,0.54,0,60.8,0,6.3,-0.2,27,9,1,0.09,0,Kerala,KL,94.0,92.1,43.2,3.2,Wayanad,4.1,1,96.1,18.0,UNDERGRADUATE
UG_2026_0794,Male,OBC,20.8,Day Scholar,5.0,2-5 LPA,1,0,0,4,45.5,52.2,64.9,57.1,53.7,48.8,57.2,53.4,1.73,6,1,9.14,8.92,-0.22,3,84.7,0,1.5,-2.2,13,9,3,0.3402,0,Bihar,BR,61.8,51.5,14.5,21.4,Katihar,48.7,1,91.1,44.3,UNDERGRADUATE
UG_2026_0795,Male,OBC,17.7,Hosteler,0.5,<2 LPA,0,1,1,6,46.2,56.5,48.7,42.4,46.7,50.6,42.5,46.4,-2.1,13,1,7.41,7.17,-0.24,1,69.9,0,6.4,3.3,38,14,3,0.7566,1,Maharashtra,MH,82.3,75.9,32.3,11.2,Gadchiroli,28.5,1,89.0,28.9,UNDERGRADUATE
UG_2026_0796,Male,General,18.0,Hosteler,0.5,2-5 LPA,1,0,0,3,82.3,77.5,86.5,85.6,76.6,83.3,89.5,84.1,6.42,1,0,5.4,5.43,0.03,0,50.3,0,6.0,3.3,42,8,3,0.136,0,Rajasthan,RJ,66.1,52.1,26.0,17.2,Barmer,34.2,1,93.0,35.8,UNDERGRADUATE
UG_2026_0797,Male,General,20.1,Day Scholar,6.2,>8 LPA,3,1,0,3,76.7,82.6,85.8,82.2,81.3,71.6,78.5,76.8,-1.41,1,0,6.75,6.58,-0.17,0,53.4,0,4.0,0.3,82,8,2,0.6125,1,Madhya Pradesh,MP,69.3,59.2,24.8,18.5,Barwani,46.1,1,85.5,37.1,UNDERGRADUATE
UG_2026_0798,Male,OBC,21.0,Day Scholar,15.6,<2 LPA,0,1,0,45,82.2,89.5,91.8,84.7,92.8,83.9,79.2,84.2,-6.79,2,0,5.99,5.88,-0.11,0,55.1,0,7.2,-0.6,42,8,1,0.808,1,Bihar,BR,61.8,51.5,14.5,21.4,Patna,18.2,0,56.4,28.5,UNDERGRADUATE
UG_2026_0799,Male,SC,21.9,Day Scholar,19.2,<2 LPA,0,1,1,2,36.2,51.9,49.0,46.4,45.3,49.7,57.6,51.8,6.16,10,1,9.36,8.78,-0.58,3,89.7,0,9.9,2.1,23,11,3,0.2083,0,Gujarat,GJ,78.0,69.7,21.3,17.9,Dahod,40.5,1,88.0,38.1,UNDERGRADUATE
UG_2026_0800,Male,ST,21.1,Hosteler,0.5,5-8 LPA,2,0,1,4,74.7,74.7,76.7,74.5,63.7,77.9,80.9,75.6,8.59,0,0,9.95,10.0,0.05,0,91.8,0,10.4,2.2,41,5,0,0.0616,0,Gujarat,GJ,78.0,69.7,21.3,17.9,Dahod,40.5,1,88.0,38.1,UNDERGRADUATE
UG_2026_0801,Male,OBC,20.9,Hosteler,0.5,<2 LPA,0,1,1,3,45.1,34.1,41.4,47.0,45.1,42.2,40.2,42.1,-2.43,18,1,8.41,7.46,-0.95,1,69.9,0,3.9,-1.0,19,13,6,0.7442,1,Rajasthan,RJ,66.1,52.1,26.0,17.2,Barmer,34.2,1,93.0,35.8,UNDERGRADUATE
UG_2026_0802,Female,OBC,19.3,Hosteler,0.5,>8 LPA,3,0,0,2,79.9,94.1,93.1,91.1,89.7,83.6,98.2,91.0,4.25,0,0,7.87,8.79,0.92,0,82.2,0,7.3,-2.8,79,8,3,0.02,0,Kerala,KL,94.0,92.1,43.2,3.2,Ernakulam,0.6,0,31.9,14.8,UNDERGRADUATE
UG_2026_0803,Female,General,18.4,Hosteler,0.5,5-8 LPA,2,0,1,1,87.8,83.9,89.6,88.8,93.4,88.0,92.1,91.0,-0.66,0,0,6.21,5.96,-0.25,0,64.0,0,5.4,-0.6,24,7,2,0.1008,0,Bihar,BR,61.8,51.5,14.5,21.4,Gaya,38.6,1,86.8,36.2,UNDERGRADUATE
UG_2026_0804,Female,OBC,19.1,Day Scholar,8.0,5-8 LPA,2,1,0,0,63.2,64.3,67.2,51.4,50.4,65.6,66.7,62.2,8.14,9,1,9.1,9.27,0.17,2,86.9,0,7.1,-3.3,24,9,2,0.2915,0,Maharashtra,MH,82.3,75.9,32.3,11.2,Pune,3.9,0,39.1,21.0,UNDERGRADUATE
UG_2026_0805,Male,OBC,20.5,Day Scholar,6.8,<2 LPA,0,1,1,0,48.8,43.8,46.6,27.4,48.3,43.3,27.8,38.4,-10.24,8,1,5.94,4.91,-1.03,2,48.7,1,5.7,4.1,23,19,2,0.9911,1,Uttar Pradesh,UP,67.7,57.2,23.2,16.8,Shravasti,49.6,1,96.5,48.2,UNDERGRADUATE
UG_2026_0806,Male,ST,20.4,Hosteler,0.5,5-8 LPA,2,1,1,0,93.6,88.2,100.0,100.0,92.5,91.1,93.7,92.5,0.6,0,0,7.79,8.43,0.64,0,85.6,0,8.3,-5.2,63,6,1,0.0526,0,Karnataka,KA,75.4,68.1,36.2,12.0,Raichur,36.8,1,74.6,34.0,UNDERGRADUATE
UG_2026_0807,Female,General,20.9,Hosteler,0.5,<2 LPA,0,1,1,1,64.1,71.2,74.3,60.7,77.9,66.8,72.1,71.7,-2.93,6,1,5.95,5.12,-0.83,1,53.0,0,8.1,3.3,26,15,1,0.4801,0,Bihar,BR,61.8,51.5,14.5,21.4,Gaya,38.6,1,86.8,36.2,UNDERGRADUATE
UG_2026_0808,Male,SC,21.1,Day Scholar,13.1,2-5 LPA,1,1,1,7,79.9,76.2,69.1,76.0,71.3,81.5,74.8,76.3,1.74,1,0,7.5,7.31,-0.19,0,64.5,0,9.9,-3.8,128,8,3,0.0751,0,Bihar,BR,61.8,51.5,14.5,21.4,Patna,18.2,0,56.4,28.5,UNDERGRADUATE
UG_2026_0809,Male,ST,24.3,Day Scholar,10.9,<2 LPA,0,0,1,9,88.3,78.0,88.8,79.4,75.6,93.0,89.8,87.4,7.05,0,0,4.63,4.78,0.15,0,41.1,0,4.3,-0.5,24,9,3,0.0476,0,Karnataka,KA,75.4,68.1,36.2,12.0,Raichur,36.8,1,74.6,34.0,UNDERGRADUATE
UG_2026_0810,Male,SC,18.8,Hosteler,0.5,2-5 LPA,1,1,1,1,86.4,80.5,87.4,77.3,79.0,81.6,72.7,77.4,-3.18,0,0,6.16,6.69,0.53,0,66.1,0,10.3,-0.4,78,7,3,0.0168,0,Gujarat,GJ,78.0,69.7,21.3,17.9,Narmada,32.4,1,89.5,30.5,UNDERGRADUATE
UG_2026_0811,Male,OBC,20.1,Day Scholar,5.7,2-5 LPA,1,1,0,4,74.9,72.6,81.1,62.9,64.6,72.5,68.0,68.7,1.67,5,1,7.86,6.94,-0.92,0,60.8,0,5.8,-2.5,42,10,0,0.3825,0,Maharashtra,MH,82.3,75.9,32.3,11.2,Nandurbar,33.1,1,83.3,32.4,UNDERGRADUATE
UG_2026_0812,Female,General,20.5,Day Scholar,21.8,<2 LPA,0,0,1,0,28.3,24.3,25.5,17.9,14.1,18.3,23.6,19.4,4.74,13,1,7.25,5.9,-1.35,1,55.8,0,1.3,-0.3,69,27,1,0.9616,1,Uttar Pradesh,UP,67.7,57.2,23.2,16.8,Noida / Gautam Buddha Nagar,7.1,0,40.9,22.0,UNDERGRADUATE
UG_2026_0813,Female,EWS,20.1,Hosteler,0.5,<2 LPA,0,1,1,1,97.4,81.9,95.5,86.1,85.8,85.6,81.3,83.9,-2.24,0,0,4.64,5.07,0.43,0,40.5,0,7.3,-4.1,26,10,3,0.5265,1,Kerala,KL,94.0,92.1,43.2,3.2,Thiruvananthapuram,0.9,0,46.2,15.2,UNDERGRADUATE
UG_2026_0814,Male,General,21.3,Day Scholar,15.1,<2 LPA,0,0,1,2,72.8,74.6,78.2,85.0,83.6,81.4,74.7,79.2,-4.45,1,0,7.55,7.68,0.13,0,76.0,0,4.9,-1.1,27,15,4,0.2077,0,Bihar,BR,61.8,51.5,14.5,21.4,Katihar,48.7,1,91.1,44.3,UNDERGRADUATE
UG_2026_0815,Male,OBC,19.8,Day Scholar,4.2,<2 LPA,0,1,1,32,72.9,73.7,84.7,69.1,83.0,83.6,89.0,85.7,3.0,1,0,6.74,7.07,0.33,0,73.2,0,8.0,-3.6,43,6,1,0.2173,0,Karnataka,KA,75.4,68.1,36.2,12.0,Yadgir,39.4,1,81.2,36.5,UNDERGRADUATE
UG_2026_0816,Female,OBC,21.4,Day Scholar,11.7,2-5 LPA,1,0,1,2,90.9,96.0,98.6,95.9,100.0,100.0,90.2,96.1,-4.91,1,0,7.52,7.96,0.44,0,73.8,0,8.9,-1.6,25,6,3,0.0494,0,Tamil Nadu,TN,80.1,73.4,51.4,8.1,Coimbatore,2.1,0,24.2,18.9,UNDERGRADUATE
UG_2026_0817,Male,General,20.1,Day Scholar,4.1,2-5 LPA,1,1,0,13,66.9,61.3,70.5,69.8,58.7,60.3,61.2,60.3,1.24,10,1,7.72,7.19,-0.53,1,67.9,0,6.4,-2.8,17,14,6,0.5497,1,Kerala,KL,94.0,92.1,43.2,3.2,Thiruvananthapuram,0.9,0,46.2,15.2,UNDERGRADUATE
UG_2026_0818,Male,OBC,21.2,Day Scholar,11.6,<2 LPA,0,1,1,9,82.6,83.7,90.2,87.4,82.8,87.1,90.0,87.2,3.6,0,0,7.26,6.74,-0.52,0,66.3,0,6.3,-1.5,87,18,3,0.096,0,Haryana,HR,75.6,65.9,29.8,12.5,Nuh / Mewat,44.8,1,88.6,47.0,UNDERGRADUATE
UG_2026_0819,Male,OBC,21.4,Day Scholar,7.2,>8 LPA,3,0,0,1,84.0,79.7,90.3,87.9,78.4,75.9,92.5,83.2,7.08,1,0,6.32,5.84,-0.48,0,55.6,0,5.3,-3.7,75,12,2,0.1844,0,Karnataka,KA,75.4,68.1,36.2,12.0,Raichur,36.8,1,74.6,34.0,UNDERGRADUATE
UG_2026_0820,Male,General,19.3,Day Scholar,9.5,>8 LPA,3,0,0,6,67.4,66.2,66.8,66.3,66.1,68.5,61.7,65.1,-2.22,5,1,7.85,7.31,-0.54,0,74.3,0,5.4,-3.0,39,9,1,0.5977,1,Maharashtra,MH,82.3,75.9,32.3,11.2,Gadchiroli,28.5,1,89.0,28.9,UNDERGRADUATE
UG_2026_0821,Female,General,21.2,Day Scholar,12.1,2-5 LPA,1,0,0,1,87.4,84.9,82.9,76.6,68.7,83.1,96.5,84.9,13.91,1,0,7.23,8.43,1.2,0,80.6,0,9.9,1.7,26,4,6,0.0031,0,Haryana,HR,75.6,65.9,29.8,12.5,Gurugram,2.5,0,31.2,20.5,UNDERGRADUATE
UG_2026_0822,Female,General,20.3,Hosteler,0.5,>8 LPA,3,0,0,3,91.3,72.7,87.2,90.9,85.5,86.6,87.6,86.7,1.04,1,0,6.44,6.65,0.21,0,58.3,0,8.5,0.2,90,6,4,0.0558,0,Haryana,HR,75.6,65.9,29.8,12.5,Gurugram,2.5,0,31.2,20.5,UNDERGRADUATE
UG_2026_0823,Male,OBC,21.1,Hosteler,0.5,>8 LPA,3,0,1,15,66.5,66.4,67.7,63.2,62.7,65.0,62.2,63.3,-0.27,11,1,7.87,7.91,0.04,5,70.8,0,7.4,-0.3,52,15,5,0.8316,1,Haryana,HR,75.6,65.9,29.8,12.5,Nuh / Mewat,44.8,1,88.6,47.0,UNDERGRADUATE
UG_2026_0824,Female,OBC,21.8,Day Scholar,6.8,<2 LPA,0,1,1,8,82.4,92.0,91.2,87.2,74.0,83.0,96.1,86.0,11.05,1,0,6.91,6.71,-0.2,0,75.0,0,7.9,-3.6,53,7,2,0.0469,0,Maharashtra,MH,82.3,75.9,32.3,11.2,Pune,3.9,0,39.1,21.0,UNDERGRADUATE
UG_2026_0825,Female,EWS,20.6,Day Scholar,10.5,<2 LPA,0,0,1,7,52.0,54.5,55.8,38.6,46.2,59.2,43.9,49.8,-1.15,9,1,7.04,6.2,-0.84,2,50.2,0,7.7,-1.3,41,12,1,0.9155,1,Uttar Pradesh,UP,67.7,57.2,23.2,16.8,Varanasi,16.3,0,56.6,29.4,UNDERGRADUATE
UG_2026_0826,Male,OBC,19.6,Hosteler,0.5,2-5 LPA,1,0,0,48,65.3,83.0,71.9,85.8,75.0,72.3,70.9,72.4,-2.03,5,1,7.8,7.12,-0.68,0,72.9,0,4.8,0.0,34,10,3,0.7378,1,Uttar Pradesh,UP,67.7,57.2,23.2,16.8,Shravasti,49.6,1,96.5,48.2,UNDERGRADUATE
UG_2026_0827,Female,EWS,20.3,Hosteler,0.5,<2 LPA,0,1,1,2,98.5,86.7,99.8,100.0,92.0,97.8,96.2,95.7,2.06,1,0,4.22,4.79,0.57,0,47.7,0,4.4,-1.6,35,13,4,0.287,0,Madhya Pradesh,MP,69.3,59.2,24.8,18.5,Indore,6.8,0,25.9,21.8,UNDERGRADUATE
UG_2026_0828,Female,SC,20.7,Hosteler,0.5,2-5 LPA,1,1,0,1,79.1,77.3,88.2,81.9,82.5,78.7,74.9,78.1,-3.8,0,0,8.31,8.76,0.45,0,72.8,0,3.5,-1.6,31,16,2,0.1913,0,Maharashtra,MH,82.3,75.9,32.3,11.2,Mumbai,2.1,0,0.0,19.5,UNDERGRADUATE
UG_2026_0829,Male,ST,20.1,Hosteler,0.5,2-5 LPA,1,1,1,17,43.1,47.7,48.4,47.0,45.2,53.9,42.8,47.3,-1.21,15,1,6.04,6.43,0.39,1,55.7,0,4.7,2.1,59,11,5,0.7801,1,Uttar Pradesh,UP,67.7,57.2,23.2,16.8,Bahraich,54.4,1,92.1,46.5,UNDERGRADUATE
UG_2026_0830,Female,SC,20.7,Day Scholar,8.3,>8 LPA,3,0,0,1,54.8,54.2,59.7,56.5,61.0,62.4,51.2,57.5,-4.91,10,1,6.3,4.97,-1.33,4,57.4,0,5.1,-0.6,22,12,1,0.9731,1,Gujarat,GJ,78.0,69.7,21.3,17.9,Ahmedabad,3.8,0,15.9,20.2,UNDERGRADUATE
UG_2026_0831,Female,OBC,19.9,Hosteler,0.5,<2 LPA,0,1,1,4,70.6,79.2,81.8,71.8,67.7,74.8,80.4,75.3,6.38,2,0,9.95,9.71,-0.24,0,94.7,0,2.8,0.9,93,4,0,0.0803,0,Gujarat,GJ,78.0,69.7,21.3,17.9,Ahmedabad,3.8,0,15.9,20.2,UNDERGRADUATE
UG_2026_0832,Female,EWS,20.0,Day Scholar,11.0,2-5 LPA,1,0,0,12,43.8,56.8,65.3,51.2,62.2,55.1,63.5,60.2,0.67,11,1,6.77,5.3,-1.47,0,48.0,0,4.3,2.4,25,14,2,0.8545,1,Uttar Pradesh,UP,67.7,57.2,23.2,16.8,Varanasi,16.3,0,56.6,29.4,UNDERGRADUATE
UG_2026_0833,Female,OBC,20.1,Hosteler,0.5,2-5 LPA,1,0,0,22,47.7,73.5,75.1,57.1,58.9,70.2,68.3,66.6,4.72,5,1,8.8,8.09,-0.71,0,78.3,0,9.2,-2.1,43,8,5,0.1159,0,Rajasthan,RJ,66.1,52.1,26.0,17.2,Kota,8.2,0,39.7,21.0,UNDERGRADUATE
UG_2026_0834,Male,OBC,18.9,Hosteler,0.5,<2 LPA,0,1,0,1,83.9,68.8,72.4,74.0,85.8,76.0,68.1,75.3,-8.85,0,0,6.82,7.06,0.24,0,69.0,0,4.3,4.0,44,10,2,0.3852,0,Kerala,KL,94.0,92.1,43.2,3.2,Thiruvananthapuram,0.9,0,46.2,15.2,UNDERGRADUATE
UG_2026_0835,Male,ST,20.1,Day Scholar,10.9,>8 LPA,3,0,1,3,88.2,84.9,88.4,91.7,82.5,84.6,90.9,86.6,4.17,1,0,4.35,4.71,0.36,0,40.5,0,8.0,-3.1,23,9,4,0.0394,0,Maharashtra,MH,82.3,75.9,32.3,11.2,Nandurbar,33.1,1,83.3,32.4,UNDERGRADUATE
UG_2026_0836,Female,General,20.1,Day Scholar,22.2,>8 LPA,3,0,0,0,25.4,27.9,38.1,30.4,26.8,29.7,40.8,33.4,7.0,19,1,5.06,4.0,-1.06,2,41.0,1,7.1,-0.0,32,23,0,0.9718,1,Haryana,HR,75.6,65.9,29.8,12.5,Gurugram,2.5,0,31.2,20.5,UNDERGRADUATE
UG_2026_0837,Female,OBC,23.7,Hosteler,0.5,2-5 LPA,1,1,0,1,49.9,41.5,49.1,41.6,36.3,50.7,47.8,45.9,5.78,8,1,7.4,6.71,-0.69,3,67.9,0,4.0,3.7,19,12,2,0.9491,1,Kerala,KL,94.0,92.1,43.2,3.2,Thiruvananthapuram,0.9,0,46.2,15.2,UNDERGRADUATE
UG_2026_0838,Male,SC,20.9,Day Scholar,7.0,5-8 LPA,2,0,1,3,86.3,84.9,96.9,91.6,80.2,85.3,93.6,87.3,6.67,1,0,7.66,8.05,0.39,0,78.7,0,6.0,-3.5,31,4,4,0.0124,0,Karnataka,KA,75.4,68.1,36.2,12.0,Yadgir,39.4,1,81.2,36.5,UNDERGRADUATE
UG_2026_0839,Male,OBC,19.9,Day Scholar,11.4,2-5 LPA,1,1,0,34,90.5,87.3,93.6,91.1,88.0,76.7,83.4,82.2,-2.29,1,0,4.88,5.25,0.37,0,50.1,0,3.7,2.0,17,10,5,0.8733,1,Madhya Pradesh,MP,69.3,59.2,24.8,18.5,Bhopal,9.4,0,19.1,23.4,UNDERGRADUATE
UG_2026_0840,Male,General,20.9,Day Scholar,9.8,5-8 LPA,2,0,0,3,52.7,56.1,65.5,58.7,65.5,68.1,58.7,63.7,-3.42,5,1,7.01,6.7,-0.31,1,62.9,0,5.6,-2.7,39,10,0,0.7611,1,Rajasthan,RJ,66.1,52.1,26.0,17.2,Jaipur,6.9,0,47.6,22.5,UNDERGRADUATE
UG_2026_0841,Female,OBC,21.5,Day Scholar,6.7,<2 LPA,0,1,1,4,32.2,29.3,36.9,19.1,34.7,31.1,31.3,32.1,-1.7,13,1,8.17,6.98,-1.19,4,56.2,0,4.1,4.4,12,18,0,0.9846,1,Karnataka,KA,75.4,68.1,36.2,12.0,Bengaluru Urban,1.8,0,9.1,18.2,UNDERGRADUATE
UG_2026_0842,Male,SC,20.9,Hosteler,0.5,5-8 LPA,2,0,1,5,69.8,82.7,82.9,79.5,66.7,74.5,77.9,73.9,5.57,2,1,7.48,7.25,-0.23,0,63.3,0,10.4,-2.3,60,7,6,0.0622,0,Maharashtra,MH,82.3,75.9,32.3,11.2,Gadchiroli,28.5,1,89.0,28.9,UNDERGRADUATE
UG_2026_0843,Female,OBC,20.4,Day Scholar,8.2,<2 LPA,0,1,1,3,86.8,87.6,86.0,81.1,90.1,83.2,84.0,85.3,-3.07,0,0,8.59,9.64,1.05,0,94.4,0,4.8,-1.7,45,3,3,0.0631,0,Haryana,HR,75.6,65.9,29.8,12.5,Gurugram,2.5,0,31.2,20.5,UNDERGRADUATE
UG_2026_0844,Male,EWS,19.2,Hosteler,0.5,5-8 LPA,2,1,1,5,62.7,62.5,61.5,65.7,59.3,57.9,63.4,60.5,2.06,9,1,4.38,4.58,0.2,1,39.6,0,6.4,1.4,25,12,2,0.6352,1,Kerala,KL,94.0,92.1,43.2,3.2,Thiruvananthapuram,0.9,0,46.2,15.2,UNDERGRADUATE
UG_2026_0845,Female,General,19.6,Hosteler,0.5,5-8 LPA,2,0,0,8,94.5,93.7,91.4,91.5,81.8,91.4,95.4,90.6,6.79,2,0,6.0,6.02,0.02,0,58.5,0,6.9,-2.0,15,6,2,0.1691,0,Bihar,BR,61.8,51.5,14.5,21.4,Gaya,38.6,1,86.8,36.2,UNDERGRADUATE
UG_2026_0846,Male,OBC,19.0,Hosteler,0.5,5-8 LPA,2,0,0,3,89.2,84.5,83.2,73.3,70.8,82.0,80.8,78.7,5.01,1,0,6.94,6.66,-0.28,0,62.4,0,6.5,0.2,48,11,1,0.1556,0,Kerala,KL,94.0,92.1,43.2,3.2,Wayanad,4.1,1,96.1,18.0,UNDERGRADUATE
UG_2026_0847,Female,OBC,20.4,Hosteler,0.5,2-5 LPA,1,0,0,4,67.8,70.8,76.6,71.9,65.9,79.3,73.4,73.6,3.75,4,1,8.37,7.93,-0.44,0,79.7,0,6.6,-3.2,28,10,3,0.3663,0,Madhya Pradesh,MP,69.3,59.2,24.8,18.5,Indore,6.8,0,25.9,21.8,UNDERGRADUATE
UG_2026_0848,Male,General,19.2,Day Scholar,5.9,2-5 LPA,1,0,0,14,14.5,20.0,17.4,10.0,20.2,18.4,13.0,16.7,-3.62,22,1,9.31,8.51,-0.8,4,77.6,0,4.7,1.9,21,17,2,0.9896,1,Gujarat,GJ,78.0,69.7,21.3,17.9,Dahod,40.5,1,88.0,38.1,UNDERGRADUATE
UG_2026_0849,Male,SC,20.2,Day Scholar,10.2,2-5 LPA,1,0,1,8,62.6,74.4,77.3,74.1,68.9,67.5,85.2,74.9,8.18,2,1,5.37,5.26,-0.11,0,53.3,1,4.7,-1.9,16,13,7,0.1129,0,Bihar,BR,61.8,51.5,14.5,21.4,Purnia,50.4,1,89.2,42.1,UNDERGRADUATE
UG_2026_0850,Female,OBC,18.2,Day Scholar,14.9,5-8 LPA,2,0,0,0,79.7,66.8,89.5,67.9,87.5,82.2,69.7,78.6,-8.91,2,0,8.97,9.3,0.33,0,80.9,0,8.8,-5.2,39,8,3,0.1181,0,Haryana,HR,75.6,65.9,29.8,12.5,Gurugram,2.5,0,31.2,20.5,UNDERGRADUATE
UG_2026_0851,Male,OBC,20.0,Hosteler,0.5,<2 LPA,0,0,1,1,61.5,71.5,68.4,72.3,64.7,63.1,72.1,67.1,3.68,3,1,7.91,7.71,-0.2,0,68.5,0,5.7,-3.0,32,11,7,0.0587,0,Madhya Pradesh,MP,69.3,59.2,24.8,18.5,Barwani,46.1,1,85.5,37.1,UNDERGRADUATE
UG_2026_0852,Male,General,19.7,Hosteler,0.5,>8 LPA,3,0,0,0,95.1,99.4,100.0,100.0,81.5,96.6,99.1,93.8,8.8,0,0,6.43,6.58,0.15,0,66.3,0,7.5,-4.7,18,15,3,0.0128,0,Kerala,KL,94.0,92.1,43.2,3.2,Thiruvananthapuram,0.9,0,46.2,15.2,UNDERGRADUATE
UG_2026_0853,Female,ST,20.3,Day Scholar,10.0,2-5 LPA,1,1,1,3,79.6,75.8,81.8,74.4,74.1,70.9,75.6,73.6,0.73,5,1,7.41,7.47,0.06,0,72.9,0,5.5,-2.0,49,7,4,0.1419,0,Bihar,BR,61.8,51.5,14.5,21.4,Patna,18.2,0,56.4,28.5,UNDERGRADUATE
UG_2026_0854,Male,SC,20.2,Day Scholar,10.9,>8 LPA,3,0,1,4,39.1,39.0,52.3,42.6,57.8,48.1,47.0,50.1,-5.39,11,1,9.95,9.12,-0.83,0,93.8,0,10.7,1.9,78,18,4,0.3596,0,Kerala,KL,94.0,92.1,43.2,3.2,Wayanad,4.1,1,96.1,18.0,UNDERGRADUATE
UG_2026_0855,Male,General,17.8,Day Scholar,5.8,<2 LPA,0,1,1,4,66.5,71.9,73.0,66.3,68.4,64.8,68.4,67.1,-0.02,4,1,6.94,7.04,0.1,0,63.2,0,5.5,-3.3,25,13,4,0.2038,0,Maharashtra,MH,82.3,75.9,32.3,11.2,Gadchiroli,28.5,1,89.0,28.9,UNDERGRADUATE
UG_2026_0856,Female,OBC,20.7,Hosteler,0.5,5-8 LPA,2,0,0,2,55.0,67.8,61.6,57.9,73.8,69.6,67.2,69.7,-3.3,5,1,7.5,7.82,0.32,0,72.1,0,4.6,-2.1,36,7,2,0.2496,0,Uttar Pradesh,UP,67.7,57.2,23.2,16.8,Noida / Gautam Buddha Nagar,7.1,0,40.9,22.0,UNDERGRADUATE
UG_2026_0857,Female,ST,17.5,Day Scholar,13.4,2-5 LPA,1,1,0,12,65.9,70.9,87.0,73.0,84.6,73.0,70.2,74.8,-7.21,2,1,7.72,7.37,-0.35,0,65.1,0,6.2,-3.3,88,8,0,0.3742,0,Bihar,BR,61.8,51.5,14.5,21.4,Gaya,38.6,1,86.8,36.2,UNDERGRADUATE
UG_2026_0858,Male,OBC,20.2,Hosteler,0.5,<2 LPA,0,1,1,4,61.1,61.1,60.2,58.4,55.6,56.4,57.9,56.8,1.14,9,1,7.28,6.87,-0.41,4,59.8,0,4.6,1.0,30,11,0,0.9494,1,Madhya Pradesh,MP,69.3,59.2,24.8,18.5,Barwani,46.1,1,85.5,37.1,UNDERGRADUATE
UG_2026_0859,Male,General,20.8,Hosteler,0.5,2-5 LPA,1,0,0,11,68.2,71.2,73.7,62.4,59.5,67.5,57.7,61.6,-0.87,4,1,4.14,3.83,-0.31,1,40.6,0,8.7,1.3,21,14,0,0.823,1,Karnataka,KA,75.4,68.1,36.2,12.0,Raichur,36.8,1,74.6,34.0,UNDERGRADUATE
UG_2026_0860,Female,ST,20.6,Day Scholar,6.3,2-5 LPA,1,1,0,1,83.9,95.5,91.3,85.8,90.0,86.7,86.3,87.3,-1.83,2,0,9.92,10.0,0.08,0,91.5,0,8.9,0.3,68,2,3,0.0247,0,Tamil Nadu,TN,80.1,73.4,51.4,8.1,Coimbatore,2.1,0,24.2,18.9,UNDERGRADUATE
UG_2026_0861,Female,OBC,19.7,Day Scholar,16.8,2-5 LPA,1,0,0,10,57.3,56.0,58.5,60.7,56.4,56.1,54.3,55.5,-1.04,11,1,7.51,7.71,0.2,2,69.8,0,6.8,-0.6,51,14,3,0.8483,1,Karnataka,KA,75.4,68.1,36.2,12.0,Bengaluru Urban,1.8,0,9.1,18.2,UNDERGRADUATE
UG_2026_0862,Male,General,20.7,Day Scholar,11.8,>8 LPA,3,0,0,19,76.3,84.7,86.3,79.6,80.9,82.2,84.7,82.9,1.9,0,0,5.55,4.37,-1.18,0,39.0,0,5.8,2.4,32,10,2,0.9113,1,Maharashtra,MH,82.3,75.9,32.3,11.2,Gadchiroli,28.5,1,89.0,28.9,UNDERGRADUATE
UG_2026_0863,Female,OBC,17.8,Day Scholar,14.6,2-5 LPA,1,1,1,4,96.0,87.3,93.2,92.4,91.7,86.7,84.9,87.2,-3.39,1,0,6.54,6.77,0.23,0,63.6,0,5.3,-3.0,17,9,4,0.4753,0,Tamil Nadu,TN,80.1,73.4,51.4,8.1,Coimbatore,2.1,0,24.2,18.9,UNDERGRADUATE
UG_2026_0864,Female,SC,18.6,Hosteler,0.5,2-5 LPA,1,0,1,2,83.2,60.9,72.4,65.9,60.2,60.9,70.1,64.4,4.92,6,1,9.74,9.25,-0.49,3,85.1,0,6.9,0.6,52,11,2,0.1811,0,Rajasthan,RJ,66.1,52.1,26.0,17.2,Jaipur,6.9,0,47.6,22.5,UNDERGRADUATE
UG_2026_0865,Male,General,18.4,Hosteler,0.5,5-8 LPA,2,0,0,1,92.1,92.5,100.0,87.2,100.0,90.3,87.8,91.7,-6.11,0,0,7.33,7.85,0.52,0,71.4,0,12.0,-1.3,44,13,2,0.17,0,Rajasthan,RJ,66.1,52.1,26.0,17.2,Barmer,34.2,1,93.0,35.8,UNDERGRADUATE
UG_2026_0866,Female,General,21.2,Hosteler,0.5,5-8 LPA,2,0,0,1,26.7,17.9,35.2,14.6,27.8,22.5,20.1,22.8,-3.89,8,1,7.03,6.34,-0.69,0,65.8,0,5.2,4.9,12,15,2,0.9753,1,Uttar Pradesh,UP,67.7,57.2,23.2,16.8,Noida / Gautam Buddha Nagar,7.1,0,40.9,22.0,UNDERGRADUATE
UG_2026_0867,Male,ST,20.5,Day Scholar,11.8,<2 LPA,0,0,0,17,70.5,61.8,70.5,69.0,77.5,73.2,67.8,72.1,-4.86,3,1,6.73,7.28,0.55,0,68.6,0,5.0,-0.3,37,11,2,0.2473,0,Karnataka,KA,75.4,68.1,36.2,12.0,Yadgir,39.4,1,81.2,36.5,UNDERGRADUATE
UG_2026_0868,Male,General,20.4,Hosteler,0.5,5-8 LPA,2,0,0,2,87.1,88.7,96.1,73.7,85.6,92.2,91.8,90.4,3.13,1,0,7.75,9.18,1.43,0,82.6,0,7.7,1.3,59,3,6,0.0039,0,Maharashtra,MH,82.3,75.9,32.3,11.2,Gadchiroli,28.5,1,89.0,28.9,UNDERGRADUATE
UG_2026_0869,Male,OBC,20.3,Day Scholar,6.2,2-5 LPA,1,0,0,2,72.2,64.6,67.1,55.4,62.1,57.1,54.2,57.2,-3.98,5,1,5.33,4.77,-0.56,4,47.3,0,3.1,-2.5,30,13,1,0.984,1,Uttar Pradesh,UP,67.7,57.2,23.2,16.8,Shravasti,49.6,1,96.5,48.2,UNDERGRADUATE
UG_2026_0870,Female,General,19.9,Hosteler,0.5,5-8 LPA,2,0,0,2,75.2,68.1,81.7,78.8,87.7,81.9,61.9,75.3,-12.89,2,0,8.41,9.11,0.7,0,86.5,0,6.2,-2.3,41,10,5,0.0481,0,Uttar Pradesh,UP,67.7,57.2,23.2,16.8,Varanasi,16.3,0,56.6,29.4,UNDERGRADUATE
UG_2026_0871,Male,General,21.2,Hosteler,0.5,5-8 LPA,2,0,0,6,85.2,91.9,93.9,88.0,88.6,90.5,96.1,92.3,3.72,1,0,6.27,6.24,-0.03,0,55.6,0,8.6,-1.7,44,6,5,0.0614,0,Maharashtra,MH,82.3,75.9,32.3,11.2,Nandurbar,33.1,1,83.3,32.4,UNDERGRADUATE
UG_2026_0872,Male,General,19.9,Hosteler,0.5,2-5 LPA,1,1,0,24,54.9,56.8,62.8,43.8,56.4,56.3,47.0,52.6,-4.68,9,1,8.32,7.52,-0.8,2,69.6,0,7.7,1.9,84,10,1,0.8769,1,Uttar Pradesh,UP,67.7,57.2,23.2,16.8,Bahraich,54.4,1,92.1,46.5,UNDERGRADUATE
UG_2026_0873,Male,EWS,18.4,Hosteler,0.5,<2 LPA,0,1,1,2,79.7,85.0,88.0,76.6,77.4,84.3,100.0,88.8,11.28,0,0,8.7,8.44,-0.26,0,79.2,0,6.2,-1.5,77,9,4,0.0096,0,Karnataka,KA,75.4,68.1,36.2,12.0,Yadgir,39.4,1,81.2,36.5,UNDERGRADUATE
UG_2026_0874,Male,OBC,22.1,Day Scholar,9.5,<2 LPA,0,1,1,0,75.1,74.5,91.9,88.3,81.9,77.1,83.3,80.8,0.7,1,0,5.63,5.73,0.1,0,53.1,0,4.1,1.6,35,9,3,0.1963,0,Gujarat,GJ,78.0,69.7,21.3,17.9,Narmada,32.4,1,89.5,30.5,UNDERGRADUATE
UG_2026_0875,Male,SC,18.5,Hosteler,0.5,>8 LPA,3,0,1,4,100.0,100.0,94.1,91.7,95.7,90.5,100.0,95.6,2.15,1,0,4.93,5.53,0.6,0,40.8,0,8.4,0.6,13,15,1,0.047,0,Maharashtra,MH,82.3,75.9,32.3,11.2,Gadchiroli,28.5,1,89.0,28.9,UNDERGRADUATE
UG_2026_0876,Male,SC,21.1,Day Scholar,7.6,2-5 LPA,1,1,1,1,78.9,91.5,97.1,82.8,81.5,95.7,92.8,91.0,5.66,1,0,7.88,8.81,0.93,0,82.0,0,8.6,0.4,32,7,5,0.009,0,Tamil Nadu,TN,80.1,73.4,51.4,8.1,Ramanathapuram,7.8,1,69.7,22.1,UNDERGRADUATE
UG_2026_0877,Male,OBC,18.5,Day Scholar,5.8,2-5 LPA,1,0,0,11,100.0,99.6,99.9,100.0,96.0,94.2,86.3,91.5,-4.87,2,0,5.74,6.41,0.67,0,52.0,0,7.5,1.1,45,13,2,0.3551,0,Haryana,HR,75.6,65.9,29.8,12.5,Nuh / Mewat,44.8,1,88.6,47.0,UNDERGRADUATE
UG_2026_0878,Male,EWS,19.5,Day Scholar,9.3,2-5 LPA,1,1,1,32,70.4,69.3,77.9,70.7,76.4,74.3,68.1,72.3,-4.13,5,1,6.32,6.63,0.31,0,67.2,0,6.8,3.5,23,13,7,0.8106,1,Kerala,KL,94.0,92.1,43.2,3.2,Wayanad,4.1,1,96.1,18.0,UNDERGRADUATE
UG_2026_0879,Male,EWS,21.6,Hosteler,0.5,5-8 LPA,2,0,1,19,81.8,99.6,92.6,78.7,89.1,90.4,82.1,86.7,-3.51,0,0,7.87,8.28,0.41,0,85.4,0,5.4,-1.2,38,6,1,0.0415,0,Maharashtra,MH,82.3,75.9,32.3,11.2,Nandurbar,33.1,1,83.3,32.4,UNDERGRADUATE
UG_2026_0880,Male,General,18.8,Day Scholar,7.5,2-5 LPA,1,0,0,14,67.8,67.2,80.0,62.0,66.9,72.1,66.3,68.5,-0.27,4,1,7.19,7.16,-0.03,0,67.1,0,6.6,-1.5,66,13,2,0.2204,0,Gujarat,GJ,78.0,69.7,21.3,17.9,Dahod,40.5,1,88.0,38.1,UNDERGRADUATE
UG_2026_0881,Male,OBC,20.7,Hosteler,0.5,>8 LPA,3,0,1,4,78.2,89.7,85.4,67.0,81.7,83.1,76.3,80.1,-2.7,2,0,9.01,9.55,0.54,0,92.5,0,4.8,-4.2,79,4,5,0.0311,0,Haryana,HR,75.6,65.9,29.8,12.5,Nuh / Mewat,44.8,1,88.6,47.0,UNDERGRADUATE
UG_2026_0882,Male,SC,19.9,Hosteler,0.5,5-8 LPA,2,0,0,5,75.4,76.0,78.7,69.3,73.7,77.1,70.8,73.7,-1.46,4,1,8.3,8.13,-0.17,0,82.8,0,8.7,-0.3,57,8,2,0.2073,0,Tamil Nadu,TN,80.1,73.4,51.4,8.1,Ramanathapuram,7.8,1,69.7,22.1,UNDERGRADUATE
UG_2026_0883,Male,OBC,19.7,Day Scholar,6.7,2-5 LPA,1,0,0,20,60.2,69.2,71.0,77.4,64.7,66.1,58.7,62.8,-2.98,9,1,7.12,7.08,-0.04,0,63.1,0,10.2,1.2,31,8,1,0.565,1,Haryana,HR,75.6,65.9,29.8,12.5,Nuh / Mewat,44.8,1,88.6,47.0,UNDERGRADUATE
UG_2026_0884,Male,OBC,19.5,Day Scholar,14.2,<2 LPA,0,1,0,47,68.5,60.5,79.3,70.8,72.7,74.4,63.4,69.6,-4.66,4,1,7.22,6.39,-0.83,0,50.0,0,9.2,-1.1,28,10,4,0.9041,1,Karnataka,KA,75.4,68.1,36.2,12.0,Raichur,36.8,1,74.6,34.0,UNDERGRADUATE
UG_2026_0885,Female,General,22.0,Hosteler,0.5,<2 LPA,0,1,0,34,86.7,82.8,88.8,80.5,80.5,86.1,93.6,87.7,6.52,0,0,7.63,7.74,0.11,0,77.2,0,7.5,0.8,69,6,2,0.1282,0,Haryana,HR,75.6,65.9,29.8,12.5,Gurugram,2.5,0,31.2,20.5,UNDERGRADUATE
UG_2026_0886,Female,ST,19.5,Day Scholar,2.7,2-5 LPA,1,0,0,10,100.0,94.7,99.9,96.6,100.0,96.6,86.3,93.3,-6.87,0,0,7.08,7.45,0.37,0,74.3,0,8.7,-5.2,48,8,7,0.0408,0,Tamil Nadu,TN,80.1,73.4,51.4,8.1,Chennai,1.2,0,0.0,17.5,UNDERGRADUATE
UG_2026_0887,Female,General,20.1,Hosteler,0.5,5-8 LPA,2,0,0,0,63.2,68.4,74.3,61.8,58.2,68.2,64.9,64.4,3.37,11,1,8.64,8.14,-0.5,0,75.6,0,2.1,-2.8,59,7,7,0.3288,0,Uttar Pradesh,UP,67.7,57.2,23.2,16.8,Varanasi,16.3,0,56.6,29.4,UNDERGRADUATE
UG_2026_0888,Female,OBC,20.5,Day Scholar,5.2,2-5 LPA,1,1,0,22,77.2,66.6,78.7,82.3,73.0,79.8,80.8,78.5,3.88,0,0,7.37,7.77,0.4,0,64.4,0,4.7,-2.0,34,5,3,0.1387,0,Rajasthan,RJ,66.1,52.1,26.0,17.2,Kota,8.2,0,39.7,21.0,UNDERGRADUATE
UG_2026_0889,Male,General,20.1,Day Scholar,8.8,2-5 LPA,1,1,0,13,74.2,72.4,73.2,70.3,72.6,70.3,79.7,74.6,3.52,3,1,5.41,4.71,-0.7,0,44.1,0,4.4,2.4,26,14,2,0.8159,1,Gujarat,GJ,78.0,69.7,21.3,17.9,Dahod,40.5,1,88.0,38.1,UNDERGRADUATE
UG_2026_0890,Male,SC,19.2,Day Scholar,6.9,>8 LPA,3,0,0,4,87.5,81.2,90.6,89.7,95.9,87.7,77.4,85.6,-9.25,0,0,9.88,10.0,0.12,1,91.0,0,7.7,-4.2,49,5,5,0.051,0,Karnataka,KA,75.4,68.1,36.2,12.0,Raichur,36.8,1,74.6,34.0,UNDERGRADUATE
UG_2026_0891,Male,EWS,22.4,Hosteler,0.5,<2 LPA,0,1,0,46,81.0,81.8,88.6,87.5,95.7,84.6,86.2,88.0,-4.77,2,0,5.69,6.03,0.34,0,61.7,0,7.3,1.1,40,9,2,0.521,1,Haryana,HR,75.6,65.9,29.8,12.5,Nuh / Mewat,44.8,1,88.6,47.0,UNDERGRADUATE
UG_2026_0892,Male,SC,18.2,Day Scholar,22.1,2-5 LPA,1,0,0,3,73.8,69.9,74.3,69.7,74.4,69.9,67.0,69.9,-3.67,2,1,7.01,6.04,-0.97,0,62.8,0,7.8,0.7,42,15,4,0.4787,0,Kerala,KL,94.0,92.1,43.2,3.2,Wayanad,4.1,1,96.1,18.0,UNDERGRADUATE
UG_2026_0893,Male,General,20.5,Day Scholar,19.5,2-5 LPA,1,0,0,33,54.3,62.7,63.3,55.1,66.6,55.8,61.2,60.7,-2.69,9,1,9.77,8.96,-0.81,3,86.8,0,5.0,0.2,28,7,2,0.5219,1,Kerala,KL,94.0,92.1,43.2,3.2,Wayanad,4.1,1,96.1,18.0,UNDERGRADUATE
UG_2026_0894,Female,ST,21.2,Hosteler,0.5,2-5 LPA,1,0,1,3,89.6,96.1,96.4,86.6,93.2,90.5,87.3,89.9,-2.94,1,0,9.1,9.95,0.85,0,99.0,0,9.1,-5.1,53,10,3,0.0756,0,Maharashtra,MH,82.3,75.9,32.3,11.2,Mumbai,2.1,0,0.0,19.5,UNDERGRADUATE
UG_2026_0895,Male,General,17.5,Day Scholar,10.3,<2 LPA,0,0,1,31,80.7,93.5,81.6,77.0,82.6,77.0,73.3,76.9,-4.69,0,0,9.57,10.0,0.43,0,91.2,0,10.1,-0.9,64,5,5,0.0404,0,Haryana,HR,75.6,65.9,29.8,12.5,Nuh / Mewat,44.8,1,88.6,47.0,UNDERGRADUATE
UG_2026_0896,Male,EWS,19.3,Hosteler,0.5,2-5 LPA,1,0,1,9,50.6,49.2,47.0,28.9,44.9,43.5,44.6,44.3,-0.17,15,1,6.79,6.46,-0.33,3,61.8,1,3.4,1.0,32,13,4,0.9772,1,Rajasthan,RJ,66.1,52.1,26.0,17.2,Jaisalmer,31.8,1,86.7,33.2,UNDERGRADUATE
UG_2026_0897,Female,General,19.7,Day Scholar,13.3,2-5 LPA,1,0,0,13,57.3,70.1,64.7,58.3,65.0,63.3,50.3,58.5,-7.31,10,1,7.45,7.52,0.07,1,75.5,0,4.8,-2.5,51,8,3,0.7131,1,Bihar,BR,61.8,51.5,14.5,21.4,Muzaffarpur,35.1,1,90.3,38.0,UNDERGRADUATE
UG_2026_0898,Male,General,19.7,Day Scholar,16.4,2-5 LPA,1,1,0,2,58.6,54.6,59.0,62.8,66.1,60.8,44.5,55.6,-10.8,8,1,9.95,9.32,-0.63,2,81.0,0,4.9,-2.5,38,7,2,0.8747,1,Uttar Pradesh,UP,67.7,57.2,23.2,16.8,Lucknow,8.5,0,33.8,24.1,UNDERGRADUATE
UG_2026_0899,Male,General,21.0,Day Scholar,18.7,2-5 LPA,1,1,0,3,57.6,51.7,58.3,54.7,56.6,55.3,59.3,57.2,1.35,7,1,7.5,6.3,-1.2,2,57.9,0,7.9,-0.9,69,14,4,0.7248,1,Bihar,BR,61.8,51.5,14.5,21.4,Patna,18.2,0,56.4,28.5,UNDERGRADUATE
UG_2026_0900,Female,OBC,17.5,Hosteler,0.5,5-8 LPA,2,0,0,3,75.8,84.5,88.7,91.8,77.4,84.1,93.7,86.3,8.15,0,0,7.18,7.05,-0.13,0,63.6,0,6.0,-0.7,67,6,1,0.0196,0,Kerala,KL,94.0,92.1,43.2,3.2,Ernakulam,0.6,0,31.9,14.8,UNDERGRADUATE
UG_2026_0901,Female,SC,18.0,Hosteler,0.5,<2 LPA,0,0,1,9,63.6,60.0,76.7,67.8,73.9,72.2,76.2,74.2,1.18,6,1,7.22,7.68,0.46,0,79.0,0,5.5,-0.7,49,9,4,0.045,0,Karnataka,KA,75.4,68.1,36.2,12.0,Bengaluru Urban,1.8,0,9.1,18.2,UNDERGRADUATE
UG_2026_0902,Male,OBC,21.8,Day Scholar,4.5,2-5 LPA,1,0,0,30,78.2,61.6,69.1,61.3,61.4,68.0,61.9,63.9,0.25,10,1,8.19,8.52,0.33,1,77.4,0,10.4,0.1,53,10,7,0.5731,1,Tamil Nadu,TN,80.1,73.4,51.4,8.1,Ramanathapuram,7.8,1,69.7,22.1,UNDERGRADUATE
UG_2026_0903,Male,SC,20.1,Hosteler,0.5,<2 LPA,0,1,1,0,99.1,81.0,98.2,87.7,94.3,86.3,93.6,91.3,-0.34,0,0,9.31,9.53,0.22,0,96.5,0,7.4,0.5,52,7,8,0.0032,0,Karnataka,KA,75.4,68.1,36.2,12.0,Yadgir,39.4,1,81.2,36.5,UNDERGRADUATE
UG_2026_0904,Male,EWS,20.2,Day Scholar,7.2,>8 LPA,3,0,1,3,38.4,43.2,41.6,34.1,39.8,33.3,40.5,37.8,0.33,17,1,8.27,7.33,-0.94,3,77.2,0,4.5,-1.3,30,11,4,0.639,1,Gujarat,GJ,78.0,69.7,21.3,17.9,Narmada,32.4,1,89.5,30.5,UNDERGRADUATE
UG_2026_0905,Male,OBC,19.0,Day Scholar,23.6,2-5 LPA,1,0,0,14,87.9,81.2,78.5,68.3,70.7,71.5,82.8,75.8,6.07,2,0,6.33,7.02,0.69,0,66.4,0,6.9,-2.3,64,11,2,0.186,0,Gujarat,GJ,78.0,69.7,21.3,17.9,Narmada,32.4,1,89.5,30.5,UNDERGRADUATE
UG_2026_0906,Male,General,19.4,Day Scholar,20.4,<2 LPA,0,0,1,7,87.6,82.5,88.2,83.4,81.1,76.7,77.6,78.2,-1.73,2,0,9.36,9.64,0.28,0,90.3,0,7.5,-1.2,25,6,0,0.0197,0,Maharashtra,MH,82.3,75.9,32.3,11.2,Nandurbar,33.1,1,83.3,32.4,UNDERGRADUATE
UG_2026_0907,Female,OBC,19.4,Day Scholar,7.6,5-8 LPA,2,0,0,2,46.8,63.2,62.6,51.9,71.9,57.0,50.9,58.3,-10.48,7,1,6.91,6.6,-0.31,1,59.2,0,7.2,-3.2,38,15,1,0.7971,1,Madhya Pradesh,MP,69.3,59.2,24.8,18.5,Indore,6.8,0,25.9,21.8,UNDERGRADUATE
UG_2026_0908,Female,OBC,20.7,Day Scholar,20.0,2-5 LPA,1,0,1,3,78.4,81.2,79.8,67.3,76.6,79.4,79.4,78.7,1.39,0,0,7.88,7.21,-0.67,0,64.5,0,10.2,0.2,34,12,4,0.0319,0,Maharashtra,MH,82.3,75.9,32.3,11.2,Mumbai,2.1,0,0.0,19.5,UNDERGRADUATE
UG_2026_0909,Male,General,21.6,Hosteler,0.5,5-8 LPA,2,1,0,0,73.1,75.9,80.7,78.9,74.4,77.2,76.7,76.3,1.14,1,0,7.8,7.83,0.03,0,73.2,0,8.1,-2.6,19,6,4,0.2022,0,Gujarat,GJ,78.0,69.7,21.3,17.9,Narmada,32.4,1,89.5,30.5,UNDERGRADUATE
UG_2026_0910,Female,General,20.0,Hosteler,0.5,>8 LPA,3,0,0,1,52.8,54.8,63.7,46.0,60.3,51.6,54.4,54.9,-2.91,10,1,8.23,7.18,-1.05,4,66.8,0,6.0,-0.8,79,10,1,0.5588,1,Tamil Nadu,TN,80.1,73.4,51.4,8.1,Chennai,1.2,0,0.0,17.5,UNDERGRADUATE
UG_2026_0911,Male,OBC,20.9,Day Scholar,8.4,>8 LPA,3,0,0,2,87.6,97.8,97.5,100.0,90.0,89.4,89.9,89.7,-0.02,0,0,7.25,7.67,0.42,0,76.1,0,9.5,-0.4,48,5,4,0.0322,0,Rajasthan,RJ,66.1,52.1,26.0,17.2,Barmer,34.2,1,93.0,35.8,UNDERGRADUATE
UG_2026_0912,Male,SC,20.4,Hosteler,0.5,2-5 LPA,1,0,1,4,66.7,71.9,69.6,60.7,64.1,74.6,82.9,75.3,9.4,0,0,7.08,8.08,1.0,0,82.9,0,8.5,-4.1,76,6,2,0.0398,0,Bihar,BR,61.8,51.5,14.5,21.4,Patna,18.2,0,56.4,28.5,UNDERGRADUATE
UG_2026_0913,Male,General,21.7,Day Scholar,14.7,<2 LPA,0,0,1,1,100.0,98.7,99.8,88.2,97.0,95.6,91.3,94.2,-2.82,2,0,7.28,7.07,-0.21,0,67.3,0,5.4,0.1,28,5,6,0.1448,0,Madhya Pradesh,MP,69.3,59.2,24.8,18.5,Barwani,46.1,1,85.5,37.1,UNDERGRADUATE
UG_2026_0914,Female,SC,18.9,Hosteler,0.5,<2 LPA,0,1,1,3,74.3,82.8,91.1,77.1,67.9,82.5,92.5,82.9,12.32,2,0,6.15,6.66,0.51,0,63.9,0,7.2,-4.5,37,10,3,0.0485,0,Karnataka,KA,75.4,68.1,36.2,12.0,Bengaluru Urban,1.8,0,9.1,18.2,UNDERGRADUATE
UG_2026_0915,Male,General,20.3,Day Scholar,10.8,<2 LPA,0,1,0,18,67.8,72.5,86.1,75.2,83.0,78.5,71.0,76.6,-6.0,2,0,8.73,8.4,-0.33,1,82.8,0,7.4,1.4,42,5,2,0.2149,0,Bihar,BR,61.8,51.5,14.5,21.4,Katihar,48.7,1,91.1,44.3,UNDERGRADUATE
UG_2026_0916,Male,General,19.5,Day Scholar,12.3,5-8 LPA,2,0,0,3,72.7,61.4,68.5,67.5,61.6,70.9,75.2,70.3,6.81,5,1,5.04,4.85,-0.19,0,48.2,0,4.0,1.5,62,14,4,0.4806,0,Kerala,KL,94.0,92.1,43.2,3.2,Thiruvananthapuram,0.9,0,46.2,15.2,UNDERGRADUATE
UG_2026_0917,Female,SC,20.6,Day Scholar,14.3,2-5 LPA,1,0,1,1,81.4,79.2,82.2,84.0,94.6,80.8,75.8,82.3,-9.4,1,0,6.47,6.37,-0.1,1,60.6,0,7.3,-0.2,19,11,5,0.442,0,Madhya Pradesh,MP,69.3,59.2,24.8,18.5,Bhopal,9.4,0,19.1,23.4,UNDERGRADUATE
UG_2026_0918,Male,General,22.3,Hosteler,0.5,2-5 LPA,1,0,0,14,88.5,87.2,85.0,90.0,85.1,80.6,78.2,80.7,-3.46,0,0,6.69,6.49,-0.2,0,57.4,0,5.2,-3.8,41,10,5,0.267,0,Tamil Nadu,TN,80.1,73.4,51.4,8.1,Ramanathapuram,7.8,1,69.7,22.1,UNDERGRADUATE
UG_2026_0919,Female,EWS,19.7,Hosteler,0.5,2-5 LPA,1,1,0,0,36.2,36.2,39.2,27.9,40.1,44.9,28.6,37.2,-5.74,10,1,7.66,6.07,-1.59,2,63.0,0,3.8,-2.6,49,14,0,0.9837,1,Karnataka,KA,75.4,68.1,36.2,12.0,Bengaluru Urban,1.8,0,9.1,18.2,UNDERGRADUATE
UG_2026_0920,Male,SC,19.5,Day Scholar,11.1,2-5 LPA,1,0,1,6,77.4,76.7,81.7,83.6,86.8,85.5,76.9,82.4,-4.92,2,0,9.6,10.0,0.4,0,90.9,0,6.7,-2.4,28,6,6,0.0271,0,Uttar Pradesh,UP,67.7,57.2,23.2,16.8,Shravasti,49.6,1,96.5,48.2,UNDERGRADUATE
UG_2026_0921,Female,OBC,21.2,Hosteler,0.5,>8 LPA,3,0,0,3,84.7,95.2,95.1,88.1,100.0,83.5,79.7,86.1,-10.13,1,0,7.36,7.33,-0.03,0,57.3,0,8.3,-2.3,32,8,2,0.1632,0,Kerala,KL,94.0,92.1,43.2,3.2,Ernakulam,0.6,0,31.9,14.8,UNDERGRADUATE
UG_2026_0922,Female,SC,21.5,Day Scholar,13.5,<2 LPA,0,0,1,1,52.2,58.6,59.9,67.1,67.2,46.8,56.8,55.9,-5.2,11,1,5.3,4.84,-0.46,1,45.8,0,3.3,-1.0,10,20,1,0.8763,1,Gujarat,GJ,78.0,69.7,21.3,17.9,Ahmedabad,3.8,0,15.9,20.2,UNDERGRADUATE
UG_2026_0923,Male,OBC,19.6,Hosteler,0.5,<2 LPA,0,0,0,15,68.8,65.3,70.3,57.3,62.0,70.2,71.7,68.8,4.86,5,1,6.83,7.25,0.42,0,70.0,0,4.7,2.4,26,8,1,0.2759,0,Karnataka,KA,75.4,68.1,36.2,12.0,Yadgir,39.4,1,81.2,36.5,UNDERGRADUATE
UG_2026_0924,Male,OBC,22.0,Day Scholar,6.2,2-5 LPA,1,0,1,3,53.9,48.1,55.8,58.7,57.4,51.9,47.4,51.5,-5.03,9,1,8.31,7.6,-0.71,0,78.1,0,4.4,-2.3,92,13,3,0.6828,1,Gujarat,GJ,78.0,69.7,21.3,17.9,Narmada,32.4,1,89.5,30.5,UNDERGRADUATE
UG_2026_0925,Male,General,22.9,Hosteler,0.5,2-5 LPA,1,0,0,0,74.4,75.6,91.4,81.3,84.1,81.7,88.8,85.2,2.33,0,0,7.11,8.54,1.43,0,88.1,0,7.9,-0.4,50,6,3,0.0138,0,Gujarat,GJ,78.0,69.7,21.3,17.9,Dahod,40.5,1,88.0,38.1,UNDERGRADUATE
UG_2026_0926,Male,General,19.5,Hosteler,0.5,2-5 LPA,1,0,0,14,90.3,82.5,86.6,78.1,79.3,86.4,79.1,81.7,-0.06,0,0,6.82,6.49,-0.33,0,56.7,0,3.3,0.9,24,7,2,0.2995,0,Madhya Pradesh,MP,69.3,59.2,24.8,18.5,Alirajpur,52.0,1,92.2,39.5,UNDERGRADUATE
UG_2026_0927,Male,EWS,18.7,Day Scholar,20.2,5-8 LPA,2,1,1,15,69.0,70.9,77.2,74.1,68.7,61.1,71.3,67.1,1.32,6,1,6.82,7.91,1.09,0,72.8,0,7.6,-1.6,34,11,1,0.3498,0,Gujarat,GJ,78.0,69.7,21.3,17.9,Dahod,40.5,1,88.0,38.1,UNDERGRADUATE
UG_2026_0928,Female,SC,20.5,Day Scholar,14.2,<2 LPA,0,1,1,4,75.4,70.5,80.0,68.4,72.9,73.3,72.1,72.7,-0.43,5,1,7.33,7.11,-0.22,1,68.0,0,5.8,-0.4,47,8,5,0.191,0,Uttar Pradesh,UP,67.7,57.2,23.2,16.8,Varanasi,16.3,0,56.6,29.4,UNDERGRADUATE
UG_2026_0929,Male,General,20.0,Hosteler,0.5,<2 LPA,0,1,0,1,52.9,63.7,61.3,49.0,57.8,46.3,50.0,50.6,-3.91,7,1,8.49,7.54,-0.95,2,65.9,0,6.4,-3.3,42,13,3,0.9114,1,Madhya Pradesh,MP,69.3,59.2,24.8,18.5,Barwani,46.1,1,85.5,37.1,UNDERGRADUATE
UG_2026_0930,Male,OBC,22.6,Hosteler,0.5,2-5 LPA,1,1,0,11,100.0,89.8,100.0,98.1,100.0,95.2,84.7,92.2,-7.67,1,0,5.02,4.81,-0.21,0,42.3,0,8.0,-1.1,22,17,4,0.8659,1,Bihar,BR,61.8,51.5,14.5,21.4,Katihar,48.7,1,91.1,44.3,UNDERGRADUATE
UG_2026_0931,Male,General,19.6,Hosteler,0.5,5-8 LPA,2,0,0,4,96.9,98.2,93.1,92.4,91.9,88.4,100.0,93.9,4.04,1,0,9.6,10.0,0.4,0,93.7,0,8.1,-3.8,78,3,3,0.0089,0,Kerala,KL,94.0,92.1,43.2,3.2,Thiruvananthapuram,0.9,0,46.2,15.2,UNDERGRADUATE
UG_2026_0932,Male,General,20.8,Day Scholar,6.7,5-8 LPA,2,0,0,3,85.7,86.5,88.1,78.0,82.2,80.8,93.0,86.0,5.38,1,0,5.3,5.76,0.46,0,56.4,0,5.0,-0.9,44,13,2,0.1121,0,Haryana,HR,75.6,65.9,29.8,12.5,Gurugram,2.5,0,31.2,20.5,UNDERGRADUATE
UG_2026_0933,Male,General,20.8,Hosteler,0.5,2-5 LPA,1,0,1,4,79.0,57.2,75.0,56.9,61.6,59.5,61.5,60.8,-0.05,6,1,9.11,8.32,-0.79,0,79.5,0,6.7,-1.5,32,8,4,0.062,0,Kerala,KL,94.0,92.1,43.2,3.2,Thiruvananthapuram,0.9,0,46.2,15.2,UNDERGRADUATE
UG_2026_0934,Female,General,18.8,Hosteler,0.5,2-5 LPA,1,0,1,3,75.8,85.0,87.9,78.1,85.9,80.4,87.9,84.8,0.99,1,0,7.65,8.12,0.47,0,76.6,0,9.1,-2.6,51,7,5,0.0926,0,Madhya Pradesh,MP,69.3,59.2,24.8,18.5,Indore,6.8,0,25.9,21.8,UNDERGRADUATE
UG_2026_0935,Female,OBC,20.4,Hosteler,0.5,5-8 LPA,2,0,0,3,82.2,76.5,69.4,63.2,64.1,76.2,78.7,74.2,7.3,2,1,7.73,7.34,-0.39,0,66.5,0,3.8,0.3,60,7,3,0.1128,0,Haryana,HR,75.6,65.9,29.8,12.5,Gurugram,2.5,0,31.2,20.5,UNDERGRADUATE
UG_2026_0936,Male,OBC,17.9,Day Scholar,12.5,2-5 LPA,1,0,0,23,71.2,63.8,77.8,62.0,69.1,59.6,67.9,65.3,-0.64,6,1,6.04,5.81,-0.23,0,47.5,0,10.0,-0.8,17,12,5,0.4792,0,Haryana,HR,75.6,65.9,29.8,12.5,Nuh / Mewat,44.8,1,88.6,47.0,UNDERGRADUATE
UG_2026_0937,Male,SC,18.8,Hosteler,0.5,2-5 LPA,1,0,1,4,56.6,49.5,53.5,42.2,49.4,51.5,48.2,49.7,-0.58,16,1,6.49,7.12,0.63,1,66.1,0,3.7,-2.1,33,10,8,0.7924,1,Uttar Pradesh,UP,67.7,57.2,23.2,16.8,Shravasti,49.6,1,96.5,48.2,UNDERGRADUATE
UG_2026_0938,Male,SC,21.7,Hosteler,0.5,<2 LPA,0,1,0,17,93.4,91.1,100.0,98.7,91.5,90.2,85.8,88.8,-2.83,0,0,6.85,8.18,1.33,0,78.2,0,7.4,-1.5,70,8,4,0.079,0,Tamil Nadu,TN,80.1,73.4,51.4,8.1,Chennai,1.2,0,0.0,17.5,UNDERGRADUATE
UG_2026_0939,Male,General,18.9,Day Scholar,3.8,>8 LPA,3,0,0,6,39.9,45.9,44.6,37.8,52.1,46.7,43.9,46.9,-4.11,10,1,8.12,7.59,-0.53,1,75.4,0,8.6,-1.4,32,18,2,0.8652,1,Tamil Nadu,TN,80.1,73.4,51.4,8.1,Chennai,1.2,0,0.0,17.5,UNDERGRADUATE
UG_2026_0940,Male,OBC,20.4,Hosteler,0.5,5-8 LPA,2,0,0,9,22.6,26.7,23.1,24.6,23.0,26.7,18.6,22.5,-2.21,21,1,9.01,8.13,-0.88,1,81.9,1,7.8,3.5,22,12,0,0.9827,1,Maharashtra,MH,82.3,75.9,32.3,11.2,Gadchiroli,28.5,1,89.0,28.9,UNDERGRADUATE
UG_2026_0941,Female,SC,21.0,Day Scholar,6.1,2-5 LPA,1,1,0,0,88.3,85.3,88.4,83.5,63.0,85.8,98.6,85.2,17.77,1,0,5.2,5.74,0.54,0,54.3,0,9.2,-0.4,66,9,4,0.0924,0,Maharashtra,MH,82.3,75.9,32.3,11.2,Pune,3.9,0,39.1,21.0,UNDERGRADUATE
UG_2026_0942,Male,SC,21.6,Day Scholar,8.0,<2 LPA,0,0,1,8,67.0,62.6,66.9,68.9,64.9,60.3,59.5,61.1,-2.71,11,1,6.98,6.81,-0.17,3,72.0,0,6.0,-2.2,41,10,3,0.9402,1,Kerala,KL,94.0,92.1,43.2,3.2,Thiruvananthapuram,0.9,0,46.2,15.2,UNDERGRADUATE
UG_2026_0943,Female,ST,21.9,Day Scholar,11.4,<2 LPA,0,1,0,34,92.5,87.7,82.0,75.0,87.6,87.0,81.6,85.0,-2.97,1,0,7.41,7.99,0.58,0,80.1,0,5.1,1.0,76,8,1,0.3023,0,Madhya Pradesh,MP,69.3,59.2,24.8,18.5,Indore,6.8,0,25.9,21.8,UNDERGRADUATE
UG_2026_0944,Male,General,19.5,Day Scholar,14.6,2-5 LPA,1,0,1,6,72.9,74.9,74.4,61.4,73.0,70.6,79.7,74.8,3.35,5,1,6.42,6.16,-0.26,0,68.3,0,4.7,0.3,30,10,1,0.1701,0,Madhya Pradesh,MP,69.3,59.2,24.8,18.5,Alirajpur,52.0,1,92.2,39.5,UNDERGRADUATE
UG_2026_0945,Male,ST,19.1,Day Scholar,12.0,<2 LPA,0,1,0,48,78.2,82.1,82.6,81.9,86.8,76.5,72.4,77.4,-7.2,1,0,7.11,6.94,-0.17,0,63.5,0,7.3,-3.8,60,9,1,0.3331,0,Uttar Pradesh,UP,67.7,57.2,23.2,16.8,Bahraich,54.4,1,92.1,46.5,UNDERGRADUATE
UG_2026_0946,Female,OBC,20.0,Hosteler,0.5,<2 LPA,0,0,1,17,69.0,68.0,67.8,59.2,59.3,66.1,65.1,64.0,2.92,6,1,7.85,7.98,0.13,3,83.1,0,3.9,-2.7,27,8,4,0.6912,1,Maharashtra,MH,82.3,75.9,32.3,11.2,Pune,3.9,0,39.1,21.0,UNDERGRADUATE
UG_2026_0947,Male,OBC,21.0,Hosteler,0.5,>8 LPA,3,0,0,1,96.0,100.0,97.9,88.8,97.7,86.3,76.7,85.3,-10.47,1,0,5.73,6.24,0.51,0,62.0,0,7.3,-0.5,30,11,3,0.6191,1,Karnataka,KA,75.4,68.1,36.2,12.0,Raichur,36.8,1,74.6,34.0,UNDERGRADUATE
UG_2026_0948,Male,General,20.2,Hosteler,0.5,<2 LPA,0,0,1,4,59.4,52.1,50.8,52.0,64.6,59.6,52.0,57.8,-6.29,11,1,7.88,7.08,-0.8,3,61.2,0,6.8,-2.8,89,17,2,0.5626,1,Kerala,KL,94.0,92.1,43.2,3.2,Wayanad,4.1,1,96.1,18.0,UNDERGRADUATE
UG_2026_0949,Male,SC,19.8,Day Scholar,8.9,2-5 LPA,1,0,1,4,53.1,54.4,62.1,52.2,58.4,50.3,50.3,52.3,-4.08,9,1,7.68,6.8,-0.88,1,60.0,0,7.2,-1.7,15,14,3,0.6019,1,Rajasthan,RJ,66.1,52.1,26.0,17.2,Barmer,34.2,1,93.0,35.8,UNDERGRADUATE
UG_2026_0950,Male,OBC,19.7,Day Scholar,2.8,5-8 LPA,2,0,0,1,89.8,91.8,94.6,85.4,89.8,95.2,87.1,90.6,-1.35,2,0,6.38,7.43,1.05,0,62.3,0,9.2,0.6,36,10,3,0.2417,0,Uttar Pradesh,UP,67.7,57.2,23.2,16.8,Shravasti,49.6,1,96.5,48.2,UNDERGRADUATE
UG_2026_0951,Male,General,19.0,Day Scholar,8.9,<2 LPA,0,1,1,0,80.7,89.9,81.7,76.0,97.7,85.3,76.0,84.7,-10.88,1,0,5.1,5.77,0.67,0,65.9,0,12.2,1.9,54,8,2,0.1714,0,Maharashtra,MH,82.3,75.9,32.3,11.2,Mumbai,2.1,0,0.0,19.5,UNDERGRADUATE
UG_2026_0952,Male,ST,22.5,Day Scholar,5.1,5-8 LPA,2,1,1,33,66.4,62.2,69.5,67.8,61.4,61.1,44.0,54.4,-8.69,10,1,6.49,6.0,-0.49,2,57.1,0,4.0,-0.2,32,13,1,0.9866,1,Karnataka,KA,75.4,68.1,36.2,12.0,Raichur,36.8,1,74.6,34.0,UNDERGRADUATE
UG_2026_0953,Male,OBC,17.5,Day Scholar,10.8,<2 LPA,0,1,1,4,94.2,89.8,100.0,89.6,93.6,91.4,95.0,93.4,0.69,0,0,8.27,8.83,0.56,0,82.7,0,9.3,-3.1,46,3,3,0.0136,0,Rajasthan,RJ,66.1,52.1,26.0,17.2,Jaisalmer,31.8,1,86.7,33.2,UNDERGRADUATE
UG_2026_0954,Male,SC,20.8,Day Scholar,14.6,5-8 LPA,2,0,1,1,74.5,69.6,73.5,67.7,71.7,78.4,68.3,72.7,-1.73,5,1,8.69,8.97,0.28,0,87.8,0,9.6,-2.2,45,6,5,0.04,0,Uttar Pradesh,UP,67.7,57.2,23.2,16.8,Bahraich,54.4,1,92.1,46.5,UNDERGRADUATE
UG_2026_0955,Male,EWS,19.8,Hosteler,0.5,5-8 LPA,2,0,1,2,100.0,97.5,100.0,88.0,100.0,96.8,86.0,93.3,-7.01,2,0,6.1,6.87,0.77,0,66.5,0,4.7,-0.4,34,10,3,0.1481,0,Bihar,BR,61.8,51.5,14.5,21.4,Purnia,50.4,1,89.2,42.1,UNDERGRADUATE
UG_2026_0956,Female,SC,19.5,Day Scholar,10.0,2-5 LPA,1,0,1,8,63.7,69.9,70.9,57.4,71.9,64.1,54.2,62.1,-8.88,8,1,6.87,6.51,-0.36,2,55.3,0,6.1,1.0,63,17,1,0.8558,1,Bihar,BR,61.8,51.5,14.5,21.4,Muzaffarpur,35.1,1,90.3,38.0,UNDERGRADUATE
UG_2026_0957,Male,SC,21.1,Hosteler,0.5,2-5 LPA,1,1,1,0,66.6,72.8,80.6,49.0,72.7,81.2,72.1,75.4,-0.3,1,0,4.66,4.06,-0.6,0,35.5,0,7.2,-3.9,16,11,1,0.7324,1,Uttar Pradesh,UP,67.7,57.2,23.2,16.8,Balrampur,47.9,1,92.3,45.0,UNDERGRADUATE
UG_2026_0958,Male,General,18.4,Hosteler,0.5,2-5 LPA,1,0,0,13,91.4,96.6,98.1,93.7,100.0,92.7,85.8,91.8,-7.09,1,0,8.4,9.27,0.87,0,90.2,0,7.1,0.7,88,5,3,0.1289,0,Maharashtra,MH,82.3,75.9,32.3,11.2,Mumbai,2.1,0,0.0,19.5,UNDERGRADUATE
UG_2026_0959,Female,OBC,18.9,Day Scholar,5.9,<2 LPA,0,0,1,0,67.2,67.4,67.3,57.4,62.7,70.3,65.1,66.3,1.19,3,1,6.79,6.67,-0.12,0,61.1,0,6.6,-2.7,39,13,2,0.2705,0,Gujarat,GJ,78.0,69.7,21.3,17.9,Ahmedabad,3.8,0,15.9,20.2,UNDERGRADUATE
UG_2026_0960,Male,OBC,18.5,Day Scholar,10.5,2-5 LPA,1,0,0,13,100.0,95.5,96.4,97.5,99.8,99.5,90.3,95.9,-4.78,1,0,6.9,7.62,0.72,0,71.7,0,7.9,-4.5,45,4,3,0.1471,0,Karnataka,KA,75.4,68.1,36.2,12.0,Raichur,36.8,1,74.6,34.0,UNDERGRADUATE
UG_2026_0961,Male,General,18.2,Day Scholar,7.2,2-5 LPA,1,1,0,4,66.1,75.2,73.4,78.8,82.3,71.8,68.3,73.0,-7.0,3,1,5.68,5.52,-0.16,0,48.3,0,5.5,0.6,30,11,1,0.4669,0,Gujarat,GJ,78.0,69.7,21.3,17.9,Dahod,40.5,1,88.0,38.1,UNDERGRADUATE
UG_2026_0962,Male,General,18.2,Hosteler,0.5,>8 LPA,3,0,0,4,66.5,79.7,73.3,72.5,75.5,77.4,67.2,72.9,-4.16,5,1,7.41,7.45,0.04,0,71.3,0,4.0,1.7,16,7,0,0.787,1,Bihar,BR,61.8,51.5,14.5,21.4,Patna,18.2,0,56.4,28.5,UNDERGRADUATE
UG_2026_0963,Female,OBC,21.2,Day Scholar,13.2,>8 LPA,3,0,0,0,78.6,78.5,83.6,80.5,73.5,75.6,86.9,79.6,6.69,0,0,6.43,6.54,0.11,0,66.9,0,9.4,2.5,22,7,5,0.0562,0,Kerala,KL,94.0,92.1,43.2,3.2,Ernakulam,0.6,0,31.9,14.8,UNDERGRADUATE
UG_2026_0964,Female,General,20.0,Hosteler,0.5,5-8 LPA,2,0,0,2,81.2,71.8,84.9,60.4,86.8,78.6,76.3,79.7,-5.25,1,0,5.32,5.08,-0.24,0,41.2,0,5.6,1.1,51,10,2,0.4922,0,Bihar,BR,61.8,51.5,14.5,21.4,Muzaffarpur,35.1,1,90.3,38.0,UNDERGRADUATE
UG_2026_0965,Male,SC,19.5,Day Scholar,11.5,>8 LPA,3,0,0,0,58.0,47.2,48.4,30.6,45.4,43.5,40.3,42.7,-2.57,17,1,7.13,6.51,-0.62,7,61.7,0,6.0,0.4,47,12,2,0.9752,1,Karnataka,KA,75.4,68.1,36.2,12.0,Raichur,36.8,1,74.6,34.0,UNDERGRADUATE
UG_2026_0966,Male,OBC,21.1,Day Scholar,12.2,2-5 LPA,1,0,0,10,93.4,88.2,89.4,84.9,97.6,89.7,83.5,89.2,-7.05,1,0,7.54,8.37,0.83,0,71.1,0,10.4,-1.5,53,6,7,0.0342,0,Uttar Pradesh,UP,67.7,57.2,23.2,16.8,Lucknow,8.5,0,33.8,24.1,UNDERGRADUATE
UG_2026_0967,Male,General,20.5,Hosteler,0.5,>8 LPA,3,0,0,0,76.0,75.2,90.2,82.1,83.6,82.9,82.3,82.8,-0.65,0,0,6.92,6.85,-0.07,1,70.1,0,7.3,1.0,66,12,5,0.3424,0,Kerala,KL,94.0,92.1,43.2,3.2,Thiruvananthapuram,0.9,0,46.2,15.2,UNDERGRADUATE
UG_2026_0968,Female,OBC,19.4,Hosteler,0.5,<2 LPA,0,1,1,0,80.3,89.9,92.5,77.5,89.4,91.0,82.7,87.3,-3.37,0,0,3.5,4.2,0.7,1,41.9,0,3.9,5.1,66,10,4,0.4013,0,Maharashtra,MH,82.3,75.9,32.3,11.2,Mumbai,2.1,0,0.0,19.5,UNDERGRADUATE
UG_2026_0969,Female,OBC,19.9,Day Scholar,16.0,>8 LPA,3,1,0,3,50.4,61.7,62.8,62.4,63.6,60.4,55.2,59.1,-4.22,7,1,7.57,7.66,0.09,1,74.1,0,6.8,-3.3,32,9,4,0.2091,0,Madhya Pradesh,MP,69.3,59.2,24.8,18.5,Indore,6.8,0,25.9,21.8,UNDERGRADUATE
UG_2026_0970,Male,ST,19.8,Day Scholar,17.1,2-5 LPA,1,0,0,10,77.6,94.4,92.1,82.4,86.0,85.0,71.4,79.8,-7.27,0,0,6.53,6.64,0.11,1,58.8,0,6.9,3.9,37,10,2,0.7211,1,Rajasthan,RJ,66.1,52.1,26.0,17.2,Jaisalmer,31.8,1,86.7,33.2,UNDERGRADUATE
UG_2026_0971,Female,SC,20.1,Day Scholar,12.1,2-5 LPA,1,1,1,17,100.0,93.3,94.9,93.3,83.8,93.1,100.0,93.6,8.08,0,0,4.91,6.27,1.36,0,62.0,0,14.0,-0.3,56,7,3,0.0232,0,Madhya Pradesh,MP,69.3,59.2,24.8,18.5,Bhopal,9.4,0,19.1,23.4,UNDERGRADUATE
UG_2026_0972,Male,OBC,22.2,Day Scholar,8.7,2-5 LPA,1,0,1,1,93.8,100.0,100.0,94.1,96.0,100.0,93.9,96.6,-1.05,0,0,4.59,5.21,0.62,0,47.5,0,8.7,-1.7,38,8,9,0.0683,0,Karnataka,KA,75.4,68.1,36.2,12.0,Raichur,36.8,1,74.6,34.0,UNDERGRADUATE
UG_2026_0973,Male,OBC,20.3,Day Scholar,21.2,2-5 LPA,1,0,1,3,68.6,63.2,70.5,47.8,73.7,70.6,73.5,72.5,-0.13,6,1,8.01,8.2,0.19,0,80.4,0,6.5,-4.8,32,8,4,0.3722,0,Haryana,HR,75.6,65.9,29.8,12.5,Nuh / Mewat,44.8,1,88.6,47.0,UNDERGRADUATE
UG_2026_0974,Male,General,19.7,Day Scholar,7.5,2-5 LPA,1,1,0,0,79.1,52.9,78.5,62.9,74.4,70.8,70.1,71.4,-2.13,5,1,8.23,7.62,-0.61,0,68.8,0,7.9,-3.0,71,7,4,0.1215,0,Gujarat,GJ,78.0,69.7,21.3,17.9,Narmada,32.4,1,89.5,30.5,UNDERGRADUATE
UG_2026_0975,Female,OBC,20.3,Day Scholar,12.4,2-5 LPA,1,0,0,3,95.4,100.0,96.2,100.0,89.7,94.1,94.8,93.3,2.58,2,0,8.27,8.52,0.25,0,72.4,0,12.7,-1.8,77,4,4,0.0148,0,Uttar Pradesh,UP,67.7,57.2,23.2,16.8,Varanasi,16.3,0,56.6,29.4,UNDERGRADUATE
UG_2026_0976,Male,General,19.4,Hosteler,0.5,5-8 LPA,2,0,0,4,91.6,98.9,99.5,93.3,88.2,84.0,89.8,87.4,0.79,2,0,7.58,8.15,0.57,0,75.7,0,7.0,-6.2,29,6,3,0.026,0,Uttar Pradesh,UP,67.7,57.2,23.2,16.8,Lucknow,8.5,0,33.8,24.1,UNDERGRADUATE
UG_2026_0977,Male,General,20.1,Hosteler,0.5,2-5 LPA,1,0,0,0,34.4,36.5,31.3,40.0,26.1,27.2,30.5,28.3,2.16,9,1,7.85,7.06,-0.79,1,62.7,1,4.9,-1.0,19,16,0,0.6374,1,Madhya Pradesh,MP,69.3,59.2,24.8,18.5,Barwani,46.1,1,85.5,37.1,UNDERGRADUATE
UG_2026_0978,Male,General,22.4,Hosteler,0.5,<2 LPA,0,1,0,90,56.6,69.4,68.3,71.7,69.5,59.9,60.6,62.6,-4.45,6,1,5.65,5.42,-0.23,1,48.7,1,6.3,3.0,44,14,4,0.9996,1,Madhya Pradesh,MP,69.3,59.2,24.8,18.5,Alirajpur,52.0,1,92.2,39.5,UNDERGRADUATE
UG_2026_0979,Female,SC,19.4,Hosteler,0.5,5-8 LPA,2,0,0,1,64.1,71.1,80.0,76.7,83.1,71.3,57.5,68.7,-12.76,5,1,7.78,7.56,-0.22,0,74.1,0,7.5,-0.1,36,8,5,0.4025,0,Tamil Nadu,TN,80.1,73.4,51.4,8.1,Coimbatore,2.1,0,24.2,18.9,UNDERGRADUATE
UG_2026_0980,Male,EWS,18.2,Day Scholar,12.9,2-5 LPA,1,0,1,1,48.6,52.6,56.0,47.7,49.8,46.1,50.3,48.7,0.25,11,1,5.48,4.76,-0.72,3,41.9,1,2.8,0.7,42,15,3,0.9845,1,Haryana,HR,75.6,65.9,29.8,12.5,Gurugram,2.5,0,31.2,20.5,UNDERGRADUATE
UG_2026_0981,Male,OBC,21.9,Day Scholar,8.3,2-5 LPA,1,1,0,2,83.2,91.0,91.1,92.7,89.8,82.4,96.8,90.0,3.5,2,0,9.95,10.0,0.05,0,99.0,0,4.8,-2.7,69,3,6,0.0451,0,Bihar,BR,61.8,51.5,14.5,21.4,Katihar,48.7,1,91.1,44.3,UNDERGRADUATE
UG_2026_0982,Female,SC,18.1,Day Scholar,8.3,2-5 LPA,1,0,1,2,70.0,77.5,77.1,60.3,65.7,75.2,81.6,75.4,7.97,0,0,7.9,7.84,-0.06,0,77.7,0,6.0,1.8,25,9,3,0.0839,0,Bihar,BR,61.8,51.5,14.5,21.4,Muzaffarpur,35.1,1,90.3,38.0,UNDERGRADUATE
UG_2026_0983,Male,ST,22.2,Day Scholar,4.3,2-5 LPA,1,0,1,18,82.8,90.5,100.0,98.5,99.5,95.4,94.9,96.2,-2.3,0,0,7.34,7.56,0.22,0,76.2,0,10.7,2.5,47,8,5,0.0278,0,Rajasthan,RJ,66.1,52.1,26.0,17.2,Jaisalmer,31.8,1,86.7,33.2,UNDERGRADUATE
UG_2026_0984,Female,SC,20.4,Day Scholar,8.4,>8 LPA,3,1,0,3,88.0,70.6,82.6,77.4,80.6,81.8,80.4,80.9,-0.1,0,0,5.55,5.77,0.22,0,57.2,0,7.4,-0.2,41,17,3,0.4396,0,Rajasthan,RJ,66.1,52.1,26.0,17.2,Kota,8.2,0,39.7,21.0,UNDERGRADUATE
UG_2026_0985,Male,OBC,17.6,Hosteler,0.5,<2 LPA,0,0,1,0,70.5,73.4,83.0,71.4,73.8,72.2,65.0,69.7,-4.4,4,1,7.51,7.14,-0.37,0,72.2,0,6.6,1.4,56,8,2,0.435,0,Rajasthan,RJ,66.1,52.1,26.0,17.2,Barmer,34.2,1,93.0,35.8,UNDERGRADUATE
UG_2026_0986,Female,SC,21.2,Day Scholar,8.0,<2 LPA,0,1,0,34,81.6,95.3,94.0,84.7,100.0,86.7,89.4,91.1,-5.29,1,0,8.81,9.76,0.95,0,90.4,0,9.0,-3.8,43,3,5,0.0105,0,Haryana,HR,75.6,65.9,29.8,12.5,Gurugram,2.5,0,31.2,20.5,UNDERGRADUATE
UG_2026_0987,Male,General,19.1,Hosteler,0.5,<2 LPA,0,1,0,19,54.2,71.1,69.5,67.0,67.7,62.8,70.1,66.9,1.2,5,1,8.47,7.87,-0.6,0,63.2,0,7.8,-2.5,24,11,4,0.5673,1,Kerala,KL,94.0,92.1,43.2,3.2,Thiruvananthapuram,0.9,0,46.2,15.2,UNDERGRADUATE
UG_2026_0988,Female,General,20.5,Hosteler,0.5,5-8 LPA,2,1,0,0,98.5,95.5,100.0,90.8,93.1,93.0,94.5,93.6,0.71,1,0,9.16,9.53,0.37,0,85.0,0,7.2,0.4,79,12,3,0.0581,0,Uttar Pradesh,UP,67.7,57.2,23.2,16.8,Varanasi,16.3,0,56.6,29.4,UNDERGRADUATE
UG_2026_0989,Male,SC,19.3,Hosteler,0.5,5-8 LPA,2,0,1,0,77.4,77.3,81.5,72.8,70.4,77.5,78.9,76.3,4.25,2,0,7.52,7.52,0.0,0,78.3,0,6.7,0.1,55,7,2,0.1394,0,Tamil Nadu,TN,80.1,73.4,51.4,8.1,Ramanathapuram,7.8,1,69.7,22.1,UNDERGRADUATE
UG_2026_0990,Male,ST,18.1,Day Scholar,6.8,2-5 LPA,1,1,1,0,84.5,72.3,82.7,86.0,79.9,74.5,80.8,78.4,0.47,2,0,6.87,7.42,0.55,0,71.0,0,4.7,2.0,54,6,4,0.0883,0,Gujarat,GJ,78.0,69.7,21.3,17.9,Dahod,40.5,1,88.0,38.1,UNDERGRADUATE
UG_2026_0991,Male,General,18.8,Day Scholar,11.2,<2 LPA,0,1,0,15,85.7,67.5,75.3,71.7,75.9,75.9,70.9,73.9,-2.52,3,1,6.21,5.6,-0.61,0,55.2,0,7.5,1.1,85,9,1,0.1734,0,Maharashtra,MH,82.3,75.9,32.3,11.2,Gadchiroli,28.5,1,89.0,28.9,UNDERGRADUATE
UG_2026_0992,Male,SC,22.0,Day Scholar,3.2,>8 LPA,3,0,0,4,89.9,86.6,85.1,84.9,100.0,83.2,81.4,86.7,-9.32,0,0,9.95,9.6,-0.35,0,88.3,0,2.7,-5.3,28,7,2,0.31,0,Uttar Pradesh,UP,67.7,57.2,23.2,16.8,Shravasti,49.6,1,96.5,48.2,UNDERGRADUATE
UG_2026_0993,Male,SC,19.6,Hosteler,0.5,>8 LPA,3,1,0,1,81.4,95.0,83.3,79.8,77.1,83.6,83.1,81.8,3.03,2,0,7.03,7.07,0.04,0,76.1,0,8.0,-0.6,54,7,1,0.423,0,Rajasthan,RJ,66.1,52.1,26.0,17.2,Barmer,34.2,1,93.0,35.8,UNDERGRADUATE
UG_2026_0994,Male,General,19.9,Hosteler,0.5,2-5 LPA,1,0,0,1,61.3,53.6,61.0,58.9,73.0,64.6,50.4,61.1,-11.3,11,1,5.89,6.36,0.47,1,61.6,0,4.7,-1.4,69,10,3,0.8593,1,Gujarat,GJ,78.0,69.7,21.3,17.9,Narmada,32.4,1,89.5,30.5,UNDERGRADUATE
UG_2026_0995,Male,ST,19.4,Hosteler,0.5,2-5 LPA,1,1,1,0,95.1,95.8,100.0,100.0,88.5,100.0,100.0,97.1,5.73,0,0,8.4,9.11,0.71,0,78.5,0,8.6,-0.2,39,3,3,0.0028,0,Bihar,BR,61.8,51.5,14.5,21.4,Purnia,50.4,1,89.2,42.1,UNDERGRADUATE
UG_2026_0996,Male,SC,20.5,Hosteler,0.5,<2 LPA,0,1,1,1,58.7,55.6,59.4,56.1,59.1,51.8,48.7,52.4,-5.2,11,1,5.23,4.62,-0.61,0,45.9,0,6.9,4.2,57,16,2,0.8184,1,Karnataka,KA,75.4,68.1,36.2,12.0,Yadgir,39.4,1,81.2,36.5,UNDERGRADUATE
UG_2026_0997,Female,OBC,20.1,Day Scholar,19.1,>8 LPA,3,0,0,4,84.5,77.0,83.0,83.4,79.4,84.8,74.8,79.5,-2.32,2,0,6.09,6.75,0.66,0,59.4,0,8.2,-0.2,220,7,1,0.2274,0,Kerala,KL,94.0,92.1,43.2,3.2,Ernakulam,0.6,0,31.9,14.8,UNDERGRADUATE
UG_2026_0998,Female,SC,21.9,Hosteler,0.5,2-5 LPA,1,0,1,0,82.2,79.2,93.3,76.0,79.1,89.5,93.8,88.6,7.33,1,0,6.75,7.34,0.59,0,72.5,0,6.5,-5.7,25,6,5,0.0116,0,Haryana,HR,75.6,65.9,29.8,12.5,Gurugram,2.5,0,31.2,20.5,UNDERGRADUATE
UG_2026_0999,Male,EWS,19.4,Day Scholar,6.5,5-8 LPA,2,0,0,1,75.5,75.9,86.5,81.5,78.4,78.7,68.8,74.7,-4.82,2,1,6.98,7.28,0.3,0,64.4,0,7.8,-2.5,14,8,8,0.2736,0,Gujarat,GJ,78.0,69.7,21.3,17.9,Narmada,32.4,1,89.5,30.5,UNDERGRADUATE
UG_2026_1000,Male,OBC,20.0,Day Scholar,6.2,2-5 LPA,1,0,0,23,62.2,52.8,58.6,42.3,57.8,53.9,55.0,55.3,-1.41,9,1,9.95,9.31,-0.64,0,83.9,0,6.8,2.5,45,10,3,0.6219,1,Maharashtra,MH,82.3,75.9,32.3,11.2,Nandurbar,33.1,1,83.3,32.4,UNDERGRADUATE
UG_2026_1001,Female,OBC,19.6,Day Scholar,18.4,>8 LPA,3,1,0,3,69.6,61.8,67.0,78.2,67.8,70.2,67.0,68.3,-0.41,6,1,7.68,7.09,-0.59,0,70.9,0,8.2,-3.8,35,20,1,0.7423,1,Rajasthan,RJ,66.1,52.1,26.0,17.2,Kota,8.2,0,39.7,21.0,UNDERGRADUATE
UG_2026_1002,Female,General,19.1,Day Scholar,15.3,>8 LPA,3,0,0,1,36.3,42.4,36.6,39.1,34.8,40.4,40.9,39.2,3.06,16,1,7.52,6.88,-0.64,2,69.1,0,5.0,-2.5,24,12,3,0.7261,1,Tamil Nadu,TN,80.1,73.4,51.4,8.1,Coimbatore,2.1,0,24.2,18.9,UNDERGRADUATE
UG_2026_1003,Male,SC,20.7,Day Scholar,4.3,>8 LPA,3,0,1,7,58.8,61.2,66.3,59.8,54.8,49.5,71.7,59.7,8.44,11,1,7.06,7.1,0.04,0,65.8,0,4.9,-2.2,47,9,3,0.3948,0,Madhya Pradesh,MP,69.3,59.2,24.8,18.5,Alirajpur,52.0,1,92.2,39.5,UNDERGRADUATE
UG_2026_1004,Male,SC,18.2,Day Scholar,9.2,5-8 LPA,2,0,1,1,87.9,92.1,82.6,89.4,84.2,80.3,77.4,80.1,-3.37,1,0,5.45,5.21,-0.24,0,49.6,0,4.5,0.8,109,16,2,0.4376,0,Uttar Pradesh,UP,67.7,57.2,23.2,16.8,Shravasti,49.6,1,96.5,48.2,UNDERGRADUATE
UG_2026_1005,Female,General,21.1,Hosteler,0.5,>8 LPA,3,0,0,0,98.8,87.1,85.7,96.7,99.8,85.7,78.2,86.2,-10.76,1,0,8.68,8.7,0.02,0,83.2,0,7.2,-4.0,72,8,1,0.0245,0,Maharashtra,MH,82.3,75.9,32.3,11.2,Mumbai,2.1,0,0.0,19.5,UNDERGRADUATE
UG_2026_1006,Male,SC,18.8,Day Scholar,15.1,<2 LPA,0,1,1,3,83.3,87.3,80.7,80.8,97.5,74.0,70.4,78.5,-13.53,0,0,5.83,5.25,-0.58,0,53.2,0,3.7,-1.6,56,17,4,0.6024,1,Rajasthan,RJ,66.1,52.1,26.0,17.2,Barmer,34.2,1,93.0,35.8,UNDERGRADUATE
UG_2026_1007,Male,OBC,22.2,Day Scholar,3.2,<2 LPA,0,1,1,6,82.9,80.7,86.1,74.4,85.8,83.0,79.6,82.3,-3.07,0,0,5.12,5.5,0.38,0,47.6,0,1.5,0.8,55,15,5,0.3906,0,Kerala,KL,94.0,92.1,43.2,3.2,Wayanad,4.1,1,96.1,18.0,UNDERGRADUATE
UG_2026_1008,Male,OBC,19.9,Hosteler,0.5,5-8 LPA,2,0,0,3,63.5,56.2,66.3,58.6,68.2,59.7,55.8,60.2,-6.23,7,1,7.05,6.46,-0.59,2,62.8,0,5.7,-1.9,45,10,1,0.865,1,Tamil Nadu,TN,80.1,73.4,51.4,8.1,Ramanathapuram,7.8,1,69.7,22.1,UNDERGRADUATE
UG_2026_1009,Male,OBC,21.6,Hosteler,0.5,>8 LPA,3,0,0,2,80.0,78.4,78.8,70.3,74.2,71.9,68.6,71.2,-2.82,5,1,7.4,7.2,-0.2,0,65.4,0,6.6,-0.5,53,8,2,0.3247,0,Tamil Nadu,TN,80.1,73.4,51.4,8.1,Chennai,1.2,0,0.0,17.5,UNDERGRADUATE
UG_2026_1010,Female,General,22.0,Day Scholar,10.7,2-5 LPA,1,1,0,2,83.0,97.3,88.1,81.4,84.4,88.6,85.7,86.4,0.66,1,0,5.91,7.33,1.42,0,58.9,0,7.8,-0.9,65,6,4,0.0344,0,Uttar Pradesh,UP,67.7,57.2,23.2,16.8,Varanasi,16.3,0,56.6,29.4,UNDERGRADUATE
UG_2026_1011,Female,OBC,18.1,Hosteler,0.5,>8 LPA,3,0,0,4,87.7,87.7,87.6,89.3,90.2,86.6,86.5,87.4,-1.85,1,0,7.78,8.78,1.0,0,87.7,0,7.3,-2.2,55,12,5,0.235,0,Madhya Pradesh,MP,69.3,59.2,24.8,18.5,Indore,6.8,0,25.9,21.8,UNDERGRADUATE
UG_2026_1012,Female,OBC,20.0,Day Scholar,10.9,<2 LPA,0,1,1,5,85.7,79.8,75.0,77.8,84.2,79.7,75.7,79.2,-4.26,1,0,7.66,8.06,0.4,1,83.2,0,6.9,-0.8,62,10,4,0.1377,0,Kerala,KL,94.0,92.1,43.2,3.2,Thiruvananthapuram,0.9,0,46.2,15.2,UNDERGRADUATE
UG_2026_1013,Male,ST,19.6,Hosteler,0.5,2-5 LPA,1,1,1,4,77.8,85.2,96.6,87.1,79.9,87.3,89.2,86.2,4.62,0,0,7.79,7.87,0.08,0,71.0,0,9.2,-6.5,38,5,0,0.0263,0,Haryana,HR,75.6,65.9,29.8,12.5,Nuh / Mewat,44.8,1,88.6,47.0,UNDERGRADUATE
UG_2026_1014,Female,OBC,20.0,Hosteler,0.5,5-8 LPA,2,1,0,4,75.7,81.6,92.5,74.3,89.4,80.9,95.3,88.8,2.91,2,0,8.02,8.49,0.47,0,80.4,0,7.2,2.0,15,6,3,0.0621,0,Madhya Pradesh,MP,69.3,59.2,24.8,18.5,Indore,6.8,0,25.9,21.8,UNDERGRADUATE
UG_2026_1015,Male,OBC,21.7,Hosteler,0.5,<2 LPA,0,1,0,32,88.2,85.3,94.5,89.1,92.0,85.8,91.4,89.6,-0.29,2,0,6.3,6.61,0.31,0,56.7,0,4.6,-1.4,77,7,3,0.205,0,Maharashtra,MH,82.3,75.9,32.3,11.2,Nandurbar,33.1,1,83.3,32.4,UNDERGRADUATE
UG_2026_1016,Female,General,19.5,Day Scholar,8.5,<2 LPA,0,0,1,3,79.9,87.2,83.5,76.4,89.0,78.1,69.2,77.3,-9.93,2,0,7.0,6.96,-0.04,0,73.5,0,5.8,-0.2,31,11,5,0.2312,0,Maharashtra,MH,82.3,75.9,32.3,11.2,Pune,3.9,0,39.1,21.0,UNDERGRADUATE
UG_2026_1017,Female,OBC,22.0,Hosteler,0.5,2-5 LPA,1,1,0,33,86.3,85.8,93.3,82.7,84.4,87.1,79.3,83.3,-2.56,1,0,7.24,6.86,-0.38,0,62.0,0,9.0,0.9,29,7,2,0.751,1,Madhya Pradesh,MP,69.3,59.2,24.8,18.5,Indore,6.8,0,25.9,21.8,UNDERGRADUATE
UG_2026_1018,Male,OBC,20.0,Hosteler,0.5,5-8 LPA,2,0,0,0,82.7,72.7,76.5,72.8,62.9,72.4,77.5,72.0,7.29,3,1,7.37,6.4,-0.97,0,59.7,0,6.5,-1.8,31,9,6,0.414,0,Bihar,BR,61.8,51.5,14.5,21.4,Purnia,50.4,1,89.2,42.1,UNDERGRADUATE
UG_2026_1019,Female,OBC,19.7,Day Scholar,13.0,<2 LPA,0,0,1,3,73.5,69.2,69.7,62.4,69.8,67.2,67.5,68.0,-1.13,2,1,7.4,7.27,-0.13,0,69.8,0,3.2,0.8,26,13,4,0.3361,0,Kerala,KL,94.0,92.1,43.2,3.2,Ernakulam,0.6,0,31.9,14.8,UNDERGRADUATE
UG_2026_1020,Male,SC,22.4,Hosteler,0.5,<2 LPA,0,1,1,8,34.4,45.9,39.8,31.0,41.1,28.8,37.2,35.2,-1.93,11,1,5.28,4.74,-0.54,2,42.5,1,4.7,2.4,39,18,3,0.9988,1,Uttar Pradesh,UP,67.7,57.2,23.2,16.8,Bahraich,54.4,1,92.1,46.5,UNDERGRADUATE
UG_2026_1021,Male,General,18.4,Day Scholar,7.4,2-5 LPA,1,0,0,11,100.0,89.4,100.0,98.4,95.3,94.4,96.6,95.5,0.63,0,0,9.16,10.0,0.84,0,99.0,0,9.4,-2.3,170,3,4,0.0048,0,Tamil Nadu,TN,80.1,73.4,51.4,8.1,Ramanathapuram,7.8,1,69.7,22.1,UNDERGRADUATE
UG_2026_1022,Female,OBC,18.9,Hosteler,0.5,2-5 LPA,1,1,1,4,79.7,76.6,78.0,66.1,77.8,73.8,71.9,74.1,-2.94,4,1,9.95,10.0,0.05,0,99.0,0,6.2,-1.5,93,4,5,0.147,0,Uttar Pradesh,UP,67.7,57.2,23.2,16.8,Lucknow,8.5,0,33.8,24.1,UNDERGRADUATE
UG_2026_1023,Female,OBC,21.6,Hosteler,0.5,>8 LPA,3,0,0,1,47.7,46.8,49.6,41.0,43.6,47.2,45.2,45.5,0.81,8,1,6.36,5.48,-0.88,1,55.0,0,5.7,-4.5,30,13,0,0.918,1,Bihar,BR,61.8,51.5,14.5,21.4,Muzaffarpur,35.1,1,90.3,38.0,UNDERGRADUATE
UG_2026_1024,Male,OBC,20.9,Day Scholar,16.2,5-8 LPA,2,0,1,4,82.1,74.9,83.2,75.9,81.7,77.0,83.5,80.8,0.88,2,0,7.84,7.76,-0.08,0,69.5,0,9.7,2.4,25,8,2,0.1412,0,Gujarat,GJ,78.0,69.7,21.3,17.9,Narmada,32.4,1,89.5,30.5,UNDERGRADUATE
UG_2026_1025,Female,General,19.4,Day Scholar,6.7,>8 LPA,3,0,0,4,84.8,87.7,95.3,100.0,90.3,93.0,92.8,92.3,1.28,2,0,6.11,6.92,0.81,0,63.9,0,4.8,0.4,63,6,6,0.191,0,Bihar,BR,61.8,51.5,14.5,21.4,Gaya,38.6,1,86.8,36.2,UNDERGRADUATE
UG_2026_1026,Male,SC,19.2,Hosteler,0.5,2-5 LPA,1,0,0,3,38.0,40.5,44.2,45.2,43.7,41.5,31.1,37.9,-6.29,24,1,7.57,6.66,-0.91,1,61.6,1,3.7,-1.2,44,15,4,0.9696,1,Madhya Pradesh,MP,69.3,59.2,24.8,18.5,Barwani,46.1,1,85.5,37.1,UNDERGRADUATE
UG_2026_1027,Female,SC,19.0,Day Scholar,19.7,<2 LPA,0,0,0,18,68.8,60.2,80.0,63.7,73.3,76.5,74.3,74.8,0.51,2,1,8.64,8.9,0.26,0,88.2,0,5.1,-2.5,77,7,1,0.3007,0,Madhya Pradesh,MP,69.3,59.2,24.8,18.5,Indore,6.8,0,25.9,21.8,UNDERGRADUATE
UG_2026_1028,Male,EWS,20.6,Hosteler,0.5,<2 LPA,0,1,0,91,58.3,51.1,67.7,51.0,55.3,57.0,57.8,56.9,1.28,8,1,7.91,6.74,-1.17,0,64.6,0,7.7,-1.3,40,19,5,0.9978,1,Kerala,KL,94.0,92.1,43.2,3.2,Wayanad,4.1,1,96.1,18.0,UNDERGRADUATE
UG_2026_1029,Male,EWS,19.1,Day Scholar,18.6,2-5 LPA,1,1,0,0,95.9,100.0,100.0,96.3,94.6,92.3,93.4,93.3,-0.58,2,0,6.86,6.64,-0.22,0,68.2,0,6.9,-3.3,34,18,3,0.1676,0,Maharashtra,MH,82.3,75.9,32.3,11.2,Nandurbar,33.1,1,83.3,32.4,UNDERGRADUATE
UG_2026_1030,Male,General,22.1,Day Scholar,9.6,5-8 LPA,2,0,0,4,100.0,92.4,97.6,86.1,89.6,92.2,96.1,93.1,3.26,0,0,5.99,5.03,-0.96,0,48.3,0,7.9,-3.0,53,12,2,0.2296,0,Haryana,HR,75.6,65.9,29.8,12.5,Nuh / Mewat,44.8,1,88.6,47.0,UNDERGRADUATE
UG_2026_1031,Female,General,18.0,Hosteler,0.5,<2 LPA,0,1,1,6,100.0,99.1,100.0,90.3,100.0,99.4,85.2,93.9,-7.42,0,0,6.52,7.26,0.74,0,70.9,0,9.8,-1.9,72,7,1,0.0359,0,Gujarat,GJ,78.0,69.7,21.3,17.9,Ahmedabad,3.8,0,15.9,20.2,UNDERGRADUATE
UG_2026_1032,Female,General,21.7,Hosteler,0.5,>8 LPA,3,0,0,2,44.4,47.3,59.5,61.7,52.6,49.6,65.8,56.8,6.6,7,1,6.2,5.67,-0.53,1,57.4,0,6.5,-1.3,19,12,3,0.6196,1,Bihar,BR,61.8,51.5,14.5,21.4,Muzaffarpur,35.1,1,90.3,38.0,UNDERGRADUATE
UG_2026_1033,Male,OBC,20.5,Hosteler,0.5,2-5 LPA,1,0,1,32,69.8,74.5,80.2,77.5,77.4,74.1,76.0,75.7,-0.66,0,0,8.93,8.47,-0.46,0,72.7,0,7.5,0.4,41,8,1,0.1989,0,Uttar Pradesh,UP,67.7,57.2,23.2,16.8,Balrampur,47.9,1,92.3,45.0,UNDERGRADUATE
UG_2026_1034,Female,EWS,21.7,Hosteler,0.5,5-8 LPA,2,0,1,6,86.1,94.7,87.6,75.8,85.1,85.6,93.4,88.6,4.16,0,0,8.03,8.39,0.36,0,83.7,0,2.8,0.5,55,10,4,0.008,0,Maharashtra,MH,82.3,75.9,32.3,11.2,Mumbai,2.1,0,0.0,19.5,UNDERGRADUATE
UG_2026_1035,Female,General,22.7,Day Scholar,4.5,2-5 LPA,1,0,1,0,75.9,79.4,84.5,78.8,88.1,75.8,75.2,78.6,-6.46,1,0,7.8,8.26,0.46,0,77.6,0,6.7,-3.9,59,9,6,0.1459,0,Maharashtra,MH,82.3,75.9,32.3,11.2,Pune,3.9,0,39.1,21.0,UNDERGRADUATE
UG_2026_1036,Female,OBC,20.7,Hosteler,0.5,<2 LPA,0,1,0,3,78.3,71.3,77.4,74.7,81.4,71.4,58.6,68.8,-11.41,5,1,7.27,7.3,0.03,0,70.3,0,4.5,-1.3,57,10,0,0.3663,0,Uttar Pradesh,UP,67.7,57.2,23.2,16.8,Noida / Gautam Buddha Nagar,7.1,0,40.9,22.0,UNDERGRADUATE
UG_2026_1037,Male,OBC,23.1,Day Scholar,10.4,<2 LPA,0,1,1,7,80.7,91.1,89.6,90.1,93.0,87.4,76.2,84.3,-8.36,2,0,5.55,5.58,0.03,0,56.9,0,7.3,-1.0,33,8,2,0.4766,0,Haryana,HR,75.6,65.9,29.8,12.5,Nuh / Mewat,44.8,1,88.6,47.0,UNDERGRADUATE
UG_2026_1038,Female,General,19.5,Day Scholar,23.3,>8 LPA,3,0,0,3,72.1,80.0,89.0,85.8,70.2,73.0,91.5,79.7,10.66,2,0,8.92,8.53,-0.39,0,79.9,0,4.2,-0.2,72,6,4,0.0409,0,Tamil Nadu,TN,80.1,73.4,51.4,8.1,Coimbatore,2.1,0,24.2,18.9,UNDERGRADUATE
UG_2026_1039,Male,General,22.5,Hosteler,0.5,2-5 LPA,1,1,0,13,96.7,90.2,97.7,100.0,100.0,92.9,95.3,95.6,-2.35,2,0,8.62,9.12,0.5,1,90.3,0,9.2,-3.1,60,6,3,0.0647,0,Haryana,HR,75.6,65.9,29.8,12.5,Nuh / Mewat,44.8,1,88.6,47.0,UNDERGRADUATE
UG_2026_1040,Male,OBC,21.7,Hosteler,0.5,<2 LPA,0,1,1,4,68.0,72.9,81.7,66.5,74.4,71.9,74.4,73.5,-0.01,4,1,5.56,5.87,0.31,0,59.7,0,4.2,-3.9,29,13,2,0.3515,0,Karnataka,KA,75.4,68.1,36.2,12.0,Raichur,36.8,1,74.6,34.0,UNDERGRADUATE
UG_2026_1041,Female,General,19.9,Day Scholar,21.7,>8 LPA,3,1,0,4,81.9,86.3,79.6,75.3,75.2,82.2,68.2,74.9,-3.53,4,1,9.05,8.48,-0.57,0,80.1,0,2.4,-6.4,34,6,3,0.4929,0,Maharashtra,MH,82.3,75.9,32.3,11.2,Pune,3.9,0,39.1,21.0,UNDERGRADUATE
UG_2026_1042,Female,General,18.7,Day Scholar,23.4,2-5 LPA,1,0,1,2,78.8,70.0,73.5,70.1,86.1,62.7,64.8,69.4,-10.65,6,1,8.19,7.76,-0.43,0,67.2,0,8.5,2.6,33,8,1,0.7987,1,Maharashtra,MH,82.3,75.9,32.3,11.2,Mumbai,2.1,0,0.0,19.5,UNDERGRADUATE
UG_2026_1043,Male,General,18.3,Day Scholar,5.9,<2 LPA,0,0,1,0,77.9,84.2,81.6,77.6,77.9,87.2,93.0,87.2,7.54,2,0,4.98,4.57,-0.41,0,43.2,0,6.3,0.5,60,32,0,0.3766,0,Rajasthan,RJ,66.1,52.1,26.0,17.2,Barmer,34.2,1,93.0,35.8,UNDERGRADUATE
UG_2026_1044,Female,OBC,19.8,Day Scholar,19.6,5-8 LPA,2,1,0,0,82.3,90.5,85.4,75.6,83.0,83.7,78.7,81.5,-2.13,0,0,6.92,7.35,0.43,0,63.6,0,6.1,1.5,117,6,2,0.2157,0,Gujarat,GJ,78.0,69.7,21.3,17.9,Narmada,32.4,1,89.5,30.5,UNDERGRADUATE
UG_2026_1045,Male,OBC,20.9,Hosteler,0.5,5-8 LPA,2,1,0,1,67.3,76.9,83.5,82.4,74.0,72.4,77.6,74.9,1.79,4,1,6.87,7.6,0.73,0,75.0,0,6.1,0.8,116,9,3,0.5869,1,Karnataka,KA,75.4,68.1,36.2,12.0,Yadgir,39.4,1,81.2,36.5,UNDERGRADUATE
UG_2026_1046,Male,General,17.5,Hosteler,0.5,2-5 LPA,1,0,0,14,51.6,63.6,64.4,46.3,49.8,54.8,59.0,55.2,4.64,10,1,4.98,4.16,-0.82,2,38.5,1,7.3,0.9,44,16,1,0.9963,1,Kerala,KL,94.0,92.1,43.2,3.2,Wayanad,4.1,1,96.1,18.0,UNDERGRADUATE
UG_2026_1047,Male,OBC,18.3,Day Scholar,19.8,>8 LPA,3,0,0,2,95.7,86.4,91.7,94.8,76.9,86.9,86.2,84.1,4.64,1,0,8.1,8.61,0.51,0,80.4,0,10.9,-2.4,52,13,3,0.0285,0,Maharashtra,MH,82.3,75.9,32.3,11.2,Gadchiroli,28.5,1,89.0,28.9,UNDERGRADUATE
UG_2026_1048,Male,General,18.0,Hosteler,0.5,5-8 LPA,2,0,0,0,96.2,100.0,100.0,88.6,95.3,99.0,98.5,97.9,1.61,2,0,8.31,8.68,0.37,0,73.8,0,9.4,-2.3,43,3,4,0.0241,0,Maharashtra,MH,82.3,75.9,32.3,11.2,Nandurbar,33.1,1,83.3,32.4,UNDERGRADUATE
UG_2026_1049,Female,SC,20.6,Hosteler,0.5,>8 LPA,3,0,1,2,73.6,62.7,75.5,75.2,67.1,62.4,72.9,67.8,2.9,5,1,8.77,8.3,-0.47,0,75.7,0,5.5,-1.8,36,7,4,0.1404,0,Karnataka,KA,75.4,68.1,36.2,12.0,Bengaluru Urban,1.8,0,9.1,18.2,UNDERGRADUATE
UG_2026_1050,Female,General,20.1,Day Scholar,9.8,2-5 LPA,1,1,0,4,77.8,82.2,79.6,80.0,78.4,71.0,67.1,71.3,-5.66,3,1,7.03,5.9,-1.13,0,53.6,1,2.2,-2.3,18,10,1,0.6509,1,Karnataka,KA,75.4,68.1,36.2,12.0,Bengaluru Urban,1.8,0,9.1,18.2,UNDERGRADUATE
UG_2026_1051,Male,ST,23.4,Day Scholar,14.9,>8 LPA,3,0,1,3,94.4,92.0,93.1,100.0,79.7,85.4,90.6,86.0,5.42,1,0,5.42,4.99,-0.43,0,42.4,0,5.3,1.5,41,9,5,0.1271,0,Tamil Nadu,TN,80.1,73.4,51.4,8.1,Ramanathapuram,7.8,1,69.7,22.1,UNDERGRADUATE
UG_2026_1052,Female,SC,20.4,Hosteler,0.5,<2 LPA,0,0,1,1,77.4,90.8,81.5,94.5,86.6,89.1,83.5,86.2,-1.53,1,0,6.71,6.66,-0.05,0,69.7,0,6.7,-3.3,64,10,3,0.2531,0,Madhya Pradesh,MP,69.3,59.2,24.8,18.5,Indore,6.8,0,25.9,21.8,UNDERGRADUATE
UG_2026_1053,Male,EWS,21.9,Day Scholar,6.4,2-5 LPA,1,0,0,20,83.1,89.6,90.5,83.4,95.2,81.1,75.6,82.4,-9.82,0,0,8.45,8.67,0.22,0,83.3,0,6.9,-3.6,113,5,4,0.3109,0,Karnataka,KA,75.4,68.1,36.2,12.0,Raichur,36.8,1,74.6,34.0,UNDERGRADUATE
UG_2026_1054,Male,OBC,20.1,Day Scholar,5.5,<2 LPA,0,1,0,34,32.4,31.8,32.8,38.5,18.9,31.9,41.3,32.4,11.18,13,1,6.72,4.98,-1.74,3,46.5,0,3.7,2.5,22,16,3,0.9997,1,Gujarat,GJ,78.0,69.7,21.3,17.9,Dahod,40.5,1,88.0,38.1,UNDERGRADUATE
UG_2026_1055,Male,SC,18.6,Day Scholar,15.6,>8 LPA,3,1,0,2,83.1,72.7,94.9,85.1,87.9,85.9,75.0,82.0,-6.43,1,0,6.31,7.43,1.12,0,73.3,0,8.1,-3.7,52,9,2,0.0976,0,Madhya Pradesh,MP,69.3,59.2,24.8,18.5,Barwani,46.1,1,85.5,37.1,UNDERGRADUATE
UG_2026_1056,Male,SC,20.2,Hosteler,0.5,2-5 LPA,1,1,1,3,73.6,65.4,73.3,68.0,60.9,69.8,64.2,65.3,1.62,6,1,6.31,5.04,-1.27,0,52.3,0,4.7,3.2,45,16,0,0.781,1,Rajasthan,RJ,66.1,52.1,26.0,17.2,Jaisalmer,31.8,1,86.7,33.2,UNDERGRADUATE
UG_2026_1057,Female,OBC,23.0,Hosteler,0.5,2-5 LPA,1,0,0,13,54.8,64.0,56.9,44.3,50.9,57.4,67.0,59.6,8.03,9,1,5.66,5.72,0.06,2,61.0,0,6.9,1.0,27,13,5,0.8241,1,Uttar Pradesh,UP,67.7,57.2,23.2,16.8,Varanasi,16.3,0,56.6,29.4,UNDERGRADUATE
UG_2026_1058,Female,General,21.2,Hosteler,0.5,5-8 LPA,2,0,0,6,87.5,82.2,98.7,93.7,95.6,100.0,92.7,96.0,-1.48,1,0,9.5,10.0,0.5,1,88.6,0,9.9,-3.6,48,1,1,0.0547,0,Kerala,KL,94.0,92.1,43.2,3.2,Ernakulam,0.6,0,31.9,14.8,UNDERGRADUATE
UG_2026_1059,Male,General,20.3,Hosteler,0.5,>8 LPA,3,0,1,5,88.2,96.5,99.7,94.3,94.6,92.5,96.7,94.7,1.03,0,0,7.03,7.49,0.46,0,63.7,0,6.7,-2.8,78,10,3,0.04,0,Maharashtra,MH,82.3,75.9,32.3,11.2,Mumbai,2.1,0,0.0,19.5,UNDERGRADUATE
UG_2026_1060,Male,OBC,19.7,Day Scholar,10.9,2-5 LPA,1,1,0,23,85.0,69.8,78.4,75.8,78.1,81.2,82.0,80.8,2.0,1,0,5.2,4.96,-0.24,0,43.9,0,6.2,-2.5,33,12,2,0.7678,1,Karnataka,KA,75.4,68.1,36.2,12.0,Raichur,36.8,1,74.6,34.0,UNDERGRADUATE
UG_2026_1061,Male,SC,20.6,Hosteler,0.5,<2 LPA,0,1,0,94,89.6,89.5,92.9,81.6,89.8,97.3,95.6,94.7,2.91,1,0,8.09,8.74,0.65,0,73.6,0,7.5,-3.4,47,3,3,0.299,0,Karnataka,KA,75.4,68.1,36.2,12.0,Yadgir,39.4,1,81.2,36.5,UNDERGRADUATE
UG_2026_1062,Male,SC,19.7,Hosteler,0.5,2-5 LPA,1,1,0,3,96.0,98.2,98.9,95.4,93.5,95.6,96.9,95.6,1.66,2,0,6.67,6.93,0.26,0,64.9,0,9.9,-0.0,47,5,2,0.1615,0,Maharashtra,MH,82.3,75.9,32.3,11.2,Nandurbar,33.1,1,83.3,32.4,UNDERGRADUATE
UG_2026_1063,Male,OBC,20.5,Day Scholar,4.8,<2 LPA,0,1,1,30,74.1,70.8,69.8,62.6,66.1,59.8,59.6,61.3,-3.24,5,1,7.49,7.12,-0.37,2,68.9,0,6.7,-0.9,15,9,4,0.8129,1,Gujarat,GJ,78.0,69.7,21.3,17.9,Dahod,40.5,1,88.0,38.1,UNDERGRADUATE
UG_2026_1064,Male,General,20.7,Hosteler,0.5,5-8 LPA,2,1,0,2,83.9,90.5,86.9,79.0,86.4,81.4,88.2,85.4,0.87,1,0,7.71,7.82,0.11,0,75.4,0,6.9,-4.5,59,15,2,0.0866,0,Uttar Pradesh,UP,67.7,57.2,23.2,16.8,Bahraich,54.4,1,92.1,46.5,UNDERGRADUATE
UG_2026_1065,Male,SC,20.4,Hosteler,0.5,<2 LPA,0,0,1,0,88.5,100.0,96.5,78.8,90.7,91.9,89.7,90.7,-0.54,2,0,7.3,7.76,0.46,0,73.2,0,10.6,-4.7,47,8,4,0.027,0,Rajasthan,RJ,66.1,52.1,26.0,17.2,Jaisalmer,31.8,1,86.7,33.2,UNDERGRADUATE
UG_2026_1066,Male,General,21.3,Day Scholar,5.9,5-8 LPA,2,0,0,3,74.1,78.7,84.2,86.8,87.2,85.7,86.6,86.4,-0.29,0,0,8.0,7.87,-0.13,0,73.4,0,7.2,0.4,35,5,3,0.267,0,Karnataka,KA,75.4,68.1,36.2,12.0,Yadgir,39.4,1,81.2,36.5,UNDERGRADUATE
UG_2026_1067,Male,OBC,19.1,Day Scholar,6.0,2-5 LPA,1,1,0,3,91.0,81.7,83.4,84.6,77.3,79.6,84.2,80.9,3.43,0,0,6.43,6.27,-0.16,0,66.0,0,5.7,-3.0,66,13,3,0.106,0,Kerala,KL,94.0,92.1,43.2,3.2,Thiruvananthapuram,0.9,0,46.2,15.2,UNDERGRADUATE
UG_2026_1068,Male,EWS,20.7,Day Scholar,6.9,2-5 LPA,1,0,0,11,93.4,82.0,85.4,72.3,80.7,85.5,83.1,83.4,1.23,2,0,6.6,6.53,-0.07,0,64.2,0,8.1,0.5,38,9,2,0.1241,0,Kerala,KL,94.0,92.1,43.2,3.2,Wayanad,4.1,1,96.1,18.0,UNDERGRADUATE
UG_2026_1069,Male,SC,20.7,Hosteler,0.5,<2 LPA,0,1,1,1,82.2,88.9,99.6,89.0,93.2,92.9,92.7,92.9,-0.27,0,0,7.76,7.26,-0.5,0,63.1,0,7.6,-3.6,44,7,2,0.0137,0,Karnataka,KA,75.4,68.1,36.2,12.0,Raichur,36.8,1,74.6,34.0,UNDERGRADUATE
UG_2026_1070,Male,SC,20.5,Day Scholar,17.2,2-5 LPA,1,0,1,1,81.7,84.7,82.1,95.4,73.5,82.6,87.9,82.4,7.2,1,0,3.5,3.77,0.27,0,34.6,0,5.5,0.5,64,13,4,0.0763,0,Tamil Nadu,TN,80.1,73.4,51.4,8.1,Ramanathapuram,7.8,1,69.7,22.1,UNDERGRADUATE
UG_2026_1071,Male,ST,20.4,Day Scholar,8.3,2-5 LPA,1,1,1,7,51.4,55.7,50.7,51.1,47.5,54.9,57.3,54.0,4.92,11,1,6.08,5.32,-0.76,3,52.8,0,7.0,-0.4,21,12,1,0.9725,1,Tamil Nadu,TN,80.1,73.4,51.4,8.1,Ramanathapuram,7.8,1,69.7,22.1,UNDERGRADUATE
UG_2026_1072,Female,ST,19.6,Day Scholar,8.6,2-5 LPA,1,0,0,13,46.0,47.7,49.1,35.5,50.3,42.4,43.0,44.6,-3.65,13,1,7.78,7.53,-0.25,0,61.2,0,8.1,-0.8,40,17,2,0.6411,1,Gujarat,GJ,78.0,69.7,21.3,17.9,Ahmedabad,3.8,0,15.9,20.2,UNDERGRADUATE
UG_2026_1073,Male,OBC,18.8,Day Scholar,15.5,<2 LPA,0,1,1,2,79.7,80.5,78.0,67.7,69.1,74.6,82.1,76.2,6.46,0,0,7.17,7.26,0.09,0,65.7,0,7.1,-0.9,20,7,4,0.1612,0,Karnataka,KA,75.4,68.1,36.2,12.0,Yadgir,39.4,1,81.2,36.5,UNDERGRADUATE
UG_2026_1074,Male,SC,20.3,Hosteler,0.5,<2 LPA,0,0,1,0,62.2,69.4,62.1,52.5,61.6,57.4,65.5,61.7,1.92,11,1,8.28,8.95,0.67,1,80.4,0,4.2,0.8,23,9,2,0.0345,0,Karnataka,KA,75.4,68.1,36.2,12.0,Yadgir,39.4,1,81.2,36.5,UNDERGRADUATE
UG_2026_1075,Male,SC,19.7,Day Scholar,6.2,2-5 LPA,1,1,1,0,69.3,63.0,75.9,55.3,70.8,67.7,60.0,65.4,-5.39,2,1,4.91,4.89,-0.02,0,50.0,0,5.0,-1.6,28,16,3,0.7347,1,Haryana,HR,75.6,65.9,29.8,12.5,Nuh / Mewat,44.8,1,88.6,47.0,UNDERGRADUATE
UG_2026_1076,Female,General,19.9,Day Scholar,8.0,2-5 LPA,1,0,0,30,93.8,84.3,93.4,91.1,82.9,94.5,100.0,93.8,8.56,1,0,7.15,6.68,-0.47,0,55.9,0,9.8,-1.4,75,5,2,0.1065,0,Rajasthan,RJ,66.1,52.1,26.0,17.2,Kota,8.2,0,39.7,21.0,UNDERGRADUATE
UG_2026_1077,Male,SC,18.4,Day Scholar,18.2,2-5 LPA,1,1,0,10,75.5,85.3,84.8,76.7,76.6,83.7,80.8,80.7,2.07,1,0,8.64,9.23,0.59,0,87.5,0,6.6,-1.9,27,6,3,0.0816,0,Uttar Pradesh,UP,67.7,57.2,23.2,16.8,Shravasti,49.6,1,96.5,48.2,UNDERGRADUATE
UG_2026_1078,Male,OBC,20.4,Day Scholar,16.2,<2 LPA,0,1,0,45,65.9,71.1,73.5,55.4,85.9,72.2,61.8,71.5,-12.07,6,1,7.55,7.36,-0.19,0,68.8,0,7.8,-3.5,48,16,1,0.9395,1,Karnataka,KA,75.4,68.1,36.2,12.0,Raichur,36.8,1,74.6,34.0,UNDERGRADUATE
UG_2026_1079,Male,OBC,18.3,Day Scholar,3.6,2-5 LPA,1,0,0,34,100.0,85.3,95.6,88.9,92.1,97.0,99.9,96.9,3.92,2,0,7.57,7.57,0.0,0,68.1,0,7.9,-2.8,52,10,1,0.1059,0,Rajasthan,RJ,66.1,52.1,26.0,17.2,Jaisalmer,31.8,1,86.7,33.2,UNDERGRADUATE
UG_2026_1080,Male,General,19.2,Day Scholar,14.7,2-5 LPA,1,0,0,4,91.9,85.8,88.4,77.2,81.9,87.2,89.6,86.9,3.85,0,0,7.77,7.94,0.17,0,74.9,0,8.6,-1.4,39,5,0,0.0941,0,Rajasthan,RJ,66.1,52.1,26.0,17.2,Barmer,34.2,1,93.0,35.8,UNDERGRADUATE
UG_2026_1081,Female,OBC,20.7,Day Scholar,10.5,<2 LPA,0,0,1,0,76.7,85.0,94.8,80.9,77.2,90.2,91.7,87.6,7.27,0,0,5.09,5.58,0.49,0,52.9,0,5.6,3.0,48,12,3,0.079,0,Tamil Nadu,TN,80.1,73.4,51.4,8.1,Coimbatore,2.1,0,24.2,18.9,UNDERGRADUATE
UG_2026_1082,Male,General,20.0,Day Scholar,11.4,<2 LPA,0,0,1,15,57.7,47.0,55.4,49.6,50.0,56.2,54.8,54.1,2.4,7,1,7.81,7.43,-0.38,2,71.4,0,6.8,0.8,28,11,1,0.4608,0,Rajasthan,RJ,66.1,52.1,26.0,17.2,Jaisalmer,31.8,1,86.7,33.2,UNDERGRADUATE
UG_2026_1083,Male,EWS,19.4,Day Scholar,10.6,5-8 LPA,2,0,1,1,72.7,77.5,80.2,73.6,78.8,71.0,76.6,75.2,-1.13,2,0,6.1,6.86,0.76,0,64.4,0,9.8,0.9,32,11,2,0.1679,0,Bihar,BR,61.8,51.5,14.5,21.4,Katihar,48.7,1,91.1,44.3,UNDERGRADUATE
UG_2026_1084,Female,SC,20.6,Hosteler,0.5,>8 LPA,3,0,1,3,91.8,86.7,97.0,94.0,98.7,91.6,88.0,91.9,-5.32,0,0,5.4,5.57,0.17,0,60.5,0,6.0,2.9,28,18,2,0.1488,0,Gujarat,GJ,78.0,69.7,21.3,17.9,Ahmedabad,3.8,0,15.9,20.2,UNDERGRADUATE
UG_2026_1085,Female,OBC,21.1,Day Scholar,14.6,<2 LPA,0,0,1,2,63.0,77.7,78.6,67.7,77.2,76.4,70.1,74.1,-3.57,3,1,8.27,7.46,-0.81,0,71.5,0,4.6,3.0,75,8,6,0.2123,0,Tamil Nadu,TN,80.1,73.4,51.4,8.1,Coimbatore,2.1,0,24.2,18.9,UNDERGRADUATE
UG_2026_1086,Male,ST,17.5,Day Scholar,8.1,5-8 LPA,2,0,1,0,76.5,72.8,77.3,71.3,68.5,78.8,83.7,78.2,7.61,0,0,8.34,8.28,-0.06,0,87.0,0,7.9,-1.8,42,8,4,0.0321,0,Kerala,KL,94.0,92.1,43.2,3.2,Wayanad,4.1,1,96.1,18.0,UNDERGRADUATE
UG_2026_1087,Female,OBC,18.5,Hosteler,0.5,<2 LPA,0,1,1,1,77.5,70.5,78.9,65.4,72.4,77.2,70.5,73.3,-0.95,3,1,9.95,9.86,-0.09,0,93.3,0,7.8,-0.8,52,6,0,0.0816,0,Gujarat,GJ,78.0,69.7,21.3,17.9,Ahmedabad,3.8,0,15.9,20.2,UNDERGRADUATE
UG_2026_1088,Female,EWS,21.2,Hosteler,0.5,2-5 LPA,1,1,0,4,87.8,77.9,94.5,95.4,85.9,85.8,95.6,89.7,4.85,2,0,7.66,8.11,0.45,0,79.4,0,6.1,0.2,59,5,4,0.0297,0,Madhya Pradesh,MP,69.3,59.2,24.8,18.5,Indore,6.8,0,25.9,21.8,UNDERGRADUATE
UG_2026_1089,Male,EWS,21.2,Hosteler,0.5,2-5 LPA,1,1,1,4,47.1,43.7,49.2,39.8,31.4,44.0,53.7,44.7,11.15,10,1,7.6,7.02,-0.58,3,75.1,0,4.7,-0.5,59,16,3,0.7555,1,Gujarat,GJ,78.0,69.7,21.3,17.9,Dahod,40.5,1,88.0,38.1,UNDERGRADUATE
UG_2026_1090,Male,General,20.8,Hosteler,0.5,>8 LPA,3,0,0,3,65.0,66.8,65.1,67.9,62.3,60.8,57.4,59.8,-2.43,7,1,7.55,7.38,-0.17,0,72.4,0,6.4,-1.7,46,10,3,0.1541,0,Maharashtra,MH,82.3,75.9,32.3,11.2,Nandurbar,33.1,1,83.3,32.4,UNDERGRADUATE
UG_2026_1091,Male,OBC,19.1,Day Scholar,10.6,>8 LPA,3,0,0,4,75.7,77.3,87.8,83.4,92.2,83.2,82.1,85.0,-5.08,0,0,6.26,5.83,-0.43,0,51.7,0,7.2,0.3,30,9,1,0.6335,1,Maharashtra,MH,82.3,75.9,32.3,11.2,Nandurbar,33.1,1,83.3,32.4,UNDERGRADUATE
UG_2026_1092,Male,ST,20.7,Hosteler,0.5,5-8 LPA,2,0,1,18,52.8,54.1,58.4,48.7,48.6,57.9,58.1,55.7,4.75,7,1,7.0,6.44,-0.56,1,60.8,0,5.2,1.4,37,12,5,0.7747,1,Karnataka,KA,75.4,68.1,36.2,12.0,Yadgir,39.4,1,81.2,36.5,UNDERGRADUATE
UG_2026_1093,Female,General,20.5,Day Scholar,5.9,5-8 LPA,2,0,0,3,54.8,53.9,60.1,56.8,70.1,69.4,58.1,65.0,-6.01,3,1,5.43,5.19,-0.24,0,44.1,1,5.0,1.3,20,13,3,0.4035,0,Karnataka,KA,75.4,68.1,36.2,12.0,Bengaluru Urban,1.8,0,9.1,18.2,UNDERGRADUATE
UG_2026_1094,Male,ST,18.5,Hosteler,0.5,2-5 LPA,1,1,1,1,86.9,93.8,99.2,100.0,90.8,93.5,89.4,91.2,-0.71,0,0,5.75,6.47,0.72,0,65.5,0,4.2,0.4,25,10,3,0.3126,0,Tamil Nadu,TN,80.1,73.4,51.4,8.1,Chennai,1.2,0,0.0,17.5,UNDERGRADUATE
UG_2026_1095,Male,OBC,21.5,Day Scholar,15.0,>8 LPA,3,0,0,3,83.6,87.7,89.2,79.7,80.1,76.3,83.3,80.1,1.6,0,0,8.48,8.41,-0.07,0,79.3,0,6.8,3.3,116,13,3,0.2329,0,Madhya Pradesh,MP,69.3,59.2,24.8,18.5,Alirajpur,52.0,1,92.2,39.5,UNDERGRADUATE
UG_2026_1096,Male,OBC,17.5,Day Scholar,22.8,5-8 LPA,2,1,0,0,63.8,66.8,76.2,69.3,66.7,63.6,53.3,60.3,-6.72,4,1,8.67,8.51,-0.16,1,77.7,0,7.1,3.3,24,8,4,0.4609,0,Karnataka,KA,75.4,68.1,36.2,12.0,Yadgir,39.4,1,81.2,36.5,UNDERGRADUATE
UG_2026_1097,Female,OBC,21.0,Hosteler,0.5,2-5 LPA,1,0,0,11,87.8,94.3,94.0,96.3,97.7,93.5,89.6,93.0,-4.01,0,0,9.25,9.73,0.48,0,92.8,0,5.4,-5.7,43,2,7,0.0292,0,Haryana,HR,75.6,65.9,29.8,12.5,Gurugram,2.5,0,31.2,20.5,UNDERGRADUATE
UG_2026_1098,Female,SC,19.5,Day Scholar,8.8,<2 LPA,0,1,0,18,54.4,58.7,63.6,47.6,73.6,57.3,56.5,61.0,-8.57,5,1,7.93,8.06,0.13,2,75.9,0,10.3,2.9,77,7,3,0.7528,1,Karnataka,KA,75.4,68.1,36.2,12.0,Bengaluru Urban,1.8,0,9.1,18.2,UNDERGRADUATE
UG_2026_1099,Female,General,19.2,Day Scholar,10.6,5-8 LPA,2,0,0,2,37.8,53.0,58.8,46.3,48.2,47.7,55.6,51.0,3.73,10,1,5.41,4.29,-1.12,1,41.8,1,7.3,1.6,29,14,4,0.7058,1,Tamil Nadu,TN,80.1,73.4,51.4,8.1,Coimbatore,2.1,0,24.2,18.9,UNDERGRADUATE
UG_2026_1100,Male,General,18.3,Hosteler,0.5,<2 LPA,0,1,1,3,36.1,41.1,44.1,50.8,47.0,45.1,38.5,42.9,-4.29,16,1,8.5,8.28,-0.22,3,78.1,0,6.8,2.5,28,10,0,0.7251,1,Gujarat,GJ,78.0,69.7,21.3,17.9,Dahod,40.5,1,88.0,38.1,UNDERGRADUATE
UG_2026_1101,Female,ST,18.7,Day Scholar,2.5,2-5 LPA,1,0,1,4,83.1,88.0,82.2,72.8,77.7,71.6,80.7,76.8,1.49,1,0,7.82,8.22,0.4,0,79.0,0,5.6,-0.4,31,8,4,0.0496,0,Bihar,BR,61.8,51.5,14.5,21.4,Gaya,38.6,1,86.8,36.2,UNDERGRADUATE
UG_2026_1102,Female,General,17.5,Hosteler,0.5,2-5 LPA,1,1,0,32,74.1,76.8,71.5,72.2,76.7,71.5,70.0,72.2,-3.34,6,1,6.66,7.23,0.57,0,69.4,0,10.6,0.7,58,13,2,0.6693,1,Maharashtra,MH,82.3,75.9,32.3,11.2,Pune,3.9,0,39.1,21.0,UNDERGRADUATE
UG_2026_1103,Female,SC,19.9,Hosteler,0.5,2-5 LPA,1,1,0,12,61.3,57.8,61.3,56.0,54.4,62.0,61.8,60.0,3.69,9,1,9.72,8.95,-0.77,0,84.7,0,4.9,3.9,32,11,2,0.4275,0,Rajasthan,RJ,66.1,52.1,26.0,17.2,Kota,8.2,0,39.7,21.0,UNDERGRADUATE
UG_2026_1104,Female,SC,18.2,Day Scholar,25.7,2-5 LPA,1,1,0,1,78.5,75.7,74.2,67.4,78.4,65.0,64.2,68.0,-7.11,3,1,8.58,9.14,0.56,0,87.8,0,5.3,-3.3,48,8,3,0.1707,0,Madhya Pradesh,MP,69.3,59.2,24.8,18.5,Bhopal,9.4,0,19.1,23.4,UNDERGRADUATE
UG_2026_1105,Male,General,20.7,Hosteler,0.5,>8 LPA,3,0,0,2,96.8,95.1,92.9,84.2,95.6,86.4,91.3,90.7,-2.14,2,0,6.93,8.06,1.13,0,86.0,0,7.2,-2.6,80,14,2,0.0126,0,Bihar,BR,61.8,51.5,14.5,21.4,Patna,18.2,0,56.4,28.5,UNDERGRADUATE
UG_2026_1106,Male,EWS,20.2,Hosteler,0.5,2-5 LPA,1,0,1,19,80.6,88.8,84.8,85.5,83.6,88.5,90.4,88.1,3.4,0,0,8.0,8.28,0.28,0,78.7,0,8.5,-1.2,60,5,4,0.0717,0,Tamil Nadu,TN,80.1,73.4,51.4,8.1,Ramanathapuram,7.8,1,69.7,22.1,UNDERGRADUATE
UG_2026_1107,Female,General,19.4,Hosteler,0.5,>8 LPA,3,0,0,0,65.0,59.6,64.0,54.8,64.2,61.8,55.2,59.7,-4.48,8,1,8.22,7.96,-0.26,3,72.6,0,6.7,-2.0,46,8,2,0.7597,1,Gujarat,GJ,78.0,69.7,21.3,17.9,Ahmedabad,3.8,0,15.9,20.2,UNDERGRADUATE
UG_2026_1108,Female,General,18.8,Hosteler,0.5,>8 LPA,3,0,0,0,70.1,77.6,74.1,83.1,75.4,68.9,67.4,70.0,-4.0,6,1,8.58,8.66,0.08,0,81.8,0,7.5,-4.5,69,8,2,0.1414,0,Tamil Nadu,TN,80.1,73.4,51.4,8.1,Coimbatore,2.1,0,24.2,18.9,UNDERGRADUATE
UG_2026_1109,Male,OBC,20.4,Hosteler,0.5,2-5 LPA,1,1,0,10,90.4,88.7,86.3,79.5,88.9,86.7,89.4,88.3,0.26,2,0,7.99,8.57,0.58,0,77.6,0,8.7,-2.6,38,5,5,0.1585,0,Uttar Pradesh,UP,67.7,57.2,23.2,16.8,Lucknow,8.5,0,33.8,24.1,UNDERGRADUATE
UG_2026_1110,Male,OBC,20.4,Hosteler,0.5,2-5 LPA,1,0,0,23,54.0,63.2,71.3,68.9,64.0,62.8,74.8,67.9,5.43,2,1,5.91,6.29,0.38,0,61.6,0,3.2,-1.1,30,10,1,0.3143,0,Rajasthan,RJ,66.1,52.1,26.0,17.2,Jaisalmer,31.8,1,86.7,33.2,UNDERGRADUATE
UG_2026_1111,Male,General,20.4,Hosteler,0.5,5-8 LPA,2,1,0,0,73.8,76.7,75.0,76.3,68.7,69.8,86.5,76.2,8.92,2,0,6.04,6.99,0.95,0,69.1,0,8.3,-4.1,81,11,1,0.051,0,Uttar Pradesh,UP,67.7,57.2,23.2,16.8,Balrampur,47.9,1,92.3,45.0,UNDERGRADUATE
UG_2026_1112,Male,SC,21.5,Day Scholar,13.1,2-5 LPA,1,0,0,2,87.8,89.2,90.4,91.2,89.6,87.3,88.1,88.2,-0.77,2,0,9.95,9.45,-0.5,0,84.8,0,9.3,-1.9,45,2,7,0.0178,0,Rajasthan,RJ,66.1,52.1,26.0,17.2,Jaisalmer,31.8,1,86.7,33.2,UNDERGRADUATE
UG_2026_1113,Female,SC,19.8,Day Scholar,10.4,2-5 LPA,1,1,1,4,70.4,74.2,75.1,70.5,66.5,69.6,69.0,68.6,1.25,2,1,5.46,4.9,-0.56,0,48.8,0,6.8,-0.0,39,11,2,0.2925,0,Gujarat,GJ,78.0,69.7,21.3,17.9,Ahmedabad,3.8,0,15.9,20.2,UNDERGRADUATE
UG_2026_1114,Male,OBC,20.4,Hosteler,0.5,2-5 LPA,1,0,0,23,81.8,76.7,81.2,85.3,78.7,76.8,83.6,80.0,2.41,1,0,7.97,7.59,-0.38,0,75.3,0,8.1,-3.4,43,9,4,0.332,0,Haryana,HR,75.6,65.9,29.8,12.5,Nuh / Mewat,44.8,1,88.6,47.0,UNDERGRADUATE
UG_2026_1115,Male,OBC,20.1,Day Scholar,12.7,>8 LPA,3,0,0,2,77.6,81.3,82.6,79.0,85.3,77.1,74.3,78.0,-5.51,0,0,5.88,6.14,0.26,0,50.7,0,5.9,0.7,30,9,0,0.3707,0,Uttar Pradesh,UP,67.7,57.2,23.2,16.8,Bahraich,54.4,1,92.1,46.5,UNDERGRADUATE
UG_2026_1116,Male,OBC,19.8,Day Scholar,11.5,5-8 LPA,2,0,0,4,62.0,60.4,65.3,74.5,68.4,66.2,67.0,67.1,-0.7,3,1,6.58,7.4,0.82,0,72.4,0,7.8,-2.4,27,8,3,0.2071,0,Maharashtra,MH,82.3,75.9,32.3,11.2,Gadchiroli,28.5,1,89.0,28.9,UNDERGRADUATE
UG_2026_1117,Female,General,20.3,Hosteler,0.5,2-5 LPA,1,1,0,34,51.2,47.0,50.3,45.3,42.6,46.2,44.8,44.7,1.12,15,1,6.02,5.13,-0.89,4,45.4,0,3.7,-0.7,72,21,1,0.9985,1,Bihar,BR,61.8,51.5,14.5,21.4,Gaya,38.6,1,86.8,36.2,UNDERGRADUATE
UG_2026_1118,Female,OBC,19.6,Hosteler,0.5,2-5 LPA,1,0,1,9,88.1,70.0,84.6,93.0,68.1,78.3,91.0,80.8,11.44,2,0,7.77,7.49,-0.28,0,73.6,0,8.4,1.5,31,6,2,0.0976,0,Madhya Pradesh,MP,69.3,59.2,24.8,18.5,Indore,6.8,0,25.9,21.8,UNDERGRADUATE
UG_2026_1119,Male,ST,18.4,Hosteler,0.5,2-5 LPA,1,1,1,6,78.2,80.4,85.5,87.9,78.6,73.7,73.5,74.8,-2.58,4,1,7.58,7.33,-0.25,0,78.7,0,8.1,0.4,46,7,5,0.3127,0,Tamil Nadu,TN,80.1,73.4,51.4,8.1,Chennai,1.2,0,0.0,17.5,UNDERGRADUATE
UG_2026_1120,Male,OBC,19.5,Day Scholar,18.9,2-5 LPA,1,0,0,3,41.1,47.8,50.5,41.0,50.3,48.3,47.6,48.5,-1.31,9,1,3.5,2.57,-0.93,1,25.1,1,2.3,2.5,14,16,1,0.9954,1,Haryana,HR,75.6,65.9,29.8,12.5,Nuh / Mewat,44.8,1,88.6,47.0,UNDERGRADUATE
UG_2026_1121,Female,SC,20.6,Hosteler,0.5,<2 LPA,0,0,0,49,63.1,76.2,69.6,59.8,61.1,64.5,66.7,64.5,2.8,4,1,8.2,8.01,-0.19,3,74.5,0,6.4,5.6,23,7,3,0.8683,1,Tamil Nadu,TN,80.1,73.4,51.4,8.1,Chennai,1.2,0,0.0,17.5,UNDERGRADUATE
UG_2026_1122,Male,OBC,22.0,Hosteler,0.5,2-5 LPA,1,1,0,22,79.4,87.4,93.3,77.3,83.0,84.6,78.1,81.6,-2.41,2,0,9.19,9.36,0.17,0,95.7,0,7.8,0.8,34,11,3,0.4868,0,Rajasthan,RJ,66.1,52.1,26.0,17.2,Barmer,34.2,1,93.0,35.8,UNDERGRADUATE
UG_2026_1123,Female,General,19.0,Hosteler,0.5,2-5 LPA,1,0,1,5,78.5,71.1,79.8,69.1,75.8,67.5,68.3,69.9,-3.76,2,1,7.56,7.21,-0.35,0,69.1,0,3.8,-0.5,46,8,1,0.3934,0,Tamil Nadu,TN,80.1,73.4,51.4,8.1,Chennai,1.2,0,0.0,17.5,UNDERGRADUATE
UG_2026_1124,Male,OBC,21.2,Day Scholar,7.7,2-5 LPA,1,0,0,12,54.1,57.2,57.9,70.8,59.0,62.9,61.4,61.3,1.21,8,1,5.68,5.42,-0.26,3,51.7,0,5.7,0.1,36,13,2,0.9699,1,Maharashtra,MH,82.3,75.9,32.3,11.2,Gadchiroli,28.5,1,89.0,28.9,UNDERGRADUATE
UG_2026_1125,Female,SC,20.6,Day Scholar,5.0,<2 LPA,0,0,1,15,84.2,81.4,81.2,77.6,78.1,83.5,78.3,80.1,0.12,2,0,8.12,8.08,-0.04,0,86.6,0,5.5,-3.9,34,8,4,0.4427,0,Karnataka,KA,75.4,68.1,36.2,12.0,Raichur,36.8,1,74.6,34.0,UNDERGRADUATE
UG_2026_1126,Female,General,21.5,Hosteler,0.5,2-5 LPA,1,0,1,0,66.7,59.2,67.2,71.5,69.1,75.5,66.4,70.2,-1.36,5,1,5.1,5.29,0.19,0,52.0,0,4.9,2.0,43,12,1,0.6706,1,Haryana,HR,75.6,65.9,29.8,12.5,Gurugram,2.5,0,31.2,20.5,UNDERGRADUATE
UG_2026_1127,Male,OBC,19.0,Day Scholar,9.2,>8 LPA,3,0,0,1,75.3,95.8,82.5,76.8,78.7,85.0,98.0,88.6,9.62,1,0,4.9,4.74,-0.16,0,47.7,0,4.4,0.8,31,9,3,0.1621,0,Madhya Pradesh,MP,69.3,59.2,24.8,18.5,Barwani,46.1,1,85.5,37.1,UNDERGRADUATE
UG_2026_1128,Female,SC,20.0,Day Scholar,36.4,2-5 LPA,1,1,1,9,71.5,75.3,80.4,82.6,76.6,76.8,73.9,75.6,-1.34,0,0,7.4,7.05,-0.35,0,62.4,0,4.1,-5.1,61,9,5,0.3956,0,Uttar Pradesh,UP,67.7,57.2,23.2,16.8,Noida / Gautam Buddha Nagar,7.1,0,40.9,22.0,UNDERGRADUATE
UG_2026_1129,Female,General,18.9,Day Scholar,4.7,>8 LPA,3,0,0,2,73.8,74.4,81.6,80.0,74.0,89.5,79.0,81.4,2.53,2,0,7.62,7.8,0.18,0,73.1,0,9.4,-1.0,34,18,0,0.0425,0,Uttar Pradesh,UP,67.7,57.2,23.2,16.8,Noida / Gautam Buddha Nagar,7.1,0,40.9,22.0,UNDERGRADUATE
UG_2026_1130,Female,SC,19.9,Day Scholar,3.0,<2 LPA,0,1,0,32,67.4,64.3,74.3,56.6,84.1,66.3,53.0,65.4,-15.54,6,1,8.41,7.9,-0.51,0,74.6,0,5.9,0.3,46,11,5,0.8905,1,Rajasthan,RJ,66.1,52.1,26.0,17.2,Jaipur,6.9,0,47.6,22.5,UNDERGRADUATE
UG_2026_1131,Male,SC,18.8,Day Scholar,19.3,<2 LPA,0,1,1,3,70.0,71.4,73.6,78.5,83.4,71.9,69.4,73.8,-7.0,2,1,5.62,6.48,0.86,1,64.1,0,5.3,-3.2,45,8,1,0.8253,1,Bihar,BR,61.8,51.5,14.5,21.4,Purnia,50.4,1,89.2,42.1,UNDERGRADUATE
UG_2026_1132,Male,SC,19.4,Day Scholar,12.9,2-5 LPA,1,0,1,1,86.4,88.2,98.1,85.5,98.4,91.3,82.3,89.4,-8.03,0,0,8.0,9.17,1.17,0,76.2,0,8.5,-0.8,37,5,5,0.0238,0,Tamil Nadu,TN,80.1,73.4,51.4,8.1,Chennai,1.2,0,0.0,17.5,UNDERGRADUATE
UG_2026_1133,Male,General,20.5,Day Scholar,19.1,2-5 LPA,1,1,0,10,82.1,76.1,82.9,78.3,85.3,72.4,62.6,71.7,-11.32,4,1,5.97,5.76,-0.21,0,54.8,0,3.7,-0.6,24,16,2,0.8754,1,Gujarat,GJ,78.0,69.7,21.3,17.9,Narmada,32.4,1,89.5,30.5,UNDERGRADUATE
UG_2026_1134,Male,General,22.4,Day Scholar,9.7,5-8 LPA,2,0,0,4,86.1,90.8,83.5,80.7,82.5,90.3,79.9,84.2,-1.3,2,0,4.28,3.53,-0.75,0,32.5,1,7.6,2.6,33,11,0,0.8304,1,Madhya Pradesh,MP,69.3,59.2,24.8,18.5,Bhopal,9.4,0,19.1,23.4,UNDERGRADUATE
UG_2026_1135,Male,SC,20.3,Day Scholar,10.7,2-5 LPA,1,1,0,1,70.4,73.9,77.6,73.9,69.4,68.8,73.7,70.9,2.13,3,1,6.43,6.61,0.18,0,62.9,0,7.8,0.3,49,8,1,0.1639,0,Rajasthan,RJ,66.1,52.1,26.0,17.2,Barmer,34.2,1,93.0,35.8,UNDERGRADUATE
UG_2026_1136,Female,General,19.1,Day Scholar,11.5,<2 LPA,0,1,1,1,71.8,70.1,84.1,70.8,72.6,81.6,88.4,82.0,7.9,0,0,7.54,7.86,0.32,0,73.4,0,6.3,1.9,38,8,5,0.0521,0,Madhya Pradesh,MP,69.3,59.2,24.8,18.5,Indore,6.8,0,25.9,21.8,UNDERGRADUATE
UG_2026_1137,Male,General,17.5,Hosteler,0.5,<2 LPA,0,0,0,16,79.4,84.1,86.3,82.1,89.4,85.3,80.6,84.4,-4.42,1,0,7.65,8.31,0.66,0,86.9,0,7.8,-2.6,38,6,1,0.1237,0,Kerala,KL,94.0,92.1,43.2,3.2,Wayanad,4.1,1,96.1,18.0,UNDERGRADUATE
UG_2026_1138,Male,General,18.3,Hosteler,0.5,<2 LPA,0,0,1,0,46.5,56.2,63.4,60.6,61.4,49.7,49.5,52.5,-5.96,6,1,6.62,6.08,-0.54,1,58.9,0,6.3,5.0,18,15,4,0.8447,1,Uttar Pradesh,UP,67.7,57.2,23.2,16.8,Lucknow,8.5,0,33.8,24.1,UNDERGRADUATE
UG_2026_1139,Female,OBC,19.7,Day Scholar,8.7,<2 LPA,0,1,1,0,72.6,72.9,72.0,63.2,58.1,64.9,74.5,67.0,8.19,2,1,7.14,7.69,0.55,0,68.8,0,4.8,-0.9,109,7,0,0.0264,0,Bihar,BR,61.8,51.5,14.5,21.4,Muzaffarpur,35.1,1,90.3,38.0,UNDERGRADUATE
UG_2026_1140,Male,OBC,20.1,Day Scholar,15.8,<2 LPA,0,1,1,0,92.6,94.8,96.4,90.4,100.0,90.0,74.9,86.5,-12.54,0,0,7.21,6.9,-0.31,0,63.1,0,5.6,0.3,49,6,2,0.1474,0,Gujarat,GJ,78.0,69.7,21.3,17.9,Dahod,40.5,1,88.0,38.1,UNDERGRADUATE
UG_2026_1141,Male,EWS,20.8,Day Scholar,11.0,2-5 LPA,1,0,1,2,77.6,73.8,87.0,86.4,84.3,79.2,83.0,82.0,-0.66,0,0,5.87,5.89,0.02,0,57.8,0,3.7,1.5,35,7,0,0.0856,0,Uttar Pradesh,UP,67.7,57.2,23.2,16.8,Shravasti,49.6,1,96.5,48.2,UNDERGRADUATE
UG_2026_1142,Female,OBC,18.3,Day Scholar,12.6,2-5 LPA,1,1,0,3,98.2,100.0,100.0,98.0,96.2,94.5,94.5,94.9,-0.89,1,0,6.35,7.04,0.69,0,66.2,0,6.2,-1.4,62,5,7,0.1015,0,Kerala,KL,94.0,92.1,43.2,3.2,Ernakulam,0.6,0,31.9,14.8,UNDERGRADUATE
UG_2026_1143,Male,SC,19.2,Day Scholar,10.1,>8 LPA,3,0,1,4,100.0,91.6,100.0,100.0,100.0,93.8,90.8,94.1,-4.61,2,0,7.12,7.55,0.43,0,68.4,0,9.0,-5.1,87,4,7,0.1122,0,Rajasthan,RJ,66.1,52.1,26.0,17.2,Jaisalmer,31.8,1,86.7,33.2,UNDERGRADUATE
UG_2026_1144,Female,SC,21.6,Day Scholar,9.6,<2 LPA,0,1,1,8,91.1,89.1,87.4,74.3,88.6,85.0,76.3,82.4,-6.14,2,0,7.09,7.2,0.11,0,68.6,0,10.0,0.7,18,6,3,0.279,0,Haryana,HR,75.6,65.9,29.8,12.5,Gurugram,2.5,0,31.2,20.5,UNDERGRADUATE
UG_2026_1145,Male,General,20.7,Hosteler,0.5,2-5 LPA,1,0,0,2,74.3,68.9,72.8,61.9,48.8,66.6,78.5,66.9,14.88,5,1,6.7,6.61,-0.09,0,63.4,0,10.0,-0.6,31,12,1,0.0797,0,Maharashtra,MH,82.3,75.9,32.3,11.2,Gadchiroli,28.5,1,89.0,28.9,UNDERGRADUATE
UG_2026_1146,Female,OBC,17.8,Day Scholar,12.2,2-5 LPA,1,0,0,46,87.4,78.4,88.8,84.3,83.6,77.3,75.6,78.2,-3.98,2,0,7.87,7.58,-0.29,0,74.4,0,6.1,-0.7,36,11,1,0.7421,1,Bihar,BR,61.8,51.5,14.5,21.4,Muzaffarpur,35.1,1,90.3,38.0,UNDERGRADUATE
UG_2026_1147,Female,General,19.3,Day Scholar,11.3,<2 LPA,0,0,0,31,93.0,100.0,100.0,88.4,100.0,86.9,100.0,95.4,0.0,2,0,3.78,4.56,0.78,0,42.7,0,5.8,-0.0,20,8,5,0.6751,1,Madhya Pradesh,MP,69.3,59.2,24.8,18.5,Indore,6.8,0,25.9,21.8,UNDERGRADUATE
UG_2026_1148,Male,SC,20.6,Day Scholar,31.1,2-5 LPA,1,1,0,3,39.9,37.0,42.6,36.5,31.4,37.9,41.3,37.6,4.94,17,1,9.95,8.79,-1.16,2,88.0,0,2.2,-5.2,29,10,6,0.8774,1,Karnataka,KA,75.4,68.1,36.2,12.0,Yadgir,39.4,1,81.2,36.5,UNDERGRADUATE
UG_2026_1149,Female,SC,19.8,Hosteler,0.5,>8 LPA,3,0,1,0,90.1,92.6,88.2,86.5,88.5,86.9,82.5,85.6,-2.97,1,0,7.87,7.67,-0.2,0,72.4,0,8.5,-1.2,77,12,4,0.0847,0,Haryana,HR,75.6,65.9,29.8,12.5,Gurugram,2.5,0,31.2,20.5,UNDERGRADUATE
UG_2026_1150,Female,OBC,20.4,Day Scholar,18.9,2-5 LPA,1,0,0,4,54.4,56.9,53.4,55.6,40.1,55.1,68.4,56.7,14.15,8,1,8.4,7.54,-0.86,3,72.6,0,7.7,0.1,53,10,5,0.6921,1,Karnataka,KA,75.4,68.1,36.2,12.0,Bengaluru Urban,1.8,0,9.1,18.2,UNDERGRADUATE
UG_2026_1151,Male,OBC,20.2,Day Scholar,29.1,>8 LPA,3,0,0,0,57.9,60.3,64.9,69.4,63.4,68.8,55.3,62.0,-4.01,7,1,8.2,7.38,-0.82,1,69.6,0,2.0,-1.2,47,8,4,0.4936,0,Gujarat,GJ,78.0,69.7,21.3,17.9,Dahod,40.5,1,88.0,38.1,UNDERGRADUATE
UG_2026_1152,Male,SC,21.4,Day Scholar,18.8,>8 LPA,3,0,0,3,63.9,64.4,75.4,69.9,68.6,65.4,66.9,66.8,-0.87,6,1,7.73,8.23,0.5,0,74.8,0,9.0,2.3,35,9,5,0.0896,0,Kerala,KL,94.0,92.1,43.2,3.2,Thiruvananthapuram,0.9,0,46.2,15.2,UNDERGRADUATE
UG_2026_1153,Female,ST,21.2,Hosteler,0.5,<2 LPA,0,1,0,32,96.8,90.1,100.0,78.2,97.0,91.4,89.3,92.0,-3.84,1,0,6.4,6.63,0.23,1,63.4,0,7.4,-2.8,34,10,5,0.7743,1,Haryana,HR,75.6,65.9,29.8,12.5,Gurugram,2.5,0,31.2,20.5,UNDERGRADUATE
UG_2026_1154,Female,OBC,18.8,Day Scholar,9.5,2-5 LPA,1,0,0,49,100.0,96.7,95.5,90.9,94.7,100.0,98.3,98.0,1.77,2,0,6.15,6.35,0.2,0,58.2,0,5.2,-3.4,30,5,1,0.2023,0,Gujarat,GJ,78.0,69.7,21.3,17.9,Narmada,32.4,1,89.5,30.5,UNDERGRADUATE
UG_2026_1155,Male,EWS,19.7,Day Scholar,4.6,5-8 LPA,2,0,1,4,68.6,45.0,64.5,50.8,53.3,60.4,48.0,53.7,-2.69,9,1,7.62,7.49,-0.13,2,74.8,0,5.9,-0.2,34,12,9,0.8726,1,Kerala,KL,94.0,92.1,43.2,3.2,Thiruvananthapuram,0.9,0,46.2,15.2,UNDERGRADUATE
UG_2026_1156,Female,OBC,20.0,Day Scholar,7.6,2-5 LPA,1,0,0,61,95.2,98.9,91.1,85.0,95.2,89.0,84.8,88.9,-5.21,1,0,4.49,4.78,0.29,0,43.8,0,7.3,-2.2,46,12,2,0.8544,1,Gujarat,GJ,78.0,69.7,21.3,17.9,Ahmedabad,3.8,0,15.9,20.2,UNDERGRADUATE
UG_2026_1157,Male,OBC,18.5,Hosteler,0.5,<2 LPA,0,1,1,0,58.3,65.1,60.8,56.4,48.2,59.5,62.8,58.0,7.3,5,1,7.11,7.12,0.01,0,67.8,0,5.2,-0.6,40,20,4,0.2157,0,Gujarat,GJ,78.0,69.7,21.3,17.9,Dahod,40.5,1,88.0,38.1,UNDERGRADUATE
UG_2026_1158,Female,OBC,19.7,Hosteler,0.5,>8 LPA,3,0,0,2,84.3,88.5,89.2,79.8,82.7,88.7,84.8,85.7,1.05,0,0,5.9,6.14,0.24,0,52.1,0,5.5,-3.6,49,7,1,0.1659,0,Haryana,HR,75.6,65.9,29.8,12.5,Gurugram,2.5,0,31.2,20.5,UNDERGRADUATE
UG_2026_1159,Male,OBC,22.3,Hosteler,0.5,5-8 LPA,2,1,0,1,70.2,68.1,82.0,70.9,72.2,66.4,68.0,68.5,-2.09,6,1,7.0,7.18,0.18,0,74.2,0,8.0,-1.4,50,13,3,0.3891,0,Gujarat,GJ,78.0,69.7,21.3,17.9,Dahod,40.5,1,88.0,38.1,UNDERGRADUATE
UG_2026_1160,Male,ST,18.5,Day Scholar,14.0,2-5 LPA,1,1,1,1,67.0,61.7,67.2,58.8,64.5,63.8,62.7,63.5,-0.92,7,1,8.63,7.59,-1.04,4,69.5,0,6.9,-1.9,45,10,1,0.7055,1,Rajasthan,RJ,66.1,52.1,26.0,17.2,Jaisalmer,31.8,1,86.7,33.2,UNDERGRADUATE
UG_2026_1161,Female,ST,19.6,Hosteler,0.5,2-5 LPA,1,0,1,7,74.7,75.8,65.6,71.5,66.9,75.4,72.9,72.3,3.02,4,1,9.31,9.41,0.1,0,87.1,0,7.9,3.3,48,7,3,0.0363,0,Karnataka,KA,75.4,68.1,36.2,12.0,Bengaluru Urban,1.8,0,9.1,18.2,UNDERGRADUATE
UG_2026_1162,Male,SC,21.1,Hosteler,0.5,5-8 LPA,2,0,0,1,49.3,47.9,47.5,36.6,47.7,48.4,36.9,43.6,-5.4,13,1,5.62,4.53,-1.09,3,49.0,0,4.9,0.3,19,14,2,0.9916,1,Madhya Pradesh,MP,69.3,59.2,24.8,18.5,Alirajpur,52.0,1,92.2,39.5,UNDERGRADUATE
UG_2026_1163,Female,General,19.6,Day Scholar,7.6,5-8 LPA,2,0,0,16,84.3,84.9,91.6,87.7,75.5,82.8,86.8,82.6,5.64,0,0,3.5,3.83,0.33,0,37.1,0,8.0,1.8,24,14,2,0.7516,1,Madhya Pradesh,MP,69.3,59.2,24.8,18.5,Indore,6.8,0,25.9,21.8,UNDERGRADUATE
UG_2026_1164,Male,SC,19.9,Day Scholar,16.8,<2 LPA,0,1,0,2,32.7,43.0,41.3,30.1,27.1,30.6,43.3,34.8,8.08,13,1,9.07,7.7,-1.37,2,65.8,0,3.9,0.7,39,12,5,0.9366,1,Maharashtra,MH,82.3,75.9,32.3,11.2,Gadchiroli,28.5,1,89.0,28.9,UNDERGRADUATE
UG_2026_1165,Female,SC,19.9,Day Scholar,10.4,5-8 LPA,2,0,0,3,76.9,73.5,76.0,66.9,70.9,76.9,71.5,73.2,0.32,2,1,5.54,5.79,0.25,0,51.1,0,7.3,-3.7,31,10,1,0.2819,0,Rajasthan,RJ,66.1,52.1,26.0,17.2,Jaipur,6.9,0,47.6,22.5,UNDERGRADUATE
UG_2026_1166,Male,SC,19.0,Day Scholar,8.8,>8 LPA,3,0,1,4,86.8,78.7,77.9,86.4,78.2,78.0,76.0,77.2,-1.14,0,0,6.83,7.28,0.45,0,70.9,0,8.6,-1.0,41,6,2,0.1279,0,Tamil Nadu,TN,80.1,73.4,51.4,8.1,Chennai,1.2,0,0.0,17.5,UNDERGRADUATE
UG_2026_1167,Male,OBC,20.8,Day Scholar,3.4,<2 LPA,0,1,1,2,73.5,88.2,90.8,78.3,82.7,83.8,74.9,80.0,-3.87,1,0,9.71,9.4,-0.31,0,87.8,0,6.9,-1.7,219,6,7,0.0265,0,Tamil Nadu,TN,80.1,73.4,51.4,8.1,Ramanathapuram,7.8,1,69.7,22.1,UNDERGRADUATE
UG_2026_1168,Male,OBC,17.5,Day Scholar,4.4,2-5 LPA,1,1,1,7,92.4,88.9,97.4,91.1,84.0,91.4,100.0,93.0,7.98,1,0,9.33,9.41,0.08,0,87.1,0,4.9,-2.9,57,5,5,0.0495,0,Haryana,HR,75.6,65.9,29.8,12.5,Nuh / Mewat,44.8,1,88.6,47.0,UNDERGRADUATE
UG_2026_1169,Female,SC,17.5,Hosteler,0.5,2-5 LPA,1,1,1,1,83.3,82.1,85.7,96.1,87.8,79.1,86.0,84.0,-0.9,1,0,7.99,7.96,-0.03,0,79.5,0,8.0,0.3,96,8,2,0.0237,0,Uttar Pradesh,UP,67.7,57.2,23.2,16.8,Lucknow,8.5,0,33.8,24.1,UNDERGRADUATE
UG_2026_1170,Male,OBC,18.8,Hosteler,0.5,<2 LPA,0,0,1,3,56.2,51.7,69.5,47.7,67.4,59.3,59.9,61.5,-3.78,4,1,6.47,6.05,-0.42,1,58.3,1,4.5,1.5,21,16,1,0.8034,1,Bihar,BR,61.8,51.5,14.5,21.4,Patna,18.2,0,56.4,28.5,UNDERGRADUATE
UG_2026_1171,Male,SC,19.7,Day Scholar,23.5,>8 LPA,3,0,1,0,87.4,89.9,97.5,79.5,88.1,91.7,83.4,87.5,-2.37,0,0,5.92,6.11,0.19,0,53.3,0,8.5,-2.1,62,8,4,0.0348,0,Haryana,HR,75.6,65.9,29.8,12.5,Nuh / Mewat,44.8,1,88.6,47.0,UNDERGRADUATE
UG_2026_1172,Male,General,17.5,Hosteler,0.5,2-5 LPA,1,0,0,3,44.7,50.8,48.5,47.0,45.7,54.8,59.9,54.6,7.1,6,1,7.82,7.07,-0.75,1,74.5,0,1.9,-1.0,46,11,4,0.6284,1,Haryana,HR,75.6,65.9,29.8,12.5,Nuh / Mewat,44.8,1,88.6,47.0,UNDERGRADUATE
UG_2026_1173,Male,OBC,19.4,Hosteler,0.5,2-5 LPA,1,0,0,24,52.4,51.4,55.6,45.9,43.5,41.8,42.1,42.4,-0.7,9,1,8.64,7.64,-1.0,4,77.2,0,6.0,-2.1,27,11,3,0.9902,1,Tamil Nadu,TN,80.1,73.4,51.4,8.1,Ramanathapuram,7.8,1,69.7,22.1,UNDERGRADUATE
UG_2026_1174,Male,SC,21.0,Day Scholar,11.7,2-5 LPA,1,1,0,1,85.4,78.6,82.4,70.3,77.0,79.3,75.3,77.1,-0.85,0,0,6.73,6.32,-0.41,0,57.8,0,8.8,-0.5,26,12,6,0.1552,0,Uttar Pradesh,UP,67.7,57.2,23.2,16.8,Balrampur,47.9,1,92.3,45.0,UNDERGRADUATE
UG_2026_1175,Male,SC,19.1,Hosteler,0.5,2-5 LPA,1,1,1,1,47.7,47.9,52.9,37.6,43.3,45.0,46.3,45.1,1.48,8,1,8.98,7.33,-1.65,1,65.2,0,5.1,-2.8,26,13,3,0.6665,1,Kerala,KL,94.0,92.1,43.2,3.2,Wayanad,4.1,1,96.1,18.0,UNDERGRADUATE
UG_2026_1176,Male,SC,17.5,Hosteler,0.5,5-8 LPA,2,0,0,3,57.7,51.1,53.6,50.0,51.1,46.9,44.7,47.1,-3.23,19,1,5.35,3.68,-1.67,0,43.1,0,4.4,0.8,30,16,2,0.989,1,Rajasthan,RJ,66.1,52.1,26.0,17.2,Jaisalmer,31.8,1,86.7,33.2,UNDERGRADUATE
UG_2026_1177,Male,ST,19.1,Hosteler,0.5,>8 LPA,3,0,0,2,61.8,62.4,63.6,59.0,63.0,65.6,56.2,61.2,-3.38,11,1,7.3,7.08,-0.22,1,67.9,0,6.0,-0.2,70,21,4,0.7501,1,Uttar Pradesh,UP,67.7,57.2,23.2,16.8,Balrampur,47.9,1,92.3,45.0,UNDERGRADUATE
UG_2026_1178,Female,OBC,19.7,Day Scholar,19.2,2-5 LPA,1,0,0,4,73.6,76.2,83.4,84.7,92.3,74.9,77.8,80.4,-7.23,2,0,3.72,3.83,0.11,0,32.4,0,2.4,0.0,36,12,3,0.6782,1,Kerala,KL,94.0,92.1,43.2,3.2,Ernakulam,0.6,0,31.9,14.8,UNDERGRADUATE
UG_2026_1179,Female,EWS,19.8,Hosteler,0.5,5-8 LPA,2,0,1,0,82.4,84.4,88.0,82.8,95.4,85.2,89.6,89.5,-2.9,0,0,6.78,7.29,0.51,0,80.5,0,6.4,-2.7,45,6,5,0.061,0,Uttar Pradesh,UP,67.7,57.2,23.2,16.8,Varanasi,16.3,0,56.6,29.4,UNDERGRADUATE
UG_2026_1180,Male,SC,20.3,Hosteler,0.5,5-8 LPA,2,0,1,1,70.7,66.0,74.7,56.3,63.5,71.5,64.4,66.6,0.46,4,1,7.44,7.25,-0.19,0,66.5,0,7.6,-0.6,32,8,1,0.3397,0,Karnataka,KA,75.4,68.1,36.2,12.0,Raichur,36.8,1,74.6,34.0,UNDERGRADUATE
UG_2026_1181,Male,OBC,19.0,Hosteler,0.5,2-5 LPA,1,1,1,2,74.0,66.3,76.3,73.1,73.4,65.1,75.4,71.3,0.97,3,1,6.73,6.51,-0.22,0,65.3,0,7.8,-4.6,24,11,3,0.2984,0,Gujarat,GJ,78.0,69.7,21.3,17.9,Narmada,32.4,1,89.5,30.5,UNDERGRADUATE
UG_2026_1182,Male,OBC,19.9,Day Scholar,5.1,>8 LPA,3,0,0,3,68.9,69.4,71.4,69.3,68.8,73.4,77.2,73.8,4.18,4,1,6.68,7.19,0.51,0,73.3,0,4.0,-2.3,28,9,4,0.0321,0,Maharashtra,MH,82.3,75.9,32.3,11.2,Nandurbar,33.1,1,83.3,32.4,UNDERGRADUATE
UG_2026_1183,Male,OBC,21.2,Hosteler,0.5,5-8 LPA,2,0,0,1,88.4,81.9,91.0,92.2,91.6,87.1,86.4,88.0,-2.6,2,0,6.86,6.83,-0.03,0,65.0,0,6.8,0.6,44,6,3,0.2429,0,Rajasthan,RJ,66.1,52.1,26.0,17.2,Barmer,34.2,1,93.0,35.8,UNDERGRADUATE
UG_2026_1184,Female,ST,19.2,Hosteler,0.5,<2 LPA,0,0,1,0,69.7,66.5,82.6,74.9,63.7,63.8,72.0,67.0,4.14,5,1,6.82,6.76,-0.06,0,58.6,0,6.5,-2.9,43,11,2,0.1752,0,Tamil Nadu,TN,80.1,73.4,51.4,8.1,Chennai,1.2,0,0.0,17.5,UNDERGRADUATE
UG_2026_1185,Female,OBC,19.4,Day Scholar,6.7,>8 LPA,3,0,0,3,65.1,65.2,73.7,71.4,66.8,68.1,71.1,69.0,2.17,4,1,5.61,5.66,0.05,0,50.4,1,12.9,-1.5,42,17,5,0.4026,0,Haryana,HR,75.6,65.9,29.8,12.5,Gurugram,2.5,0,31.2,20.5,UNDERGRADUATE
UG_2026_1186,Male,General,19.7,Hosteler,0.5,2-5 LPA,1,0,0,3,100.0,100.0,100.0,90.8,79.7,88.2,86.9,85.6,3.6,2,0,6.19,6.65,0.46,0,64.5,0,4.5,-1.5,40,7,3,0.1024,0,Karnataka,KA,75.4,68.1,36.2,12.0,Raichur,36.8,1,74.6,34.0,UNDERGRADUATE
UG_2026_1187,Male,OBC,19.4,Day Scholar,14.0,<2 LPA,0,1,1,1,81.3,75.1,79.0,80.4,77.3,70.0,76.0,74.2,-0.69,3,1,7.75,7.84,0.09,0,70.8,0,6.1,-7.0,51,12,0,0.1905,0,Bihar,BR,61.8,51.5,14.5,21.4,Purnia,50.4,1,89.2,42.1,UNDERGRADUATE
UG_2026_1188,Male,EWS,23.4,Day Scholar,17.5,>8 LPA,3,0,0,4,76.4,91.7,81.1,76.5,81.3,72.5,62.3,70.6,-9.51,5,1,6.87,7.22,0.35,0,72.4,0,7.4,-3.3,21,17,2,0.4774,0,Kerala,KL,94.0,92.1,43.2,3.2,Thiruvananthapuram,0.9,0,46.2,15.2,UNDERGRADUATE
UG_2026_1189,Female,OBC,18.2,Day Scholar,11.7,>8 LPA,3,0,0,1,99.7,100.0,98.7,87.1,100.0,98.0,94.9,97.3,-2.55,2,0,7.49,7.73,0.24,0,73.7,0,7.3,-4.5,81,4,6,0.0187,0,Gujarat,GJ,78.0,69.7,21.3,17.9,Ahmedabad,3.8,0,15.9,20.2,UNDERGRADUATE
UG_2026_1190,Female,OBC,19.5,Day Scholar,8.4,<2 LPA,0,0,0,34,88.3,92.5,92.8,97.4,80.9,85.7,83.9,83.7,1.51,2,0,5.98,5.97,-0.01,0,57.6,0,1.2,-2.1,28,11,3,0.8446,1,Tamil Nadu,TN,80.1,73.4,51.4,8.1,Coimbatore,2.1,0,24.2,18.9,UNDERGRADUATE
UG_2026_1191,Male,SC,18.5,Hosteler,0.5,2-5 LPA,1,1,0,60,57.0,42.6,57.8,60.9,42.1,48.4,55.0,49.5,6.44,23,1,6.17,5.59,-0.58,3,51.7,0,0.1,1.6,24,15,2,0.9989,1,Maharashtra,MH,82.3,75.9,32.3,11.2,Nandurbar,33.1,1,83.3,32.4,UNDERGRADUATE
UG_2026_1192,Male,General,20.6,Day Scholar,17.5,2-5 LPA,1,1,0,0,87.8,81.3,84.2,91.1,82.1,81.5,82.8,82.1,0.35,0,0,6.89,7.55,0.66,0,68.9,0,6.6,-3.2,61,14,2,0.2545,0,Uttar Pradesh,UP,67.7,57.2,23.2,16.8,Balrampur,47.9,1,92.3,45.0,UNDERGRADUATE
UG_2026_1193,Male,OBC,22.5,Day Scholar,9.3,>8 LPA,3,0,0,0,69.7,61.6,70.2,72.1,58.6,63.1,74.5,66.6,7.99,6,1,7.36,7.23,-0.13,0,69.8,0,4.5,1.7,45,19,4,0.3044,0,Karnataka,KA,75.4,68.1,36.2,12.0,Yadgir,39.4,1,81.2,36.5,UNDERGRADUATE
UG_2026_1194,Male,OBC,21.2,Day Scholar,13.2,2-5 LPA,1,0,0,4,92.1,91.0,89.5,90.0,94.7,93.2,96.6,94.9,0.97,0,0,8.75,9.12,0.37,0,81.4,0,10.8,-3.1,33,5,0,0.0084,0,Tamil Nadu,TN,80.1,73.4,51.4,8.1,Ramanathapuram,7.8,1,69.7,22.1,UNDERGRADUATE
UG_2026_1195,Male,OBC,20.0,Hosteler,0.5,<2 LPA,0,1,1,17,71.4,80.6,88.7,78.3,80.4,78.1,69.7,75.3,-5.36,0,0,6.82,7.08,0.26,0,73.2,0,6.9,-2.0,61,8,1,0.51,1,Haryana,HR,75.6,65.9,29.8,12.5,Nuh / Mewat,44.8,1,88.6,47.0,UNDERGRADUATE
UG_2026_1196,Female,General,21.7,Day Scholar,18.1,2-5 LPA,1,0,1,4,95.5,88.9,95.1,93.1,97.1,89.3,91.7,92.2,-2.69,2,0,8.99,9.22,0.23,0,81.9,0,10.7,-1.1,34,8,7,0.0364,0,Uttar Pradesh,UP,67.7,57.2,23.2,16.8,Varanasi,16.3,0,56.6,29.4,UNDERGRADUATE
UG_2026_1197,Female,OBC,21.8,Day Scholar,9.1,2-5 LPA,1,1,0,14,38.5,37.3,55.0,30.6,48.0,53.2,46.9,49.4,-0.54,20,1,6.53,5.16,-1.37,0,45.5,1,7.2,0.3,37,17,2,0.9692,1,Karnataka,KA,75.4,68.1,36.2,12.0,Raichur,36.8,1,74.6,34.0,UNDERGRADUATE
UG_2026_1198,Male,ST,21.7,Hosteler,0.5,5-8 LPA,2,0,0,5,93.0,90.0,84.9,88.6,79.8,87.9,92.8,87.8,6.5,0,0,8.31,9.4,1.09,0,85.0,0,6.9,0.3,37,4,3,0.0032,0,Bihar,BR,61.8,51.5,14.5,21.4,Katihar,48.7,1,91.1,44.3,UNDERGRADUATE
UG_2026_1199,Female,OBC,20.4,Hosteler,0.5,<2 LPA,0,0,1,1,78.9,68.4,78.3,68.3,81.5,78.0,71.7,76.3,-4.88,2,0,5.39,4.49,-0.9,0,33.2,0,10.4,1.7,16,12,2,0.5023,1,Kerala,KL,94.0,92.1,43.2,3.2,Ernakulam,0.6,0,31.9,14.8,UNDERGRADUATE
UG_2026_1200,Female,OBC,20.1,Hosteler,0.5,5-8 LPA,2,0,0,1,93.8,83.6,93.8,84.8,76.7,82.6,88.9,83.6,6.07,2,0,5.94,6.07,0.13,0,55.6,0,5.2,-0.4,28,10,2,0.0798,0,Rajasthan,RJ,66.1,52.1,26.0,17.2,Kota,8.2,0,39.7,21.0,UNDERGRADUATE
UG_2026_1201,Male,General,20.6,Hosteler,0.5,5-8 LPA,2,0,0,3,71.9,100.0,95.5,82.4,88.5,88.4,82.3,86.0,-3.08,0,0,6.86,6.57,-0.29,0,65.1,0,6.2,-2.6,54,11,2,0.2013,0,Tamil Nadu,TN,80.1,73.4,51.4,8.1,Chennai,1.2,0,0.0,17.5,UNDERGRADUATE
UG_2026_1202,Female,OBC,19.6,Day Scholar,6.0,2-5 LPA,1,0,0,13,75.5,68.9,71.3,61.4,67.5,63.2,65.9,65.4,-0.8,6,1,4.68,3.85,-0.83,0,41.0,0,6.2,-1.4,33,13,1,0.9211,1,Karnataka,KA,75.4,68.1,36.2,12.0,Raichur,36.8,1,74.6,34.0,UNDERGRADUATE
UG_2026_1203,Male,General,21.0,Hosteler,0.5,2-5 LPA,1,0,0,1,86.1,86.7,88.7,80.8,77.8,82.8,82.5,81.4,2.33,0,0,4.47,4.35,-0.12,0,45.3,0,7.5,-0.7,22,10,0,0.3852,0,Kerala,KL,94.0,92.1,43.2,3.2,Thiruvananthapuram,0.9,0,46.2,15.2,UNDERGRADUATE
UG_2026_1204,Male,OBC,19.6,Day Scholar,9.2,5-8 LPA,2,0,0,15,85.4,87.9,91.0,91.1,77.6,81.6,96.1,86.4,9.26,1,0,6.04,5.98,-0.06,0,60.7,0,7.2,-2.6,23,16,4,0.0847,0,Uttar Pradesh,UP,67.7,57.2,23.2,16.8,Lucknow,8.5,0,33.8,24.1,UNDERGRADUATE
UG_2026_1205,Male,General,18.0,Hosteler,0.5,2-5 LPA,1,1,0,1,74.2,74.3,74.2,64.1,82.6,69.3,68.7,72.4,-6.97,5,1,5.53,6.12,0.59,0,61.5,0,5.9,0.7,10,11,3,0.4358,0,Madhya Pradesh,MP,69.3,59.2,24.8,18.5,Barwani,46.1,1,85.5,37.1,UNDERGRADUATE
UG_2026_1206,Male,EWS,18.6,Day Scholar,9.7,2-5 LPA,1,0,1,2,75.9,75.0,84.4,82.2,79.1,82.5,65.9,75.0,-6.61,2,0,6.95,7.32,0.37,0,70.1,0,7.5,-2.1,52,7,3,0.1559,0,Madhya Pradesh,MP,69.3,59.2,24.8,18.5,Alirajpur,52.0,1,92.2,39.5,UNDERGRADUATE
UG_2026_1207,Female,SC,21.0,Hosteler,0.5,5-8 LPA,2,0,1,3,64.5,78.0,80.5,75.0,74.8,73.4,75.5,74.6,0.3,2,1,5.6,6.06,0.46,0,48.9,0,6.0,-1.1,59,12,1,0.5519,1,Rajasthan,RJ,66.1,52.1,26.0,17.2,Jaipur,6.9,0,47.6,22.5,UNDERGRADUATE
UG_2026_1208,Male,General,19.1,Day Scholar,2.7,2-5 LPA,1,0,0,0,82.4,85.7,83.7,88.2,86.7,81.7,84.5,84.1,-1.11,0,0,8.24,8.59,0.35,0,82.7,0,7.9,-1.4,38,8,4,0.0118,0,Gujarat,GJ,78.0,69.7,21.3,17.9,Narmada,32.4,1,89.5,30.5,UNDERGRADUATE
UG_2026_1209,Female,SC,18.5,Day Scholar,8.3,<2 LPA,0,1,1,3,71.3,88.9,80.1,73.4,78.5,77.4,88.9,82.3,5.17,2,0,8.64,8.95,0.31,0,85.5,0,8.7,-1.6,32,8,1,0.0278,0,Maharashtra,MH,82.3,75.9,32.3,11.2,Pune,3.9,0,39.1,21.0,UNDERGRADUATE
UG_2026_1210,Male,SC,18.0,Day Scholar,10.0,2-5 LPA,1,1,1,0,93.1,90.2,87.7,80.1,87.1,81.4,83.2,83.5,-1.92,0,0,3.67,4.04,0.37,0,41.2,0,5.2,-0.2,58,13,0,0.3752,0,Madhya Pradesh,MP,69.3,59.2,24.8,18.5,Bhopal,9.4,0,19.1,23.4,UNDERGRADUATE
UG_2026_1211,Male,EWS,18.6,Hosteler,0.5,<2 LPA,0,0,0,64,84.4,77.1,90.9,83.5,91.6,81.4,71.7,80.1,-9.95,2,0,6.99,7.17,0.18,0,58.6,0,10.9,-3.7,55,11,4,0.4311,0,Maharashtra,MH,82.3,75.9,32.3,11.2,Nandurbar,33.1,1,83.3,32.4,UNDERGRADUATE
UG_2026_1212,Male,OBC,19.7,Day Scholar,7.6,2-5 LPA,1,0,0,12,48.6,46.7,58.8,40.2,65.0,47.0,39.0,48.3,-12.98,9,1,6.64,6.18,-0.46,3,53.0,1,5.7,0.5,45,23,6,0.9847,1,Gujarat,GJ,78.0,69.7,21.3,17.9,Narmada,32.4,1,89.5,30.5,UNDERGRADUATE
UG_2026_1213,Female,SC,19.3,Day Scholar,4.9,2-5 LPA,1,0,0,4,71.5,79.5,84.0,70.4,83.8,87.1,74.3,81.2,-4.73,2,0,9.46,9.13,-0.33,0,86.4,0,7.5,-2.8,25,4,4,0.2865,0,Rajasthan,RJ,66.1,52.1,26.0,17.2,Kota,8.2,0,39.7,21.0,UNDERGRADUATE
UG_2026_1214,Female,General,21.7,Hosteler,0.5,2-5 LPA,1,0,0,0,74.1,75.3,79.4,77.6,72.7,80.8,66.7,73.1,-3.03,5,1,7.86,7.67,-0.19,0,75.7,0,5.4,3.5,80,15,3,0.6988,1,Tamil Nadu,TN,80.1,73.4,51.4,8.1,Coimbatore,2.1,0,24.2,18.9,UNDERGRADUATE
UG_2026_1215,Male,OBC,20.4,Day Scholar,4.8,<2 LPA,0,0,1,9,73.4,64.5,68.0,49.0,70.9,63.8,56.2,62.5,-7.35,8,1,5.15,5.67,0.52,1,56.3,0,2.4,1.2,51,12,0,0.7945,1,Tamil Nadu,TN,80.1,73.4,51.4,8.1,Chennai,1.2,0,0.0,17.5,UNDERGRADUATE
UG_2026_1216,Female,General,21.5,Day Scholar,16.7,2-5 LPA,1,0,1,2,44.8,43.1,51.6,40.1,50.5,47.6,50.4,49.4,-0.07,10,1,7.06,5.74,-1.32,1,54.5,0,7.8,-5.0,22,14,3,0.9021,1,Tamil Nadu,TN,80.1,73.4,51.4,8.1,Coimbatore,2.1,0,24.2,18.9,UNDERGRADUATE
UG_2026_1217,Female,OBC,20.5,Hosteler,0.5,<2 LPA,0,1,0,30,69.3,67.0,77.6,66.7,67.0,74.9,77.0,73.8,4.98,4,1,9.41,9.82,0.41,0,91.3,0,6.3,-1.5,32,4,7,0.0125,0,Bihar,BR,61.8,51.5,14.5,21.4,Muzaffarpur,35.1,1,90.3,38.0,UNDERGRADUATE
UG_2026_1218,Female,General,19.1,Day Scholar,15.8,<2 LPA,0,1,0,19,75.1,76.2,76.0,73.6,63.4,70.7,88.4,76.0,12.52,1,0,6.48,5.93,-0.55,0,59.2,0,3.0,-1.0,66,9,3,0.2857,0,Haryana,HR,75.6,65.9,29.8,12.5,Gurugram,2.5,0,31.2,20.5,UNDERGRADUATE
UG_2026_1219,Female,SC,19.7,Day Scholar,8.4,5-8 LPA,2,0,1,8,77.4,75.6,89.6,83.5,82.1,78.8,78.8,79.6,-1.67,2,0,4.52,4.37,-0.15,0,40.9,0,5.9,-3.9,22,10,1,0.5153,1,Kerala,KL,94.0,92.1,43.2,3.2,Ernakulam,0.6,0,31.9,14.8,UNDERGRADUATE
UG_2026_1220,Female,General,21.5,Day Scholar,18.9,<2 LPA,0,1,1,2,35.6,40.8,44.1,40.5,47.4,41.3,50.5,46.5,1.57,22,1,5.4,4.65,-0.75,0,51.7,1,4.2,3.3,27,16,6,0.9751,1,Karnataka,KA,75.4,68.1,36.2,12.0,Bengaluru Urban,1.8,0,9.1,18.2,UNDERGRADUATE
UG_2026_1221,Female,ST,21.2,Hosteler,0.5,>8 LPA,3,0,1,2,65.7,60.6,63.8,61.3,67.7,57.4,51.7,57.7,-7.98,6,1,6.87,6.66,-0.21,3,64.0,0,5.9,-0.8,29,10,1,0.6777,1,Karnataka,KA,75.4,68.1,36.2,12.0,Bengaluru Urban,1.8,0,9.1,18.2,UNDERGRADUATE
UG_2026_1222,Female,SC,20.3,Day Scholar,9.4,2-5 LPA,1,0,1,3,96.5,97.7,100.0,86.2,100.0,91.3,87.3,91.9,-6.37,1,0,8.65,8.96,0.31,0,89.2,0,10.8,-3.6,42,5,2,0.0152,0,Maharashtra,MH,82.3,75.9,32.3,11.2,Mumbai,2.1,0,0.0,19.5,UNDERGRADUATE
UG_2026_1223,Female,General,20.7,Hosteler,0.5,<2 LPA,0,0,1,4,61.3,69.4,63.1,43.7,70.1,61.9,52.9,60.4,-8.6,5,1,6.24,6.2,-0.04,2,58.6,0,6.5,2.3,51,11,2,0.5771,1,Kerala,KL,94.0,92.1,43.2,3.2,Thiruvananthapuram,0.9,0,46.2,15.2,UNDERGRADUATE
UG_2026_1224,Female,OBC,19.7,Day Scholar,8.7,>8 LPA,3,0,0,2,87.8,92.7,88.6,82.1,91.2,90.3,83.0,87.6,-4.13,1,0,9.92,10.0,0.08,0,99.0,0,11.4,-5.1,68,2,5,0.0541,0,Rajasthan,RJ,66.1,52.1,26.0,17.2,Jaipur,6.9,0,47.6,22.5,UNDERGRADUATE
UG_2026_1225,Female,OBC,21.2,Hosteler,0.5,2-5 LPA,1,1,0,10,88.9,75.9,100.0,78.8,78.0,89.1,99.4,90.4,10.7,0,0,6.57,6.58,0.01,0,65.1,0,7.7,-4.0,64,8,6,0.1801,0,Tamil Nadu,TN,80.1,73.4,51.4,8.1,Coimbatore,2.1,0,24.2,18.9,UNDERGRADUATE
UG_2026_1226,Female,OBC,20.3,Hosteler,0.5,<2 LPA,0,1,1,1,64.1,59.5,60.4,47.1,52.6,59.6,56.5,56.6,1.97,9,1,7.41,6.45,-0.96,2,57.6,0,6.0,-1.9,23,14,5,0.5732,1,Bihar,BR,61.8,51.5,14.5,21.4,Muzaffarpur,35.1,1,90.3,38.0,UNDERGRADUATE
UG_2026_1227,Male,OBC,20.5,Day Scholar,11.0,2-5 LPA,1,0,0,34,100.0,100.0,100.0,100.0,100.0,96.8,100.0,98.9,0.0,2,0,7.1,7.5,0.4,0,64.3,0,6.4,-4.5,30,4,1,0.1099,0,Maharashtra,MH,82.3,75.9,32.3,11.2,Nandurbar,33.1,1,83.3,32.4,UNDERGRADUATE
UG_2026_1228,Female,General,19.4,Day Scholar,7.4,>8 LPA,3,0,0,0,92.8,91.0,100.0,86.5,96.2,87.3,90.1,90.7,-3.04,2,0,5.75,5.66,-0.09,0,50.2,0,9.1,-2.4,17,17,3,0.0969,0,Uttar Pradesh,UP,67.7,57.2,23.2,16.8,Noida / Gautam Buddha Nagar,7.1,0,40.9,22.0,UNDERGRADUATE
UG_2026_1229,Female,SC,20.9,Day Scholar,13.9,2-5 LPA,1,0,1,3,75.2,80.1,90.9,80.7,65.8,78.9,89.0,79.7,11.56,1,0,7.0,7.11,0.11,0,65.7,0,8.7,1.0,43,7,0,0.0882,0,Kerala,KL,94.0,92.1,43.2,3.2,Ernakulam,0.6,0,31.9,14.8,UNDERGRADUATE
UG_2026_1230,Male,OBC,19.6,Hosteler,0.5,2-5 LPA,1,0,0,0,84.3,89.4,93.3,87.8,97.6,84.8,86.8,88.8,-5.4,0,0,8.13,8.33,0.2,0,81.2,0,7.9,0.9,35,10,8,0.527,1,Maharashtra,MH,82.3,75.9,32.3,11.2,Nandurbar,33.1,1,83.3,32.4,UNDERGRADUATE
UG_2026_1231,Female,OBC,20.4,Day Scholar,9.0,2-5 LPA,1,1,1,19,52.3,73.4,73.6,71.8,71.9,68.3,64.7,67.7,-3.64,4,1,7.39,6.41,-0.98,0,62.2,1,5.0,-0.2,27,16,2,0.822,1,Uttar Pradesh,UP,67.7,57.2,23.2,16.8,Lucknow,8.5,0,33.8,24.1,UNDERGRADUATE
UG_2026_1232,Male,ST,20.8,Hosteler,0.5,<2 LPA,0,0,1,0,79.8,59.4,66.2,63.0,63.4,58.3,71.4,64.8,3.99,8,1,7.37,6.92,-0.45,4,71.5,0,6.0,-1.1,30,9,4,0.2436,0,Karnataka,KA,75.4,68.1,36.2,12.0,Yadgir,39.4,1,81.2,36.5,UNDERGRADUATE
UG_2026_1233,Male,SC,20.1,Day Scholar,12.5,2-5 LPA,1,1,1,17,81.5,74.4,85.4,83.4,74.5,81.4,87.1,82.0,6.32,2,0,4.63,4.56,-0.07,1,46.7,0,7.9,3.7,30,10,1,0.6156,1,Madhya Pradesh,MP,69.3,59.2,24.8,18.5,Alirajpur,52.0,1,92.2,39.5,UNDERGRADUATE
UG_2026_1234,Female,OBC,18.9,Day Scholar,6.8,2-5 LPA,1,1,0,1,78.8,80.4,82.5,97.4,78.4,85.3,88.8,85.0,5.21,2,0,9.28,9.72,0.44,0,90.0,0,5.1,-5.1,64,4,8,0.0152,0,Gujarat,GJ,78.0,69.7,21.3,17.9,Ahmedabad,3.8,0,15.9,20.2,UNDERGRADUATE
UG_2026_1235,Male,OBC,17.5,Day Scholar,12.6,>8 LPA,3,0,0,2,68.8,71.7,74.3,83.0,67.4,68.4,65.8,67.1,-0.79,5,1,7.38,7.57,0.19,0,65.1,0,8.0,-0.9,57,7,2,0.031,0,Uttar Pradesh,UP,67.7,57.2,23.2,16.8,Balrampur,47.9,1,92.3,45.0,UNDERGRADUATE
UG_2026_1236,Female,General,19.8,Hosteler,0.5,2-5 LPA,1,1,0,31,92.6,98.4,92.9,97.4,91.3,85.4,84.4,86.5,-3.41,1,0,9.95,10.0,0.05,0,98.8,0,8.4,-0.4,81,2,5,0.0443,0,Maharashtra,MH,82.3,75.9,32.3,11.2,Mumbai,2.1,0,0.0,19.5,UNDERGRADUATE
UG_2026_1237,Female,SC,19.7,Hosteler,0.5,>8 LPA,3,0,0,4,65.9,63.8,65.5,54.0,69.6,59.4,62.2,63.1,-3.7,8,1,8.53,8.21,-0.32,1,74.4,0,8.7,1.1,36,13,4,0.5248,1,Gujarat,GJ,78.0,69.7,21.3,17.9,Narmada,32.4,1,89.5,30.5,UNDERGRADUATE
UG_2026_1238,Female,General,20.5,Day Scholar,17.2,<2 LPA,0,0,1,1,46.4,39.0,49.2,40.2,38.6,46.9,44.2,43.7,2.81,20,1,7.24,6.67,-0.57,4,59.9,0,4.5,-0.8,16,15,1,0.7559,1,Maharashtra,MH,82.3,75.9,32.3,11.2,Pune,3.9,0,39.1,21.0,UNDERGRADUATE
UG_2026_1239,Male,General,19.6,Hosteler,0.5,<2 LPA,0,1,1,0,85.3,92.8,92.0,83.6,84.7,90.2,98.1,92.0,6.65,2,0,7.05,7.17,0.12,0,62.2,0,7.5,-3.8,34,7,9,0.0212,0,Kerala,KL,94.0,92.1,43.2,3.2,Wayanad,4.1,1,96.1,18.0,UNDERGRADUATE
UG_2026_1240,Male,OBC,20.2,Day Scholar,4.7,5-8 LPA,2,1,0,4,100.0,95.1,90.7,87.1,96.3,99.6,100.0,98.9,1.83,1,0,6.97,7.18,0.21,0,70.4,0,5.6,-1.8,28,8,6,0.0187,0,Haryana,HR,75.6,65.9,29.8,12.5,Nuh / Mewat,44.8,1,88.6,47.0,UNDERGRADUATE
UG_2026_1241,Male,SC,21.7,Day Scholar,19.7,5-8 LPA,2,0,1,5,58.8,64.3,64.3,56.0,60.5,68.6,59.7,63.1,-0.4,7,1,8.09,7.7,-0.39,0,75.5,0,4.4,0.6,42,11,4,0.3625,0,Uttar Pradesh,UP,67.7,57.2,23.2,16.8,Bahraich,54.4,1,92.1,46.5,UNDERGRADUATE
UG_2026_1242,Male,EWS,19.1,Hosteler,0.5,2-5 LPA,1,1,0,4,30.9,38.7,51.4,36.4,39.8,41.0,36.9,39.1,-1.45,18,1,8.07,7.44,-0.63,0,69.4,0,7.0,0.1,40,16,2,0.8979,1,Karnataka,KA,75.4,68.1,36.2,12.0,Raichur,36.8,1,74.6,34.0,UNDERGRADUATE
UG_2026_1243,Male,ST,21.2,Hosteler,0.5,5-8 LPA,2,0,0,4,86.0,79.9,83.6,86.3,81.1,80.4,92.1,85.2,5.51,0,0,8.61,8.61,0.0,0,90.4,0,7.6,-4.9,54,5,6,0.0229,0,Gujarat,GJ,78.0,69.7,21.3,17.9,Narmada,32.4,1,89.5,30.5,UNDERGRADUATE
UG_2026_1244,Male,OBC,21.0,Day Scholar,9.7,2-5 LPA,1,0,0,12,86.9,95.6,99.4,71.8,100.0,99.6,85.4,94.0,-7.28,2,0,4.92,5.33,0.41,0,48.8,0,6.0,-1.2,18,12,1,0.3465,0,Madhya Pradesh,MP,69.3,59.2,24.8,18.5,Bhopal,9.4,0,19.1,23.4,UNDERGRADUATE
UG_2026_1245,Female,EWS,19.9,Day Scholar,17.5,>8 LPA,3,0,0,1,73.3,82.4,84.1,81.3,66.1,82.4,78.4,76.7,6.19,1,0,8.3,9.64,1.34,0,99.0,0,8.3,-0.8,33,8,3,0.0019,0,Bihar,BR,61.8,51.5,14.5,21.4,Gaya,38.6,1,86.8,36.2,UNDERGRADUATE
UG_2026_1246,Female,SC,20.0,Day Scholar,13.7,5-8 LPA,2,0,0,3,56.2,58.8,50.5,43.9,49.0,47.8,43.6,46.4,-2.7,10,1,6.76,5.69,-1.07,2,54.5,0,4.4,-1.7,41,18,4,0.9611,1,Karnataka,KA,75.4,68.1,36.2,12.0,Bengaluru Urban,1.8,0,9.1,18.2,UNDERGRADUATE
UG_2026_1247,Male,OBC,19.0,Day Scholar,24.8,2-5 LPA,1,1,0,10,94.7,85.4,98.9,97.9,96.7,91.4,88.2,91.4,-4.24,2,0,7.11,6.72,-0.39,0,64.4,0,6.8,-3.8,115,15,4,0.1664,0,Uttar Pradesh,UP,67.7,57.2,23.2,16.8,Lucknow,8.5,0,33.8,24.1,UNDERGRADUATE
UG_2026_1248,Female,General,21.4,Day Scholar,16.6,2-5 LPA,1,0,0,20,60.9,59.1,66.5,56.6,47.6,55.1,49.1,50.8,0.77,7,1,6.1,5.24,-0.86,0,42.7,0,6.0,-1.1,32,17,1,0.9607,1,Rajasthan,RJ,66.1,52.1,26.0,17.2,Kota,8.2,0,39.7,21.0,UNDERGRADUATE
UG_2026_1249,Female,OBC,18.4,Hosteler,0.5,2-5 LPA,1,1,0,31,74.8,73.5,81.1,85.6,81.6,80.5,88.7,84.0,3.54,1,0,5.91,6.17,0.26,0,61.1,0,5.8,2.2,40,8,9,0.1397,0,Haryana,HR,75.6,65.9,29.8,12.5,Gurugram,2.5,0,31.2,20.5,UNDERGRADUATE
UG_2026_1250,Male,OBC,19.0,Day Scholar,23.9,2-5 LPA,1,1,1,4,95.3,86.2,90.9,88.0,89.9,84.5,78.9,83.6,-5.53,2,0,8.89,8.49,-0.4,0,79.7,0,7.5,-1.0,62,8,4,0.0374,0,Tamil Nadu,TN,80.1,73.4,51.4,8.1,Ramanathapuram,7.8,1,69.7,22.1,UNDERGRADUATE
UG_2026_1251,Female,General,18.3,Hosteler,0.5,2-5 LPA,1,1,0,49,79.6,77.6,84.7,68.4,73.0,78.8,76.6,76.5,1.78,1,0,6.34,5.77,-0.57,1,45.5,0,10.4,-4.4,48,10,4,0.7363,1,Haryana,HR,75.6,65.9,29.8,12.5,Gurugram,2.5,0,31.2,20.5,UNDERGRADUATE
UG_2026_1252,Female,General,22.4,Day Scholar,8.4,<2 LPA,0,1,0,46,76.9,70.3,79.4,68.6,74.2,75.5,80.8,77.3,3.32,2,0,5.77,6.04,0.27,0,54.0,0,6.7,0.6,16,9,3,0.3153,0,Tamil Nadu,TN,80.1,73.4,51.4,8.1,Coimbatore,2.1,0,24.2,18.9,UNDERGRADUATE
UG_2026_1253,Female,General,19.3,Hosteler,0.5,5-8 LPA,2,0,0,5,85.2,95.7,95.1,91.6,93.9,92.8,89.3,91.7,-2.26,2,0,5.92,6.45,0.53,0,67.0,0,4.0,-3.6,77,6,3,0.1312,0,Karnataka,KA,75.4,68.1,36.2,12.0,Bengaluru Urban,1.8,0,9.1,18.2,UNDERGRADUATE
UG_2026_1254,Male,OBC,19.7,Day Scholar,17.0,2-5 LPA,1,1,0,24,67.2,60.4,66.7,50.6,70.8,66.0,70.6,69.1,-0.09,2,1,7.94,7.69,-0.25,0,73.0,0,4.2,-5.1,48,10,5,0.5367,1,Karnataka,KA,75.4,68.1,36.2,12.0,Yadgir,39.4,1,81.2,36.5,UNDERGRADUATE
UG_2026_1255,Female,SC,17.9,Hosteler,0.5,>8 LPA,3,0,0,9,82.6,84.4,90.3,74.6,91.0,89.4,73.7,83.5,-8.62,1,0,9.39,8.96,-0.43,0,84.4,0,9.6,1.5,31,4,2,0.1223,0,Haryana,HR,75.6,65.9,29.8,12.5,Gurugram,2.5,0,31.2,20.5,UNDERGRADUATE
UG_2026_1256,Male,General,19.3,Day Scholar,15.6,2-5 LPA,1,0,1,9,59.4,62.5,67.4,55.9,59.4,64.6,65.6,63.7,3.09,11,1,7.05,7.41,0.36,1,64.0,0,3.3,1.2,30,13,3,0.5359,1,Gujarat,GJ,78.0,69.7,21.3,17.9,Narmada,32.4,1,89.5,30.5,UNDERGRADUATE
UG_2026_1257,Male,EWS,20.0,Day Scholar,10.4,<2 LPA,0,1,1,0,44.1,39.8,40.7,35.9,39.0,29.4,35.1,34.1,-1.94,10,1,8.22,7.29,-0.93,0,70.4,0,2.2,-0.7,34,16,1,0.9064,1,Haryana,HR,75.6,65.9,29.8,12.5,Gurugram,2.5,0,31.2,20.5,UNDERGRADUATE
UG_2026_1258,Female,SC,20.3,Day Scholar,14.0,2-5 LPA,1,0,1,9,62.3,62.0,67.0,65.3,66.6,66.5,62.9,65.1,-1.84,6,1,9.74,9.65,-0.09,0,96.4,0,5.2,-0.5,49,11,5,0.089,0,Bihar,BR,61.8,51.5,14.5,21.4,Muzaffarpur,35.1,1,90.3,38.0,UNDERGRADUATE
UG_2026_1259,Female,General,19.9,Hosteler,0.5,2-5 LPA,1,0,0,1,87.3,80.2,87.4,72.1,83.7,82.9,87.3,84.8,1.82,2,0,8.2,8.23,0.03,0,77.6,0,10.8,1.0,24,7,2,0.0192,0,Madhya Pradesh,MP,69.3,59.2,24.8,18.5,Indore,6.8,0,25.9,21.8,UNDERGRADUATE
UG_2026_1260,Female,OBC,20.1,Day Scholar,9.5,2-5 LPA,1,0,0,0,90.3,92.9,99.8,89.3,86.7,90.9,97.0,92.3,5.12,0,0,7.18,7.09,-0.09,0,68.7,0,6.1,-4.8,69,9,7,0.1044,0,Uttar Pradesh,UP,67.7,57.2,23.2,16.8,Noida / Gautam Buddha Nagar,7.1,0,40.9,22.0,UNDERGRADUATE
UG_2026_1261,Male,OBC,18.2,Day Scholar,23.6,5-8 LPA,2,0,0,1,78.5,70.9,76.0,77.9,66.3,61.9,69.8,66.1,1.75,3,1,7.36,6.64,-0.72,0,58.8,0,10.2,0.2,32,10,4,0.5506,1,Gujarat,GJ,78.0,69.7,21.3,17.9,Narmada,32.4,1,89.5,30.5,UNDERGRADUATE
UG_2026_1262,Male,General,20.6,Hosteler,0.5,5-8 LPA,2,0,0,3,74.6,71.8,73.8,58.8,76.8,66.6,63.5,67.9,-6.66,4,1,7.17,6.96,-0.21,0,64.8,0,3.6,-3.2,26,10,3,0.1991,0,Karnataka,KA,75.4,68.1,36.2,12.0,Yadgir,39.4,1,81.2,36.5,UNDERGRADUATE
UG_2026_1263,Male,ST,21.4,Hosteler,0.5,>8 LPA,3,0,0,0,42.2,45.4,45.6,30.0,37.2,39.0,36.2,37.4,-0.53,20,1,3.98,2.5,-1.48,3,29.2,1,2.3,1.8,57,18,2,0.999,1,Madhya Pradesh,MP,69.3,59.2,24.8,18.5,Barwani,46.1,1,85.5,37.1,UNDERGRADUATE
UG_2026_1264,Female,General,18.5,Day Scholar,13.6,5-8 LPA,2,0,0,2,87.7,83.6,89.1,85.5,83.2,80.7,78.4,80.4,-2.41,2,0,9.37,9.93,0.56,0,89.7,0,8.7,-4.3,52,3,4,0.1246,0,Madhya Pradesh,MP,69.3,59.2,24.8,18.5,Indore,6.8,0,25.9,21.8,UNDERGRADUATE
UG_2026_1265,Female,OBC,19.8,Day Scholar,22.8,2-5 LPA,1,0,0,21,72.1,64.6,76.8,78.1,77.2,89.5,88.5,86.0,5.64,0,0,9.17,9.36,0.19,0,91.3,0,5.3,-6.0,47,4,6,0.0703,0,Tamil Nadu,TN,80.1,73.4,51.4,8.1,Coimbatore,2.1,0,24.2,18.9,UNDERGRADUATE
UG_2026_1266,Female,SC,20.4,Hosteler,0.5,>8 LPA,3,0,0,8,78.7,78.7,79.8,69.9,67.9,73.5,74.9,72.7,3.5,3,1,5.42,5.62,0.2,0,60.0,0,5.8,-0.5,30,12,1,0.3577,0,Maharashtra,MH,82.3,75.9,32.3,11.2,Pune,3.9,0,39.1,21.0,UNDERGRADUATE
UG_2026_1267,Male,General,21.3,Day Scholar,14.2,2-5 LPA,1,0,1,9,62.3,75.6,82.9,72.8,76.4,80.1,70.3,75.3,-3.07,1,0,8.8,7.99,-0.81,0,78.1,0,6.9,0.6,40,9,3,0.1019,0,Haryana,HR,75.6,65.9,29.8,12.5,Nuh / Mewat,44.8,1,88.6,47.0,UNDERGRADUATE
UG_2026_1268,Male,General,19.2,Day Scholar,7.3,2-5 LPA,1,1,0,24,89.7,100.0,98.9,84.4,78.1,86.1,94.3,87.4,8.13,0,0,9.34,9.03,-0.31,0,81.0,0,7.7,-0.6,68,9,2,0.1837,0,Kerala,KL,94.0,92.1,43.2,3.2,Thiruvananthapuram,0.9,0,46.2,15.2,UNDERGRADUATE
UG_2026_1269,Female,OBC,20.3,Day Scholar,15.2,>8 LPA,3,0,0,1,70.5,72.5,77.2,76.8,69.8,71.4,77.3,73.3,3.72,4,1,6.36,6.47,0.11,0,66.3,0,7.7,0.6,46,10,1,0.4226,0,Gujarat,GJ,78.0,69.7,21.3,17.9,Ahmedabad,3.8,0,15.9,20.2,UNDERGRADUATE
UG_2026_1270,Female,General,19.4,Day Scholar,21.5,2-5 LPA,1,0,0,0,41.4,51.6,49.9,49.8,43.6,52.5,52.9,50.4,4.65,5,1,7.53,7.29,-0.24,5,64.2,0,5.3,1.7,55,11,1,0.592,1,Madhya Pradesh,MP,69.3,59.2,24.8,18.5,Indore,6.8,0,25.9,21.8,UNDERGRADUATE
UG_2026_1271,Male,SC,21.4,Hosteler,0.5,<2 LPA,0,0,1,17,79.3,81.9,84.8,85.4,96.5,78.2,72.4,80.4,-12.03,1,0,5.91,6.43,0.52,0,59.6,0,9.3,-1.1,35,9,2,0.2002,0,Gujarat,GJ,78.0,69.7,21.3,17.9,Dahod,40.5,1,88.0,38.1,UNDERGRADUATE
UG_2026_1272,Male,OBC,20.2,Hosteler,0.5,2-5 LPA,1,0,0,23,81.3,85.8,94.6,75.6,91.1,84.0,80.9,84.5,-5.1,2,0,6.4,6.16,-0.24,0,59.7,0,6.0,-1.4,23,7,3,0.6951,1,Kerala,KL,94.0,92.1,43.2,3.2,Wayanad,4.1,1,96.1,18.0,UNDERGRADUATE
UG_2026_1273,Female,SC,21.4,Day Scholar,10.0,5-8 LPA,2,0,1,1,18.5,24.7,32.2,23.4,31.9,32.8,31.3,32.0,-0.29,8,1,6.02,5.01,-1.01,2,55.3,0,3.3,-0.1,51,17,3,0.9182,1,Maharashtra,MH,82.3,75.9,32.3,11.2,Mumbai,2.1,0,0.0,19.5,UNDERGRADUATE
UG_2026_1274,Female,OBC,19.3,Day Scholar,12.5,>8 LPA,3,0,0,0,99.8,91.8,94.5,88.4,100.0,87.1,86.8,90.2,-6.62,1,0,8.54,9.53,0.99,0,95.8,0,7.8,-2.2,69,3,0,0.0083,0,Maharashtra,MH,82.3,75.9,32.3,11.2,Mumbai,2.1,0,0.0,19.5,UNDERGRADUATE
UG_2026_1275,Male,General,20.4,Hosteler,0.5,2-5 LPA,1,0,0,32,62.2,66.4,69.5,62.9,71.4,65.9,60.2,65.0,-5.63,3,1,7.3,6.39,-0.91,0,65.4,0,3.0,-0.4,34,10,2,0.9704,1,Karnataka,KA,75.4,68.1,36.2,12.0,Yadgir,39.4,1,81.2,36.5,UNDERGRADUATE
UG_2026_1276,Male,EWS,19.8,Day Scholar,8.0,<2 LPA,0,1,1,3,49.3,76.8,75.6,66.8,69.7,64.9,59.8,64.1,-4.96,7,1,7.25,7.59,0.34,2,73.3,0,8.7,2.7,34,17,3,0.4844,0,Madhya Pradesh,MP,69.3,59.2,24.8,18.5,Barwani,46.1,1,85.5,37.1,UNDERGRADUATE
UG_2026_1277,Male,ST,17.5,Day Scholar,9.5,5-8 LPA,2,0,1,4,62.9,54.6,64.0,57.0,59.8,57.9,60.1,59.2,0.12,6,1,9.95,9.05,-0.9,0,85.2,0,6.4,-2.2,101,8,1,0.2506,0,Haryana,HR,75.6,65.9,29.8,12.5,Nuh / Mewat,44.8,1,88.6,47.0,UNDERGRADUATE
UG_2026_1278,Female,OBC,18.6,Day Scholar,3.4,>8 LPA,3,0,0,1,100.0,100.0,98.6,80.4,94.5,95.1,100.0,96.9,2.73,1,0,7.4,7.84,0.44,0,75.7,0,9.0,-5.0,28,3,1,0.0265,0,Kerala,KL,94.0,92.1,43.2,3.2,Ernakulam,0.6,0,31.9,14.8,UNDERGRADUATE
UG_2026_1279,Female,SC,20.5,Hosteler,0.5,5-8 LPA,2,0,1,2,68.3,79.6,80.8,82.9,89.8,84.4,79.1,83.6,-5.35,0,0,9.09,8.48,-0.61,0,80.8,0,9.6,-1.4,12,14,2,0.3292,0,Rajasthan,RJ,66.1,52.1,26.0,17.2,Jaipur,6.9,0,47.6,22.5,UNDERGRADUATE
UG_2026_1280,Female,ST,18.4,Hosteler,0.5,2-5 LPA,1,0,0,4,78.0,74.6,70.3,63.5,68.4,69.4,64.8,67.3,-1.8,4,1,7.02,6.23,-0.79,0,59.6,0,3.9,0.7,34,22,2,0.6415,1,Madhya Pradesh,MP,69.3,59.2,24.8,18.5,Indore,6.8,0,25.9,21.8,UNDERGRADUATE
UG_2026_1281,Female,OBC,18.6,Hosteler,0.5,2-5 LPA,1,1,1,0,83.3,72.9,90.9,82.9,88.9,80.2,79.2,82.0,-4.81,0,0,8.11,7.85,-0.26,0,69.9,0,7.1,2.2,53,5,3,0.1381,0,Haryana,HR,75.6,65.9,29.8,12.5,Gurugram,2.5,0,31.2,20.5,UNDERGRADUATE
UG_2026_1282,Male,General,19.6,Hosteler,0.5,2-5 LPA,1,0,0,1,84.4,75.1,88.4,80.9,89.1,86.1,85.2,86.5,-1.95,0,0,7.06,7.95,0.89,0,76.5,0,8.0,1.9,39,9,8,0.0896,0,Haryana,HR,75.6,65.9,29.8,12.5,Nuh / Mewat,44.8,1,88.6,47.0,UNDERGRADUATE
UG_2026_1283,Male,General,20.1,Day Scholar,22.3,<2 LPA,0,1,1,30,85.0,82.9,87.9,83.8,89.6,87.3,96.8,91.7,3.57,0,0,5.79,6.07,0.28,0,63.2,0,7.2,-0.7,60,18,2,0.3442,0,Kerala,KL,94.0,92.1,43.2,3.2,Wayanad,4.1,1,96.1,18.0,UNDERGRADUATE
UG_2026_1284,Female,SC,18.8,Hosteler,0.5,<2 LPA,0,0,1,2,71.0,73.5,80.7,80.5,83.5,77.2,71.7,76.6,-5.86,0,0,4.75,4.83,0.08,0,46.9,0,6.1,1.5,28,16,1,0.5184,1,Haryana,HR,75.6,65.9,29.8,12.5,Gurugram,2.5,0,31.2,20.5,UNDERGRADUATE
UG_2026_1285,Female,General,21.3,Day Scholar,24.5,2-5 LPA,1,0,1,4,83.0,82.2,85.0,77.3,61.5,75.9,92.4,78.9,15.45,1,0,5.23,5.4,0.17,0,51.0,0,8.6,0.2,61,11,4,0.033,0,Bihar,BR,61.8,51.5,14.5,21.4,Gaya,38.6,1,86.8,36.2,UNDERGRADUATE
UG_2026_1286,Male,ST,18.5,Hosteler,0.5,2-5 LPA,1,0,0,12,63.0,69.8,59.2,62.1,55.1,65.4,77.1,67.5,11.01,2,1,7.6,6.89,-0.71,0,69.8,0,1.4,0.7,52,8,5,0.5685,1,Kerala,KL,94.0,92.1,43.2,3.2,Thiruvananthapuram,0.9,0,46.2,15.2,UNDERGRADUATE
UG_2026_1287,Female,General,19.0,Hosteler,0.5,<2 LPA,0,1,0,34,69.3,73.2,81.9,74.8,76.2,80.9,75.3,77.5,-0.49,1,0,7.33,7.69,0.36,1,71.9,0,6.9,-2.8,93,8,3,0.2728,0,Uttar Pradesh,UP,67.7,57.2,23.2,16.8,Varanasi,16.3,0,56.6,29.4,UNDERGRADUATE
UG_2026_1288,Female,OBC,18.4,Hosteler,0.5,>8 LPA,3,1,0,0,83.4,83.7,94.0,87.9,89.5,91.7,95.7,92.8,3.12,0,0,6.97,7.63,0.66,0,82.0,0,4.7,-0.9,39,4,2,0.0302,0,Maharashtra,MH,82.3,75.9,32.3,11.2,Mumbai,2.1,0,0.0,19.5,UNDERGRADUATE
UG_2026_1289,Male,SC,21.2,Hosteler,0.5,5-8 LPA,2,0,1,8,74.6,99.1,93.5,88.8,80.2,87.6,98.7,90.2,9.23,2,0,6.98,7.34,0.36,0,66.1,0,6.5,0.1,36,5,4,0.0288,0,Rajasthan,RJ,66.1,52.1,26.0,17.2,Barmer,34.2,1,93.0,35.8,UNDERGRADUATE
UG_2026_1290,Female,OBC,17.8,Day Scholar,10.6,>8 LPA,3,0,0,1,61.5,69.7,66.4,65.0,47.7,51.2,69.7,57.7,10.97,6,1,6.24,6.28,0.04,1,59.6,0,5.3,-0.5,55,12,1,0.8025,1,Madhya Pradesh,MP,69.3,59.2,24.8,18.5,Indore,6.8,0,25.9,21.8,UNDERGRADUATE
UG_2026_1291,Female,OBC,20.8,Day Scholar,3.3,2-5 LPA,1,0,0,12,90.3,99.4,100.0,89.3,99.1,97.7,86.7,93.6,-6.22,2,0,6.74,6.83,0.09,0,62.8,0,7.8,2.8,34,5,3,0.2272,0,Maharashtra,MH,82.3,75.9,32.3,11.2,Pune,3.9,0,39.1,21.0,UNDERGRADUATE
UG_2026_1292,Male,SC,18.6,Day Scholar,16.7,2-5 LPA,1,1,1,3,43.6,45.2,52.8,49.9,49.5,53.4,55.9,53.4,3.2,10,1,8.57,7.53,-1.04,5,67.8,0,8.9,-0.7,45,14,3,0.6944,1,Maharashtra,MH,82.3,75.9,32.3,11.2,Gadchiroli,28.5,1,89.0,28.9,UNDERGRADUATE
UG_2026_1293,Male,ST,22.0,Day Scholar,3.4,<2 LPA,0,1,1,7,87.9,75.9,83.9,70.5,60.6,76.0,91.9,78.5,15.68,1,0,5.89,5.1,-0.79,0,52.7,0,6.8,-0.5,19,9,1,0.0958,0,Maharashtra,MH,82.3,75.9,32.3,11.2,Gadchiroli,28.5,1,89.0,28.9,UNDERGRADUATE
UG_2026_1294,Female,General,21.1,Hosteler,0.5,2-5 LPA,1,0,0,61,74.4,87.3,80.6,80.0,82.0,83.2,89.7,85.5,3.84,2,0,7.14,6.37,-0.77,0,63.5,0,7.0,0.1,53,10,3,0.765,1,Bihar,BR,61.8,51.5,14.5,21.4,Gaya,38.6,1,86.8,36.2,UNDERGRADUATE
UG_2026_1295,Male,SC,19.3,Day Scholar,13.2,2-5 LPA,1,1,1,5,80.0,81.9,87.7,78.1,79.5,80.9,80.5,80.4,0.46,1,0,5.4,6.04,0.64,1,63.1,0,3.5,-1.6,13,9,4,0.3885,0,Uttar Pradesh,UP,67.7,57.2,23.2,16.8,Bahraich,54.4,1,92.1,46.5,UNDERGRADUATE
UG_2026_1296,Male,General,21.2,Hosteler,0.5,5-8 LPA,2,0,0,7,83.3,91.5,93.7,74.3,100.0,92.8,79.6,89.3,-10.19,1,0,5.79,6.5,0.71,0,61.0,0,6.6,3.7,59,9,4,0.8895,1,Gujarat,GJ,78.0,69.7,21.3,17.9,Narmada,32.4,1,89.5,30.5,UNDERGRADUATE
UG_2026_1297,Male,General,19.0,Hosteler,0.5,5-8 LPA,2,0,0,2,94.3,94.2,87.3,80.0,93.2,90.5,83.9,88.5,-4.65,1,0,9.6,10.0,0.4,0,92.4,0,9.2,-3.4,28,3,5,0.0145,0,Madhya Pradesh,MP,69.3,59.2,24.8,18.5,Bhopal,9.4,0,19.1,23.4,UNDERGRADUATE
UG_2026_1298,Female,General,19.1,Hosteler,0.5,<2 LPA,0,1,1,3,89.0,82.4,80.1,74.1,72.2,74.2,81.3,76.5,4.56,0,0,5.23,5.09,-0.14,0,48.4,0,3.8,-0.8,36,11,3,0.4919,0,Uttar Pradesh,UP,67.7,57.2,23.2,16.8,Noida / Gautam Buddha Nagar,7.1,0,40.9,22.0,UNDERGRADUATE
UG_2026_1299,Female,SC,20.5,Day Scholar,16.7,2-5 LPA,1,0,1,0,45.6,53.7,51.5,42.7,47.0,59.4,45.1,50.6,-1.0,5,1,8.59,7.59,-1.0,3,78.6,0,4.7,-1.1,24,15,1,0.7334,1,Uttar Pradesh,UP,67.7,57.2,23.2,16.8,Varanasi,16.3,0,56.6,29.4,UNDERGRADUATE
UG_2026_1300,Female,General,19.9,Hosteler,0.5,<2 LPA,0,0,0,17,74.6,62.4,84.7,68.5,74.3,74.9,79.4,76.6,2.57,0,0,6.3,6.56,0.26,0,70.7,0,9.2,0.0,39,10,1,0.4311,0,Karnataka,KA,75.4,68.1,36.2,12.0,Raichur,36.8,1,74.6,34.0,UNDERGRADUATE
UG_2026_1301,Male,OBC,18.3,Hosteler,0.5,5-8 LPA,2,1,0,2,57.5,65.4,75.4,57.7,71.5,64.6,62.6,65.6,-4.42,5,1,9.31,8.79,-0.52,0,82.6,0,8.2,-4.9,16,6,3,0.1685,0,Kerala,KL,94.0,92.1,43.2,3.2,Wayanad,4.1,1,96.1,18.0,UNDERGRADUATE
UG_2026_1302,Male,General,18.9,Hosteler,0.5,2-5 LPA,1,1,0,2,73.6,62.5,72.8,66.0,65.8,72.4,79.1,73.4,6.68,2,1,8.76,9.29,0.53,0,85.7,0,11.1,-3.3,41,6,2,0.0608,0,Rajasthan,RJ,66.1,52.1,26.0,17.2,Jaisalmer,31.8,1,86.7,33.2,UNDERGRADUATE
UG_2026_1303,Male,OBC,23.1,Hosteler,0.5,<2 LPA,0,1,1,0,92.2,100.0,99.5,80.7,86.0,93.2,91.9,90.9,2.91,1,0,5.11,4.92,-0.19,0,52.8,0,5.6,-2.8,45,16,2,0.5852,1,Kerala,KL,94.0,92.1,43.2,3.2,Thiruvananthapuram,0.9,0,46.2,15.2,UNDERGRADUATE
UG_2026_1304,Male,General,21.1,Hosteler,0.5,>8 LPA,3,0,0,6,54.6,69.5,67.8,64.0,65.2,58.0,61.8,61.4,-1.72,7,1,7.34,5.92,-1.42,1,59.4,0,7.1,2.4,24,10,0,0.7046,1,Tamil Nadu,TN,80.1,73.4,51.4,8.1,Ramanathapuram,7.8,1,69.7,22.1,UNDERGRADUATE
UG_2026_1305,Male,OBC,19.0,Day Scholar,5.2,2-5 LPA,1,1,0,14,87.3,82.8,84.6,79.6,86.7,86.6,81.2,84.4,-2.74,0,0,6.25,6.36,0.11,0,63.9,0,4.2,-1.0,36,11,3,0.5297,1,Gujarat,GJ,78.0,69.7,21.3,17.9,Narmada,32.4,1,89.5,30.5,UNDERGRADUATE
UG_2026_1306,Male,EWS,19.8,Hosteler,0.5,2-5 LPA,1,0,1,1,62.4,62.2,59.8,51.8,54.2,57.8,68.3,61.1,7.07,5,1,8.24,7.81,-0.43,2,76.4,0,6.1,2.1,24,13,1,0.118,0,Maharashtra,MH,82.3,75.9,32.3,11.2,Nandurbar,33.1,1,83.3,32.4,UNDERGRADUATE
UG_2026_1307,Male,SC,20.9,Day Scholar,8.0,>8 LPA,3,0,1,1,87.8,96.3,97.3,94.6,98.2,89.7,97.0,94.8,-0.6,2,0,9.24,9.37,0.13,0,89.2,0,10.8,0.5,53,7,1,0.0249,0,Rajasthan,RJ,66.1,52.1,26.0,17.2,Jaisalmer,31.8,1,86.7,33.2,UNDERGRADUATE
UG_2026_1308,Male,General,19.3,Day Scholar,4.4,<2 LPA,0,0,0,60,89.1,90.6,100.0,86.8,85.5,90.4,92.7,90.1,3.57,0,0,6.82,7.72,0.9,0,74.9,0,7.1,-5.0,41,7,5,0.7514,1,Gujarat,GJ,78.0,69.7,21.3,17.9,Dahod,40.5,1,88.0,38.1,UNDERGRADUATE
UG_2026_1309,Male,OBC,18.5,Hosteler,0.5,<2 LPA,0,1,1,4,82.5,95.5,93.7,83.1,89.8,90.5,84.2,87.8,-2.77,2,0,8.87,8.96,0.09,0,82.8,0,8.3,-1.8,74,9,4,0.0639,0,Maharashtra,MH,82.3,75.9,32.3,11.2,Gadchiroli,28.5,1,89.0,28.9,UNDERGRADUATE
UG_2026_1310,Female,OBC,19.9,Hosteler,0.5,>8 LPA,3,0,0,1,32.6,41.9,35.6,38.9,34.3,28.2,24.9,28.4,-4.71,12,1,7.05,6.11,-0.94,1,57.2,1,1.8,4.2,29,16,0,0.9718,1,Maharashtra,MH,82.3,75.9,32.3,11.2,Mumbai,2.1,0,0.0,19.5,UNDERGRADUATE
UG_2026_1311,Female,General,20.9,Day Scholar,23.1,<2 LPA,0,0,1,1,32.6,43.1,36.0,30.2,35.2,34.9,40.7,37.3,2.72,13,1,8.03,6.65,-1.38,1,62.4,1,6.9,2.5,23,14,2,0.7859,1,Haryana,HR,75.6,65.9,29.8,12.5,Gurugram,2.5,0,31.2,20.5,UNDERGRADUATE
UG_2026_1312,Female,OBC,19.8,Hosteler,0.5,5-8 LPA,2,1,0,3,65.6,62.0,70.4,59.2,75.5,61.6,59.8,64.3,-7.83,8,1,5.17,4.97,-0.2,3,51.5,0,0.0,-2.1,21,11,3,0.9812,1,Bihar,BR,61.8,51.5,14.5,21.4,Muzaffarpur,35.1,1,90.3,38.0,UNDERGRADUATE
UG_2026_1313,Female,OBC,18.6,Day Scholar,12.8,5-8 LPA,2,0,0,7,48.8,49.9,39.1,38.9,46.3,45.3,42.5,44.4,-1.9,10,1,7.9,7.07,-0.83,2,63.4,0,3.7,0.6,55,13,1,0.9087,1,Gujarat,GJ,78.0,69.7,21.3,17.9,Ahmedabad,3.8,0,15.9,20.2,UNDERGRADUATE
UG_2026_1314,Male,General,18.2,Day Scholar,14.6,2-5 LPA,1,1,1,2,91.7,88.0,89.5,89.6,91.1,91.9,99.6,94.8,4.23,2,0,5.46,6.25,0.79,0,61.0,0,6.0,0.0,54,6,2,0.0434,0,Haryana,HR,75.6,65.9,29.8,12.5,Nuh / Mewat,44.8,1,88.6,47.0,UNDERGRADUATE
UG_2026_1315,Female,OBC,17.5,Day Scholar,6.9,<2 LPA,0,0,1,16,67.1,54.4,59.9,48.3,57.3,51.7,50.3,52.5,-3.54,4,1,6.87,6.48,-0.39,2,66.7,0,6.2,-0.7,34,12,3,0.8507,1,Uttar Pradesh,UP,67.7,57.2,23.2,16.8,Lucknow,8.5,0,33.8,24.1,UNDERGRADUATE
UG_2026_1316,Female,SC,18.2,Day Scholar,10.2,<2 LPA,0,1,1,9,66.6,67.8,70.8,52.7,70.7,66.9,65.1,67.1,-2.78,5,1,6.02,5.97,-0.05,0,54.8,1,5.6,4.5,54,11,0,0.9213,1,Tamil Nadu,TN,80.1,73.4,51.4,8.1,Coimbatore,2.1,0,24.2,18.9,UNDERGRADUATE
UG_2026_1317,Male,SC,19.4,Day Scholar,4.1,2-5 LPA,1,1,1,9,64.9,62.9,69.5,67.8,74.8,65.3,63.2,66.8,-5.8,3,1,5.73,5.15,-0.58,0,55.0,0,6.1,0.6,29,11,0,0.7194,1,Bihar,BR,61.8,51.5,14.5,21.4,Katihar,48.7,1,91.1,44.3,UNDERGRADUATE
UG_2026_1318,Male,SC,17.5,Hosteler,0.5,2-5 LPA,1,1,1,4,86.8,94.7,94.2,100.0,100.0,95.6,81.3,91.0,-9.37,1,0,8.11,8.76,0.65,0,90.6,0,10.6,-0.5,52,5,5,0.0515,0,Gujarat,GJ,78.0,69.7,21.3,17.9,Narmada,32.4,1,89.5,30.5,UNDERGRADUATE
UG_2026_1319,Male,ST,20.8,Day Scholar,16.4,<2 LPA,0,1,0,4,50.0,57.4,69.6,60.9,59.0,61.3,56.6,58.8,-1.22,6,1,7.89,7.13,-0.76,1,71.6,0,1.9,0.3,41,10,2,0.8627,1,Gujarat,GJ,78.0,69.7,21.3,17.9,Dahod,40.5,1,88.0,38.1,UNDERGRADUATE
UG_2026_1320,Female,General,20.0,Day Scholar,3.0,>8 LPA,3,0,0,0,66.5,57.3,67.5,70.9,51.7,68.4,68.2,64.2,8.26,6,1,4.85,5.03,0.18,0,36.8,0,3.4,-0.6,33,12,3,0.6766,1,Kerala,KL,94.0,92.1,43.2,3.2,Thiruvananthapuram,0.9,0,46.2,15.2,UNDERGRADUATE
UG_2026_1321,Male,SC,20.1,Day Scholar,11.5,2-5 LPA,1,0,1,7,84.7,84.8,82.3,88.0,85.3,81.9,71.5,78.6,-6.93,0,0,9.95,10.0,0.05,0,99.0,0,6.6,-0.9,52,6,6,0.014,0,Madhya Pradesh,MP,69.3,59.2,24.8,18.5,Alirajpur,52.0,1,92.2,39.5,UNDERGRADUATE
UG_2026_1322,Female,SC,19.5,Hosteler,0.5,>8 LPA,3,0,0,2,49.7,63.4,66.1,51.6,54.4,63.6,55.8,58.2,0.74,10,1,5.21,4.62,-0.59,1,48.1,0,6.1,-0.7,15,12,4,0.4886,0,Bihar,BR,61.8,51.5,14.5,21.4,Muzaffarpur,35.1,1,90.3,38.0,UNDERGRADUATE
UG_2026_1323,Male,OBC,21.3,Hosteler,0.5,2-5 LPA,1,0,0,34,81.7,89.5,94.5,72.7,73.1,87.7,93.0,86.2,9.97,2,0,8.97,9.35,0.38,0,92.9,0,7.6,0.3,29,21,3,0.0217,0,Tamil Nadu,TN,80.1,73.4,51.4,8.1,Chennai,1.2,0,0.0,17.5,UNDERGRADUATE
UG_2026_1324,Male,ST,19.2,Hosteler,0.5,2-5 LPA,1,0,1,3,82.5,77.4,85.0,68.0,78.2,79.8,76.5,78.1,-0.84,1,0,8.9,8.94,0.04,0,75.7,0,6.8,-0.5,58,6,5,0.0694,0,Karnataka,KA,75.4,68.1,36.2,12.0,Yadgir,39.4,1,81.2,36.5,UNDERGRADUATE
UG_2026_1325,Male,ST,21.5,Day Scholar,5.3,2-5 LPA,1,0,1,0,68.6,73.1,77.1,69.2,65.8,76.2,84.2,76.8,9.21,0,0,5.99,5.37,-0.62,0,48.8,0,5.3,-0.8,63,9,2,0.2628,0,Tamil Nadu,TN,80.1,73.4,51.4,8.1,Chennai,1.2,0,0.0,17.5,UNDERGRADUATE
UG_2026_1326,Male,OBC,19.5,Day Scholar,3.5,2-5 LPA,1,0,0,33,87.6,93.9,93.8,80.4,91.1,85.4,82.4,85.6,-4.35,1,0,8.49,8.64,0.15,1,74.7,0,8.9,0.0,55,10,5,0.1559,0,Karnataka,KA,75.4,68.1,36.2,12.0,Yadgir,39.4,1,81.2,36.5,UNDERGRADUATE
UG_2026_1327,Male,General,21.1,Hosteler,0.5,<2 LPA,0,0,1,1,81.3,89.5,85.5,78.2,75.9,92.4,90.1,87.3,7.11,2,0,7.83,8.11,0.28,0,83.5,0,7.6,0.7,84,15,3,0.0108,0,Haryana,HR,75.6,65.9,29.8,12.5,Nuh / Mewat,44.8,1,88.6,47.0,UNDERGRADUATE
UG_2026_1328,Male,General,18.6,Hosteler,0.5,2-5 LPA,1,1,0,4,98.7,88.9,96.1,82.5,86.9,94.2,93.8,92.2,3.44,2,0,7.52,7.51,-0.01,0,69.1,0,7.5,-2.1,31,4,3,0.095,0,Bihar,BR,61.8,51.5,14.5,21.4,Purnia,50.4,1,89.2,42.1,UNDERGRADUATE
UG_2026_1329,Male,ST,20.2,Hosteler,0.5,5-8 LPA,2,0,1,18,67.3,71.3,78.2,64.1,64.6,70.3,71.4,69.3,3.37,6,1,8.01,8.59,0.58,0,79.1,0,9.1,-4.9,45,7,1,0.0372,0,Uttar Pradesh,UP,67.7,57.2,23.2,16.8,Bahraich,54.4,1,92.1,46.5,UNDERGRADUATE
UG_2026_1330,Female,General,18.7,Hosteler,0.5,>8 LPA,3,0,0,2,95.6,87.9,94.2,91.0,82.5,94.3,85.9,88.0,1.73,0,0,9.75,10.0,0.25,0,91.4,0,8.2,-4.1,61,3,3,0.0096,0,Haryana,HR,75.6,65.9,29.8,12.5,Gurugram,2.5,0,31.2,20.5,UNDERGRADUATE
UG_2026_1331,Male,OBC,18.4,Day Scholar,12.4,5-8 LPA,2,0,0,3,77.1,82.8,81.2,81.8,76.2,80.9,82.4,80.3,3.09,1,0,6.75,6.7,-0.05,0,71.8,0,4.8,5.0,24,10,2,0.2851,0,Rajasthan,RJ,66.1,52.1,26.0,17.2,Jaipur,6.9,0,47.6,22.5,UNDERGRADUATE
UG_2026_1332,Male,General,21.2,Day Scholar,11.9,2-5 LPA,1,1,1,2,46.4,38.8,50.3,40.3,34.7,50.7,30.3,38.5,-2.19,23,1,8.69,8.04,-0.65,1,70.9,0,4.5,1.8,44,10,2,0.8035,1,Uttar Pradesh,UP,67.7,57.2,23.2,16.8,Shravasti,49.6,1,96.5,48.2,UNDERGRADUATE
UG_2026_1333,Male,OBC,21.0,Day Scholar,18.0,>8 LPA,3,0,0,2,65.5,76.4,81.6,70.2,80.5,73.6,64.6,71.7,-7.92,4,1,6.32,6.19,-0.13,0,60.7,0,6.8,-2.9,35,16,0,0.6545,1,Haryana,HR,75.6,65.9,29.8,12.5,Nuh / Mewat,44.8,1,88.6,47.0,UNDERGRADUATE
UG_2026_1334,Male,General,18.7,Hosteler,0.5,2-5 LPA,1,1,1,8,72.8,78.1,79.2,75.6,76.9,74.2,70.8,73.5,-3.09,6,1,8.15,7.56,-0.59,0,66.1,0,8.9,3.7,40,10,1,0.2119,0,Maharashtra,MH,82.3,75.9,32.3,11.2,Nandurbar,33.1,1,83.3,32.4,UNDERGRADUATE
UG_2026_1335,Female,General,19.0,Hosteler,0.5,2-5 LPA,1,0,1,4,87.9,91.4,100.0,87.1,92.5,98.6,99.9,97.6,3.72,1,0,8.24,9.35,1.11,0,83.7,0,12.5,-2.7,40,2,5,0.0037,0,Rajasthan,RJ,66.1,52.1,26.0,17.2,Jaipur,6.9,0,47.6,22.5,UNDERGRADUATE
UG_2026_1336,Female,ST,19.1,Hosteler,0.5,<2 LPA,0,1,1,3,88.1,86.2,94.1,82.9,73.4,79.6,91.0,82.6,8.82,2,0,6.75,7.05,0.3,0,68.6,0,6.6,4.1,54,17,6,0.1145,0,Bihar,BR,61.8,51.5,14.5,21.4,Gaya,38.6,1,86.8,36.2,UNDERGRADUATE
UG_2026_1337,Female,General,20.9,Hosteler,0.5,2-5 LPA,1,0,0,0,46.2,51.8,49.8,57.0,50.8,47.3,45.0,47.3,-2.92,12,1,5.57,5.04,-0.53,3,49.0,0,2.7,1.1,16,14,0,0.9431,1,Kerala,KL,94.0,92.1,43.2,3.2,Ernakulam,0.6,0,31.9,14.8,UNDERGRADUATE
UG_2026_1338,Male,General,20.8,Day Scholar,7.9,5-8 LPA,2,0,0,0,93.8,91.6,97.8,87.9,95.3,85.6,83.0,87.0,-6.17,1,0,7.77,7.85,0.08,0,71.8,0,7.6,-1.9,64,8,2,0.3507,0,Madhya Pradesh,MP,69.3,59.2,24.8,18.5,Bhopal,9.4,0,19.1,23.4,UNDERGRADUATE
UG_2026_1339,Male,General,21.4,Day Scholar,12.4,5-8 LPA,2,0,0,2,97.1,86.1,88.4,78.3,87.8,90.6,89.3,89.4,0.76,0,0,5.71,6.25,0.54,0,57.5,0,8.2,-1.4,27,8,3,0.0752,0,Uttar Pradesh,UP,67.7,57.2,23.2,16.8,Bahraich,54.4,1,92.1,46.5,UNDERGRADUATE
UG_2026_1340,Male,EWS,20.5,Day Scholar,8.0,2-5 LPA,1,1,1,4,65.0,65.8,66.8,65.3,62.0,71.8,71.4,69.2,4.67,2,1,7.68,7.12,-0.56,0,70.1,0,9.1,-0.9,62,8,5,0.1665,0,Bihar,BR,61.8,51.5,14.5,21.4,Katihar,48.7,1,91.1,44.3,UNDERGRADUATE
UG_2026_1341,Female,EWS,19.7,Day Scholar,12.8,5-8 LPA,2,0,1,1,100.0,89.0,95.0,85.8,99.8,94.3,91.7,94.7,-4.05,2,0,4.72,5.19,0.47,0,47.7,0,9.3,-1.4,49,8,1,0.0674,0,Uttar Pradesh,UP,67.7,57.2,23.2,16.8,Noida / Gautam Buddha Nagar,7.1,0,40.9,22.0,UNDERGRADUATE
UG_2026_1342,Male,OBC,20.0,Hosteler,0.5,<2 LPA,0,0,0,19,87.0,73.0,79.9,90.0,74.8,70.7,81.7,76.1,3.44,1,0,4.94,5.51,0.57,0,43.0,0,7.2,1.6,25,14,5,0.5309,1,Maharashtra,MH,82.3,75.9,32.3,11.2,Nandurbar,33.1,1,83.3,32.4,UNDERGRADUATE
UG_2026_1343,Male,General,19.3,Hosteler,0.5,>8 LPA,3,0,0,2,73.4,77.5,87.7,77.8,81.0,71.7,86.3,79.9,2.61,2,0,5.79,5.76,-0.03,0,54.9,0,10.3,-4.9,20,9,2,0.0796,0,Rajasthan,RJ,66.1,52.1,26.0,17.2,Barmer,34.2,1,93.0,35.8,UNDERGRADUATE
UG_2026_1344,Female,General,19.8,Day Scholar,1.7,2-5 LPA,1,0,0,13,89.1,91.4,95.8,94.7,93.7,97.3,90.5,93.7,-1.59,2,0,5.67,6.1,0.43,0,54.1,0,10.1,-4.4,38,7,0,0.0333,0,Bihar,BR,61.8,51.5,14.5,21.4,Muzaffarpur,35.1,1,90.3,38.0,UNDERGRADUATE
UG_2026_1345,Female,General,21.3,Day Scholar,16.2,2-5 LPA,1,0,0,13,87.4,77.5,92.9,85.4,99.9,81.3,79.9,85.4,-10.03,0,0,7.89,7.32,-0.57,0,72.8,0,3.8,-3.1,52,15,1,0.4104,0,Uttar Pradesh,UP,67.7,57.2,23.2,16.8,Noida / Gautam Buddha Nagar,7.1,0,40.9,22.0,UNDERGRADUATE
UG_2026_1346,Male,General,22.6,Day Scholar,8.0,5-8 LPA,2,0,0,1,88.6,94.0,99.2,86.5,89.1,96.1,100.0,95.9,5.46,0,0,9.19,10.0,0.81,0,99.0,0,8.3,-3.6,38,3,5,0.002,0,Bihar,BR,61.8,51.5,14.5,21.4,Katihar,48.7,1,91.1,44.3,UNDERGRADUATE
UG_2026_1347,Female,General,17.9,Hosteler,0.5,2-5 LPA,1,1,0,0,76.5,81.9,82.2,62.0,76.0,68.3,72.6,71.9,-1.69,2,1,9.71,10.0,0.29,0,98.0,0,6.8,1.4,31,7,4,0.0554,0,Rajasthan,RJ,66.1,52.1,26.0,17.2,Kota,8.2,0,39.7,21.0,UNDERGRADUATE
UG_2026_1348,Female,OBC,20.9,Hosteler,0.5,5-8 LPA,2,0,0,8,75.1,86.7,77.2,69.5,74.0,76.0,72.6,74.2,-0.69,5,1,8.66,8.81,0.15,0,77.7,0,7.2,-0.4,31,11,4,0.0714,0,Tamil Nadu,TN,80.1,73.4,51.4,8.1,Coimbatore,2.1,0,24.2,18.9,UNDERGRADUATE
UG_2026_1349,Female,General,20.4,Day Scholar,10.9,2-5 LPA,1,1,0,20,98.7,80.2,98.1,94.5,93.2,90.4,94.1,92.6,0.41,0,0,6.33,6.58,0.25,0,62.9,0,9.0,1.3,38,7,4,0.1496,0,Rajasthan,RJ,66.1,52.1,26.0,17.2,Jaipur,6.9,0,47.6,22.5,UNDERGRADUATE
UG_2026_1350,Female,ST,20.7,Day Scholar,5.9,2-5 LPA,1,0,0,0,77.3,73.8,78.0,74.7,82.5,79.0,75.1,78.3,-3.67,1,0,7.69,7.71,0.02,0,71.0,0,4.9,-2.9,22,9,4,0.0661,0,Karnataka,KA,75.4,68.1,36.2,12.0,Raichur,36.8,1,74.6,34.0,UNDERGRADUATE
UG_2026_1351,Male,General,20.1,Day Scholar,15.2,2-5 LPA,1,1,0,13,62.0,61.8,61.7,63.3,52.1,59.0,68.2,60.9,8.06,5,1,9.13,8.17,-0.96,1,85.8,0,7.0,-2.9,24,11,7,0.2762,0,Maharashtra,MH,82.3,75.9,32.3,11.2,Nandurbar,33.1,1,83.3,32.4,UNDERGRADUATE
UG_2026_1352,Female,OBC,21.0,Day Scholar,5.5,>8 LPA,3,0,0,4,73.7,76.4,78.1,66.5,83.9,82.2,70.0,77.8,-6.96,2,0,6.36,6.45,0.09,0,60.3,0,3.4,-0.2,44,11,3,0.6223,1,Madhya Pradesh,MP,69.3,59.2,24.8,18.5,Indore,6.8,0,25.9,21.8,UNDERGRADUATE
UG_2026_1353,Male,ST,20.9,Hosteler,0.5,<2 LPA,0,0,0,33,60.0,61.1,64.8,54.2,69.1,59.7,52.0,59.0,-8.56,6,1,8.82,8.42,-0.4,2,80.3,0,6.8,1.9,14,9,4,0.9126,1,Maharashtra,MH,82.3,75.9,32.3,11.2,Gadchiroli,28.5,1,89.0,28.9,UNDERGRADUATE
UG_2026_1354,Male,SC,19.4,Day Scholar,20.9,<2 LPA,0,1,1,8,54.0,65.6,68.7,64.0,69.4,64.8,60.0,64.0,-4.68,4,1,9.85,9.7,-0.15,0,89.1,0,4.9,2.9,54,5,2,0.6232,1,Gujarat,GJ,78.0,69.7,21.3,17.9,Narmada,32.4,1,89.5,30.5,UNDERGRADUATE
UG_2026_1355,Male,OBC,20.5,Day Scholar,4.4,2-5 LPA,1,1,0,14,66.8,64.0,77.5,56.5,70.6,70.2,71.8,71.0,0.61,5,1,6.26,5.53,-0.73,0,62.9,0,7.2,-1.1,19,9,1,0.4941,0,Gujarat,GJ,78.0,69.7,21.3,17.9,Narmada,32.4,1,89.5,30.5,UNDERGRADUATE
UG_2026_1356,Male,SC,20.6,Day Scholar,20.8,<2 LPA,0,1,1,1,93.9,79.5,82.5,73.9,75.7,83.0,83.6,81.4,3.96,2,0,7.42,7.52,0.1,0,75.4,0,6.5,0.5,44,9,2,0.063,0,Uttar Pradesh,UP,67.7,57.2,23.2,16.8,Shravasti,49.6,1,96.5,48.2,UNDERGRADUATE
UG_2026_1357,Male,OBC,21.7,Day Scholar,17.9,2-5 LPA,1,0,0,14,82.7,73.7,81.6,75.3,72.3,71.2,75.1,73.0,1.41,4,1,8.44,8.39,-0.05,0,79.6,0,7.9,3.3,37,6,5,0.5358,1,Haryana,HR,75.6,65.9,29.8,12.5,Nuh / Mewat,44.8,1,88.6,47.0,UNDERGRADUATE
UG_2026_1358,Female,General,18.7,Day Scholar,12.9,<2 LPA,0,1,1,0,55.7,57.9,67.8,67.6,48.2,56.9,68.0,59.2,9.89,10,1,7.04,6.39,-0.65,0,63.8,0,3.2,1.4,31,11,1,0.7714,1,Uttar Pradesh,UP,67.7,57.2,23.2,16.8,Noida / Gautam Buddha Nagar,7.1,0,40.9,22.0,UNDERGRADUATE
UG_2026_1359,Female,OBC,20.4,Day Scholar,5.6,5-8 LPA,2,0,0,4,99.2,92.3,82.1,94.7,89.2,80.3,88.6,85.8,-0.28,0,0,5.85,6.27,0.42,0,59.8,0,6.0,-0.8,48,8,2,0.2574,0,Kerala,KL,94.0,92.1,43.2,3.2,Ernakulam,0.6,0,31.9,14.8,UNDERGRADUATE
UG_2026_1360,Female,SC,20.2,Hosteler,0.5,2-5 LPA,1,1,1,0,78.0,79.0,85.2,94.7,87.3,83.2,81.1,83.4,-3.08,1,0,7.97,8.06,0.09,0,72.5,0,9.0,1.0,44,6,2,0.0681,0,Bihar,BR,61.8,51.5,14.5,21.4,Muzaffarpur,35.1,1,90.3,38.0,UNDERGRADUATE
UG_2026_1361,Male,ST,20.2,Hosteler,0.5,<2 LPA,0,1,1,3,75.6,61.8,75.5,62.6,64.4,68.3,84.9,74.0,10.27,5,1,8.3,7.42,-0.88,0,68.8,0,8.3,-0.4,45,11,4,0.0819,0,Maharashtra,MH,82.3,75.9,32.3,11.2,Gadchiroli,28.5,1,89.0,28.9,UNDERGRADUATE
UG_2026_1362,Female,OBC,19.3,Hosteler,0.5,5-8 LPA,2,0,0,0,75.6,93.2,84.9,71.7,84.3,79.2,70.4,77.0,-6.92,1,0,6.24,6.47,0.23,0,65.9,0,6.4,-3.1,54,8,3,0.2208,0,Tamil Nadu,TN,80.1,73.4,51.4,8.1,Coimbatore,2.1,0,24.2,18.9,UNDERGRADUATE
UG_2026_1363,Female,General,21.3,Day Scholar,6.0,2-5 LPA,1,1,0,3,77.7,72.8,71.0,70.7,72.1,72.4,71.1,71.8,-0.5,6,1,8.66,7.52,-1.14,0,68.1,0,5.2,2.4,38,8,4,0.456,0,Kerala,KL,94.0,92.1,43.2,3.2,Ernakulam,0.6,0,31.9,14.8,UNDERGRADUATE
UG_2026_1364,Female,EWS,19.9,Hosteler,0.5,2-5 LPA,1,0,1,4,74.3,61.2,63.0,51.7,45.7,54.2,62.2,55.3,8.26,8,1,6.74,6.43,-0.31,3,65.7,0,6.1,1.6,44,12,2,0.4586,0,Tamil Nadu,TN,80.1,73.4,51.4,8.1,Coimbatore,2.1,0,24.2,18.9,UNDERGRADUATE
UG_2026_1365,Female,SC,18.1,Day Scholar,8.0,2-5 LPA,1,0,1,1,71.9,82.7,89.8,77.2,85.8,78.1,81.4,81.3,-2.21,2,0,8.36,8.6,0.24,0,86.4,0,8.5,-1.0,29,4,5,0.016,0,Karnataka,KA,75.4,68.1,36.2,12.0,Bengaluru Urban,1.8,0,9.1,18.2,UNDERGRADUATE
UG_2026_1366,Male,General,20.7,Day Scholar,7.9,2-5 LPA,1,0,0,1,87.1,75.7,78.0,78.9,65.6,76.0,83.8,76.5,9.14,2,0,6.94,6.91,-0.03,0,68.7,0,7.0,1.4,32,16,2,0.101,0,Gujarat,GJ,78.0,69.7,21.3,17.9,Dahod,40.5,1,88.0,38.1,UNDERGRADUATE
UG_2026_1367,Female,OBC,20.7,Hosteler,0.5,2-5 LPA,1,1,0,1,65.7,70.6,72.9,59.9,71.6,68.6,77.8,73.1,3.09,6,1,7.9,8.38,0.48,0,75.9,0,6.8,-1.9,77,9,3,0.2125,0,Bihar,BR,61.8,51.5,14.5,21.4,Muzaffarpur,35.1,1,90.3,38.0,UNDERGRADUATE
UG_2026_1368,Male,General,19.3,Day Scholar,9.3,2-5 LPA,1,0,0,11,63.6,74.5,71.4,68.8,70.0,72.3,68.5,70.2,-0.76,4,1,8.13,8.01,-0.12,1,74.1,0,9.5,1.4,16,7,4,0.5291,1,Bihar,BR,61.8,51.5,14.5,21.4,Katihar,48.7,1,91.1,44.3,UNDERGRADUATE
UG_2026_1369,Male,General,20.4,Hosteler,0.5,2-5 LPA,1,0,1,6,74.5,59.7,67.3,63.5,72.6,64.0,74.3,70.3,0.85,2,1,5.67,5.15,-0.52,0,41.2,0,4.6,-2.4,30,12,4,0.5837,1,Madhya Pradesh,MP,69.3,59.2,24.8,18.5,Barwani,46.1,1,85.5,37.1,UNDERGRADUATE
UG_2026_1370,Male,ST,19.0,Hosteler,0.5,>8 LPA,3,0,0,0,76.9,74.1,73.5,69.3,76.2,75.5,63.0,70.7,-6.6,6,1,4.76,3.94,-0.82,0,37.0,0,3.4,2.4,42,13,1,0.7934,1,Bihar,BR,61.8,51.5,14.5,21.4,Patna,18.2,0,56.4,28.5,UNDERGRADUATE
UG_2026_1371,Female,OBC,19.7,Hosteler,0.5,2-5 LPA,1,0,0,20,88.4,96.8,100.0,92.5,100.0,99.0,97.9,98.8,-1.04,1,0,7.6,8.4,0.8,0,81.3,0,8.8,-2.7,54,6,4,0.0548,0,Uttar Pradesh,UP,67.7,57.2,23.2,16.8,Noida / Gautam Buddha Nagar,7.1,0,40.9,22.0,UNDERGRADUATE
UG_2026_1372,Male,ST,18.5,Day Scholar,21.1,2-5 LPA,1,0,1,8,70.6,80.6,81.3,85.5,73.9,80.3,68.6,74.0,-2.66,5,1,7.72,8.12,0.4,0,74.2,0,7.2,-4.5,35,6,2,0.0627,0,Karnataka,KA,75.4,68.1,36.2,12.0,Yadgir,39.4,1,81.2,36.5,UNDERGRADUATE
UG_2026_1373,Male,OBC,20.5,Hosteler,0.5,2-5 LPA,1,0,0,24,100.0,100.0,100.0,100.0,100.0,95.4,91.6,95.0,-4.18,0,0,9.45,8.85,-0.6,0,85.4,0,7.3,-1.0,75,6,0,0.0739,0,Rajasthan,RJ,66.1,52.1,26.0,17.2,Barmer,34.2,1,93.0,35.8,UNDERGRADUATE
UG_2026_1374,Male,General,19.5,Hosteler,0.5,2-5 LPA,1,0,1,4,80.9,76.3,88.2,86.0,77.6,79.8,88.7,82.8,5.54,1,0,8.66,9.89,1.23,0,88.4,0,6.5,-1.4,52,8,5,0.0161,0,Haryana,HR,75.6,65.9,29.8,12.5,Gurugram,2.5,0,31.2,20.5,UNDERGRADUATE
UG_2026_1375,Male,General,20.0,Day Scholar,7.1,5-8 LPA,2,1,0,1,77.6,83.3,90.1,78.1,70.6,81.7,88.9,81.8,9.15,0,0,9.95,8.56,-1.39,0,81.7,0,9.5,1.6,45,7,1,0.2527,0,Gujarat,GJ,78.0,69.7,21.3,17.9,Dahod,40.5,1,88.0,38.1,UNDERGRADUATE
UG_2026_1376,Female,ST,20.8,Day Scholar,8.4,<2 LPA,0,0,1,2,92.6,88.3,94.6,93.6,88.5,92.4,89.9,90.4,0.7,1,0,4.03,4.27,0.24,1,28.9,0,8.4,0.7,55,9,3,0.3221,0,Rajasthan,RJ,66.1,52.1,26.0,17.2,Kota,8.2,0,39.7,21.0,UNDERGRADUATE
UG_2026_1377,Female,OBC,18.8,Hosteler,0.5,2-5 LPA,1,0,1,1,90.5,79.1,84.4,72.6,88.8,82.1,66.0,77.3,-11.42,0,0,8.61,8.74,0.13,0,78.5,0,8.2,-1.0,75,4,3,0.1636,0,Maharashtra,MH,82.3,75.9,32.3,11.2,Pune,3.9,0,39.1,21.0,UNDERGRADUATE
UG_2026_1378,Female,General,21.9,Hosteler,0.5,2-5 LPA,1,1,0,61,92.8,93.4,99.6,94.2,93.1,87.0,100.0,93.7,3.43,0,0,3.69,5.0,1.31,0,49.8,0,5.1,-0.5,29,10,2,0.7782,1,Maharashtra,MH,82.3,75.9,32.3,11.2,Mumbai,2.1,0,0.0,19.5,UNDERGRADUATE
UG_2026_1379,Female,OBC,22.1,Day Scholar,6.6,2-5 LPA,1,0,1,4,82.9,83.4,86.3,88.6,83.4,92.5,91.4,89.8,4.0,1,0,7.47,8.28,0.81,0,76.7,0,6.4,-2.0,42,5,6,0.0525,0,Uttar Pradesh,UP,67.7,57.2,23.2,16.8,Noida / Gautam Buddha Nagar,7.1,0,40.9,22.0,UNDERGRADUATE
UG_2026_1380,Female,General,18.5,Day Scholar,17.3,<2 LPA,0,1,1,3,34.1,42.7,44.0,42.3,42.8,42.0,41.4,41.9,-0.72,22,1,8.01,7.51,-0.5,0,80.7,0,5.7,2.7,51,11,2,0.9527,1,Haryana,HR,75.6,65.9,29.8,12.5,Gurugram,2.5,0,31.2,20.5,UNDERGRADUATE
UG_2026_1381,Female,OBC,19.7,Hosteler,0.5,<2 LPA,0,1,0,33,92.3,100.0,95.8,97.5,99.9,93.9,95.7,96.1,-2.12,2,0,8.3,8.27,-0.03,1,75.3,0,11.1,-1.8,102,4,5,0.1207,0,Madhya Pradesh,MP,69.3,59.2,24.8,18.5,Bhopal,9.4,0,19.1,23.4,UNDERGRADUATE
UG_2026_1382,Male,SC,20.3,Day Scholar,8.4,>8 LPA,3,0,1,33,72.9,55.4,66.6,74.2,68.4,68.4,68.3,68.4,-0.01,4,1,5.37,5.51,0.14,0,41.9,0,3.9,-0.3,35,12,3,0.6334,1,Haryana,HR,75.6,65.9,29.8,12.5,Nuh / Mewat,44.8,1,88.6,47.0,UNDERGRADUATE
UG_2026_1383,Male,OBC,18.7,Day Scholar,15.8,2-5 LPA,1,0,1,4,25.3,33.1,42.0,31.3,26.2,30.5,35.9,31.6,4.84,8,1,8.5,7.96,-0.54,2,78.0,0,3.0,2.3,21,12,2,0.8461,1,Rajasthan,RJ,66.1,52.1,26.0,17.2,Barmer,34.2,1,93.0,35.8,UNDERGRADUATE
UG_2026_1384,Female,ST,19.7,Day Scholar,7.9,2-5 LPA,1,1,1,0,84.6,97.2,96.7,92.0,94.7,85.0,79.7,85.3,-7.47,1,0,6.2,6.49,0.29,0,67.3,0,7.6,-1.6,21,8,10,0.2961,0,Uttar Pradesh,UP,67.7,57.2,23.2,16.8,Lucknow,8.5,0,33.8,24.1,UNDERGRADUATE
UG_2026_1385,Male,SC,20.6,Hosteler,0.5,<2 LPA,0,1,1,0,92.6,86.0,96.1,98.6,92.7,89.4,87.5,89.5,-2.59,1,0,9.95,10.0,0.05,0,90.9,0,7.1,-4.0,102,4,7,0.0175,0,Haryana,HR,75.6,65.9,29.8,12.5,Nuh / Mewat,44.8,1,88.6,47.0,UNDERGRADUATE
UG_2026_1386,Female,OBC,21.7,Day Scholar,9.3,2-5 LPA,1,0,0,34,68.8,70.8,83.1,76.1,70.4,70.4,77.8,73.4,3.72,3,1,7.62,7.24,-0.38,0,75.5,0,4.6,-1.5,52,11,4,0.6626,1,Gujarat,GJ,78.0,69.7,21.3,17.9,Ahmedabad,3.8,0,15.9,20.2,UNDERGRADUATE
UG_2026_1387,Female,General,21.0,Day Scholar,9.3,2-5 LPA,1,0,0,11,73.7,77.6,90.0,79.9,88.6,84.5,79.4,83.5,-4.63,0,0,5.68,6.18,0.5,0,62.4,0,10.7,-3.2,46,8,4,0.1795,0,Karnataka,KA,75.4,68.1,36.2,12.0,Bengaluru Urban,1.8,0,9.1,18.2,UNDERGRADUATE
UG_2026_1388,Male,OBC,17.7,Hosteler,0.5,5-8 LPA,2,0,0,2,93.9,100.0,100.0,96.0,95.3,98.7,90.9,94.7,-2.18,0,0,5.72,5.59,-0.13,0,57.2,0,3.4,-1.4,75,8,3,0.1073,0,Haryana,HR,75.6,65.9,29.8,12.5,Nuh / Mewat,44.8,1,88.6,47.0,UNDERGRADUATE
UG_2026_1389,Female,General,20.4,Hosteler,0.5,2-5 LPA,1,0,0,11,92.2,84.3,81.7,82.3,86.0,80.9,80.9,82.2,-2.57,0,0,7.78,7.02,-0.76,0,63.6,0,6.3,2.7,58,6,4,0.4237,0,Maharashtra,MH,82.3,75.9,32.3,11.2,Pune,3.9,0,39.1,21.0,UNDERGRADUATE
UG_2026_1390,Female,OBC,18.6,Hosteler,0.5,2-5 LPA,1,1,0,1,91.4,91.3,80.2,85.6,82.9,80.8,83.8,82.5,0.46,1,0,8.41,8.9,0.49,0,86.6,0,10.5,-3.2,38,5,6,0.0297,0,Madhya Pradesh,MP,69.3,59.2,24.8,18.5,Bhopal,9.4,0,19.1,23.4,UNDERGRADUATE
UG_2026_1391,Male,OBC,19.7,Day Scholar,21.4,2-5 LPA,1,0,0,0,41.8,40.0,37.8,26.4,31.2,31.3,30.7,31.0,-0.26,19,1,6.88,6.06,-0.82,4,59.7,0,4.9,0.7,20,14,1,0.9876,1,Karnataka,KA,75.4,68.1,36.2,12.0,Raichur,36.8,1,74.6,34.0,UNDERGRADUATE
UG_2026_1392,Female,EWS,21.5,Hosteler,0.5,<2 LPA,0,1,1,3,83.3,75.3,83.8,80.9,73.2,78.5,82.4,78.7,4.58,1,0,6.38,6.95,0.57,0,57.4,0,9.1,6.0,54,7,2,0.2697,0,Haryana,HR,75.6,65.9,29.8,12.5,Gurugram,2.5,0,31.2,20.5,UNDERGRADUATE
UG_2026_1393,Female,General,19.9,Hosteler,0.5,>8 LPA,3,0,0,3,47.5,53.9,54.2,58.9,68.4,55.3,48.3,55.8,-10.05,5,1,6.07,5.47,-0.6,4,56.6,1,7.9,-1.4,23,13,3,0.9555,1,Haryana,HR,75.6,65.9,29.8,12.5,Gurugram,2.5,0,31.2,20.5,UNDERGRADUATE
UG_2026_1394,Male,OBC,21.9,Hosteler,0.5,2-5 LPA,1,0,1,4,88.6,82.7,81.9,92.6,83.5,82.8,95.1,87.9,5.81,2,0,8.24,8.64,0.4,0,84.6,0,4.4,1.3,72,7,4,0.0491,0,Gujarat,GJ,78.0,69.7,21.3,17.9,Narmada,32.4,1,89.5,30.5,UNDERGRADUATE
UG_2026_1395,Male,General,20.5,Day Scholar,9.4,2-5 LPA,1,1,0,21,91.0,92.0,91.4,88.9,100.0,89.4,83.3,89.6,-8.34,0,0,8.4,8.85,0.45,0,89.5,0,12.4,-2.3,53,17,2,0.1336,0,Maharashtra,MH,82.3,75.9,32.3,11.2,Nandurbar,33.1,1,83.3,32.4,UNDERGRADUATE
UG_2026_1396,Male,EWS,21.6,Day Scholar,13.7,5-8 LPA,2,1,1,7,59.1,57.7,67.2,59.3,63.6,69.7,67.6,67.3,2.03,5,1,7.34,7.04,-0.3,0,68.0,0,8.5,2.0,73,8,0,0.257,0,Rajasthan,RJ,66.1,52.1,26.0,17.2,Jaisalmer,31.8,1,86.7,33.2,UNDERGRADUATE
UG_2026_1397,Male,SC,20.6,Day Scholar,14.7,5-8 LPA,2,0,1,0,58.8,55.1,65.8,74.0,65.4,65.8,74.3,69.1,4.44,5,1,6.15,5.9,-0.25,0,54.9,0,8.8,-2.0,65,10,4,0.1055,0,Bihar,BR,61.8,51.5,14.5,21.4,Purnia,50.4,1,89.2,42.1,UNDERGRADUATE
UG_2026_1398,Female,EWS,21.0,Hosteler,0.5,<2 LPA,0,0,1,4,100.0,86.0,92.7,84.1,89.5,88.4,93.5,90.7,2.0,0,0,9.09,9.35,0.26,0,93.5,0,10.9,-3.7,57,4,5,0.0087,0,Kerala,KL,94.0,92.1,43.2,3.2,Ernakulam,0.6,0,31.9,14.8,UNDERGRADUATE
UG_2026_1399,Female,General,21.2,Hosteler,0.5,2-5 LPA,1,0,1,2,63.9,64.9,72.6,57.4,66.3,71.8,65.6,68.0,-0.36,6,1,5.9,4.92,-0.98,0,52.1,0,3.7,3.6,35,12,2,0.8088,1,Kerala,KL,94.0,92.1,43.2,3.2,Ernakulam,0.6,0,31.9,14.8,UNDERGRADUATE
UG_2026_1400,Male,OBC,19.5,Day Scholar,6.1,5-8 LPA,2,0,0,9,83.0,87.8,90.9,90.1,91.8,86.0,80.5,85.2,-5.65,2,0,7.23,8.05,0.82,0,77.7,0,6.3,-2.8,34,9,2,0.0156,0,Bihar,BR,61.8,51.5,14.5,21.4,Purnia,50.4,1,89.2,42.1,UNDERGRADUATE
UG_2026_1401,Female,SC,20.0,Hosteler,0.5,2-5 LPA,1,1,1,0,58.0,62.4,72.0,64.3,69.6,62.5,66.4,65.8,-1.64,5,1,8.42,7.77,-0.65,0,69.1,0,8.1,-0.6,47,8,6,0.1573,0,Haryana,HR,75.6,65.9,29.8,12.5,Gurugram,2.5,0,31.2,20.5,UNDERGRADUATE
UG_2026_1402,Male,General,20.7,Hosteler,0.5,2-5 LPA,1,0,0,0,88.1,87.3,88.4,89.5,85.9,89.8,85.0,86.9,-0.48,0,0,4.83,5.02,0.19,0,50.3,0,6.1,-1.2,76,9,4,0.1949,0,Kerala,KL,94.0,92.1,43.2,3.2,Wayanad,4.1,1,96.1,18.0,UNDERGRADUATE
UG_2026_1403,Female,OBC,19.7,Hosteler,0.5,2-5 LPA,1,0,0,13,100.0,96.8,92.0,96.0,98.9,95.3,89.3,93.8,-4.78,0,0,6.22,6.98,0.76,0,63.7,0,4.9,1.5,57,6,4,0.2243,0,Uttar Pradesh,UP,67.7,57.2,23.2,16.8,Noida / Gautam Buddha Nagar,7.1,0,40.9,22.0,UNDERGRADUATE
UG_2026_1404,Male,OBC,18.6,Day Scholar,6.1,<2 LPA,0,1,1,3,70.6,77.0,81.9,79.4,79.1,78.7,64.3,73.0,-7.43,5,1,6.49,6.49,0.0,0,60.5,0,5.9,-3.1,23,8,3,0.4811,0,Gujarat,GJ,78.0,69.7,21.3,17.9,Dahod,40.5,1,88.0,38.1,UNDERGRADUATE
UG_2026_1405,Male,ST,19.8,Day Scholar,5.3,5-8 LPA,2,0,0,1,93.9,97.6,97.2,87.2,99.7,91.9,92.6,94.1,-3.54,0,0,8.21,9.26,1.05,0,84.1,0,11.2,-5.0,110,2,4,0.034,0,Bihar,BR,61.8,51.5,14.5,21.4,Purnia,50.4,1,89.2,42.1,UNDERGRADUATE
UG_2026_1406,Female,ST,17.7,Day Scholar,8.2,>8 LPA,3,0,1,3,57.4,65.9,71.0,63.5,64.0,54.6,66.3,61.7,1.14,7,1,7.51,7.31,-0.2,3,62.8,0,5.4,-3.3,66,13,1,0.5623,1,Haryana,HR,75.6,65.9,29.8,12.5,Gurugram,2.5,0,31.2,20.5,UNDERGRADUATE
UG_2026_1407,Female,EWS,18.7,Day Scholar,11.8,<2 LPA,0,1,0,46,54.6,57.1,73.0,75.9,65.4,68.5,60.6,64.6,-2.41,11,1,7.04,7.24,0.2,2,68.3,0,6.1,-5.3,87,11,1,0.8453,1,Haryana,HR,75.6,65.9,29.8,12.5,Gurugram,2.5,0,31.2,20.5,UNDERGRADUATE
UG_2026_1408,Male,General,19.2,Day Scholar,3.7,2-5 LPA,1,0,0,0,65.6,73.9,63.8,69.0,56.7,58.6,65.3,60.8,4.3,4,1,9.95,10.0,0.05,1,90.2,0,9.4,0.3,26,7,4,0.0221,0,Maharashtra,MH,82.3,75.9,32.3,11.2,Gadchiroli,28.5,1,89.0,28.9,UNDERGRADUATE
UG_2026_1409,Female,OBC,20.6,Day Scholar,6.4,2-5 LPA,1,0,1,2,77.0,83.3,90.6,78.1,89.7,80.5,77.9,81.8,-5.86,0,0,7.08,6.96,-0.12,0,71.6,0,5.1,1.8,28,12,2,0.1034,0,Rajasthan,RJ,66.1,52.1,26.0,17.2,Kota,8.2,0,39.7,21.0,UNDERGRADUATE
UG_2026_1410,Male,OBC,21.5,Hosteler,0.5,<2 LPA,0,0,1,1,46.8,60.4,57.4,72.4,63.6,58.4,63.8,61.9,0.08,8,1,6.73,5.77,-0.96,1,50.8,1,2.6,1.1,118,15,5,0.8832,1,Karnataka,KA,75.4,68.1,36.2,12.0,Yadgir,39.4,1,81.2,36.5,UNDERGRADUATE
UG_2026_1411,Male,OBC,18.5,Day Scholar,17.3,<2 LPA,0,1,1,8,72.1,81.7,73.6,62.4,76.4,74.1,69.2,72.7,-3.64,3,1,7.35,7.18,-0.17,0,73.0,0,6.2,-1.5,48,25,3,0.2956,0,Maharashtra,MH,82.3,75.9,32.3,11.2,Gadchiroli,28.5,1,89.0,28.9,UNDERGRADUATE
UG_2026_1412,Female,ST,22.5,Hosteler,0.5,<2 LPA,0,0,0,30,74.2,77.1,72.3,64.5,71.8,72.8,67.7,70.5,-2.07,6,1,6.54,6.57,0.03,0,63.1,0,6.6,-0.8,31,10,2,0.5002,1,Madhya Pradesh,MP,69.3,59.2,24.8,18.5,Indore,6.8,0,25.9,21.8,UNDERGRADUATE
UG_2026_1413,Female,SC,18.9,Hosteler,0.5,2-5 LPA,1,1,0,3,49.0,46.9,55.5,40.5,51.4,54.1,56.6,54.5,2.6,5,1,7.38,6.29,-1.09,3,67.2,0,6.8,-1.3,42,13,2,0.9608,1,Maharashtra,MH,82.3,75.9,32.3,11.2,Mumbai,2.1,0,0.0,19.5,UNDERGRADUATE
UG_2026_1414,Female,General,21.4,Day Scholar,12.1,>8 LPA,3,0,0,2,39.7,36.4,44.0,33.2,43.6,39.7,44.1,42.5,0.26,9,1,6.61,5.92,-0.69,1,57.7,1,4.9,2.4,32,15,7,0.8577,1,Kerala,KL,94.0,92.1,43.2,3.2,Thiruvananthapuram,0.9,0,46.2,15.2,UNDERGRADUATE
UG_2026_1415,Female,General,21.8,Day Scholar,10.0,<2 LPA,0,1,1,0,77.5,78.5,77.7,59.0,76.2,79.9,63.8,72.5,-6.22,6,1,7.71,8.18,0.47,0,78.5,0,7.1,1.3,29,18,1,0.1201,0,Gujarat,GJ,78.0,69.7,21.3,17.9,Ahmedabad,3.8,0,15.9,20.2,UNDERGRADUATE
UG_2026_1416,Male,EWS,18.6,Day Scholar,9.9,5-8 LPA,2,0,0,2,87.2,84.9,90.2,81.8,90.0,82.3,76.9,82.1,-6.56,1,0,7.72,7.68,-0.04,0,80.7,0,9.5,-1.9,44,7,4,0.2022,0,Tamil Nadu,TN,80.1,73.4,51.4,8.1,Ramanathapuram,7.8,1,69.7,22.1,UNDERGRADUATE
UG_2026_1417,Male,SC,20.2,Hosteler,0.5,2-5 LPA,1,1,1,4,71.9,62.5,65.1,61.9,69.6,65.0,64.3,65.9,-2.67,4,1,8.51,7.59,-0.92,0,79.7,0,8.0,0.5,54,9,1,0.4684,0,Rajasthan,RJ,66.1,52.1,26.0,17.2,Barmer,34.2,1,93.0,35.8,UNDERGRADUATE
UG_2026_1418,Female,OBC,21.2,Day Scholar,13.9,<2 LPA,0,0,1,0,51.0,47.5,56.6,58.4,60.1,55.0,56.3,56.8,-1.89,4,1,6.19,5.85,-0.34,0,60.9,0,7.0,1.8,46,13,3,0.4733,0,Madhya Pradesh,MP,69.3,59.2,24.8,18.5,Bhopal,9.4,0,19.1,23.4,UNDERGRADUATE
UG_2026_1419,Male,General,18.6,Day Scholar,39.6,2-5 LPA,1,0,0,4,76.8,76.7,79.8,53.1,87.4,70.6,56.4,69.1,-15.54,3,1,7.14,7.14,0.0,1,60.4,0,4.7,-0.1,29,7,1,0.7297,1,Karnataka,KA,75.4,68.1,36.2,12.0,Raichur,36.8,1,74.6,34.0,UNDERGRADUATE
UG_2026_1420,Male,ST,20.7,Hosteler,0.5,2-5 LPA,1,0,1,1,81.1,80.5,86.1,88.0,82.8,77.4,68.6,75.2,-7.09,1,0,7.43,7.58,0.15,0,78.1,0,4.0,-3.9,30,7,1,0.1685,0,Gujarat,GJ,78.0,69.7,21.3,17.9,Dahod,40.5,1,88.0,38.1,UNDERGRADUATE
UG_2026_1421,Male,OBC,21.3,Hosteler,0.5,2-5 LPA,1,1,0,3,66.7,62.5,75.4,73.0,63.3,68.8,77.2,70.8,6.93,5,1,8.69,8.38,-0.31,0,74.1,0,6.7,-3.5,35,12,2,0.128,0,Haryana,HR,75.6,65.9,29.8,12.5,Nuh / Mewat,44.8,1,88.6,47.0,UNDERGRADUATE
UG_2026_1422,Male,EWS,21.9,Day Scholar,7.2,>8 LPA,3,0,1,7,77.9,74.7,81.9,95.9,86.9,84.9,82.0,84.3,-2.45,1,0,6.76,6.36,-0.4,0,57.8,0,6.7,-1.9,47,13,4,0.1806,0,Haryana,HR,75.6,65.9,29.8,12.5,Gurugram,2.5,0,31.2,20.5,UNDERGRADUATE
UG_2026_1423,Female,OBC,19.0,Hosteler,0.5,>8 LPA,3,1,0,4,49.6,40.7,51.6,54.3,42.6,46.6,61.6,51.6,9.52,6,1,7.64,7.56,-0.08,0,72.1,0,4.7,-3.8,78,11,2,0.6763,1,Uttar Pradesh,UP,67.7,57.2,23.2,16.8,Varanasi,16.3,0,56.6,29.4,UNDERGRADUATE
UG_2026_1424,Male,General,19.2,Day Scholar,28.9,2-5 LPA,1,0,1,0,55.1,53.9,64.8,53.7,54.4,52.8,42.5,49.1,-5.97,17,1,5.26,4.34,-0.92,0,42.6,0,3.6,-3.5,44,22,2,0.964,1,Gujarat,GJ,78.0,69.7,21.3,17.9,Dahod,40.5,1,88.0,38.1,UNDERGRADUATE
UG_2026_1425,Male,OBC,20.2,Day Scholar,9.7,5-8 LPA,2,0,0,4,93.7,98.2,100.0,88.4,98.6,92.9,98.3,96.5,-0.12,2,0,6.1,6.91,0.81,0,70.0,0,7.2,-1.2,41,4,5,0.1565,0,Bihar,BR,61.8,51.5,14.5,21.4,Katihar,48.7,1,91.1,44.3,UNDERGRADUATE
UG_2026_1426,Female,SC,18.1,Day Scholar,4.3,<2 LPA,0,1,0,46,88.2,95.8,97.7,82.1,92.1,87.2,93.1,90.8,0.46,0,0,6.5,6.58,0.08,0,71.5,0,6.4,-0.1,58,14,3,0.6644,1,Maharashtra,MH,82.3,75.9,32.3,11.2,Pune,3.9,0,39.1,21.0,UNDERGRADUATE
UG_2026_1427,Male,General,18.3,Hosteler,0.5,5-8 LPA,2,0,0,3,88.9,91.5,93.7,90.9,93.8,87.9,81.0,86.6,-6.36,2,0,9.95,9.4,-0.55,0,86.2,0,5.1,-4.8,42,5,3,0.5144,1,Uttar Pradesh,UP,67.7,57.2,23.2,16.8,Bahraich,54.4,1,92.1,46.5,UNDERGRADUATE
UG_2026_1428,Female,OBC,18.3,Hosteler,0.5,<2 LPA,0,0,1,0,40.8,32.1,41.8,19.3,39.8,38.3,34.2,37.1,-2.79,13,1,6.23,4.59,-1.64,2,44.8,0,5.0,-0.6,22,17,3,0.9679,1,Gujarat,GJ,78.0,69.7,21.3,17.9,Ahmedabad,3.8,0,15.9,20.2,UNDERGRADUATE
UG_2026_1429,Male,OBC,20.1,Hosteler,0.5,2-5 LPA,1,0,0,0,36.0,40.5,43.3,42.9,32.4,37.1,50.8,41.4,9.17,12,1,5.7,4.74,-0.96,4,35.6,0,1.4,2.2,47,14,4,0.9939,1,Bihar,BR,61.8,51.5,14.5,21.4,Purnia,50.4,1,89.2,42.1,UNDERGRADUATE
UG_2026_1430,Female,General,20.3,Day Scholar,3.9,<2 LPA,0,0,1,1,65.7,64.4,79.1,62.1,66.4,71.3,71.7,70.2,2.63,3,1,7.15,6.48,-0.67,0,64.6,0,9.6,-3.2,74,13,3,0.1873,0,Kerala,KL,94.0,92.1,43.2,3.2,Ernakulam,0.6,0,31.9,14.8,UNDERGRADUATE
UG_2026_1431,Female,OBC,20.8,Day Scholar,14.4,>8 LPA,3,0,0,2,60.0,51.8,70.9,59.2,70.8,51.2,49.3,55.4,-10.74,5,1,6.94,6.16,-0.78,1,61.5,0,8.5,4.1,32,12,0,0.896,1,Kerala,KL,94.0,92.1,43.2,3.2,Ernakulam,0.6,0,31.9,14.8,UNDERGRADUATE
UG_2026_1432,Female,General,21.3,Day Scholar,28.3,>8 LPA,3,0,0,0,60.3,49.5,59.1,57.9,67.3,65.9,58.5,63.3,-4.42,6,1,8.0,7.54,-0.46,2,66.1,0,7.0,1.5,62,15,3,0.8403,1,Uttar Pradesh,UP,67.7,57.2,23.2,16.8,Varanasi,16.3,0,56.6,29.4,UNDERGRADUATE
UG_2026_1433,Female,EWS,22.0,Day Scholar,14.5,2-5 LPA,1,1,1,0,87.8,94.5,98.0,85.6,89.6,88.8,93.0,90.7,1.73,0,0,4.87,5.78,0.91,0,53.9,0,9.9,1.9,49,7,3,0.0388,0,Maharashtra,MH,82.3,75.9,32.3,11.2,Pune,3.9,0,39.1,21.0,UNDERGRADUATE
UG_2026_1434,Male,SC,20.6,Hosteler,0.5,<2 LPA,0,1,1,3,58.6,56.9,61.4,51.4,49.7,52.7,67.0,57.7,8.66,6,1,6.68,6.49,-0.19,0,62.5,0,3.8,-1.5,22,10,4,0.5684,1,Haryana,HR,75.6,65.9,29.8,12.5,Nuh / Mewat,44.8,1,88.6,47.0,UNDERGRADUATE
UG_2026_1435,Male,General,20.2,Hosteler,0.5,2-5 LPA,1,1,1,5,47.0,55.9,55.4,48.6,55.1,55.7,60.0,57.3,2.44,8,1,5.56,5.27,-0.29,4,56.5,0,4.2,1.0,18,11,2,0.9281,1,Tamil Nadu,TN,80.1,73.4,51.4,8.1,Chennai,1.2,0,0.0,17.5,UNDERGRADUATE
UG_2026_1436,Female,General,19.6,Hosteler,0.5,>8 LPA,3,0,0,0,47.1,38.6,47.8,50.4,45.8,49.2,45.9,47.0,0.08,13,1,6.01,6.3,0.29,4,48.6,0,6.0,-6.1,38,29,1,0.9419,1,Uttar Pradesh,UP,67.7,57.2,23.2,16.8,Noida / Gautam Buddha Nagar,7.1,0,40.9,22.0,UNDERGRADUATE
UG_2026_1437,Female,General,19.6,Hosteler,0.5,5-8 LPA,2,0,0,2,55.3,59.6,69.1,52.0,59.7,58.5,58.9,58.9,-0.43,8,1,6.54,5.64,-0.9,1,53.2,0,7.8,4.4,22,13,1,0.8756,1,Karnataka,KA,75.4,68.1,36.2,12.0,Bengaluru Urban,1.8,0,9.1,18.2,UNDERGRADUATE
UG_2026_1438,Male,EWS,22.5,Hosteler,0.5,2-5 LPA,1,1,0,21,51.1,57.9,63.1,57.9,66.2,57.6,44.4,54.5,-10.88,7,1,8.22,7.62,-0.6,0,66.2,1,4.0,-3.5,71,12,4,0.9466,1,Gujarat,GJ,78.0,69.7,21.3,17.9,Dahod,40.5,1,88.0,38.1,UNDERGRADUATE
UG_2026_1439,Female,General,20.1,Hosteler,0.5,<2 LPA,0,1,0,2,83.4,75.9,79.6,72.2,67.1,77.9,78.5,75.5,5.74,1,0,9.48,9.4,-0.08,0,89.1,0,6.7,-2.1,25,11,0,0.02,0,Haryana,HR,75.6,65.9,29.8,12.5,Gurugram,2.5,0,31.2,20.5,UNDERGRADUATE
UG_2026_1440,Female,OBC,20.8,Day Scholar,11.5,2-5 LPA,1,1,1,1,91.0,78.1,98.9,78.7,88.0,86.9,88.9,88.0,0.45,2,0,5.69,6.18,0.49,0,53.6,0,5.0,2.2,59,19,3,0.2449,0,Bihar,BR,61.8,51.5,14.5,21.4,Muzaffarpur,35.1,1,90.3,38.0,UNDERGRADUATE
UG_2026_1441,Female,EWS,20.7,Day Scholar,5.8,2-5 LPA,1,0,0,4,54.9,60.2,53.4,44.0,57.1,49.8,48.5,51.1,-4.31,9,1,7.24,7.56,0.32,1,76.1,0,8.5,1.2,74,15,3,0.4513,0,Madhya Pradesh,MP,69.3,59.2,24.8,18.5,Bhopal,9.4,0,19.1,23.4,UNDERGRADUATE
UG_2026_1442,Male,General,19.2,Day Scholar,3.9,5-8 LPA,2,0,0,7,80.7,77.7,86.4,64.9,78.2,74.6,77.5,76.7,-0.35,1,0,5.91,5.39,-0.52,0,52.5,0,4.6,-0.9,24,10,1,0.403,0,Kerala,KL,94.0,92.1,43.2,3.2,Thiruvananthapuram,0.9,0,46.2,15.2,UNDERGRADUATE
UG_2026_1443,Female,OBC,22.0,Day Scholar,10.3,2-5 LPA,1,1,1,3,68.6,68.0,81.1,76.9,82.3,78.0,72.6,76.9,-4.87,1,0,8.86,9.33,0.47,0,93.5,0,9.0,-2.6,42,7,2,0.053,0,Rajasthan,RJ,66.1,52.1,26.0,17.2,Kota,8.2,0,39.7,21.0,UNDERGRADUATE
UG_2026_1444,Male,General,21.5,Hosteler,0.5,5-8 LPA,2,1,0,3,93.3,93.3,100.0,94.2,99.8,93.2,94.2,95.3,-2.78,1,0,8.07,8.8,0.73,0,79.4,0,8.4,0.0,49,7,3,0.1035,0,Kerala,KL,94.0,92.1,43.2,3.2,Wayanad,4.1,1,96.1,18.0,UNDERGRADUATE
UG_2026_1445,Female,General,19.7,Hosteler,0.5,>8 LPA,3,0,0,3,80.1,91.4,92.3,85.4,100.0,89.2,82.7,89.3,-8.65,0,0,5.48,5.71,0.23,0,56.5,0,6.2,-1.6,26,7,2,0.0522,0,Maharashtra,MH,82.3,75.9,32.3,11.2,Pune,3.9,0,39.1,21.0,UNDERGRADUATE
UG_2026_1446,Male,General,23.0,Hosteler,0.5,<2 LPA,0,0,1,1,57.4,57.9,48.3,48.3,52.4,49.3,49.7,50.2,-1.35,4,1,5.92,4.77,-1.15,2,45.7,0,2.8,-1.3,31,18,1,0.9648,1,Kerala,KL,94.0,92.1,43.2,3.2,Wayanad,4.1,1,96.1,18.0,UNDERGRADUATE
UG_2026_1447,Male,OBC,19.6,Hosteler,0.5,>8 LPA,3,1,1,1,91.0,82.6,87.7,68.8,81.2,81.6,79.9,80.8,-0.62,0,0,7.98,7.8,-0.18,0,71.7,0,9.3,-1.0,23,6,1,0.0604,0,Karnataka,KA,75.4,68.1,36.2,12.0,Yadgir,39.4,1,81.2,36.5,UNDERGRADUATE
UG_2026_1448,Female,SC,19.2,Day Scholar,4.8,2-5 LPA,1,0,0,14,92.3,89.9,100.0,85.5,90.1,97.5,100.0,96.7,4.94,0,0,4.3,4.74,0.44,0,48.2,0,8.0,-2.1,58,10,1,0.0559,0,Madhya Pradesh,MP,69.3,59.2,24.8,18.5,Bhopal,9.4,0,19.1,23.4,UNDERGRADUATE
UG_2026_1449,Female,SC,19.7,Hosteler,0.5,<2 LPA,0,0,1,1,62.5,57.4,65.4,64.5,64.0,51.1,60.9,58.2,-1.54,4,1,9.95,9.61,-0.34,2,91.8,0,3.1,-1.4,52,7,4,0.0678,0,Bihar,BR,61.8,51.5,14.5,21.4,Gaya,38.6,1,86.8,36.2,UNDERGRADUATE
UG_2026_1450,Female,SC,21.6,Day Scholar,12.5,5-8 LPA,2,1,1,2,75.6,79.5,77.1,83.3,77.2,84.6,71.6,77.6,-2.79,2,0,5.55,5.34,-0.21,0,41.2,0,4.8,1.1,73,11,0,0.4658,0,Rajasthan,RJ,66.1,52.1,26.0,17.2,Kota,8.2,0,39.7,21.0,UNDERGRADUATE
UG_2026_1451,Male,OBC,20.2,Hosteler,0.5,5-8 LPA,2,0,0,2,44.4,48.8,52.2,29.0,37.5,45.3,46.0,43.6,4.25,9,1,4.87,4.21,-0.66,3,40.6,1,3.1,1.7,35,18,0,0.9968,1,Kerala,KL,94.0,92.1,43.2,3.2,Wayanad,4.1,1,96.1,18.0,UNDERGRADUATE
UG_2026_1452,Female,General,18.7,Hosteler,0.5,<2 LPA,0,1,0,4,92.0,90.9,100.0,85.7,93.9,89.4,96.1,93.2,1.11,2,0,9.58,10.0,0.42,0,88.7,0,10.3,-5.1,131,5,4,0.0586,0,Haryana,HR,75.6,65.9,29.8,12.5,Gurugram,2.5,0,31.2,20.5,UNDERGRADUATE
UG_2026_1453,Male,SC,21.1,Day Scholar,16.8,>8 LPA,3,0,1,3,71.8,79.9,90.4,81.0,90.7,77.2,75.4,79.9,-7.64,0,0,5.18,5.42,0.24,0,55.0,0,5.0,-0.8,33,12,2,0.5569,1,Uttar Pradesh,UP,67.7,57.2,23.2,16.8,Bahraich,54.4,1,92.1,46.5,UNDERGRADUATE
UG_2026_1454,Female,SC,20.2,Hosteler,0.5,2-5 LPA,1,1,0,23,73.8,89.8,96.8,95.7,81.3,85.2,99.3,89.9,9.0,0,0,5.34,5.64,0.3,0,53.1,1,3.5,2.8,56,8,6,0.4643,0,Tamil Nadu,TN,80.1,73.4,51.4,8.1,Coimbatore,2.1,0,24.2,18.9,UNDERGRADUATE
UG_2026_1455,Female,General,21.1,Day Scholar,11.0,5-8 LPA,2,0,0,4,68.1,69.3,64.5,54.8,70.9,60.1,60.3,62.9,-5.27,10,1,5.67,6.2,0.53,2,63.2,0,5.5,-4.7,46,14,7,0.9113,1,Rajasthan,RJ,66.1,52.1,26.0,17.2,Kota,8.2,0,39.7,21.0,UNDERGRADUATE
UG_2026_1456,Male,ST,20.8,Hosteler,0.5,>8 LPA,3,0,1,1,97.3,93.5,97.7,89.5,92.8,87.5,87.5,88.8,-2.63,1,0,8.97,9.43,0.46,0,90.5,0,6.4,-5.9,56,2,1,0.0082,0,Uttar Pradesh,UP,67.7,57.2,23.2,16.8,Balrampur,47.9,1,92.3,45.0,UNDERGRADUATE
UG_2026_1457,Male,General,19.5,Hosteler,0.5,5-8 LPA,2,0,0,6,72.9,90.0,86.6,73.1,74.5,77.8,90.9,82.2,8.16,0,0,9.33,9.39,0.06,0,97.8,0,3.0,-1.8,45,7,2,0.054,0,Madhya Pradesh,MP,69.3,59.2,24.8,18.5,Barwani,46.1,1,85.5,37.1,UNDERGRADUATE
UG_2026_1458,Male,ST,19.2,Day Scholar,8.2,5-8 LPA,2,0,1,1,93.3,96.3,99.8,90.8,92.0,92.4,96.4,93.9,2.24,2,0,4.55,4.66,0.11,0,40.5,0,6.9,3.6,48,8,4,0.1456,0,Rajasthan,RJ,66.1,52.1,26.0,17.2,Jaipur,6.9,0,47.6,22.5,UNDERGRADUATE
UG_2026_1459,Male,SC,22.0,Hosteler,0.5,2-5 LPA,1,1,1,4,94.7,85.9,88.5,70.8,82.8,84.1,85.9,84.5,1.53,2,0,6.01,5.65,-0.36,0,59.6,0,8.1,-3.5,54,10,0,0.2387,0,Rajasthan,RJ,66.1,52.1,26.0,17.2,Barmer,34.2,1,93.0,35.8,UNDERGRADUATE
UG_2026_1460,Female,General,19.0,Day Scholar,14.6,<2 LPA,0,0,1,0,76.9,79.6,81.5,83.8,85.7,78.5,76.7,79.6,-4.49,0,0,6.57,7.15,0.58,0,64.1,0,2.9,-4.7,52,7,1,0.1727,0,Kerala,KL,94.0,92.1,43.2,3.2,Ernakulam,0.6,0,31.9,14.8,UNDERGRADUATE
UG_2026_1461,Male,OBC,20.9,Hosteler,0.5,>8 LPA,3,0,0,0,67.4,77.1,81.0,82.4,79.6,78.8,73.7,77.0,-2.96,0,0,6.59,6.35,-0.24,0,66.1,0,5.5,1.2,27,10,3,0.7081,1,Madhya Pradesh,MP,69.3,59.2,24.8,18.5,Alirajpur,52.0,1,92.2,39.5,UNDERGRADUATE
UG_2026_1462,Female,ST,21.0,Hosteler,0.5,5-8 LPA,2,0,0,4,72.0,62.0,72.8,79.2,66.6,74.6,69.2,70.4,1.27,3,1,7.7,7.74,0.04,0,69.6,0,2.2,4.2,38,7,3,0.3304,0,Tamil Nadu,TN,80.1,73.4,51.4,8.1,Coimbatore,2.1,0,24.2,18.9,UNDERGRADUATE
UG_2026_1463,Female,SC,19.4,Day Scholar,12.3,5-8 LPA,2,1,1,4,91.3,83.4,91.9,79.9,86.5,92.3,96.1,92.4,4.8,2,0,6.54,7.75,1.21,0,72.0,0,6.2,-4.7,40,5,5,0.0529,0,Tamil Nadu,TN,80.1,73.4,51.4,8.1,Coimbatore,2.1,0,24.2,18.9,UNDERGRADUATE
UG_2026_1464,Female,OBC,20.8,Day Scholar,9.9,<2 LPA,0,1,0,63,81.0,73.3,72.6,78.7,73.7,80.5,72.4,75.6,-0.67,2,0,6.84,6.93,0.09,0,66.5,0,8.2,-3.5,30,8,2,0.6692,1,Tamil Nadu,TN,80.1,73.4,51.4,8.1,Chennai,1.2,0,0.0,17.5,UNDERGRADUATE
UG_2026_1465,Female,SC,19.5,Day Scholar,5.0,2-5 LPA,1,1,1,4,63.4,69.6,79.5,67.6,68.6,73.8,82.0,75.8,6.71,2,0,6.92,8.12,1.2,0,73.2,0,8.0,-4.3,67,7,6,0.0311,0,Maharashtra,MH,82.3,75.9,32.3,11.2,Pune,3.9,0,39.1,21.0,UNDERGRADUATE
UG_2026_1466,Female,OBC,19.3,Day Scholar,8.6,5-8 LPA,2,0,0,4,84.7,82.5,75.8,61.8,62.7,78.1,86.8,77.7,12.05,1,0,6.92,7.31,0.39,0,59.4,0,5.0,-0.3,40,6,3,0.0086,0,Maharashtra,MH,82.3,75.9,32.3,11.2,Mumbai,2.1,0,0.0,19.5,UNDERGRADUATE
UG_2026_1467,Female,OBC,18.7,Hosteler,0.5,2-5 LPA,1,1,1,0,30.7,35.9,42.6,44.6,27.5,38.8,36.5,35.1,4.5,17,1,6.44,5.63,-0.81,3,62.3,1,5.6,-1.7,28,14,3,0.9916,1,Gujarat,GJ,78.0,69.7,21.3,17.9,Ahmedabad,3.8,0,15.9,20.2,UNDERGRADUATE
UG_2026_1468,Female,General,21.3,Hosteler,0.5,2-5 LPA,1,0,0,2,83.4,79.8,89.6,79.3,90.2,90.8,87.8,89.4,-1.18,0,0,6.46,6.28,-0.18,0,58.0,0,4.4,-3.6,59,7,2,0.2003,0,Haryana,HR,75.6,65.9,29.8,12.5,Gurugram,2.5,0,31.2,20.5,UNDERGRADUATE
UG_2026_1469,Female,General,18.3,Day Scholar,10.1,2-5 LPA,1,0,0,3,97.9,98.0,100.0,94.3,93.4,97.9,100.0,97.6,3.29,0,0,4.98,5.22,0.24,0,50.1,0,8.1,-2.4,30,8,4,0.084,0,Bihar,BR,61.8,51.5,14.5,21.4,Muzaffarpur,35.1,1,90.3,38.0,UNDERGRADUATE
UG_2026_1470,Male,General,20.0,Day Scholar,12.1,<2 LPA,0,0,1,1,75.4,64.3,77.9,54.1,62.9,76.2,68.2,69.7,2.65,4,1,9.0,8.5,-0.5,0,81.0,0,6.0,1.1,45,7,2,0.1393,0,Karnataka,KA,75.4,68.1,36.2,12.0,Raichur,36.8,1,74.6,34.0,UNDERGRADUATE
UG_2026_1471,Female,SC,18.6,Hosteler,0.5,5-8 LPA,2,0,1,9,86.5,92.7,96.7,90.4,93.6,95.9,93.8,94.5,0.06,0,0,6.19,6.83,0.64,0,63.3,0,8.6,-1.3,83,18,0,0.0362,0,Karnataka,KA,75.4,68.1,36.2,12.0,Raichur,36.8,1,74.6,34.0,UNDERGRADUATE
UG_2026_1472,Male,General,21.5,Day Scholar,10.6,5-8 LPA,2,0,0,2,62.4,62.3,69.0,52.5,60.6,62.0,54.9,58.8,-2.86,9,1,7.21,6.63,-0.58,2,69.1,0,5.3,2.4,36,12,2,0.9274,1,Rajasthan,RJ,66.1,52.1,26.0,17.2,Jaisalmer,31.8,1,86.7,33.2,UNDERGRADUATE
UG_2026_1473,Female,General,20.0,Day Scholar,8.9,>8 LPA,3,0,0,0,74.0,68.2,83.4,74.0,76.5,77.1,78.1,77.4,0.8,1,0,8.64,9.37,0.73,0,97.3,0,4.4,-0.2,48,4,7,0.0432,0,Bihar,BR,61.8,51.5,14.5,21.4,Gaya,38.6,1,86.8,36.2,UNDERGRADUATE
UG_2026_1474,Male,SC,21.9,Hosteler,0.5,<2 LPA,0,0,0,3,67.3,56.0,65.2,63.9,65.4,63.1,56.1,60.9,-4.69,5,1,8.62,8.76,0.14,2,76.4,0,6.5,-3.7,20,8,3,0.3577,0,Uttar Pradesh,UP,67.7,57.2,23.2,16.8,Bahraich,54.4,1,92.1,46.5,UNDERGRADUATE
UG_2026_1475,Male,SC,19.3,Hosteler,0.5,2-5 LPA,1,1,0,0,100.0,86.2,88.5,70.5,76.0,88.7,90.7,86.3,7.39,0,0,8.47,8.22,-0.25,0,74.9,0,6.1,-0.5,78,4,3,0.1709,0,Uttar Pradesh,UP,67.7,57.2,23.2,16.8,Shravasti,49.6,1,96.5,48.2,UNDERGRADUATE
UG_2026_1476,Female,OBC,20.3,Day Scholar,15.3,2-5 LPA,1,0,0,2,84.4,92.9,89.7,91.5,88.9,99.6,91.5,93.7,1.33,1,0,8.32,8.65,0.33,0,72.7,0,12.4,-3.7,64,3,2,0.0272,0,Rajasthan,RJ,66.1,52.1,26.0,17.2,Kota,8.2,0,39.7,21.0,UNDERGRADUATE
UG_2026_1477,Female,ST,18.9,Hosteler,0.5,2-5 LPA,1,1,1,4,31.7,49.4,46.0,46.7,37.9,43.1,51.4,45.1,6.74,10,1,7.59,6.98,-0.61,1,64.4,0,4.5,1.3,25,12,3,0.7489,1,Gujarat,GJ,78.0,69.7,21.3,17.9,Ahmedabad,3.8,0,15.9,20.2,UNDERGRADUATE
UG_2026_1478,Male,SC,20.3,Day Scholar,14.2,5-8 LPA,2,1,0,16,52.6,47.7,62.9,60.4,65.6,57.0,41.9,53.1,-11.84,4,1,6.38,5.83,-0.55,0,48.8,1,4.2,2.5,22,18,2,0.9459,1,Gujarat,GJ,78.0,69.7,21.3,17.9,Narmada,32.4,1,89.5,30.5,UNDERGRADUATE
UG_2026_1479,Male,OBC,20.4,Day Scholar,12.6,5-8 LPA,2,0,0,3,75.7,81.0,75.8,85.7,65.7,70.1,80.0,73.0,7.15,3,1,9.77,9.57,-0.2,0,83.2,0,9.2,-1.7,31,8,1,0.0194,0,Maharashtra,MH,82.3,75.9,32.3,11.2,Nandurbar,33.1,1,83.3,32.4,UNDERGRADUATE
UG_2026_1480,Male,SC,20.2,Hosteler,0.5,2-5 LPA,1,1,1,34,62.6,55.8,68.8,45.9,57.1,64.7,56.5,59.5,-0.3,11,1,5.5,5.5,0.0,3,51.0,0,4.8,0.7,44,11,5,0.9827,1,Kerala,KL,94.0,92.1,43.2,3.2,Thiruvananthapuram,0.9,0,46.2,15.2,UNDERGRADUATE
UG_2026_1481,Female,OBC,18.9,Hosteler,0.5,5-8 LPA,2,0,0,15,68.4,66.6,71.7,66.5,61.6,66.0,75.0,68.5,6.67,4,1,4.57,4.32,-0.25,1,39.2,0,6.7,-0.5,22,14,2,0.8813,1,Tamil Nadu,TN,80.1,73.4,51.4,8.1,Coimbatore,2.1,0,24.2,18.9,UNDERGRADUATE
UG_2026_1482,Female,General,19.7,Hosteler,0.5,<2 LPA,0,1,1,2,65.2,73.9,76.0,65.6,76.4,69.3,74.1,73.0,-1.15,4,1,8.5,8.46,-0.04,0,74.3,0,8.2,-2.4,75,13,4,0.21,0,Maharashtra,MH,82.3,75.9,32.3,11.2,Mumbai,2.1,0,0.0,19.5,UNDERGRADUATE
UG_2026_1483,Male,SC,21.2,Hosteler,0.5,5-8 LPA,2,1,1,0,72.6,77.0,82.4,75.9,79.9,69.6,82.6,77.4,1.35,2,0,6.62,6.65,0.03,0,61.4,0,5.0,-0.9,37,8,5,0.3114,0,Maharashtra,MH,82.3,75.9,32.3,11.2,Nandurbar,33.1,1,83.3,32.4,UNDERGRADUATE
UG_2026_1484,Male,OBC,17.6,Day Scholar,13.4,<2 LPA,0,0,1,18,87.8,77.9,77.0,73.4,88.5,74.1,78.5,79.5,-5.02,2,0,5.95,6.82,0.87,0,72.3,0,7.7,-1.8,24,10,2,0.1201,0,Haryana,HR,75.6,65.9,29.8,12.5,Nuh / Mewat,44.8,1,88.6,47.0,UNDERGRADUATE
UG_2026_1485,Male,OBC,20.5,Day Scholar,5.9,2-5 LPA,1,1,1,3,89.0,92.0,95.0,99.0,83.7,91.9,100.0,93.1,8.15,2,0,6.84,7.0,0.16,0,61.3,0,9.0,-5.1,29,7,2,0.0176,0,Maharashtra,MH,82.3,75.9,32.3,11.2,Gadchiroli,28.5,1,89.0,28.9,UNDERGRADUATE
UG_2026_1486,Male,OBC,21.5,Hosteler,0.5,2-5 LPA,1,0,0,2,50.7,58.7,63.8,45.8,57.6,47.0,54.3,52.6,-1.65,11,1,8.86,8.86,0.0,1,89.5,0,7.5,-2.4,29,10,4,0.6105,1,Rajasthan,RJ,66.1,52.1,26.0,17.2,Barmer,34.2,1,93.0,35.8,UNDERGRADUATE
UG_2026_1487,Female,OBC,22.3,Day Scholar,7.5,<2 LPA,0,1,0,3,93.1,94.2,87.3,91.5,88.1,84.0,80.4,83.6,-3.86,1,0,7.16,7.03,-0.13,0,68.2,0,5.0,-1.4,23,8,6,0.5975,1,Bihar,BR,61.8,51.5,14.5,21.4,Muzaffarpur,35.1,1,90.3,38.0,UNDERGRADUATE
UG_2026_1488,Female,SC,18.3,Hosteler,0.5,>8 LPA,3,0,0,8,64.7,47.1,67.2,55.0,55.0,58.4,60.2,58.3,2.63,8,1,6.67,6.74,0.07,0,64.6,0,1.9,1.5,25,10,3,0.622,1,Karnataka,KA,75.4,68.1,36.2,12.0,Bengaluru Urban,1.8,0,9.1,18.2,UNDERGRADUATE
UG_2026_1489,Female,OBC,21.8,Hosteler,0.5,2-5 LPA,1,0,0,1,85.5,77.7,82.6,78.7,77.1,78.0,79.1,78.2,0.98,0,0,9.61,9.78,0.17,0,99.0,0,8.2,-3.8,13,3,3,0.0344,0,Rajasthan,RJ,66.1,52.1,26.0,17.2,Kota,8.2,0,39.7,21.0,UNDERGRADUATE
UG_2026_1490,Male,General,21.1,Hosteler,0.5,5-8 LPA,2,0,0,2,99.7,94.5,94.1,100.0,83.9,84.9,92.4,87.6,4.27,0,0,7.97,7.7,-0.27,0,78.3,0,6.8,2.1,26,11,2,0.0903,0,Karnataka,KA,75.4,68.1,36.2,12.0,Raichur,36.8,1,74.6,34.0,UNDERGRADUATE
UG_2026_1491,Male,General,20.1,Day Scholar,5.6,<2 LPA,0,1,0,48,95.4,100.0,100.0,86.4,87.2,89.2,100.0,93.0,6.39,2,0,5.89,7.31,1.42,0,81.4,0,8.2,-3.9,33,4,0,0.0502,0,Bihar,BR,61.8,51.5,14.5,21.4,Katihar,48.7,1,91.1,44.3,UNDERGRADUATE
UG_2026_1492,Female,SC,18.6,Day Scholar,12.1,2-5 LPA,1,1,1,3,77.6,78.6,80.6,78.9,77.6,69.7,69.8,71.7,-3.88,6,1,7.12,6.14,-0.98,1,44.9,0,8.1,-2.0,61,11,3,0.5319,1,Gujarat,GJ,78.0,69.7,21.3,17.9,Ahmedabad,3.8,0,15.9,20.2,UNDERGRADUATE
UG_2026_1493,Female,General,22.0,Hosteler,0.5,>8 LPA,3,0,0,1,41.8,38.9,48.1,35.2,47.6,44.0,33.9,40.9,-6.84,11,1,5.07,3.76,-1.31,2,27.4,1,3.6,0.9,32,20,5,0.9905,1,Bihar,BR,61.8,51.5,14.5,21.4,Muzaffarpur,35.1,1,90.3,38.0,UNDERGRADUATE
UG_2026_1494,Female,EWS,20.0,Hosteler,0.5,>8 LPA,3,0,1,8,57.7,80.4,77.6,69.4,73.2,73.6,86.7,78.8,6.76,0,0,8.03,9.14,1.11,0,82.7,0,7.0,-4.0,56,6,2,0.0391,0,Karnataka,KA,75.4,68.1,36.2,12.0,Bengaluru Urban,1.8,0,9.1,18.2,UNDERGRADUATE
UG_2026_1495,Male,OBC,21.0,Day Scholar,8.2,>8 LPA,3,0,0,1,55.1,64.1,55.4,55.3,51.6,49.9,57.5,53.4,2.91,8,1,4.08,4.28,0.2,2,42.2,1,5.4,2.7,15,13,1,0.9256,1,Madhya Pradesh,MP,69.3,59.2,24.8,18.5,Barwani,46.1,1,85.5,37.1,UNDERGRADUATE
UG_2026_1496,Male,SC,21.0,Day Scholar,16.5,2-5 LPA,1,1,0,22,78.7,78.5,77.2,75.6,72.0,69.2,68.6,69.7,-1.72,2,1,6.47,6.5,0.03,0,61.7,0,4.3,0.3,77,9,7,0.925,1,Tamil Nadu,TN,80.1,73.4,51.4,8.1,Chennai,1.2,0,0.0,17.5,UNDERGRADUATE
UG_2026_1497,Female,General,18.8,Day Scholar,5.8,<2 LPA,0,0,1,0,90.3,83.3,85.7,70.5,82.6,83.6,93.3,87.2,5.32,1,0,7.85,7.88,0.03,0,77.4,0,4.7,-1.5,61,5,6,0.0598,0,Maharashtra,MH,82.3,75.9,32.3,11.2,Pune,3.9,0,39.1,21.0,UNDERGRADUATE
UG_2026_1498,Female,OBC,21.6,Hosteler,0.5,>8 LPA,3,0,0,4,41.6,50.1,51.9,47.1,47.5,41.6,49.4,46.2,0.94,19,1,8.18,7.65,-0.53,0,71.4,0,7.1,-2.2,48,19,6,0.802,1,Kerala,KL,94.0,92.1,43.2,3.2,Ernakulam,0.6,0,31.9,14.8,UNDERGRADUATE
UG_2026_1499,Female,General,17.5,Day Scholar,7.3,2-5 LPA,1,0,0,3,44.5,29.7,54.7,46.2,53.3,49.0,48.1,49.7,-2.62,17,1,7.95,7.84,-0.11,2,74.0,0,4.3,-0.1,21,11,2,0.7818,1,Madhya Pradesh,MP,69.3,59.2,24.8,18.5,Indore,6.8,0,25.9,21.8,UNDERGRADUATE
UG_2026_1500,Male,ST,19.7,Hosteler,0.5,>8 LPA,3,0,1,2,77.8,79.9,79.9,75.7,70.5,79.0,84.9,79.2,7.21,0,0,5.59,5.86,0.27,0,43.2,0,7.5,0.3,50,14,3,0.0718,0,Kerala,KL,94.0,92.1,43.2,3.2,Thiruvananthapuram,0.9,0,46.2,15.2,UNDERGRADUATE
UG_2026_1501,Male,General,19.0,Day Scholar,6.5,5-8 LPA,2,0,1,2,73.1,68.1,77.0,77.5,73.7,70.1,72.7,72.0,-0.51,3,1,7.12,6.6,-0.52,1,53.7,0,6.5,-4.1,53,15,0,0.3557,0,Uttar Pradesh,UP,67.7,57.2,23.2,16.8,Lucknow,8.5,0,33.8,24.1,UNDERGRADUATE
UG_2026_1502,Male,SC,20.1,Hosteler,0.5,5-8 LPA,2,1,0,3,62.5,57.7,68.7,59.8,62.8,61.1,66.2,63.6,1.69,8,1,6.31,6.39,0.08,0,57.2,0,7.7,-0.6,29,10,2,0.5565,1,Uttar Pradesh,UP,67.7,57.2,23.2,16.8,Bahraich,54.4,1,92.1,46.5,UNDERGRADUATE
UG_2026_1503,Male,SC,22.9,Day Scholar,11.4,5-8 LPA,2,0,1,2,85.5,91.3,84.2,86.2,89.4,87.0,86.1,87.2,-1.65,2,0,8.56,8.92,0.36,0,79.0,0,4.3,-2.1,46,5,1,0.0106,0,Tamil Nadu,TN,80.1,73.4,51.4,8.1,Ramanathapuram,7.8,1,69.7,22.1,UNDERGRADUATE
UG_2026_1504,Female,SC,18.8,Hosteler,0.5,2-5 LPA,1,0,1,2,79.6,80.7,82.5,62.4,76.4,77.9,72.2,75.3,-2.1,1,0,6.34,7.73,1.39,0,61.9,0,6.2,0.9,32,7,5,0.0575,0,Uttar Pradesh,UP,67.7,57.2,23.2,16.8,Noida / Gautam Buddha Nagar,7.1,0,40.9,22.0,UNDERGRADUATE
UG_2026_1505,Male,OBC,19.2,Day Scholar,13.4,5-8 LPA,2,1,0,3,100.0,92.9,100.0,89.5,98.7,100.0,90.5,95.9,-4.08,0,0,6.19,6.06,-0.13,0,54.6,0,9.3,-0.0,78,6,2,0.1081,0,Haryana,HR,75.6,65.9,29.8,12.5,Nuh / Mewat,44.8,1,88.6,47.0,UNDERGRADUATE
UG_2026_1506,Male,ST,20.7,Day Scholar,5.0,5-8 LPA,2,1,0,0,69.9,61.6,70.6,56.7,57.2,68.5,71.7,67.0,7.27,3,1,7.2,7.6,0.4,0,76.3,0,8.2,-0.4,29,9,0,0.0557,0,Uttar Pradesh,UP,67.7,57.2,23.2,16.8,Balrampur,47.9,1,92.3,45.0,UNDERGRADUATE
UG_2026_1507,Male,SC,18.6,Hosteler,0.5,5-8 LPA,2,0,1,1,76.8,66.6,69.5,82.2,78.5,72.4,77.4,75.9,-0.54,0,0,7.0,7.22,0.22,0,68.8,0,8.7,-1.7,44,10,2,0.0486,0,Uttar Pradesh,UP,67.7,57.2,23.2,16.8,Bahraich,54.4,1,92.1,46.5,UNDERGRADUATE
UG_2026_1508,Male,General,19.1,Day Scholar,10.7,5-8 LPA,2,1,1,0,69.1,54.8,57.1,43.0,60.3,68.1,56.8,61.6,-1.71,5,1,5.51,4.49,-1.02,2,45.3,0,6.5,-2.4,26,26,0,0.9889,1,Madhya Pradesh,MP,69.3,59.2,24.8,18.5,Bhopal,9.4,0,19.1,23.4,UNDERGRADUATE
UG_2026_1509,Female,General,19.9,Day Scholar,8.3,5-8 LPA,2,0,0,2,63.1,67.3,72.5,66.9,66.8,67.1,72.9,69.3,3.06,6,1,6.22,6.57,0.35,0,59.3,0,8.3,0.4,44,10,2,0.274,0,Rajasthan,RJ,66.1,52.1,26.0,17.2,Jaipur,6.9,0,47.6,22.5,UNDERGRADUATE
UG_2026_1510,Male,OBC,19.3,Day Scholar,6.8,<2 LPA,0,0,1,9,91.7,88.6,99.1,89.9,89.5,87.3,88.8,88.5,-0.37,1,0,8.28,9.39,1.11,0,85.2,0,10.1,-2.9,31,4,4,0.0022,0,Uttar Pradesh,UP,67.7,57.2,23.2,16.8,Shravasti,49.6,1,96.5,48.2,UNDERGRADUATE
UG_2026_1511,Female,General,21.0,Hosteler,0.5,2-5 LPA,1,0,0,2,60.0,72.5,77.3,70.7,64.5,68.6,73.5,69.5,4.5,4,1,8.75,8.64,-0.11,0,89.7,0,5.7,-3.5,46,8,2,0.5044,1,Bihar,BR,61.8,51.5,14.5,21.4,Muzaffarpur,35.1,1,90.3,38.0,UNDERGRADUATE
UG_2026_1512,Male,EWS,19.8,Hosteler,0.5,5-8 LPA,2,0,1,15,89.2,86.6,94.0,93.8,94.4,90.8,78.7,86.9,-7.85,1,0,8.69,9.78,1.09,0,99.0,0,11.2,-1.5,33,3,3,0.0048,0,Rajasthan,RJ,66.1,52.1,26.0,17.2,Jaisalmer,31.8,1,86.7,33.2,UNDERGRADUATE
UG_2026_1513,Female,OBC,21.2,Hosteler,0.5,>8 LPA,3,0,1,5,79.6,65.3,70.2,57.5,59.2,58.8,75.8,65.7,8.33,2,1,5.59,4.96,-0.63,0,43.4,0,7.1,-4.7,30,16,2,0.484,0,Haryana,HR,75.6,65.9,29.8,12.5,Gurugram,2.5,0,31.2,20.5,UNDERGRADUATE
UG_2026_1514,Male,OBC,21.3,Hosteler,0.5,<2 LPA,0,1,0,17,91.7,87.4,89.3,90.6,77.0,77.9,80.2,78.6,1.58,0,0,6.75,6.8,0.05,0,59.2,0,7.8,-2.8,38,7,5,0.2081,0,Uttar Pradesh,UP,67.7,57.2,23.2,16.8,Shravasti,49.6,1,96.5,48.2,UNDERGRADUATE
UG_2026_1515,Male,SC,17.6,Hosteler,0.5,<2 LPA,0,0,1,17,93.1,82.2,87.0,77.6,92.1,82.2,82.7,84.9,-4.74,0,0,8.19,8.26,0.07,0,72.7,0,9.6,-0.3,54,5,3,0.0327,0,Kerala,KL,94.0,92.1,43.2,3.2,Thiruvananthapuram,0.9,0,46.2,15.2,UNDERGRADUATE
UG_2026_1516,Male,General,20.2,Day Scholar,12.6,>8 LPA,3,0,0,3,96.4,93.1,94.4,98.9,100.0,96.6,89.1,94.5,-5.45,2,0,8.12,8.18,0.06,0,77.6,0,6.7,-0.0,72,3,2,0.261,0,Gujarat,GJ,78.0,69.7,21.3,17.9,Narmada,32.4,1,89.5,30.5,UNDERGRADUATE
UG_2026_1517,Male,General,19.3,Hosteler,0.5,<2 LPA,0,1,0,3,79.1,93.7,97.0,84.1,91.9,89.0,86.2,88.6,-2.82,2,0,6.63,6.62,-0.01,0,58.8,0,7.0,0.2,47,6,7,0.1313,0,Karnataka,KA,75.4,68.1,36.2,12.0,Raichur,36.8,1,74.6,34.0,UNDERGRADUATE
UG_2026_1518,Male,OBC,21.3,Day Scholar,10.7,<2 LPA,0,1,1,3,88.5,83.7,88.3,85.8,91.2,86.7,89.2,88.8,-0.96,1,0,9.19,9.25,0.06,0,91.0,0,9.0,-2.2,46,3,3,0.0209,0,Rajasthan,RJ,66.1,52.1,26.0,17.2,Jaisalmer,31.8,1,86.7,33.2,UNDERGRADUATE
UG_2026_1519,Female,OBC,20.5,Day Scholar,11.9,<2 LPA,0,0,1,1,78.8,80.0,81.2,78.3,81.4,74.7,72.3,75.4,-4.57,1,0,9.95,9.68,-0.27,0,96.2,0,8.9,-4.6,106,8,2,0.0704,0,Madhya Pradesh,MP,69.3,59.2,24.8,18.5,Indore,6.8,0,25.9,21.8,UNDERGRADUATE
UG_2026_1520,Male,SC,19.9,Day Scholar,3.7,<2 LPA,0,0,0,92,78.2,81.1,87.5,74.2,83.5,79.7,79.1,80.4,-2.19,0,0,7.57,6.47,-1.1,0,59.9,0,3.7,-1.1,28,8,7,0.9721,1,Madhya Pradesh,MP,69.3,59.2,24.8,18.5,Bhopal,9.4,0,19.1,23.4,UNDERGRADUATE
UG_2026_1521,Male,General,20.2,Hosteler,0.5,<2 LPA,0,1,1,3,14.0,10.0,26.4,10.7,28.4,14.9,10.0,16.3,-9.19,24,1,6.0,4.3,-1.7,1,34.3,1,1.7,-0.3,18,21,2,0.9998,1,Tamil Nadu,TN,80.1,73.4,51.4,8.1,Ramanathapuram,7.8,1,69.7,22.1,UNDERGRADUATE
UG_2026_1522,Male,OBC,21.1,Day Scholar,5.8,<2 LPA,0,0,1,4,70.6,70.4,68.3,68.7,61.4,67.5,64.8,64.9,1.71,4,1,3.97,5.03,1.06,1,52.0,0,4.5,1.1,14,18,5,0.8016,1,Haryana,HR,75.6,65.9,29.8,12.5,Nuh / Mewat,44.8,1,88.6,47.0,UNDERGRADUATE
UG_2026_1523,Female,General,22.2,Hosteler,0.5,5-8 LPA,2,0,0,1,71.5,90.7,84.2,82.9,85.1,83.8,76.9,81.4,-4.09,2,0,6.16,6.55,0.39,0,63.8,0,9.7,-1.3,26,7,3,0.318,0,Bihar,BR,61.8,51.5,14.5,21.4,Muzaffarpur,35.1,1,90.3,38.0,UNDERGRADUATE
UG_2026_1524,Male,General,21.1,Hosteler,0.5,<2 LPA,0,1,0,64,47.3,48.6,48.6,36.5,43.0,40.2,46.8,43.6,1.94,22,1,8.58,7.7,-0.88,2,68.3,0,6.2,3.0,34,14,6,0.9973,1,Tamil Nadu,TN,80.1,73.4,51.4,8.1,Ramanathapuram,7.8,1,69.7,22.1,UNDERGRADUATE
UG_2026_1525,Female,General,20.8,Day Scholar,10.7,<2 LPA,0,0,0,49,66.2,65.0,68.3,67.2,67.2,74.1,65.0,68.8,-1.1,4,1,7.14,7.34,0.2,0,55.4,0,4.4,1.1,38,11,3,0.7356,1,Kerala,KL,94.0,92.1,43.2,3.2,Ernakulam,0.6,0,31.9,14.8,UNDERGRADUATE
UG_2026_1526,Male,General,20.0,Hosteler,0.5,2-5 LPA,1,0,1,2,81.6,85.4,80.3,76.4,75.4,76.4,74.0,75.2,-0.69,1,0,3.95,4.0,0.05,1,34.4,0,6.6,-1.2,64,21,0,0.3857,0,Uttar Pradesh,UP,67.7,57.2,23.2,16.8,Shravasti,49.6,1,96.5,48.2,UNDERGRADUATE
UG_2026_1527,Male,General,21.0,Day Scholar,5.5,>8 LPA,3,0,0,4,65.4,76.6,73.7,71.2,70.4,71.0,66.0,68.9,-2.23,4,1,6.22,5.72,-0.5,0,53.1,0,10.6,-3.0,18,10,1,0.0373,0,Kerala,KL,94.0,92.1,43.2,3.2,Thiruvananthapuram,0.9,0,46.2,15.2,UNDERGRADUATE
UG_2026_1528,Male,General,19.1,Hosteler,0.5,2-5 LPA,1,0,0,23,65.1,61.4,70.0,65.8,65.8,59.6,57.2,60.2,-4.32,4,1,6.39,6.02,-0.37,4,58.9,0,6.6,2.7,30,15,5,0.9841,1,Kerala,KL,94.0,92.1,43.2,3.2,Thiruvananthapuram,0.9,0,46.2,15.2,UNDERGRADUATE
UG_2026_1529,Male,EWS,22.5,Day Scholar,6.2,2-5 LPA,1,1,0,14,55.7,67.6,65.3,70.6,66.4,64.1,60.7,63.3,-2.83,6,1,6.42,5.79,-0.63,0,56.8,0,5.3,-2.6,34,10,3,0.7947,1,Kerala,KL,94.0,92.1,43.2,3.2,Wayanad,4.1,1,96.1,18.0,UNDERGRADUATE
UG_2026_1530,Male,SC,18.3,Hosteler,0.5,2-5 LPA,1,1,1,0,85.0,79.7,93.6,81.5,88.9,82.2,79.3,82.7,-4.81,2,0,8.76,9.12,0.36,0,91.0,0,6.2,0.7,48,9,4,0.0902,0,Madhya Pradesh,MP,69.3,59.2,24.8,18.5,Alirajpur,52.0,1,92.2,39.5,UNDERGRADUATE
UG_2026_1531,Female,General,20.4,Day Scholar,5.1,2-5 LPA,1,0,0,12,61.6,51.4,69.4,47.5,61.8,64.9,50.3,58.3,-5.74,4,1,8.19,7.76,-0.43,0,73.3,0,4.3,1.0,22,12,4,0.5821,1,Karnataka,KA,75.4,68.1,36.2,12.0,Bengaluru Urban,1.8,0,9.1,18.2,UNDERGRADUATE
UG_2026_1532,Female,General,19.6,Day Scholar,12.0,>8 LPA,3,0,0,4,72.6,88.8,85.1,78.2,81.5,87.2,79.6,82.8,-0.93,2,0,6.61,6.48,-0.13,0,56.1,0,6.9,1.9,26,7,2,0.2731,0,Uttar Pradesh,UP,67.7,57.2,23.2,16.8,Lucknow,8.5,0,33.8,24.1,UNDERGRADUATE
UG_2026_1533,Male,OBC,18.1,Hosteler,0.5,2-5 LPA,1,1,1,2,77.7,81.3,73.5,66.8,61.9,68.0,73.0,68.5,5.55,5,1,7.87,8.08,0.21,0,73.6,0,9.3,-4.1,67,8,3,0.0503,0,Uttar Pradesh,UP,67.7,57.2,23.2,16.8,Bahraich,54.4,1,92.1,46.5,UNDERGRADUATE
UG_2026_1534,Female,SC,18.2,Day Scholar,10.1,>8 LPA,3,0,1,0,65.5,65.7,71.2,57.7,69.0,68.4,63.2,66.5,-2.94,3,1,7.56,8.66,1.1,0,82.4,0,12.7,-0.6,75,6,0,0.0118,0,Maharashtra,MH,82.3,75.9,32.3,11.2,Mumbai,2.1,0,0.0,19.5,UNDERGRADUATE
UG_2026_1535,Female,EWS,18.6,Day Scholar,6.5,>8 LPA,3,0,1,2,53.9,63.6,60.6,55.4,64.7,58.5,50.6,56.8,-7.06,4,1,7.23,6.34,-0.89,2,59.3,1,5.3,-1.5,22,11,0,0.8774,1,Gujarat,GJ,78.0,69.7,21.3,17.9,Ahmedabad,3.8,0,15.9,20.2,UNDERGRADUATE
UG_2026_1536,Female,OBC,20.4,Hosteler,0.5,2-5 LPA,1,1,1,6,80.5,85.2,90.8,68.6,90.0,87.0,84.7,86.8,-2.65,0,0,7.42,8.26,0.84,0,81.9,0,4.1,-2.2,119,10,2,0.0422,0,Haryana,HR,75.6,65.9,29.8,12.5,Gurugram,2.5,0,31.2,20.5,UNDERGRADUATE
UG_2026_1537,Male,General,20.8,Hosteler,0.5,5-8 LPA,2,0,0,3,82.5,90.2,90.7,84.9,91.8,87.9,88.4,89.1,-1.73,1,0,6.52,7.69,1.17,0,72.5,0,11.1,-2.2,93,5,5,0.1378,0,Haryana,HR,75.6,65.9,29.8,12.5,Gurugram,2.5,0,31.2,20.5,UNDERGRADUATE
UG_2026_1538,Female,General,21.6,Day Scholar,11.1,2-5 LPA,1,0,0,1,86.6,76.5,79.2,82.0,73.0,80.8,77.0,77.3,1.98,2,0,5.35,5.36,0.01,0,49.5,0,3.4,2.2,45,9,1,0.7441,1,Tamil Nadu,TN,80.1,73.4,51.4,8.1,Chennai,1.2,0,0.0,17.5,UNDERGRADUATE
UG_2026_1539,Female,OBC,19.3,Hosteler,0.5,<2 LPA,0,0,1,34,59.1,71.1,70.2,61.4,62.3,64.9,71.5,66.9,4.56,5,1,5.75,5.79,0.04,0,56.7,0,6.0,-5.6,39,11,4,0.2046,0,Tamil Nadu,TN,80.1,73.4,51.4,8.1,Coimbatore,2.1,0,24.2,18.9,UNDERGRADUATE
UG_2026_1540,Female,General,21.2,Day Scholar,3.8,<2 LPA,0,1,1,3,80.0,86.3,87.6,89.2,85.8,91.6,77.5,84.5,-4.15,2,0,6.32,6.0,-0.32,0,59.9,0,9.1,1.7,21,7,4,0.5327,1,Kerala,KL,94.0,92.1,43.2,3.2,Ernakulam,0.6,0,31.9,14.8,UNDERGRADUATE
UG_2026_1541,Male,OBC,20.0,Day Scholar,10.2,2-5 LPA,1,0,0,0,80.1,63.3,72.3,79.0,60.9,65.4,81.5,70.7,10.27,4,1,7.68,7.36,-0.32,0,79.4,0,8.1,2.6,22,8,3,0.2382,0,Uttar Pradesh,UP,67.7,57.2,23.2,16.8,Balrampur,47.9,1,92.3,45.0,UNDERGRADUATE
UG_2026_1542,Female,General,20.5,Hosteler,0.5,5-8 LPA,2,0,0,3,42.2,25.4,31.1,24.9,27.8,32.8,32.9,31.6,2.56,19,1,5.21,4.05,-1.16,3,37.5,0,3.4,1.6,53,18,2,0.9948,1,Rajasthan,RJ,66.1,52.1,26.0,17.2,Kota,8.2,0,39.7,21.0,UNDERGRADUATE
UG_2026_1543,Male,OBC,21.0,Hosteler,0.5,2-5 LPA,1,0,0,3,64.9,70.5,72.7,62.8,70.0,66.9,67.0,67.7,-1.53,3,1,7.95,7.52,-0.43,0,67.6,0,5.0,-2.2,30,10,5,0.4131,0,Madhya Pradesh,MP,69.3,59.2,24.8,18.5,Alirajpur,52.0,1,92.2,39.5,UNDERGRADUATE
UG_2026_1544,Male,General,19.4,Day Scholar,6.9,>8 LPA,3,0,0,3,74.7,81.1,81.6,75.2,72.4,84.8,86.9,82.6,7.28,2,0,6.01,5.97,-0.04,0,54.7,0,3.4,-8.6,23,15,1,0.4696,0,Karnataka,KA,75.4,68.1,36.2,12.0,Raichur,36.8,1,74.6,34.0,UNDERGRADUATE
UG_2026_1545,Male,ST,19.9,Hosteler,0.5,2-5 LPA,1,0,1,7,93.1,94.6,92.0,88.9,100.0,88.6,77.0,86.8,-11.51,2,0,7.7,8.53,0.83,0,76.7,0,6.3,-1.1,56,7,7,0.0237,0,Gujarat,GJ,78.0,69.7,21.3,17.9,Narmada,32.4,1,89.5,30.5,UNDERGRADUATE
UG_2026_1546,Male,General,20.6,Day Scholar,7.4,5-8 LPA,2,0,0,3,90.5,100.0,96.2,91.8,94.5,94.5,100.0,96.7,2.77,2,0,6.0,6.33,0.33,0,63.2,0,11.3,0.2,84,13,1,0.0997,0,Uttar Pradesh,UP,67.7,57.2,23.2,16.8,Balrampur,47.9,1,92.3,45.0,UNDERGRADUATE
UG_2026_1547,Male,ST,20.4,Day Scholar,17.2,5-8 LPA,2,0,0,3,99.0,92.8,94.9,93.6,95.1,96.4,90.1,93.6,-2.45,1,0,8.91,9.97,1.06,0,93.3,0,12.0,-2.5,39,4,6,0.0141,0,Haryana,HR,75.6,65.9,29.8,12.5,Nuh / Mewat,44.8,1,88.6,47.0,UNDERGRADUATE
UG_2026_1548,Male,General,19.5,Hosteler,0.5,5-8 LPA,2,1,0,3,47.1,53.7,58.0,42.0,59.3,56.1,49.3,54.2,-5.02,10,1,9.67,8.45,-1.22,2,85.8,0,4.1,-0.0,43,8,3,0.851,1,Bihar,BR,61.8,51.5,14.5,21.4,Purnia,50.4,1,89.2,42.1,UNDERGRADUATE
UG_2026_1549,Female,OBC,21.9,Day Scholar,13.4,<2 LPA,0,1,1,0,79.1,80.0,72.8,78.0,79.2,73.4,70.1,73.6,-4.53,6,1,3.5,3.32,-0.18,0,26.8,0,2.4,-1.3,64,16,0,0.9568,1,Haryana,HR,75.6,65.9,29.8,12.5,Gurugram,2.5,0,31.2,20.5,UNDERGRADUATE
UG_2026_1550,Female,OBC,20.0,Day Scholar,8.7,>8 LPA,3,0,0,1,97.0,92.6,99.4,86.2,98.9,98.5,100.0,99.2,0.53,2,0,8.02,8.09,0.07,0,71.6,0,4.2,0.3,43,3,2,0.0066,0,Uttar Pradesh,UP,67.7,57.2,23.2,16.8,Varanasi,16.3,0,56.6,29.4,UNDERGRADUATE
UG_2026_1551,Male,General,19.2,Day Scholar,7.5,2-5 LPA,1,1,0,23,66.4,55.6,65.5,56.7,61.8,56.5,61.2,59.7,-0.27,11,1,5.97,5.27,-0.7,2,40.8,1,5.6,3.5,31,28,2,0.9949,1,Madhya Pradesh,MP,69.3,59.2,24.8,18.5,Alirajpur,52.0,1,92.2,39.5,UNDERGRADUATE
UG_2026_1552,Male,General,22.0,Day Scholar,9.3,5-8 LPA,2,0,0,1,66.7,78.5,69.3,59.4,63.2,72.4,76.6,71.8,6.73,3,1,8.64,8.41,-0.23,0,82.6,0,9.3,1.4,84,6,3,0.0199,0,Rajasthan,RJ,66.1,52.1,26.0,17.2,Jaisalmer,31.8,1,86.7,33.2,UNDERGRADUATE
UG_2026_1553,Female,OBC,21.3,Day Scholar,11.1,<2 LPA,0,0,1,1,64.1,68.4,74.4,64.1,66.5,73.8,61.6,67.1,-2.42,3,1,7.58,8.06,0.48,0,72.3,0,8.7,-2.6,28,8,2,0.0408,0,Karnataka,KA,75.4,68.1,36.2,12.0,Bengaluru Urban,1.8,0,9.1,18.2,UNDERGRADUATE
UG_2026_1554,Female,General,21.1,Hosteler,0.5,5-8 LPA,2,0,0,4,76.9,80.7,92.4,77.7,75.1,78.6,89.6,82.1,7.26,2,0,7.06,7.65,0.59,0,73.5,0,8.6,5.6,27,6,0,0.1115,0,Maharashtra,MH,82.3,75.9,32.3,11.2,Pune,3.9,0,39.1,21.0,UNDERGRADUATE
UG_2026_1555,Female,OBC,21.3,Day Scholar,17.5,>8 LPA,3,0,0,3,65.0,66.6,64.0,56.4,65.8,64.8,68.1,66.4,1.18,3,1,8.02,7.6,-0.42,0,69.4,0,5.4,-0.6,66,10,4,0.3985,0,Haryana,HR,75.6,65.9,29.8,12.5,Gurugram,2.5,0,31.2,20.5,UNDERGRADUATE
UG_2026_1556,Male,OBC,19.2,Day Scholar,5.7,2-5 LPA,1,1,1,0,75.1,68.2,72.5,70.2,75.2,68.2,73.3,72.0,-0.96,3,1,4.16,3.56,-0.6,1,26.2,0,4.0,2.7,21,14,2,0.9339,1,Maharashtra,MH,82.3,75.9,32.3,11.2,Mumbai,2.1,0,0.0,19.5,UNDERGRADUATE
UG_2026_1557,Male,OBC,20.4,Day Scholar,15.2,2-5 LPA,1,0,1,1,85.6,84.1,87.1,77.8,87.8,87.9,80.0,84.7,-3.89,0,0,3.65,3.73,0.08,0,32.3,0,6.0,-0.9,18,10,2,0.6795,1,Haryana,HR,75.6,65.9,29.8,12.5,Nuh / Mewat,44.8,1,88.6,47.0,UNDERGRADUATE
UG_2026_1558,Female,OBC,20.1,Hosteler,0.5,5-8 LPA,2,1,0,4,92.9,95.3,100.0,84.1,97.3,95.3,97.0,96.5,-0.12,2,0,8.45,9.26,0.81,0,91.2,0,6.6,-2.3,87,2,1,0.01,0,Uttar Pradesh,UP,67.7,57.2,23.2,16.8,Noida / Gautam Buddha Nagar,7.1,0,40.9,22.0,UNDERGRADUATE
UG_2026_1559,Female,General,19.8,Hosteler,0.5,5-8 LPA,2,0,0,0,40.1,42.3,38.6,44.2,23.8,35.6,41.9,35.1,9.01,9,1,5.86,4.66,-1.2,1,40.8,1,2.2,2.6,18,16,2,0.9161,1,Uttar Pradesh,UP,67.7,57.2,23.2,16.8,Varanasi,16.3,0,56.6,29.4,UNDERGRADUATE
UG_2026_1560,Male,OBC,20.0,Hosteler,0.5,>8 LPA,3,0,0,3,67.5,66.7,65.3,60.5,62.5,67.5,71.6,67.9,4.59,5,1,6.23,6.8,0.57,0,74.0,0,7.1,-4.6,41,9,3,0.1056,0,Madhya Pradesh,MP,69.3,59.2,24.8,18.5,Barwani,46.1,1,85.5,37.1,UNDERGRADUATE
UG_2026_1561,Male,EWS,20.6,Day Scholar,10.7,2-5 LPA,1,1,1,4,81.1,90.7,98.6,89.6,88.0,96.0,91.2,92.1,1.6,0,0,7.47,8.46,0.99,0,85.6,0,4.9,-2.1,33,5,3,0.0261,0,Kerala,KL,94.0,92.1,43.2,3.2,Thiruvananthapuram,0.9,0,46.2,15.2,UNDERGRADUATE
UG_2026_1562,Female,OBC,19.0,Hosteler,0.5,<2 LPA,0,0,1,5,79.1,93.1,88.0,86.1,83.1,82.6,80.9,82.0,-1.13,2,0,8.74,7.88,-0.86,0,73.6,0,8.1,-3.7,35,11,1,0.0749,0,Uttar Pradesh,UP,67.7,57.2,23.2,16.8,Noida / Gautam Buddha Nagar,7.1,0,40.9,22.0,UNDERGRADUATE
UG_2026_1563,Male,SC,18.7,Day Scholar,21.4,5-8 LPA,2,1,1,3,45.9,48.5,50.6,52.5,49.7,47.0,38.2,44.2,-5.73,23,1,6.34,5.09,-1.25,1,51.8,1,2.2,0.8,21,14,3,0.9902,1,Madhya Pradesh,MP,69.3,59.2,24.8,18.5,Barwani,46.1,1,85.5,37.1,UNDERGRADUATE
UG_2026_1564,Female,SC,20.0,Day Scholar,5.7,>8 LPA,3,0,1,18,100.0,100.0,99.1,92.5,91.9,96.6,99.5,96.6,3.78,0,0,7.02,7.35,0.33,0,73.1,0,7.3,-0.8,58,6,1,0.0404,0,Kerala,KL,94.0,92.1,43.2,3.2,Ernakulam,0.6,0,31.9,14.8,UNDERGRADUATE
UG_2026_1565,Female,OBC,17.5,Day Scholar,11.6,2-5 LPA,1,1,1,2,82.1,89.1,88.9,91.7,87.9,83.0,94.3,88.7,3.19,2,0,4.21,4.23,0.02,0,47.8,0,7.5,0.0,33,14,2,0.2426,0,Gujarat,GJ,78.0,69.7,21.3,17.9,Ahmedabad,3.8,0,15.9,20.2,UNDERGRADUATE
UG_2026_1566,Male,OBC,22.4,Day Scholar,3.6,<2 LPA,0,1,1,15,66.4,82.0,77.8,81.9,74.6,80.1,81.0,79.1,3.21,1,0,6.16,6.2,0.04,0,60.1,0,0.8,-0.7,33,8,4,0.3943,0,Haryana,HR,75.6,65.9,29.8,12.5,Nuh / Mewat,44.8,1,88.6,47.0,UNDERGRADUATE
UG_2026_1567,Male,General,20.1,Hosteler,0.5,>8 LPA,3,0,0,0,63.2,61.2,60.5,65.5,62.4,66.1,58.9,62.3,-1.75,8,1,8.08,7.81,-0.27,0,76.8,0,4.1,3.8,37,9,3,0.3246,0,Gujarat,GJ,78.0,69.7,21.3,17.9,Narmada,32.4,1,89.5,30.5,UNDERGRADUATE
UG_2026_1568,Female,SC,21.6,Hosteler,0.5,5-8 LPA,2,1,1,5,45.7,41.1,47.2,45.5,50.8,48.2,45.9,47.9,-2.43,17,1,6.48,5.73,-0.75,2,57.7,0,9.4,0.2,38,17,2,0.9416,1,Kerala,KL,94.0,92.1,43.2,3.2,Ernakulam,0.6,0,31.9,14.8,UNDERGRADUATE
UG_2026_1569,Female,OBC,17.5,Day Scholar,8.1,<2 LPA,0,1,0,122,48.3,55.2,61.6,49.1,57.2,48.5,56.1,53.7,-0.58,11,1,6.63,6.34,-0.29,2,60.8,0,6.5,-1.8,35,11,2,0.998,1,Haryana,HR,75.6,65.9,29.8,12.5,Gurugram,2.5,0,31.2,20.5,UNDERGRADUATE
UG_2026_1570,Female,SC,20.0,Day Scholar,11.4,<2 LPA,0,1,0,60,78.9,84.5,77.0,70.3,75.7,74.6,70.1,73.1,-2.83,2,1,5.42,5.31,-0.11,0,54.3,0,5.4,-2.1,39,9,1,0.9325,1,Rajasthan,RJ,66.1,52.1,26.0,17.2,Kota,8.2,0,39.7,21.0,UNDERGRADUATE
UG_2026_1571,Female,ST,19.1,Hosteler,0.5,2-5 LPA,1,0,0,4,69.3,83.3,79.7,80.4,86.2,78.6,77.8,80.2,-4.2,1,0,5.9,5.86,-0.04,0,54.9,0,6.7,0.7,33,18,4,0.5051,1,Madhya Pradesh,MP,69.3,59.2,24.8,18.5,Indore,6.8,0,25.9,21.8,UNDERGRADUATE
UG_2026_1572,Male,OBC,20.9,Hosteler,0.5,<2 LPA,0,1,1,2,92.7,87.4,100.0,99.4,87.8,96.1,95.9,93.9,4.03,2,0,6.25,7.05,0.8,0,68.2,0,8.5,0.6,39,5,2,0.0268,0,Bihar,BR,61.8,51.5,14.5,21.4,Katihar,48.7,1,91.1,44.3,UNDERGRADUATE
UG_2026_1573,Male,ST,19.6,Day Scholar,11.9,<2 LPA,0,1,1,3,89.0,89.4,85.2,90.3,82.4,86.3,93.8,88.3,5.7,2,0,6.03,6.05,0.02,0,57.8,0,5.4,-2.0,25,9,2,0.0561,0,Karnataka,KA,75.4,68.1,36.2,12.0,Yadgir,39.4,1,81.2,36.5,UNDERGRADUATE
UG_2026_1574,Female,General,22.2,Day Scholar,7.5,2-5 LPA,1,1,0,64,85.1,85.8,87.9,83.1,83.9,89.6,76.3,82.9,-3.83,2,0,7.29,7.49,0.2,0,78.1,0,6.9,1.0,79,12,2,0.9436,1,Madhya Pradesh,MP,69.3,59.2,24.8,18.5,Bhopal,9.4,0,19.1,23.4,UNDERGRADUATE
UG_2026_1575,Female,SC,20.6,Hosteler,0.5,>8 LPA,3,0,1,3,76.4,84.6,81.5,85.4,81.3,78.7,71.8,76.6,-4.8,0,0,7.75,7.6,-0.15,0,63.2,0,6.3,-1.3,39,12,5,0.0384,0,Uttar Pradesh,UP,67.7,57.2,23.2,16.8,Noida / Gautam Buddha Nagar,7.1,0,40.9,22.0,UNDERGRADUATE
UG_2026_1576,Male,SC,18.2,Hosteler,0.5,2-5 LPA,1,1,1,3,52.6,53.1,51.5,48.4,61.7,50.4,47.9,52.2,-6.91,10,1,6.05,5.92,-0.13,3,54.5,0,6.4,-1.1,22,19,1,0.9464,1,Gujarat,GJ,78.0,69.7,21.3,17.9,Dahod,40.5,1,88.0,38.1,UNDERGRADUATE
UG_2026_1577,Male,General,20.6,Hosteler,0.5,2-5 LPA,1,0,1,18,61.2,57.4,64.8,60.8,58.1,61.5,64.6,61.9,3.23,7,1,6.85,6.67,-0.18,2,62.6,0,4.1,0.5,70,12,3,0.5981,1,Haryana,HR,75.6,65.9,29.8,12.5,Nuh / Mewat,44.8,1,88.6,47.0,UNDERGRADUATE
UG_2026_1578,Male,OBC,17.6,Hosteler,0.5,<2 LPA,0,1,0,49,78.9,78.1,82.9,71.8,90.7,80.6,69.3,78.6,-10.7,0,0,7.09,7.07,-0.02,0,59.8,1,10.4,0.1,44,11,1,0.7891,1,Tamil Nadu,TN,80.1,73.4,51.4,8.1,Chennai,1.2,0,0.0,17.5,UNDERGRADUATE
UG_2026_1579,Male,SC,19.6,Hosteler,0.5,<2 LPA,0,1,0,4,66.4,69.5,69.8,67.9,68.9,69.6,72.6,70.6,1.84,2,1,9.37,8.89,-0.48,0,86.7,0,6.5,-4.5,72,6,3,0.0587,0,Uttar Pradesh,UP,67.7,57.2,23.2,16.8,Balrampur,47.9,1,92.3,45.0,UNDERGRADUATE
UG_2026_1580,Female,SC,21.7,Day Scholar,16.1,2-5 LPA,1,1,0,4,38.1,37.3,38.1,46.8,40.6,38.1,36.9,38.2,-1.84,22,1,7.1,6.77,-0.33,1,67.1,0,2.5,1.7,44,14,3,0.9844,1,Uttar Pradesh,UP,67.7,57.2,23.2,16.8,Noida / Gautam Buddha Nagar,7.1,0,40.9,22.0,UNDERGRADUATE
UG_2026_1581,Male,General,20.6,Hosteler,0.5,<2 LPA,0,1,1,16,91.8,85.5,99.7,86.7,82.6,86.7,84.7,84.9,1.05,1,0,7.91,8.34,0.43,0,90.2,0,7.0,-3.6,21,6,5,0.0784,0,Bihar,BR,61.8,51.5,14.5,21.4,Katihar,48.7,1,91.1,44.3,UNDERGRADUATE
UG_2026_1582,Male,SC,20.0,Day Scholar,6.3,<2 LPA,0,0,1,4,66.2,63.8,72.7,54.8,69.8,69.7,56.2,64.3,-6.79,10,1,5.98,4.46,-1.52,4,41.6,0,6.0,-0.2,32,22,5,0.9932,1,Uttar Pradesh,UP,67.7,57.2,23.2,16.8,Shravasti,49.6,1,96.5,48.2,UNDERGRADUATE
UG_2026_1583,Male,OBC,20.7,Hosteler,0.5,2-5 LPA,1,0,0,2,78.3,74.7,71.8,74.5,78.6,72.1,71.1,73.3,-3.75,3,1,7.86,8.75,0.89,0,85.1,0,6.9,-3.1,35,12,4,0.0566,0,Rajasthan,RJ,66.1,52.1,26.0,17.2,Barmer,34.2,1,93.0,35.8,UNDERGRADUATE
UG_2026_1584,Male,General,22.5,Day Scholar,7.4,>8 LPA,3,0,0,1,50.3,50.0,54.3,67.7,51.4,65.0,54.9,57.6,1.77,9,1,6.3,5.97,-0.33,2,51.6,0,2.8,-1.7,29,11,3,0.8771,1,Karnataka,KA,75.4,68.1,36.2,12.0,Yadgir,39.4,1,81.2,36.5,UNDERGRADUATE
UG_2026_1585,Female,OBC,19.4,Day Scholar,4.1,<2 LPA,0,1,1,0,75.4,80.2,75.6,66.1,80.2,75.3,71.1,74.8,-4.58,2,1,8.9,8.7,-0.2,0,84.0,0,8.1,0.2,31,15,3,0.0996,0,Haryana,HR,75.6,65.9,29.8,12.5,Gurugram,2.5,0,31.2,20.5,UNDERGRADUATE
UG_2026_1586,Male,ST,21.2,Hosteler,0.5,2-5 LPA,1,0,0,11,99.4,81.6,91.3,80.0,91.7,88.4,86.4,88.4,-2.65,0,0,6.71,7.16,0.45,1,70.2,0,7.3,-1.2,33,7,0,0.1482,0,Bihar,BR,61.8,51.5,14.5,21.4,Katihar,48.7,1,91.1,44.3,UNDERGRADUATE
UG_2026_1587,Male,OBC,22.1,Day Scholar,20.3,2-5 LPA,1,0,1,1,38.6,32.8,44.9,44.0,35.0,39.0,39.2,38.1,2.11,16,1,8.52,7.4,-1.12,0,65.6,0,4.1,3.7,36,13,1,0.8045,1,Karnataka,KA,75.4,68.1,36.2,12.0,Yadgir,39.4,1,81.2,36.5,UNDERGRADUATE
UG_2026_1588,Male,General,21.3,Day Scholar,12.9,>8 LPA,3,0,0,2,81.4,91.0,100.0,68.1,86.6,83.6,88.2,86.2,0.79,0,0,8.29,8.24,-0.05,0,71.7,0,9.3,3.9,21,7,3,0.0995,0,Tamil Nadu,TN,80.1,73.4,51.4,8.1,Ramanathapuram,7.8,1,69.7,22.1,UNDERGRADUATE
UG_2026_1589,Female,General,22.5,Day Scholar,15.1,<2 LPA,0,0,0,62,48.0,50.4,50.2,51.3,41.8,46.9,51.6,47.5,4.89,18,1,7.82,7.31,-0.51,0,65.0,1,5.0,0.4,68,10,4,0.996,1,Kerala,KL,94.0,92.1,43.2,3.2,Ernakulam,0.6,0,31.9,14.8,UNDERGRADUATE
UG_2026_1590,Male,SC,21.7,Hosteler,0.5,2-5 LPA,1,0,0,10,85.0,59.9,68.5,68.3,71.8,70.4,72.6,71.6,0.37,2,1,5.55,4.69,-0.86,0,36.8,0,1.5,2.0,33,10,2,0.9137,1,Haryana,HR,75.6,65.9,29.8,12.5,Nuh / Mewat,44.8,1,88.6,47.0,UNDERGRADUATE
UG_2026_1591,Male,General,21.0,Hosteler,0.5,>8 LPA,3,0,0,4,99.3,96.1,89.4,96.9,88.3,98.2,94.2,94.1,2.92,1,0,7.06,7.13,0.07,0,61.5,0,6.4,-3.8,50,7,6,0.1635,0,Haryana,HR,75.6,65.9,29.8,12.5,Nuh / Mewat,44.8,1,88.6,47.0,UNDERGRADUATE
UG_2026_1592,Female,SC,19.1,Hosteler,0.5,>8 LPA,3,0,1,3,46.9,31.8,41.3,36.0,45.1,44.6,38.2,42.1,-3.43,20,1,4.37,3.23,-1.14,1,34.4,1,3.2,0.2,22,16,1,0.992,1,Rajasthan,RJ,66.1,52.1,26.0,17.2,Jaipur,6.9,0,47.6,22.5,UNDERGRADUATE
UG_2026_1593,Male,OBC,18.2,Day Scholar,15.3,5-8 LPA,2,0,0,8,67.5,72.9,73.3,74.9,64.4,73.0,77.7,72.8,6.66,2,1,7.95,7.99,0.04,0,71.4,0,2.6,-1.6,81,8,1,0.0321,0,Gujarat,GJ,78.0,69.7,21.3,17.9,Narmada,32.4,1,89.5,30.5,UNDERGRADUATE
UG_2026_1594,Male,ST,21.6,Hosteler,0.5,<2 LPA,0,0,1,2,57.9,61.5,69.0,65.4,71.1,62.4,54.1,61.2,-8.52,10,1,8.63,8.79,0.16,2,75.1,0,7.6,-3.7,31,7,8,0.5241,1,Maharashtra,MH,82.3,75.9,32.3,11.2,Gadchiroli,28.5,1,89.0,28.9,UNDERGRADUATE
UG_2026_1595,Male,General,19.9,Day Scholar,13.9,2-5 LPA,1,1,0,4,62.8,53.4,61.0,54.6,57.7,59.1,50.9,55.5,-3.39,7,1,6.7,5.62,-1.08,0,57.1,0,8.3,1.3,25,16,2,0.6942,1,Karnataka,KA,75.4,68.1,36.2,12.0,Raichur,36.8,1,74.6,34.0,UNDERGRADUATE
UG_2026_1596,Female,General,18.7,Hosteler,0.5,>8 LPA,3,0,0,2,91.3,88.3,90.3,100.0,88.7,82.8,81.8,83.9,-3.45,0,0,6.84,7.04,0.2,0,66.7,0,10.7,-0.8,62,9,5,0.0695,0,Karnataka,KA,75.4,68.1,36.2,12.0,Bengaluru Urban,1.8,0,9.1,18.2,UNDERGRADUATE
UG_2026_1597,Female,General,19.3,Hosteler,0.5,5-8 LPA,2,0,0,0,60.4,62.3,61.8,60.9,43.0,51.6,57.9,51.9,7.44,10,1,6.6,6.11,-0.49,2,60.6,0,3.3,1.7,67,12,3,0.839,1,Kerala,KL,94.0,92.1,43.2,3.2,Ernakulam,0.6,0,31.9,14.8,UNDERGRADUATE
UG_2026_1598,Male,SC,17.5,Day Scholar,9.9,>8 LPA,3,0,1,1,81.5,81.8,88.1,83.0,87.5,88.0,85.4,86.8,-1.04,2,0,6.14,6.79,0.65,0,63.1,0,5.5,0.9,19,7,5,0.0768,0,Haryana,HR,75.6,65.9,29.8,12.5,Gurugram,2.5,0,31.2,20.5,UNDERGRADUATE
UG_2026_1599,Female,OBC,20.7,Day Scholar,11.3,5-8 LPA,2,0,0,2,67.8,75.7,79.8,72.6,66.7,70.5,69.8,69.3,1.56,2,1,8.5,8.64,0.14,0,83.9,0,3.1,1.8,77,8,1,0.1192,0,Madhya Pradesh,MP,69.3,59.2,24.8,18.5,Indore,6.8,0,25.9,21.8,UNDERGRADUATE
UG_2026_1600,Male,General,18.5,Hosteler,0.5,2-5 LPA,1,1,1,2,66.4,71.7,62.4,61.4,71.1,66.2,58.5,64.4,-6.31,9,1,9.34,8.97,-0.37,0,87.4,0,8.4,-0.8,38,8,5,0.0703,0,Uttar Pradesh,UP,67.7,57.2,23.2,16.8,Balrampur,47.9,1,92.3,45.0,UNDERGRADUATE
UG_2026_1601,Male,ST,19.8,Hosteler,0.5,<2 LPA,0,1,0,46,24.0,43.1,45.7,29.9,33.1,33.9,34.1,33.8,0.48,9,1,8.16,7.63,-0.53,0,76.4,1,4.5,2.9,15,15,5,0.9478,1,Kerala,KL,94.0,92.1,43.2,3.2,Wayanad,4.1,1,96.1,18.0,UNDERGRADUATE
UG_2026_1602,Female,General,18.8,Day Scholar,17.0,<2 LPA,0,1,0,19,54.2,53.5,65.3,63.9,66.6,59.2,51.0,57.8,-7.82,7,1,6.45,6.23,-0.22,2,55.9,0,1.5,-2.1,29,14,2,0.9777,1,Rajasthan,RJ,66.1,52.1,26.0,17.2,Kota,8.2,0,39.7,21.0,UNDERGRADUATE
UG_2026_1603,Male,SC,20.2,Hosteler,0.5,<2 LPA,0,0,1,2,90.3,70.2,77.8,79.7,83.9,79.6,77.7,79.9,-3.1,0,0,9.18,8.72,-0.46,0,86.8,0,6.7,-2.2,102,7,4,0.0425,0,Bihar,BR,61.8,51.5,14.5,21.4,Purnia,50.4,1,89.2,42.1,UNDERGRADUATE
UG_2026_1604,Male,OBC,18.3,Day Scholar,15.2,2-5 LPA,1,0,0,11,60.3,54.4,58.9,47.0,46.7,59.2,51.3,52.9,2.35,7,1,6.43,5.35,-1.08,2,42.4,1,2.0,-3.0,39,13,6,0.9738,1,Maharashtra,MH,82.3,75.9,32.3,11.2,Nandurbar,33.1,1,83.3,32.4,UNDERGRADUATE
UG_2026_1605,Female,OBC,20.4,Day Scholar,12.8,>8 LPA,3,0,0,0,65.0,57.8,70.9,65.4,52.8,64.7,71.2,64.3,9.2,6,1,6.73,6.97,0.24,0,67.7,0,3.9,-2.7,60,8,3,0.085,0,Maharashtra,MH,82.3,75.9,32.3,11.2,Mumbai,2.1,0,0.0,19.5,UNDERGRADUATE
UG_2026_1606,Female,General,21.2,Hosteler,0.5,2-5 LPA,1,1,0,11,48.8,39.0,44.2,33.0,38.2,44.6,49.1,44.8,5.48,22,1,6.46,5.12,-1.34,0,53.5,1,6.6,3.4,14,15,3,0.9637,1,Uttar Pradesh,UP,67.7,57.2,23.2,16.8,Noida / Gautam Buddha Nagar,7.1,0,40.9,22.0,UNDERGRADUATE
UG_2026_1607,Female,SC,21.0,Day Scholar,14.5,>8 LPA,3,1,1,15,87.3,100.0,99.5,84.0,78.4,90.6,100.0,91.3,10.82,0,0,6.22,6.3,0.08,0,55.7,0,3.3,2.5,45,8,5,0.1754,0,Maharashtra,MH,82.3,75.9,32.3,11.2,Pune,3.9,0,39.1,21.0,UNDERGRADUATE
UG_2026_1608,Female,OBC,20.7,Day Scholar,30.1,<2 LPA,0,1,0,49,66.7,70.4,74.3,60.3,80.9,68.3,65.8,70.4,-7.54,4,1,6.29,5.85,-0.44,0,57.2,0,3.9,-1.7,34,9,2,0.8383,1,Tamil Nadu,TN,80.1,73.4,51.4,8.1,Coimbatore,2.1,0,24.2,18.9,UNDERGRADUATE
UG_2026_1609,Male,General,19.2,Hosteler,0.5,5-8 LPA,2,1,0,3,83.8,81.7,84.1,81.1,88.8,79.7,77.9,81.3,-5.43,2,0,6.08,6.05,-0.03,0,55.8,0,6.4,-1.4,31,11,2,0.2961,0,Gujarat,GJ,78.0,69.7,21.3,17.9,Dahod,40.5,1,88.0,38.1,UNDERGRADUATE
UG_2026_1610,Female,General,21.0,Day Scholar,25.7,>8 LPA,3,0,0,2,89.2,88.2,91.2,88.6,96.3,85.2,88.2,89.2,-4.05,2,0,7.7,8.08,0.38,0,73.3,0,9.0,-2.1,28,11,4,0.0428,0,Gujarat,GJ,78.0,69.7,21.3,17.9,Ahmedabad,3.8,0,15.9,20.2,UNDERGRADUATE
UG_2026_1611,Female,General,20.7,Day Scholar,17.6,2-5 LPA,1,0,0,12,48.5,59.2,65.8,50.0,69.6,63.9,59.9,63.7,-4.85,11,1,8.21,7.19,-1.02,1,75.5,0,8.0,2.2,46,9,3,0.5984,1,Haryana,HR,75.6,65.9,29.8,12.5,Gurugram,2.5,0,31.2,20.5,UNDERGRADUATE
UG_2026_1612,Female,SC,21.1,Hosteler,0.5,5-8 LPA,2,0,1,0,93.4,88.9,95.2,95.3,100.0,93.2,82.2,90.5,-8.88,0,0,7.39,7.45,0.06,0,77.1,0,4.9,1.1,70,12,4,0.0843,0,Haryana,HR,75.6,65.9,29.8,12.5,Gurugram,2.5,0,31.2,20.5,UNDERGRADUATE
UG_2026_1613,Female,General,21.3,Day Scholar,9.6,5-8 LPA,2,0,0,1,70.1,64.5,68.3,67.9,63.3,64.3,72.7,67.4,4.69,2,1,7.44,7.29,-0.15,0,65.4,0,5.6,0.7,29,16,4,0.2087,0,Rajasthan,RJ,66.1,52.1,26.0,17.2,Kota,8.2,0,39.7,21.0,UNDERGRADUATE
UG_2026_1614,Male,General,17.7,Hosteler,0.5,5-8 LPA,2,0,0,3,83.9,70.0,80.8,75.6,69.6,75.2,81.3,76.2,5.88,2,0,9.65,9.34,-0.31,0,74.7,0,7.7,2.3,63,4,8,0.0362,0,Kerala,KL,94.0,92.1,43.2,3.2,Thiruvananthapuram,0.9,0,46.2,15.2,UNDERGRADUATE
UG_2026_1615,Female,General,19.8,Hosteler,0.5,<2 LPA,0,1,0,0,75.8,72.2,76.0,79.1,66.4,80.2,85.5,78.9,9.57,0,0,6.52,6.94,0.42,0,63.8,0,10.0,-2.4,62,9,2,0.0761,0,Tamil Nadu,TN,80.1,73.4,51.4,8.1,Coimbatore,2.1,0,24.2,18.9,UNDERGRADUATE
UG_2026_1616,Male,General,17.5,Hosteler,0.5,<2 LPA,0,1,0,92,93.7,91.1,90.7,95.5,90.7,85.7,87.9,87.8,-1.39,2,0,6.82,7.24,0.42,0,60.2,0,6.4,-0.5,41,7,4,0.7037,1,Uttar Pradesh,UP,67.7,57.2,23.2,16.8,Balrampur,47.9,1,92.3,45.0,UNDERGRADUATE
UG_2026_1617,Male,OBC,20.7,Day Scholar,12.2,5-8 LPA,2,0,0,4,52.8,43.3,62.0,52.5,53.7,54.8,59.6,56.4,2.98,11,1,6.98,5.83,-1.15,1,49.3,0,6.6,-3.8,23,11,3,0.7595,1,Madhya Pradesh,MP,69.3,59.2,24.8,18.5,Alirajpur,52.0,1,92.2,39.5,UNDERGRADUATE
UG_2026_1618,Male,General,20.9,Day Scholar,15.6,<2 LPA,0,1,1,3,66.7,68.4,64.7,67.5,67.6,68.0,59.4,64.5,-4.09,8,1,8.0,7.27,-0.73,1,69.2,0,5.2,0.2,27,8,2,0.3699,0,Maharashtra,MH,82.3,75.9,32.3,11.2,Nandurbar,33.1,1,83.3,32.4,UNDERGRADUATE
UG_2026_1619,Male,SC,21.3,Hosteler,0.5,5-8 LPA,2,0,0,0,48.0,47.6,49.9,45.5,56.5,47.0,48.1,49.8,-4.17,20,1,6.4,5.75,-0.65,1,54.9,0,6.5,-0.7,20,14,0,0.8264,1,Maharashtra,MH,82.3,75.9,32.3,11.2,Mumbai,2.1,0,0.0,19.5,UNDERGRADUATE
UG_2026_1620,Female,ST,18.9,Hosteler,0.5,<2 LPA,0,0,0,60,88.1,73.0,87.9,95.4,90.4,87.9,81.1,85.8,-4.68,0,0,4.11,4.28,0.17,0,46.8,0,5.3,-1.8,16,9,3,0.664,1,Karnataka,KA,75.4,68.1,36.2,12.0,Raichur,36.8,1,74.6,34.0,UNDERGRADUATE
UG_2026_1621,Male,OBC,19.6,Day Scholar,9.4,2-5 LPA,1,1,0,34,100.0,88.3,93.1,93.6,96.5,95.8,91.1,94.1,-2.72,1,0,9.95,10.0,0.05,1,99.0,0,9.4,-4.4,60,5,3,0.0291,0,Gujarat,GJ,78.0,69.7,21.3,17.9,Narmada,32.4,1,89.5,30.5,UNDERGRADUATE
UG_2026_1622,Male,General,20.6,Hosteler,0.5,5-8 LPA,2,0,0,4,50.4,65.5,59.3,51.4,57.1,56.9,45.7,52.4,-5.68,10,1,5.63,5.4,-0.23,6,57.3,1,8.9,-0.3,14,14,0,0.9981,1,Gujarat,GJ,78.0,69.7,21.3,17.9,Dahod,40.5,1,88.0,38.1,UNDERGRADUATE
UG_2026_1623,Female,SC,17.6,Hosteler,0.5,5-8 LPA,2,0,1,1,92.9,88.8,92.1,77.4,85.2,85.7,93.3,88.6,4.05,0,0,8.68,8.16,-0.52,1,79.6,0,8.2,-1.1,40,6,5,0.0642,0,Rajasthan,RJ,66.1,52.1,26.0,17.2,Kota,8.2,0,39.7,21.0,UNDERGRADUATE
UG_2026_1624,Female,OBC,20.9,Day Scholar,25.4,<2 LPA,0,0,1,0,60.8,73.7,72.2,71.0,65.2,73.3,71.2,70.4,3.01,4,1,5.87,5.6,-0.27,0,48.4,0,9.4,2.4,15,10,2,0.496,0,Gujarat,GJ,78.0,69.7,21.3,17.9,Ahmedabad,3.8,0,15.9,20.2,UNDERGRADUATE
UG_2026_1625,Male,EWS,20.8,Hosteler,0.5,2-5 LPA,1,0,1,1,42.7,46.6,43.5,36.3,42.0,45.8,37.8,41.7,-2.13,14,1,7.02,6.04,-0.98,2,55.4,1,5.0,-3.2,28,18,1,0.9883,1,Kerala,KL,94.0,92.1,43.2,3.2,Thiruvananthapuram,0.9,0,46.2,15.2,UNDERGRADUATE
UG_2026_1626,Male,General,18.8,Day Scholar,8.2,2-5 LPA,1,1,0,0,100.0,95.2,91.8,100.0,93.2,99.8,93.7,95.7,0.27,0,0,7.8,8.39,0.59,0,85.2,0,6.1,-3.7,35,12,4,0.1249,0,Rajasthan,RJ,66.1,52.1,26.0,17.2,Barmer,34.2,1,93.0,35.8,UNDERGRADUATE
UG_2026_1627,Female,General,21.3,Hosteler,0.5,2-5 LPA,1,0,0,21,77.6,78.4,81.5,67.7,78.4,82.1,76.6,78.9,-0.88,2,0,5.41,6.03,0.62,0,59.9,0,4.5,-3.2,31,11,0,0.3416,0,Karnataka,KA,75.4,68.1,36.2,12.0,Raichur,36.8,1,74.6,34.0,UNDERGRADUATE
UG_2026_1628,Female,SC,20.4,Day Scholar,22.0,2-5 LPA,1,0,1,0,87.7,63.0,83.9,87.7,79.0,74.8,73.7,75.4,-2.65,0,0,6.68,5.83,-0.85,0,52.4,0,9.0,-1.7,47,9,2,0.6338,1,Tamil Nadu,TN,80.1,73.4,51.4,8.1,Coimbatore,2.1,0,24.2,18.9,UNDERGRADUATE
UG_2026_1629,Female,SC,19.3,Hosteler,0.5,<2 LPA,0,1,1,0,77.7,76.1,81.0,65.7,83.4,68.4,69.0,72.4,-7.19,3,1,5.97,6.46,0.49,0,62.6,0,3.5,0.1,39,16,2,0.3043,0,Kerala,KL,94.0,92.1,43.2,3.2,Ernakulam,0.6,0,31.9,14.8,UNDERGRADUATE
UG_2026_1630,Female,ST,19.6,Day Scholar,6.6,<2 LPA,0,0,0,31,25.4,28.0,37.7,28.6,28.8,37.7,33.5,33.8,2.35,18,1,7.22,6.88,-0.34,0,59.1,1,6.3,-0.2,76,13,2,0.9741,1,Karnataka,KA,75.4,68.1,36.2,12.0,Raichur,36.8,1,74.6,34.0,UNDERGRADUATE
UG_2026_1631,Female,OBC,21.1,Day Scholar,10.2,2-5 LPA,1,1,0,14,75.9,90.5,90.9,81.1,92.7,86.4,76.1,83.9,-8.27,0,0,8.44,8.65,0.21,0,82.9,0,10.3,1.3,75,7,2,0.2166,0,Kerala,KL,94.0,92.1,43.2,3.2,Ernakulam,0.6,0,31.9,14.8,UNDERGRADUATE
UG_2026_1632,Male,General,21.7,Day Scholar,9.9,2-5 LPA,1,0,0,20,63.4,66.3,76.9,66.2,69.6,77.1,68.6,71.8,-0.47,2,1,3.5,2.59,-0.91,0,25.1,0,1.6,3.0,35,15,1,0.8521,1,Madhya Pradesh,MP,69.3,59.2,24.8,18.5,Alirajpur,52.0,1,92.2,39.5,UNDERGRADUATE
UG_2026_1633,Female,OBC,20.3,Hosteler,0.5,<2 LPA,0,1,0,15,73.3,76.7,78.0,75.4,79.8,68.5,79.4,75.7,-0.2,0,0,5.94,5.97,0.03,0,54.6,0,4.2,0.4,73,11,2,0.4952,0,Haryana,HR,75.6,65.9,29.8,12.5,Gurugram,2.5,0,31.2,20.5,UNDERGRADUATE
UG_2026_1634,Male,OBC,20.1,Hosteler,0.5,<2 LPA,0,0,1,7,68.2,66.9,72.9,59.7,56.6,59.6,74.5,64.8,8.97,5,1,9.49,9.58,0.09,1,95.4,0,8.2,-0.1,53,10,4,0.0399,0,Madhya Pradesh,MP,69.3,59.2,24.8,18.5,Alirajpur,52.0,1,92.2,39.5,UNDERGRADUATE
UG_2026_1635,Female,OBC,22.0,Day Scholar,15.8,2-5 LPA,1,1,1,0,51.3,59.4,60.1,58.2,53.0,54.8,60.2,56.5,3.59,9,1,6.2,6.0,-0.2,1,57.2,0,6.8,-0.9,28,12,3,0.6279,1,Maharashtra,MH,82.3,75.9,32.3,11.2,Pune,3.9,0,39.1,21.0,UNDERGRADUATE
UG_2026_1636,Male,EWS,24.0,Day Scholar,9.1,5-8 LPA,2,0,1,0,98.7,93.4,96.8,87.1,84.6,92.6,99.0,93.2,7.18,1,0,7.02,8.28,1.26,0,82.0,0,7.2,-2.1,66,10,2,0.0099,0,Maharashtra,MH,82.3,75.9,32.3,11.2,Gadchiroli,28.5,1,89.0,28.9,UNDERGRADUATE
UG_2026_1637,Male,OBC,18.6,Hosteler,0.5,5-8 LPA,2,0,0,0,54.4,63.7,61.8,64.0,61.0,56.9,56.0,57.6,-2.51,4,1,9.95,10.0,0.05,1,95.9,0,8.2,2.6,62,7,2,0.0829,0,Madhya Pradesh,MP,69.3,59.2,24.8,18.5,Alirajpur,52.0,1,92.2,39.5,UNDERGRADUATE
UG_2026_1638,Female,General,20.2,Hosteler,0.5,2-5 LPA,1,1,0,12,68.2,76.6,81.0,68.6,80.0,74.4,74.8,75.9,-2.6,1,0,7.52,7.35,-0.17,0,68.9,0,7.4,-2.0,55,8,3,0.5388,1,Haryana,HR,75.6,65.9,29.8,12.5,Gurugram,2.5,0,31.2,20.5,UNDERGRADUATE
UG_2026_1639,Female,SC,18.9,Day Scholar,15.0,<2 LPA,0,0,1,3,73.8,68.0,78.8,67.5,77.2,67.4,63.0,68.1,-7.11,4,1,8.3,8.23,-0.07,0,78.6,0,5.4,-1.3,19,9,5,0.1539,0,Bihar,BR,61.8,51.5,14.5,21.4,Gaya,38.6,1,86.8,36.2,UNDERGRADUATE
UG_2026_1640,Male,OBC,19.4,Hosteler,0.5,>8 LPA,3,0,0,4,56.0,60.7,70.9,59.3,57.7,63.9,72.2,65.7,7.29,2,1,7.28,8.29,1.01,0,78.2,0,5.9,-3.1,26,11,1,0.0267,0,Bihar,BR,61.8,51.5,14.5,21.4,Purnia,50.4,1,89.2,42.1,UNDERGRADUATE
UG_2026_1641,Female,General,19.3,Hosteler,0.5,<2 LPA,0,0,1,1,79.7,64.5,82.2,78.6,72.5,77.5,73.3,74.6,0.39,3,1,6.73,6.2,-0.53,0,60.3,0,5.2,-3.1,55,21,3,0.3273,0,Uttar Pradesh,UP,67.7,57.2,23.2,16.8,Noida / Gautam Buddha Nagar,7.1,0,40.9,22.0,UNDERGRADUATE
UG_2026_1642,Female,ST,19.4,Day Scholar,7.0,2-5 LPA,1,1,1,1,64.9,66.7,68.2,79.4,60.9,57.2,59.9,59.2,-0.53,11,1,9.12,8.18,-0.94,2,69.7,0,8.2,-1.2,22,12,6,0.4819,0,Gujarat,GJ,78.0,69.7,21.3,17.9,Ahmedabad,3.8,0,15.9,20.2,UNDERGRADUATE
UG_2026_1643,Female,OBC,19.9,Hosteler,0.5,<2 LPA,0,1,1,9,100.0,100.0,100.0,95.7,96.2,100.0,100.0,99.1,1.88,2,0,7.92,8.96,1.04,0,83.1,0,9.9,0.0,46,2,4,0.005,0,Maharashtra,MH,82.3,75.9,32.3,11.2,Mumbai,2.1,0,0.0,19.5,UNDERGRADUATE
UG_2026_1644,Male,SC,19.9,Hosteler,0.5,5-8 LPA,2,1,0,0,42.0,41.1,41.2,41.4,45.8,46.9,39.3,43.6,-3.25,21,1,6.71,6.04,-0.67,0,54.5,0,5.7,2.0,13,14,0,0.9694,1,Madhya Pradesh,MP,69.3,59.2,24.8,18.5,Barwani,46.1,1,85.5,37.1,UNDERGRADUATE
UG_2026_1645,Male,OBC,19.7,Hosteler,0.5,<2 LPA,0,0,0,0,86.0,85.8,90.8,93.6,94.5,84.7,80.8,85.6,-6.84,1,0,7.48,7.86,0.38,0,70.7,0,6.7,-1.5,66,6,2,0.1418,0,Haryana,HR,75.6,65.9,29.8,12.5,Nuh / Mewat,44.8,1,88.6,47.0,UNDERGRADUATE
UG_2026_1646,Male,General,19.5,Day Scholar,8.4,5-8 LPA,2,0,0,1,68.5,55.5,57.9,68.5,54.8,52.5,66.0,58.5,5.6,5,1,6.72,6.48,-0.24,0,45.5,0,4.4,-0.8,32,16,5,0.3319,0,Tamil Nadu,TN,80.1,73.4,51.4,8.1,Ramanathapuram,7.8,1,69.7,22.1,UNDERGRADUATE
UG_2026_1647,Male,OBC,21.7,Hosteler,0.5,2-5 LPA,1,0,0,23,65.8,78.1,78.8,60.6,76.9,81.9,73.1,77.1,-1.87,1,0,6.48,7.0,0.52,0,64.4,0,2.9,-1.6,31,12,3,0.4767,0,Karnataka,KA,75.4,68.1,36.2,12.0,Raichur,36.8,1,74.6,34.0,UNDERGRADUATE
UG_2026_1648,Male,General,20.7,Day Scholar,13.6,>8 LPA,3,0,0,4,64.7,74.9,64.7,50.7,61.3,69.1,74.4,69.3,6.56,2,1,7.15,7.3,0.15,0,67.0,0,1.4,1.0,63,13,2,0.2658,0,Uttar Pradesh,UP,67.7,57.2,23.2,16.8,Shravasti,49.6,1,96.5,48.2,UNDERGRADUATE
UG_2026_1649,Male,OBC,20.3,Hosteler,0.5,2-5 LPA,1,0,0,62,100.0,100.0,100.0,86.9,100.0,99.2,90.0,95.7,-5.0,1,0,5.92,7.02,1.1,0,71.6,0,9.6,-1.8,24,5,3,0.7658,1,Tamil Nadu,TN,80.1,73.4,51.4,8.1,Chennai,1.2,0,0.0,17.5,UNDERGRADUATE
UG_2026_1650,Female,General,20.9,Day Scholar,14.3,5-8 LPA,2,0,0,0,91.1,87.1,94.2,100.0,97.2,89.3,82.6,88.6,-7.28,2,0,6.57,7.3,0.73,0,67.8,0,8.6,-1.5,73,7,1,0.2084,0,Haryana,HR,75.6,65.9,29.8,12.5,Gurugram,2.5,0,31.2,20.5,UNDERGRADUATE
UG_2026_1651,Male,SC,18.8,Hosteler,0.5,<2 LPA,0,0,1,2,82.0,91.2,91.9,78.6,86.5,94.8,87.7,89.9,0.57,0,0,6.82,7.72,0.9,0,74.9,0,9.7,-1.4,59,8,3,0.0241,0,Tamil Nadu,TN,80.1,73.4,51.4,8.1,Ramanathapuram,7.8,1,69.7,22.1,UNDERGRADUATE
UG_2026_1652,Male,General,19.8,Hosteler,0.5,>8 LPA,3,0,0,0,87.4,82.3,89.6,89.3,88.7,92.7,76.9,85.4,-5.9,2,0,4.99,5.14,0.15,0,47.4,0,5.3,-3.3,24,8,3,0.7466,1,Kerala,KL,94.0,92.1,43.2,3.2,Wayanad,4.1,1,96.1,18.0,UNDERGRADUATE
UG_2026_1653,Male,SC,22.2,Day Scholar,6.8,5-8 LPA,2,0,1,4,94.5,100.0,100.0,89.5,89.0,100.0,100.0,97.3,5.48,1,0,7.71,8.51,0.8,0,78.2,0,12.0,-1.0,39,3,3,0.0055,0,Maharashtra,MH,82.3,75.9,32.3,11.2,Nandurbar,33.1,1,83.3,32.4,UNDERGRADUATE
UG_2026_1654,Male,General,19.5,Hosteler,0.5,2-5 LPA,1,0,1,3,80.8,85.9,93.3,85.8,80.6,88.9,92.6,88.3,5.97,1,0,8.17,8.96,0.79,0,88.5,0,8.7,1.6,52,3,3,0.0014,0,Uttar Pradesh,UP,67.7,57.2,23.2,16.8,Bahraich,54.4,1,92.1,46.5,UNDERGRADUATE
UG_2026_1655,Female,OBC,19.9,Day Scholar,9.9,<2 LPA,0,1,1,2,79.8,82.1,82.7,75.3,81.5,78.5,78.7,79.3,-1.43,1,0,6.77,7.2,0.43,0,64.9,0,10.4,-0.3,50,8,5,0.1188,0,Rajasthan,RJ,66.1,52.1,26.0,17.2,Jaipur,6.9,0,47.6,22.5,UNDERGRADUATE
UG_2026_1656,Female,EWS,19.2,Hosteler,0.5,<2 LPA,0,0,0,48,84.2,86.4,91.3,92.8,84.7,90.0,85.3,86.8,0.29,2,0,7.7,7.75,0.05,0,73.4,0,6.5,-4.7,47,5,2,0.2492,0,Bihar,BR,61.8,51.5,14.5,21.4,Gaya,38.6,1,86.8,36.2,UNDERGRADUATE
UG_2026_1657,Female,SC,20.6,Hosteler,0.5,2-5 LPA,1,0,1,4,93.0,84.2,84.5,88.3,90.5,82.5,89.3,87.2,-0.61,2,0,4.53,5.26,0.73,0,45.3,0,6.8,-5.5,57,10,7,0.0684,0,Kerala,KL,94.0,92.1,43.2,3.2,Ernakulam,0.6,0,31.9,14.8,UNDERGRADUATE
UG_2026_1658,Female,OBC,20.8,Day Scholar,20.0,2-5 LPA,1,0,1,2,39.1,36.6,43.5,37.5,53.0,49.6,59.8,54.6,3.4,10,1,7.12,7.29,0.17,2,73.0,0,5.4,2.1,38,11,1,0.8632,1,Kerala,KL,94.0,92.1,43.2,3.2,Thiruvananthapuram,0.9,0,46.2,15.2,UNDERGRADUATE
UG_2026_1659,Female,OBC,18.3,Day Scholar,10.8,>8 LPA,3,0,0,0,82.2,90.0,92.9,72.5,89.6,85.8,83.3,85.8,-3.16,0,0,8.72,8.15,-0.57,0,75.3,0,9.2,-4.5,28,16,2,0.1915,0,Haryana,HR,75.6,65.9,29.8,12.5,Gurugram,2.5,0,31.2,20.5,UNDERGRADUATE
UG_2026_1660,Male,General,21.6,Hosteler,0.5,5-8 LPA,2,0,0,3,89.6,86.9,86.0,89.7,88.0,92.8,78.7,86.0,-4.69,2,0,7.93,8.05,0.12,0,69.4,0,9.3,-0.8,48,7,2,0.1973,0,Uttar Pradesh,UP,67.7,57.2,23.2,16.8,Balrampur,47.9,1,92.3,45.0,UNDERGRADUATE
UG_2026_1661,Female,ST,21.6,Hosteler,0.5,>8 LPA,3,0,1,9,97.1,93.1,96.7,88.7,92.7,84.2,85.0,86.6,-3.86,1,0,5.83,6.78,0.95,0,63.1,0,6.9,-4.2,90,7,1,0.0485,0,Uttar Pradesh,UP,67.7,57.2,23.2,16.8,Varanasi,16.3,0,56.6,29.4,UNDERGRADUATE
UG_2026_1662,Male,SC,21.5,Day Scholar,4.5,2-5 LPA,1,0,1,0,64.0,55.4,58.4,53.5,53.9,62.5,54.8,57.3,0.44,8,1,8.23,7.64,-0.59,2,67.2,0,4.9,-3.1,28,9,5,0.6255,1,Madhya Pradesh,MP,69.3,59.2,24.8,18.5,Alirajpur,52.0,1,92.2,39.5,UNDERGRADUATE
UG_2026_1663,Male,General,19.9,Hosteler,0.5,2-5 LPA,1,0,1,1,99.3,88.6,92.3,90.3,83.4,95.8,85.8,88.7,1.22,1,0,7.77,8.88,1.11,0,81.2,0,6.4,-0.7,77,9,1,0.0392,0,Karnataka,KA,75.4,68.1,36.2,12.0,Raichur,36.8,1,74.6,34.0,UNDERGRADUATE
UG_2026_1664,Male,General,18.9,Day Scholar,16.6,<2 LPA,0,1,1,0,36.1,34.3,32.7,24.9,32.6,24.6,25.2,26.8,-3.71,20,1,5.86,5.03,-0.83,1,40.7,0,0.0,0.6,22,19,0,0.9908,1,Kerala,KL,94.0,92.1,43.2,3.2,Wayanad,4.1,1,96.1,18.0,UNDERGRADUATE
UG_2026_1665,Female,General,20.4,Hosteler,0.5,>8 LPA,3,1,0,0,80.3,66.8,80.2,84.5,75.1,79.5,77.4,77.6,1.14,0,0,5.68,5.52,-0.16,0,50.2,0,7.2,4.3,22,13,3,0.4866,0,Maharashtra,MH,82.3,75.9,32.3,11.2,Pune,3.9,0,39.1,21.0,UNDERGRADUATE
UG_2026_1666,Male,General,19.5,Day Scholar,14.4,<2 LPA,0,0,1,8,81.4,82.0,84.8,77.6,84.0,83.3,78.6,81.6,-2.72,1,0,6.37,6.56,0.19,0,63.9,0,5.4,-1.7,17,10,1,0.4509,0,Rajasthan,RJ,66.1,52.1,26.0,17.2,Jaisalmer,31.8,1,86.7,33.2,UNDERGRADUATE
UG_2026_1667,Male,OBC,20.9,Day Scholar,24.9,<2 LPA,0,1,1,6,93.0,90.2,92.6,95.9,80.7,98.6,96.0,93.1,7.64,1,0,7.83,8.3,0.47,0,84.7,0,4.7,-2.5,72,5,8,0.0445,0,Kerala,KL,94.0,92.1,43.2,3.2,Thiruvananthapuram,0.9,0,46.2,15.2,UNDERGRADUATE
UG_2026_1668,Male,SC,22.2,Day Scholar,4.4,2-5 LPA,1,1,1,2,64.2,67.6,70.4,57.4,61.4,68.4,66.8,66.0,2.69,2,1,6.4,5.59,-0.81,0,51.0,0,1.6,-4.8,30,11,3,0.6347,1,Bihar,BR,61.8,51.5,14.5,21.4,Katihar,48.7,1,91.1,44.3,UNDERGRADUATE
UG_2026_1669,Male,OBC,20.5,Hosteler,0.5,2-5 LPA,1,0,1,1,92.5,72.8,84.9,82.4,73.5,78.4,82.7,78.9,4.6,1,0,6.52,6.64,0.12,0,56.6,0,6.4,-3.7,29,12,3,0.0817,0,Maharashtra,MH,82.3,75.9,32.3,11.2,Mumbai,2.1,0,0.0,19.5,UNDERGRADUATE
UG_2026_1670,Female,SC,20.0,Day Scholar,11.2,>8 LPA,3,0,1,2,89.7,87.6,96.5,95.7,87.8,88.6,96.6,91.6,4.36,1,0,7.65,7.89,0.24,0,80.1,0,11.0,-5.0,78,6,4,0.0331,0,Uttar Pradesh,UP,67.7,57.2,23.2,16.8,Varanasi,16.3,0,56.6,29.4,UNDERGRADUATE
UG_2026_1671,Female,OBC,20.3,Day Scholar,20.1,5-8 LPA,2,0,0,3,50.0,48.2,28.9,35.4,36.4,33.2,41.9,37.5,2.75,12,1,8.49,7.07,-1.42,2,72.8,0,5.4,-0.3,26,12,3,0.9171,1,Madhya Pradesh,MP,69.3,59.2,24.8,18.5,Indore,6.8,0,25.9,21.8,UNDERGRADUATE
UG_2026_1672,Male,ST,21.9,Day Scholar,32.3,2-5 LPA,1,0,1,1,64.0,62.2,69.7,50.2,54.6,58.2,58.0,57.2,1.7,6,1,5.56,5.39,-0.17,1,53.0,0,5.0,3.7,35,11,0,0.2822,0,Uttar Pradesh,UP,67.7,57.2,23.2,16.8,Shravasti,49.6,1,96.5,48.2,UNDERGRADUATE
UG_2026_1673,Female,SC,19.3,Day Scholar,2.5,2-5 LPA,1,1,1,3,71.5,69.6,73.8,76.2,72.7,73.1,69.9,71.7,-1.4,6,1,6.88,7.88,1.0,0,76.2,0,8.4,-0.1,55,12,6,0.0664,0,Maharashtra,MH,82.3,75.9,32.3,11.2,Pune,3.9,0,39.1,21.0,UNDERGRADUATE
UG_2026_1674,Female,General,19.9,Hosteler,0.5,>8 LPA,3,0,0,9,61.6,42.1,58.1,49.7,55.2,50.8,56.0,53.9,0.41,6,1,6.88,6.78,-0.1,1,58.9,0,5.9,-2.1,43,10,0,0.8168,1,Madhya Pradesh,MP,69.3,59.2,24.8,18.5,Bhopal,9.4,0,19.1,23.4,UNDERGRADUATE
UG_2026_1675,Female,ST,20.3,Day Scholar,5.7,5-8 LPA,2,0,1,1,76.7,70.7,80.4,63.9,72.1,67.4,74.7,71.5,1.3,4,1,7.62,7.49,-0.13,0,72.2,0,7.4,-2.8,66,7,4,0.0777,0,Uttar Pradesh,UP,67.7,57.2,23.2,16.8,Lucknow,8.5,0,33.8,24.1,UNDERGRADUATE
UG_2026_1676,Female,General,19.9,Hosteler,0.5,5-8 LPA,2,0,0,0,81.1,76.9,81.2,83.6,78.1,73.6,79.1,76.9,0.47,0,0,9.11,8.96,-0.15,0,86.9,0,8.1,-1.3,56,16,1,0.0866,0,Karnataka,KA,75.4,68.1,36.2,12.0,Bengaluru Urban,1.8,0,9.1,18.2,UNDERGRADUATE
UG_2026_1677,Female,OBC,20.2,Day Scholar,10.9,2-5 LPA,1,1,0,14,90.7,79.1,84.0,68.1,86.6,84.8,73.1,80.6,-6.75,2,0,8.08,8.12,0.04,0,81.2,0,9.4,1.4,74,5,4,0.435,0,Bihar,BR,61.8,51.5,14.5,21.4,Gaya,38.6,1,86.8,36.2,UNDERGRADUATE
UG_2026_1678,Female,OBC,20.1,Day Scholar,15.2,>8 LPA,3,0,0,2,97.2,91.7,86.4,84.5,89.4,87.6,80.5,85.2,-4.42,0,0,8.52,9.79,1.27,0,93.5,0,7.6,2.0,68,4,2,0.0629,0,Tamil Nadu,TN,80.1,73.4,51.4,8.1,Chennai,1.2,0,0.0,17.5,UNDERGRADUATE
UG_2026_1679,Female,OBC,20.8,Hosteler,0.5,2-5 LPA,1,1,0,0,87.0,76.6,89.8,86.0,93.5,92.2,74.9,85.6,-9.34,2,0,8.21,8.79,0.58,1,67.2,0,5.7,-4.5,63,5,1,0.166,0,Madhya Pradesh,MP,69.3,59.2,24.8,18.5,Bhopal,9.4,0,19.1,23.4,UNDERGRADUATE
UG_2026_1680,Male,OBC,19.9,Hosteler,0.5,5-8 LPA,2,0,0,9,76.4,77.1,87.0,73.0,81.9,76.5,66.6,73.9,-7.62,4,1,6.19,5.57,-0.62,0,54.1,0,5.4,0.6,30,10,3,0.637,1,Bihar,BR,61.8,51.5,14.5,21.4,Patna,18.2,0,56.4,28.5,UNDERGRADUATE
UG_2026_1681,Female,OBC,19.4,Hosteler,0.5,2-5 LPA,1,0,0,0,79.4,74.3,59.8,74.7,70.0,74.5,69.6,71.4,-0.2,3,1,8.64,8.67,0.03,0,90.7,0,5.4,-3.1,32,8,3,0.1803,0,Tamil Nadu,TN,80.1,73.4,51.4,8.1,Coimbatore,2.1,0,24.2,18.9,UNDERGRADUATE
UG_2026_1682,Female,OBC,21.8,Day Scholar,9.7,5-8 LPA,2,1,0,3,73.5,70.3,66.1,67.4,49.6,68.0,77.0,67.0,13.71,2,1,6.58,6.63,0.05,0,68.0,0,6.1,-4.5,112,8,0,0.0935,0,Kerala,KL,94.0,92.1,43.2,3.2,Ernakulam,0.6,0,31.9,14.8,UNDERGRADUATE
UG_2026_1683,Female,OBC,21.6,Day Scholar,13.8,2-5 LPA,1,1,0,3,58.1,61.7,70.3,64.4,54.6,61.7,59.3,59.0,2.34,10,1,7.59,7.57,-0.02,2,80.7,0,6.5,0.5,36,10,2,0.6955,1,Uttar Pradesh,UP,67.7,57.2,23.2,16.8,Varanasi,16.3,0,56.6,29.4,UNDERGRADUATE
UG_2026_1684,Male,OBC,21.3,Hosteler,0.5,2-5 LPA,1,0,1,3,82.3,64.3,78.5,84.3,81.5,81.7,81.5,81.6,-0.0,0,0,7.95,8.02,0.07,0,84.3,0,10.9,-4.7,24,8,5,0.01,0,Kerala,KL,94.0,92.1,43.2,3.2,Wayanad,4.1,1,96.1,18.0,UNDERGRADUATE
UG_2026_1685,Male,General,20.2,Day Scholar,15.6,2-5 LPA,1,0,0,10,22.3,31.3,41.7,22.3,38.3,25.5,28.9,30.1,-4.66,10,1,7.08,5.9,-1.18,1,54.2,1,6.5,-1.2,32,20,0,0.9095,1,Maharashtra,MH,82.3,75.9,32.3,11.2,Nandurbar,33.1,1,83.3,32.4,UNDERGRADUATE
UG_2026_1686,Female,OBC,22.7,Hosteler,0.5,2-5 LPA,1,1,0,4,46.7,46.3,37.4,41.9,49.7,50.9,42.5,47.2,-3.6,16,1,8.42,8.24,-0.18,2,77.4,0,2.6,-1.4,24,9,2,0.97,1,Karnataka,KA,75.4,68.1,36.2,12.0,Bengaluru Urban,1.8,0,9.1,18.2,UNDERGRADUATE
UG_2026_1687,Male,OBC,17.7,Hosteler,0.5,2-5 LPA,1,0,0,31,92.6,85.0,92.4,77.9,82.4,92.6,81.7,85.7,-0.37,2,0,7.14,8.12,0.98,0,75.8,0,9.3,-1.2,40,11,3,0.0858,0,Maharashtra,MH,82.3,75.9,32.3,11.2,Mumbai,2.1,0,0.0,19.5,UNDERGRADUATE
UG_2026_1688,Male,OBC,19.5,Day Scholar,17.6,<2 LPA,0,1,1,31,78.6,79.0,82.1,77.0,79.0,83.8,84.6,82.9,2.82,1,0,6.45,6.98,0.53,0,64.7,0,10.2,0.4,28,13,5,0.0898,0,Haryana,HR,75.6,65.9,29.8,12.5,Gurugram,2.5,0,31.2,20.5,UNDERGRADUATE
UG_2026_1689,Female,OBC,21.7,Hosteler,0.5,>8 LPA,3,0,0,0,79.7,83.0,91.2,82.9,87.6,87.8,88.4,88.0,0.37,2,0,8.24,8.08,-0.16,0,71.3,0,7.5,0.0,82,5,1,0.0378,0,Rajasthan,RJ,66.1,52.1,26.0,17.2,Jaipur,6.9,0,47.6,22.5,UNDERGRADUATE
UG_2026_1690,Female,General,17.7,Hosteler,0.5,>8 LPA,3,0,0,1,82.1,91.0,84.7,81.5,82.1,80.7,92.8,85.9,5.38,2,0,8.48,9.88,1.4,0,99.0,0,8.8,-1.0,21,5,7,0.0116,0,Karnataka,KA,75.4,68.1,36.2,12.0,Bengaluru Urban,1.8,0,9.1,18.2,UNDERGRADUATE
UG_2026_1691,Male,OBC,20.5,Day Scholar,19.6,>8 LPA,3,0,0,0,60.2,60.4,50.9,50.4,62.3,57.3,40.1,51.7,-11.1,7,1,8.0,7.12,-0.88,2,66.0,0,8.5,-3.9,40,14,1,0.8442,1,Karnataka,KA,75.4,68.1,36.2,12.0,Raichur,36.8,1,74.6,34.0,UNDERGRADUATE
UG_2026_1692,Female,General,21.1,Hosteler,0.5,2-5 LPA,1,1,0,10,62.9,65.8,75.3,66.6,72.1,60.8,72.5,68.3,0.18,3,1,8.0,7.82,-0.18,0,76.0,0,5.2,-2.9,64,7,3,0.4833,0,Bihar,BR,61.8,51.5,14.5,21.4,Gaya,38.6,1,86.8,36.2,UNDERGRADUATE
UG_2026_1693,Male,OBC,18.7,Hosteler,0.5,<2 LPA,0,0,1,8,52.0,51.5,55.0,47.0,55.2,54.2,38.3,48.1,-8.47,13,1,8.28,7.63,-0.65,5,78.0,0,5.8,-2.6,71,9,5,0.9905,1,Haryana,HR,75.6,65.9,29.8,12.5,Nuh / Mewat,44.8,1,88.6,47.0,UNDERGRADUATE
UG_2026_1694,Female,General,19.8,Day Scholar,17.4,2-5 LPA,1,0,0,10,37.3,41.3,53.1,52.6,49.6,39.5,53.2,47.5,1.78,10,1,9.71,8.33,-1.38,4,85.9,0,7.3,-3.2,29,9,3,0.7799,1,Tamil Nadu,TN,80.1,73.4,51.4,8.1,Coimbatore,2.1,0,24.2,18.9,UNDERGRADUATE
UG_2026_1695,Male,General,20.8,Day Scholar,4.2,<2 LPA,0,1,1,18,86.7,90.4,99.7,79.1,91.2,87.1,81.2,85.8,-4.96,1,0,7.25,7.08,-0.17,0,60.9,0,5.4,-1.9,50,7,3,0.202,0,Bihar,BR,61.8,51.5,14.5,21.4,Patna,18.2,0,56.4,28.5,UNDERGRADUATE
UG_2026_1696,Female,General,21.7,Day Scholar,8.9,2-5 LPA,1,0,0,13,37.5,41.5,47.3,50.1,49.7,46.2,43.5,46.0,-3.12,12,1,8.44,7.6,-0.84,2,67.7,0,6.2,-3.2,58,10,4,0.9611,1,Rajasthan,RJ,66.1,52.1,26.0,17.2,Kota,8.2,0,39.7,21.0,UNDERGRADUATE
UG_2026_1697,Male,SC,22.1,Hosteler,0.5,<2 LPA,0,1,1,1,88.0,88.5,94.6,83.3,87.6,92.8,95.1,92.4,3.75,0,0,8.07,7.79,-0.28,0,66.6,0,7.2,-5.2,30,17,2,0.1273,0,Uttar Pradesh,UP,67.7,57.2,23.2,16.8,Lucknow,8.5,0,33.8,24.1,UNDERGRADUATE
UG_2026_1698,Female,EWS,20.7,Day Scholar,17.2,<2 LPA,0,0,1,5,66.9,64.2,70.2,53.8,67.1,76.4,67.6,70.6,0.25,4,1,6.3,6.14,-0.16,0,54.5,0,4.5,-1.3,32,10,2,0.1618,0,Tamil Nadu,TN,80.1,73.4,51.4,8.1,Chennai,1.2,0,0.0,17.5,UNDERGRADUATE
UG_2026_1699,Female,OBC,20.1,Hosteler,0.5,5-8 LPA,2,0,0,1,29.8,30.5,39.0,31.5,21.4,35.7,30.0,29.8,4.3,18,1,7.98,6.97,-1.01,4,65.7,1,4.9,-1.8,50,19,1,0.9754,1,Uttar Pradesh,UP,67.7,57.2,23.2,16.8,Varanasi,16.3,0,56.6,29.4,UNDERGRADUATE
UG_2026_1700,Female,SC,21.0,Day Scholar,35.7,<2 LPA,0,0,1,3,75.3,83.1,85.7,80.7,77.6,89.1,88.9,86.2,5.68,2,0,8.08,8.45,0.37,0,86.9,0,7.0,-4.1,16,8,3,0.0149,0,Madhya Pradesh,MP,69.3,59.2,24.8,18.5,Bhopal,9.4,0,19.1,23.4,UNDERGRADUATE
UG_2026_1701,Female,OBC,22.8,Hosteler,0.5,2-5 LPA,1,1,0,12,81.9,80.0,88.2,84.0,90.0,82.9,83.6,85.0,-3.19,2,0,7.15,6.81,-0.34,0,68.2,0,7.0,-1.2,30,6,1,0.2468,0,Uttar Pradesh,UP,67.7,57.2,23.2,16.8,Varanasi,16.3,0,56.6,29.4,UNDERGRADUATE
UG_2026_1702,Female,General,17.5,Day Scholar,4.4,<2 LPA,0,0,0,63,80.8,86.0,88.3,81.9,85.0,78.7,83.5,82.2,-0.77,2,0,4.49,4.99,0.5,0,42.5,0,5.3,-2.9,29,9,6,0.8944,1,Bihar,BR,61.8,51.5,14.5,21.4,Gaya,38.6,1,86.8,36.2,UNDERGRADUATE
UG_2026_1703,Male,General,21.7,Day Scholar,13.6,2-5 LPA,1,0,1,15,79.6,75.1,74.3,68.2,65.7,73.7,70.7,70.5,2.47,6,1,8.23,8.49,0.26,0,83.7,0,5.4,-2.6,41,9,2,0.529,1,Rajasthan,RJ,66.1,52.1,26.0,17.2,Jaisalmer,31.8,1,86.7,33.2,UNDERGRADUATE
UG_2026_1704,Male,OBC,18.0,Day Scholar,6.2,<2 LPA,0,1,1,1,67.3,65.2,68.6,68.3,64.3,62.8,57.0,60.8,-3.66,7,1,6.85,6.55,-0.3,0,57.9,0,4.3,0.5,49,10,2,0.5907,1,Rajasthan,RJ,66.1,52.1,26.0,17.2,Jaisalmer,31.8,1,86.7,33.2,UNDERGRADUATE
UG_2026_1705,Male,OBC,20.6,Day Scholar,19.2,5-8 LPA,2,0,0,3,78.0,79.9,79.9,75.1,82.9,70.7,64.8,71.4,-9.04,2,1,5.85,6.23,0.38,0,54.5,0,3.1,-0.1,64,9,5,0.6881,1,Rajasthan,RJ,66.1,52.1,26.0,17.2,Jaisalmer,31.8,1,86.7,33.2,UNDERGRADUATE
UG_2026_1706,Female,OBC,20.0,Hosteler,0.5,5-8 LPA,2,0,0,1,38.6,44.1,48.5,35.6,49.4,51.1,53.4,51.6,1.99,7,1,6.45,5.99,-0.46,2,52.0,0,5.9,0.4,40,13,1,0.8124,1,Madhya Pradesh,MP,69.3,59.2,24.8,18.5,Indore,6.8,0,25.9,21.8,UNDERGRADUATE
UG_2026_1707,Female,OBC,21.8,Hosteler,0.5,<2 LPA,0,1,1,2,62.4,55.0,67.5,73.4,57.9,58.6,67.0,61.8,4.55,8,1,7.22,7.1,-0.12,2,71.2,0,5.8,-0.5,36,10,6,0.4164,0,Tamil Nadu,TN,80.1,73.4,51.4,8.1,Chennai,1.2,0,0.0,17.5,UNDERGRADUATE
UG_2026_1708,Male,ST,19.1,Day Scholar,4.2,5-8 LPA,2,0,0,1,79.1,82.6,83.0,80.5,76.9,83.9,79.3,80.3,1.18,2,0,5.69,5.03,-0.66,0,55.4,0,1.2,-0.9,21,11,3,0.4616,0,Tamil Nadu,TN,80.1,73.4,51.4,8.1,Chennai,1.2,0,0.0,17.5,UNDERGRADUATE
UG_2026_1709,Female,OBC,18.5,Day Scholar,7.6,<2 LPA,0,0,0,60,64.7,70.9,71.3,64.8,53.8,66.2,73.6,66.1,9.89,5,1,8.42,7.89,-0.53,0,67.0,0,6.0,-0.6,40,13,6,0.8887,1,Maharashtra,MH,82.3,75.9,32.3,11.2,Pune,3.9,0,39.1,21.0,UNDERGRADUATE
UG_2026_1710,Male,OBC,17.5,Hosteler,0.5,5-8 LPA,2,1,0,6,63.4,67.9,66.5,53.6,54.8,58.2,70.2,62.2,7.66,10,1,7.36,6.82,-0.54,2,72.1,0,7.1,3.0,87,9,5,0.9028,1,Maharashtra,MH,82.3,75.9,32.3,11.2,Nandurbar,33.1,1,83.3,32.4,UNDERGRADUATE
UG_2026_1711,Female,SC,20.7,Day Scholar,17.3,<2 LPA,0,0,1,5,76.8,76.7,73.6,62.0,70.9,75.5,65.8,70.4,-2.56,6,1,5.81,4.2,-1.61,0,42.6,0,7.9,2.9,60,14,0,0.5763,1,Rajasthan,RJ,66.1,52.1,26.0,17.2,Jaipur,6.9,0,47.6,22.5,UNDERGRADUATE
UG_2026_1712,Male,EWS,19.1,Hosteler,0.5,<2 LPA,0,0,0,16,54.4,54.2,51.6,42.6,57.1,47.7,42.6,48.0,-7.27,15,1,5.27,4.82,-0.45,2,38.2,1,8.5,2.6,36,15,0,0.99,1,Maharashtra,MH,82.3,75.9,32.3,11.2,Nandurbar,33.1,1,83.3,32.4,UNDERGRADUATE
UG_2026_1713,Female,OBC,20.8,Day Scholar,9.7,>8 LPA,3,0,0,0,58.4,64.4,60.5,66.2,62.8,56.3,53.2,56.7,-4.78,9,1,4.99,4.96,-0.03,3,46.9,0,8.6,1.4,22,13,1,0.917,1,Gujarat,GJ,78.0,69.7,21.3,17.9,Ahmedabad,3.8,0,15.9,20.2,UNDERGRADUATE
UG_2026_1714,Female,SC,20.0,Hosteler,0.5,5-8 LPA,2,1,0,2,89.9,79.6,98.2,73.1,98.3,96.2,74.8,88.2,-11.75,1,0,5.6,5.84,0.24,0,62.0,0,6.2,-1.3,46,10,2,0.5731,1,Haryana,HR,75.6,65.9,29.8,12.5,Gurugram,2.5,0,31.2,20.5,UNDERGRADUATE
UG_2026_1715,Female,SC,21.4,Hosteler,0.5,<2 LPA,0,0,1,0,73.0,74.9,84.5,85.8,66.4,79.0,88.3,79.6,10.96,2,0,6.69,7.18,0.49,0,69.7,0,6.9,-3.2,83,7,5,0.0174,0,Madhya Pradesh,MP,69.3,59.2,24.8,18.5,Indore,6.8,0,25.9,21.8,UNDERGRADUATE
UG_2026_1716,Male,SC,23.6,Day Scholar,7.1,2-5 LPA,1,1,1,0,77.0,79.7,82.3,82.0,68.8,72.1,68.1,69.7,-0.36,3,1,7.07,6.93,-0.14,0,65.3,0,7.9,5.7,44,9,2,0.466,0,Madhya Pradesh,MP,69.3,59.2,24.8,18.5,Bhopal,9.4,0,19.1,23.4,UNDERGRADUATE
UG_2026_1717,Male,OBC,19.7,Day Scholar,6.6,5-8 LPA,2,1,0,0,71.0,78.9,69.9,63.9,67.9,68.7,61.4,65.6,-3.24,4,1,6.33,6.97,0.64,0,61.8,0,8.0,-0.5,45,9,4,0.3111,0,Kerala,KL,94.0,92.1,43.2,3.2,Thiruvananthapuram,0.9,0,46.2,15.2,UNDERGRADUATE
UG_2026_1718,Male,SC,19.3,Day Scholar,13.7,2-5 LPA,1,1,1,6,91.5,77.9,89.0,81.8,92.4,88.0,82.1,86.7,-5.14,2,0,8.9,9.32,0.42,0,90.7,0,8.4,0.6,59,3,6,0.0733,0,Tamil Nadu,TN,80.1,73.4,51.4,8.1,Ramanathapuram,7.8,1,69.7,22.1,UNDERGRADUATE
UG_2026_1719,Male,OBC,18.8,Day Scholar,13.0,2-5 LPA,1,1,0,14,45.9,55.1,51.2,46.4,44.0,45.8,46.8,45.8,1.39,9,1,6.41,5.83,-0.58,2,66.3,1,5.7,1.9,47,13,2,0.9639,1,Haryana,HR,75.6,65.9,29.8,12.5,Nuh / Mewat,44.8,1,88.6,47.0,UNDERGRADUATE
UG_2026_1720,Female,SC,20.5,Day Scholar,15.5,2-5 LPA,1,0,1,1,35.3,38.4,41.8,45.1,32.3,39.8,45.3,40.1,6.52,13,1,7.99,6.97,-1.02,1,66.8,0,3.1,1.3,38,14,1,0.7039,1,Uttar Pradesh,UP,67.7,57.2,23.2,16.8,Noida / Gautam Buddha Nagar,7.1,0,40.9,22.0,UNDERGRADUATE
UG_2026_1721,Female,General,24.0,Hosteler,0.5,2-5 LPA,1,0,0,4,52.6,46.8,47.1,52.7,44.7,51.4,41.7,45.8,-1.51,11,1,7.45,6.53,-0.92,1,63.6,1,6.0,2.6,24,13,3,0.9225,1,Haryana,HR,75.6,65.9,29.8,12.5,Gurugram,2.5,0,31.2,20.5,UNDERGRADUATE
UG_2026_1722,Female,General,19.9,Day Scholar,8.8,<2 LPA,0,0,1,1,64.0,61.0,66.0,73.6,67.6,55.7,55.6,58.6,-5.96,5,1,6.83,6.98,0.15,1,67.8,0,6.6,-2.6,44,11,2,0.5199,1,Bihar,BR,61.8,51.5,14.5,21.4,Gaya,38.6,1,86.8,36.2,UNDERGRADUATE
UG_2026_1723,Male,General,20.0,Hosteler,0.5,<2 LPA,0,1,0,1,79.6,84.7,86.9,86.2,80.6,84.3,80.5,81.9,-0.03,0,0,8.37,8.38,0.01,0,91.1,0,8.0,-1.5,47,4,0,0.0369,0,Madhya Pradesh,MP,69.3,59.2,24.8,18.5,Alirajpur,52.0,1,92.2,39.5,UNDERGRADUATE
UG_2026_1724,Male,SC,22.4,Day Scholar,4.6,<2 LPA,0,1,1,0,95.5,88.0,94.4,85.6,90.3,86.6,86.5,87.5,-1.92,2,0,6.12,6.45,0.33,0,60.7,0,5.0,0.9,23,8,1,0.185,0,Madhya Pradesh,MP,69.3,59.2,24.8,18.5,Barwani,46.1,1,85.5,37.1,UNDERGRADUATE
UG_2026_1725,Female,General,22.8,Day Scholar,12.9,>8 LPA,3,0,0,3,69.7,69.6,80.5,70.4,73.4,75.5,69.8,72.7,-1.8,5,1,8.71,8.96,0.25,0,82.8,0,8.6,-3.5,79,5,6,0.1282,0,Gujarat,GJ,78.0,69.7,21.3,17.9,Narmada,32.4,1,89.5,30.5,UNDERGRADUATE
UG_2026_1726,Male,General,19.9,Hosteler,0.5,>8 LPA,3,0,0,3,74.0,76.3,88.2,73.2,77.7,83.4,93.3,86.0,7.82,1,0,6.93,8.1,1.17,0,70.6,0,8.9,0.4,77,6,3,0.0722,0,Bihar,BR,61.8,51.5,14.5,21.4,Purnia,50.4,1,89.2,42.1,UNDERGRADUATE
UG_2026_1727,Male,General,21.7,Day Scholar,14.8,2-5 LPA,1,0,0,10,70.9,74.1,69.3,68.7,73.3,71.9,62.3,68.4,-5.48,4,1,7.1,7.74,0.64,0,62.6,0,11.0,-1.9,43,8,7,0.0487,0,Tamil Nadu,TN,80.1,73.4,51.4,8.1,Chennai,1.2,0,0.0,17.5,UNDERGRADUATE
UG_2026_1728,Female,General,21.1,Hosteler,0.5,5-8 LPA,2,0,0,4,90.1,80.5,93.5,82.0,84.6,90.2,87.1,87.6,1.25,1,0,8.04,8.8,0.76,0,83.9,0,8.6,-1.5,50,7,3,0.0684,0,Haryana,HR,75.6,65.9,29.8,12.5,Gurugram,2.5,0,31.2,20.5,UNDERGRADUATE
UG_2026_1729,Male,OBC,19.3,Day Scholar,5.9,5-8 LPA,2,0,0,9,67.4,56.1,65.5,61.0,52.1,60.1,65.6,60.3,6.75,6,1,7.73,7.75,0.02,4,69.0,0,4.3,-1.2,47,12,7,0.6683,1,Gujarat,GJ,78.0,69.7,21.3,17.9,Dahod,40.5,1,88.0,38.1,UNDERGRADUATE
UG_2026_1730,Female,General,20.8,Day Scholar,14.2,2-5 LPA,1,1,1,1,74.0,73.9,68.7,73.1,65.1,68.5,62.0,65.0,-1.58,4,1,6.92,6.32,-0.6,0,59.7,0,5.6,-1.9,32,9,1,0.7003,1,Gujarat,GJ,78.0,69.7,21.3,17.9,Ahmedabad,3.8,0,15.9,20.2,UNDERGRADUATE
UG_2026_1731,Male,SC,20.8,Hosteler,0.5,2-5 LPA,1,1,0,13,35.0,51.6,46.5,43.3,52.2,48.6,51.0,50.5,-0.58,9,1,8.6,8.02,-0.58,0,74.7,0,6.5,-6.0,22,9,3,0.6375,1,Madhya Pradesh,MP,69.3,59.2,24.8,18.5,Barwani,46.1,1,85.5,37.1,UNDERGRADUATE
UG_2026_1732,Female,General,19.5,Day Scholar,5.4,5-8 LPA,2,1,0,0,91.9,93.0,91.1,84.2,91.5,97.1,87.3,91.8,-2.1,1,0,8.74,8.74,0.0,0,79.1,0,6.4,-3.6,23,5,5,0.0182,0,Maharashtra,MH,82.3,75.9,32.3,11.2,Mumbai,2.1,0,0.0,19.5,UNDERGRADUATE
UG_2026_1733,Female,OBC,17.5,Hosteler,0.5,2-5 LPA,1,0,1,2,90.0,91.1,84.6,84.2,94.2,86.1,81.7,86.4,-6.26,1,0,8.74,9.27,0.53,0,86.9,0,7.4,1.3,32,5,1,0.0176,0,Kerala,KL,94.0,92.1,43.2,3.2,Ernakulam,0.6,0,31.9,14.8,UNDERGRADUATE
UG_2026_1734,Female,OBC,20.6,Hosteler,0.5,2-5 LPA,1,0,0,10,82.3,89.0,87.4,89.3,91.3,87.2,75.0,83.3,-8.16,0,0,7.67,7.21,-0.46,0,63.0,0,6.4,-0.0,46,6,4,0.4745,0,Maharashtra,MH,82.3,75.9,32.3,11.2,Pune,3.9,0,39.1,21.0,UNDERGRADUATE
UG_2026_1735,Male,SC,22.6,Hosteler,0.5,2-5 LPA,1,1,1,3,60.1,59.8,64.2,59.7,52.1,57.1,73.2,62.3,10.54,9,1,7.04,6.35,-0.69,1,53.5,0,6.8,2.1,28,10,6,0.2817,0,Haryana,HR,75.6,65.9,29.8,12.5,Nuh / Mewat,44.8,1,88.6,47.0,UNDERGRADUATE
UG_2026_1736,Male,OBC,20.4,Hosteler,0.5,5-8 LPA,2,1,0,4,77.5,74.4,85.8,65.6,68.2,79.4,78.4,76.2,5.06,1,0,8.43,8.3,-0.13,0,84.7,0,9.0,-5.7,50,6,6,0.049,0,Rajasthan,RJ,66.1,52.1,26.0,17.2,Barmer,34.2,1,93.0,35.8,UNDERGRADUATE
UG_2026_1737,Male,OBC,20.1,Hosteler,0.5,>8 LPA,3,0,1,3,61.6,43.4,60.3,53.3,51.4,58.1,47.3,52.1,-2.04,5,1,9.26,8.02,-1.24,2,80.0,0,3.5,-2.8,87,9,3,0.5134,1,Gujarat,GJ,78.0,69.7,21.3,17.9,Dahod,40.5,1,88.0,38.1,UNDERGRADUATE
UG_2026_1738,Female,SC,19.8,Hosteler,0.5,5-8 LPA,2,0,1,19,88.7,94.8,97.1,75.8,100.0,95.9,81.3,91.1,-9.36,2,0,5.82,5.97,0.15,0,60.2,0,5.1,-3.3,16,10,6,0.3981,0,Madhya Pradesh,MP,69.3,59.2,24.8,18.5,Bhopal,9.4,0,19.1,23.4,UNDERGRADUATE
UG_2026_1739,Male,ST,20.2,Hosteler,0.5,2-5 LPA,1,1,0,13,90.7,75.0,84.2,62.4,88.1,81.2,78.7,81.9,-4.71,1,0,7.64,7.04,-0.6,0,72.7,0,7.0,-0.0,37,7,4,0.3264,0,Haryana,HR,75.6,65.9,29.8,12.5,Nuh / Mewat,44.8,1,88.6,47.0,UNDERGRADUATE
UG_2026_1740,Male,OBC,20.8,Day Scholar,11.7,<2 LPA,0,0,1,2,62.1,52.8,61.7,64.4,60.5,53.2,51.7,54.4,-4.36,5,1,7.73,7.38,-0.35,0,72.7,0,6.3,-0.2,23,10,5,0.5799,1,Madhya Pradesh,MP,69.3,59.2,24.8,18.5,Barwani,46.1,1,85.5,37.1,UNDERGRADUATE
UG_2026_1741,Female,General,17.5,Hosteler,0.5,>8 LPA,3,0,0,3,79.2,82.6,78.6,68.0,83.2,76.9,76.3,78.2,-3.48,2,0,7.2,7.51,0.31,0,72.0,0,10.4,-1.4,37,11,5,0.2445,0,Karnataka,KA,75.4,68.1,36.2,12.0,Bengaluru Urban,1.8,0,9.1,18.2,UNDERGRADUATE
UG_2026_1742,Male,ST,20.2,Day Scholar,11.5,<2 LPA,0,0,0,49,42.4,48.8,52.7,57.6,59.6,52.8,48.1,52.6,-5.72,4,1,5.19,5.32,0.13,0,48.8,0,7.8,-0.7,42,15,1,0.9819,1,Kerala,KL,94.0,92.1,43.2,3.2,Thiruvananthapuram,0.9,0,46.2,15.2,UNDERGRADUATE
UG_2026_1743,Male,SC,21.4,Day Scholar,2.5,2-5 LPA,1,1,1,0,71.2,55.1,67.2,46.4,64.9,60.1,59.9,61.2,-2.52,6,1,6.2,4.87,-1.33,3,39.2,0,3.3,0.0,24,13,3,0.9588,1,Haryana,HR,75.6,65.9,29.8,12.5,Nuh / Mewat,44.8,1,88.6,47.0,UNDERGRADUATE
UG_2026_1744,Female,General,21.9,Day Scholar,9.3,2-5 LPA,1,1,0,3,70.3,69.9,65.7,73.9,70.1,72.5,61.3,67.4,-4.4,5,1,5.18,5.4,0.22,0,53.4,0,4.8,-0.0,63,11,7,0.5667,1,Gujarat,GJ,78.0,69.7,21.3,17.9,Narmada,32.4,1,89.5,30.5,UNDERGRADUATE
UG_2026_1745,Male,General,18.6,Hosteler,0.5,2-5 LPA,1,0,0,0,77.3,81.0,92.2,88.4,84.8,81.8,88.7,85.3,1.92,2,0,8.35,8.84,0.49,0,93.6,0,8.0,4.4,58,9,6,0.0286,0,Gujarat,GJ,78.0,69.7,21.3,17.9,Dahod,40.5,1,88.0,38.1,UNDERGRADUATE
UG_2026_1746,Male,SC,17.7,Hosteler,0.5,2-5 LPA,1,0,1,2,76.1,83.2,85.3,82.0,70.8,79.5,78.3,76.9,3.77,2,0,7.11,7.25,0.14,0,67.7,0,9.3,-1.6,20,7,2,0.0586,0,Madhya Pradesh,MP,69.3,59.2,24.8,18.5,Barwani,46.1,1,85.5,37.1,UNDERGRADUATE
UG_2026_1747,Male,General,18.8,Day Scholar,19.0,2-5 LPA,1,1,0,2,92.2,83.8,78.9,81.6,81.0,82.2,77.9,80.2,-1.58,2,0,6.04,5.5,-0.54,0,53.8,0,6.9,-5.2,47,9,2,0.586,1,Tamil Nadu,TN,80.1,73.4,51.4,8.1,Chennai,1.2,0,0.0,17.5,UNDERGRADUATE
UG_2026_1748,Female,General,23.7,Day Scholar,13.1,2-5 LPA,1,0,1,1,69.3,79.8,72.9,71.8,73.1,74.9,70.8,72.8,-1.16,6,1,8.46,8.48,0.02,0,88.4,0,11.4,-0.1,33,6,3,0.0222,0,Maharashtra,MH,82.3,75.9,32.3,11.2,Pune,3.9,0,39.1,21.0,UNDERGRADUATE
UG_2026_1749,Male,SC,19.4,Day Scholar,11.3,5-8 LPA,2,0,1,4,60.8,68.2,80.9,60.0,65.0,69.5,75.2,70.7,5.09,3,1,5.78,5.69,-0.09,0,45.8,0,5.3,-1.8,12,10,1,0.3059,0,Karnataka,KA,75.4,68.1,36.2,12.0,Yadgir,39.4,1,81.2,36.5,UNDERGRADUATE
UG_2026_1750,Male,SC,19.8,Hosteler,0.5,2-5 LPA,1,0,0,3,65.2,71.8,76.8,59.3,60.3,65.6,74.2,67.7,6.97,6,1,7.44,6.57,-0.87,0,62.4,0,5.6,-3.0,27,13,3,0.5902,1,Bihar,BR,61.8,51.5,14.5,21.4,Patna,18.2,0,56.4,28.5,UNDERGRADUATE
UG_2026_1751,Female,OBC,22.3,Hosteler,0.5,2-5 LPA,1,1,0,1,65.9,69.9,68.8,60.8,66.3,60.7,66.7,64.5,0.24,6,1,6.8,6.78,-0.02,5,61.3,0,5.6,1.4,67,10,2,0.8825,1,Gujarat,GJ,78.0,69.7,21.3,17.9,Ahmedabad,3.8,0,15.9,20.2,UNDERGRADUATE
UG_2026_1752,Male,General,19.6,Day Scholar,13.0,2-5 LPA,1,0,1,1,65.5,73.6,71.2,66.4,68.3,68.6,67.1,67.9,-0.64,4,1,7.09,7.08,-0.01,0,70.0,0,7.7,-0.0,20,9,5,0.1241,0,Karnataka,KA,75.4,68.1,36.2,12.0,Raichur,36.8,1,74.6,34.0,UNDERGRADUATE
UG_2026_1753,Female,ST,22.0,Day Scholar,23.9,5-8 LPA,2,0,0,1,71.1,71.8,83.2,69.1,77.9,79.2,70.5,75.4,-3.73,2,0,8.48,8.01,-0.47,0,76.1,0,4.6,-3.8,50,6,2,0.485,0,Maharashtra,MH,82.3,75.9,32.3,11.2,Pune,3.9,0,39.1,21.0,UNDERGRADUATE
UG_2026_1754,Male,OBC,20.6,Hosteler,0.5,2-5 LPA,1,1,0,14,87.6,81.6,79.8,81.1,83.6,83.9,78.1,81.5,-2.75,0,0,6.95,5.88,-1.07,0,58.0,0,5.5,-3.7,112,7,5,0.5219,1,Madhya Pradesh,MP,69.3,59.2,24.8,18.5,Alirajpur,52.0,1,92.2,39.5,UNDERGRADUATE
UG_2026_1755,Female,OBC,19.1,Day Scholar,16.7,<2 LPA,0,1,1,3,83.6,79.2,82.6,82.0,81.7,88.8,75.6,81.7,-3.04,1,0,7.18,7.41,0.23,0,69.2,0,7.4,-1.6,24,11,3,0.0965,0,Maharashtra,MH,82.3,75.9,32.3,11.2,Mumbai,2.1,0,0.0,19.5,UNDERGRADUATE
UG_2026_1756,Male,ST,20.1,Day Scholar,23.0,2-5 LPA,1,0,1,5,64.4,56.8,54.9,66.6,41.7,54.9,65.4,55.8,11.84,7,1,7.1,6.53,-0.57,4,59.2,0,2.0,-2.9,20,11,2,0.5255,1,Karnataka,KA,75.4,68.1,36.2,12.0,Raichur,36.8,1,74.6,34.0,UNDERGRADUATE
UG_2026_1757,Female,SC,21.7,Day Scholar,7.1,>8 LPA,3,0,1,0,68.2,76.0,75.8,73.1,77.8,79.4,68.7,74.7,-4.54,3,1,7.71,7.81,0.1,0,74.4,0,9.1,-2.5,38,7,6,0.1146,0,Kerala,KL,94.0,92.1,43.2,3.2,Ernakulam,0.6,0,31.9,14.8,UNDERGRADUATE
UG_2026_1758,Male,SC,19.9,Hosteler,0.5,<2 LPA,0,1,1,4,66.2,66.9,72.6,73.5,71.7,68.9,68.1,69.3,-1.81,3,1,8.77,8.15,-0.62,0,77.1,0,10.4,-0.6,43,8,3,0.1585,0,Karnataka,KA,75.4,68.1,36.2,12.0,Raichur,36.8,1,74.6,34.0,UNDERGRADUATE
UG_2026_1759,Female,General,19.5,Day Scholar,16.0,5-8 LPA,2,0,0,16,57.4,53.4,64.9,43.2,62.9,55.7,59.5,59.0,-1.68,4,1,7.6,7.72,0.12,3,76.6,0,7.9,1.4,21,17,3,0.7669,1,Karnataka,KA,75.4,68.1,36.2,12.0,Raichur,36.8,1,74.6,34.0,UNDERGRADUATE
UG_2026_1760,Female,General,20.2,Hosteler,0.5,2-5 LPA,1,1,0,12,98.5,85.4,99.6,89.4,85.1,94.1,94.5,92.0,4.7,1,0,5.38,5.88,0.5,0,55.3,0,8.7,-3.2,40,10,6,0.4874,0,Bihar,BR,61.8,51.5,14.5,21.4,Muzaffarpur,35.1,1,90.3,38.0,UNDERGRADUATE
UG_2026_1761,Male,OBC,21.6,Day Scholar,8.9,<2 LPA,0,0,0,4,70.7,50.5,63.9,60.9,59.6,60.4,61.6,60.7,0.99,5,1,6.78,6.53,-0.25,3,63.5,0,6.7,0.4,63,9,1,0.7973,1,Madhya Pradesh,MP,69.3,59.2,24.8,18.5,Barwani,46.1,1,85.5,37.1,UNDERGRADUATE
UG_2026_1762,Female,OBC,21.9,Hosteler,0.5,5-8 LPA,2,0,0,6,65.2,75.0,77.7,67.2,67.2,80.7,80.8,77.4,6.79,1,0,5.44,5.72,0.28,0,53.5,0,6.1,-0.8,21,8,1,0.2917,0,Gujarat,GJ,78.0,69.7,21.3,17.9,Ahmedabad,3.8,0,15.9,20.2,UNDERGRADUATE
UG_2026_1763,Male,OBC,22.1,Hosteler,0.5,5-8 LPA,2,0,0,5,28.0,29.0,30.4,17.2,24.8,25.7,35.2,29.3,5.19,9,1,7.2,5.82,-1.38,1,57.1,1,4.0,4.4,25,16,1,0.9814,1,Karnataka,KA,75.4,68.1,36.2,12.0,Raichur,36.8,1,74.6,34.0,UNDERGRADUATE
UG_2026_1764,Male,SC,20.4,Day Scholar,4.8,2-5 LPA,1,0,1,4,75.8,73.0,71.8,67.4,77.7,72.7,68.2,72.1,-4.74,3,1,6.82,6.35,-0.47,0,64.0,0,5.1,-0.1,20,18,5,0.2533,0,Karnataka,KA,75.4,68.1,36.2,12.0,Raichur,36.8,1,74.6,34.0,UNDERGRADUATE
UG_2026_1765,Female,OBC,20.8,Day Scholar,6.7,2-5 LPA,1,0,0,12,57.0,61.4,52.3,52.0,62.5,59.7,42.3,53.5,-10.09,6,1,5.75,4.19,-1.56,4,43.0,1,3.1,3.2,31,14,0,0.9978,1,Maharashtra,MH,82.3,75.9,32.3,11.2,Mumbai,2.1,0,0.0,19.5,UNDERGRADUATE
UG_2026_1766,Male,OBC,19.3,Hosteler,0.5,<2 LPA,0,0,0,19,91.3,94.9,100.0,92.1,89.6,92.9,96.7,93.6,3.57,2,0,7.64,8.19,0.55,0,70.8,0,10.0,-2.0,38,6,2,0.0335,0,Maharashtra,MH,82.3,75.9,32.3,11.2,Gadchiroli,28.5,1,89.0,28.9,UNDERGRADUATE
UG_2026_1767,Female,OBC,19.1,Day Scholar,10.7,2-5 LPA,1,0,0,32,75.0,81.7,81.4,77.5,82.0,79.7,74.5,78.2,-3.74,2,0,7.73,7.92,0.19,0,68.9,0,6.9,0.7,46,9,6,0.3828,0,Bihar,BR,61.8,51.5,14.5,21.4,Patna,18.2,0,56.4,28.5,UNDERGRADUATE
UG_2026_1768,Female,OBC,19.8,Day Scholar,5.3,2-5 LPA,1,0,0,3,83.9,90.6,95.4,87.0,95.0,90.4,90.4,91.5,-2.28,2,0,6.65,7.17,0.52,0,72.0,0,8.7,-0.8,47,10,3,0.0124,0,Maharashtra,MH,82.3,75.9,32.3,11.2,Mumbai,2.1,0,0.0,19.5,UNDERGRADUATE
UG_2026_1769,Male,OBC,20.1,Day Scholar,12.1,2-5 LPA,1,0,0,0,81.9,77.8,79.0,82.8,75.7,79.5,83.0,79.9,3.64,1,0,7.63,7.88,0.25,0,72.2,0,11.9,1.8,54,6,1,0.0153,0,Kerala,KL,94.0,92.1,43.2,3.2,Wayanad,4.1,1,96.1,18.0,UNDERGRADUATE
UG_2026_1770,Male,General,21.6,Day Scholar,12.3,5-8 LPA,2,1,0,0,88.8,87.8,100.0,73.6,100.0,95.1,88.7,93.7,-5.66,0,0,4.92,5.63,0.71,1,52.9,0,9.8,-2.8,51,12,3,0.148,0,Maharashtra,MH,82.3,75.9,32.3,11.2,Gadchiroli,28.5,1,89.0,28.9,UNDERGRADUATE
UG_2026_1771,Male,OBC,19.2,Hosteler,0.5,2-5 LPA,1,0,0,47,76.2,80.9,79.0,84.4,77.0,75.7,75.5,76.0,-0.74,1,0,8.17,8.54,0.37,0,86.5,0,9.4,-5.2,29,8,2,0.7112,1,Uttar Pradesh,UP,67.7,57.2,23.2,16.8,Shravasti,49.6,1,96.5,48.2,UNDERGRADUATE
UG_2026_1772,Male,General,21.5,Hosteler,0.5,<2 LPA,0,1,1,1,68.1,76.7,85.1,84.9,77.4,77.3,69.5,74.2,-3.97,2,1,7.27,7.21,-0.06,1,64.9,0,5.3,-6.0,63,8,2,0.3809,0,Uttar Pradesh,UP,67.7,57.2,23.2,16.8,Bahraich,54.4,1,92.1,46.5,UNDERGRADUATE
UG_2026_1773,Male,General,22.8,Hosteler,0.5,2-5 LPA,1,0,0,24,72.6,82.9,82.2,80.3,82.3,78.5,83.6,81.5,0.63,2,0,5.9,6.34,0.44,0,57.9,0,5.5,1.4,25,9,2,0.4681,0,Karnataka,KA,75.4,68.1,36.2,12.0,Raichur,36.8,1,74.6,34.0,UNDERGRADUATE
UG_2026_1774,Female,General,20.7,Day Scholar,6.8,5-8 LPA,2,0,0,2,83.9,69.1,82.1,80.9,77.1,79.3,87.3,81.9,5.1,2,0,7.69,7.99,0.3,0,68.2,0,6.2,-1.3,33,5,4,0.0312,0,Kerala,KL,94.0,92.1,43.2,3.2,Thiruvananthapuram,0.9,0,46.2,15.2,UNDERGRADUATE
UG_2026_1775,Male,OBC,22.8,Day Scholar,15.0,<2 LPA,0,1,1,1,75.4,91.1,91.4,77.5,91.7,91.6,83.2,88.3,-4.25,0,0,8.03,8.35,0.32,0,75.8,0,5.7,-1.3,67,4,6,0.0389,0,Bihar,BR,61.8,51.5,14.5,21.4,Katihar,48.7,1,91.1,44.3,UNDERGRADUATE
UG_2026_1776,Female,OBC,19.8,Hosteler,0.5,2-5 LPA,1,1,0,1,95.9,86.5,100.0,89.5,88.4,91.0,93.0,91.1,2.33,0,0,5.92,6.41,0.49,0,53.4,0,7.3,-6.5,37,8,4,0.1547,0,Bihar,BR,61.8,51.5,14.5,21.4,Patna,18.2,0,56.4,28.5,UNDERGRADUATE
UG_2026_1777,Female,OBC,17.6,Hosteler,0.5,2-5 LPA,1,1,0,12,47.0,34.5,41.4,31.6,34.7,36.4,43.3,38.7,4.3,13,1,7.33,6.17,-1.16,4,64.3,0,3.5,-1.1,37,13,1,0.9932,1,Karnataka,KA,75.4,68.1,36.2,12.0,Bengaluru Urban,1.8,0,9.1,18.2,UNDERGRADUATE
UG_2026_1778,Female,OBC,21.3,Day Scholar,15.2,2-5 LPA,1,0,0,45,31.6,27.1,27.1,24.1,21.7,22.5,27.7,24.4,3.0,23,1,7.88,6.21,-1.67,2,58.3,1,3.3,3.1,22,19,2,0.9983,1,Uttar Pradesh,UP,67.7,57.2,23.2,16.8,Lucknow,8.5,0,33.8,24.1,UNDERGRADUATE
UG_2026_1779,Male,EWS,17.6,Day Scholar,10.6,<2 LPA,0,1,1,1,92.7,93.9,94.6,78.5,86.8,94.0,97.0,93.4,5.11,2,0,5.78,6.82,1.04,0,65.7,0,6.7,0.4,30,9,4,0.0452,0,Bihar,BR,61.8,51.5,14.5,21.4,Katihar,48.7,1,91.1,44.3,UNDERGRADUATE
UG_2026_1780,Male,ST,21.0,Hosteler,0.5,>8 LPA,3,0,1,3,65.3,72.4,72.8,71.9,66.3,63.6,63.2,64.1,-1.54,9,1,9.95,9.72,-0.23,3,94.5,0,6.9,-1.6,24,6,4,0.2659,0,Bihar,BR,61.8,51.5,14.5,21.4,Purnia,50.4,1,89.2,42.1,UNDERGRADUATE
UG_2026_1781,Male,General,21.4,Day Scholar,5.1,<2 LPA,0,0,0,47,76.5,73.6,80.0,77.6,81.1,88.9,78.1,82.6,-1.52,0,0,8.67,8.95,0.28,0,90.3,0,7.2,-0.8,36,12,6,0.2555,0,Bihar,BR,61.8,51.5,14.5,21.4,Katihar,48.7,1,91.1,44.3,UNDERGRADUATE
UG_2026_1782,Female,OBC,20.1,Day Scholar,10.9,>8 LPA,3,0,0,0,100.0,94.1,99.5,82.7,98.5,91.6,89.7,92.6,-4.4,1,0,7.15,7.7,0.55,0,70.3,0,1.9,-0.3,43,5,4,0.0433,0,Maharashtra,MH,82.3,75.9,32.3,11.2,Mumbai,2.1,0,0.0,19.5,UNDERGRADUATE
UG_2026_1783,Male,General,21.6,Day Scholar,9.3,2-5 LPA,1,1,0,3,54.6,59.8,64.8,56.1,71.6,60.0,56.1,61.3,-7.76,8,1,5.67,5.85,0.18,2,46.6,0,8.9,-3.6,28,12,4,0.939,1,Kerala,KL,94.0,92.1,43.2,3.2,Wayanad,4.1,1,96.1,18.0,UNDERGRADUATE
UG_2026_1784,Male,SC,21.0,Hosteler,0.5,2-5 LPA,1,1,0,1,53.7,68.7,70.3,58.4,65.2,63.3,59.0,62.1,-3.11,5,1,6.01,5.37,-0.64,2,52.0,0,5.7,-2.5,61,14,2,0.9109,1,Karnataka,KA,75.4,68.1,36.2,12.0,Yadgir,39.4,1,81.2,36.5,UNDERGRADUATE
UG_2026_1785,Female,General,21.6,Hosteler,0.5,2-5 LPA,1,1,1,2,63.2,62.9,69.3,71.3,67.2,66.8,66.4,66.7,-0.4,5,1,4.71,3.56,-1.15,0,31.3,0,3.9,-0.7,26,13,1,0.9532,1,Gujarat,GJ,78.0,69.7,21.3,17.9,Ahmedabad,3.8,0,15.9,20.2,UNDERGRADUATE
UG_2026_1786,Male,General,19.6,Hosteler,0.5,2-5 LPA,1,0,0,0,62.6,75.2,64.8,59.3,68.4,67.4,70.9,69.0,1.25,6,1,6.95,7.03,0.08,0,69.9,0,4.9,0.3,47,8,2,0.5066,1,Tamil Nadu,TN,80.1,73.4,51.4,8.1,Chennai,1.2,0,0.0,17.5,UNDERGRADUATE
UG_2026_1787,Male,ST,20.3,Hosteler,0.5,>8 LPA,3,0,1,31,87.5,93.2,100.0,79.6,81.4,100.0,100.0,95.4,9.29,1,0,8.43,8.64,0.21,0,85.0,0,11.0,2.2,57,6,2,0.0366,0,Haryana,HR,75.6,65.9,29.8,12.5,Nuh / Mewat,44.8,1,88.6,47.0,UNDERGRADUATE
UG_2026_1788,Male,OBC,19.2,Day Scholar,11.3,<2 LPA,0,1,1,1,52.8,40.7,52.2,48.0,46.5,37.7,42.4,41.8,-2.05,10,1,8.37,8.13,-0.24,2,65.5,0,7.0,1.9,54,14,4,0.6617,1,Uttar Pradesh,UP,67.7,57.2,23.2,16.8,Balrampur,47.9,1,92.3,45.0,UNDERGRADUATE
UG_2026_1789,Female,EWS,17.7,Hosteler,0.5,2-5 LPA,1,0,1,8,85.0,77.1,88.5,73.3,88.7,81.8,73.6,80.3,-7.56,0,0,9.8,9.05,-0.75,0,87.5,0,4.7,-0.4,41,6,0,0.1353,0,Karnataka,KA,75.4,68.1,36.2,12.0,Bengaluru Urban,1.8,0,9.1,18.2,UNDERGRADUATE
UG_2026_1790,Male,General,22.1,Hosteler,0.5,5-8 LPA,2,1,0,4,84.8,96.3,100.0,96.3,95.8,95.6,93.1,94.6,-1.34,0,0,6.06,6.03,-0.03,0,56.7,0,7.7,-4.5,38,22,4,0.1837,0,Tamil Nadu,TN,80.1,73.4,51.4,8.1,Ramanathapuram,7.8,1,69.7,22.1,UNDERGRADUATE
UG_2026_1791,Male,General,21.4,Day Scholar,14.1,<2 LPA,0,1,1,2,67.0,78.5,84.2,57.1,72.1,71.9,77.6,74.2,2.75,6,1,6.86,6.79,-0.07,0,64.2,0,6.2,-0.9,24,8,2,0.5657,1,Bihar,BR,61.8,51.5,14.5,21.4,Katihar,48.7,1,91.1,44.3,UNDERGRADUATE
UG_2026_1792,Female,General,20.6,Hosteler,0.5,<2 LPA,0,0,0,0,63.7,65.4,62.3,56.6,61.1,56.3,52.4,55.9,-4.38,10,1,5.25,4.42,-0.83,3,46.9,0,3.4,3.5,60,18,5,0.9976,1,Bihar,BR,61.8,51.5,14.5,21.4,Gaya,38.6,1,86.8,36.2,UNDERGRADUATE
UG_2026_1793,Male,OBC,19.1,Day Scholar,10.8,5-8 LPA,2,0,0,4,83.9,89.6,87.5,66.1,81.2,83.0,93.9,86.9,6.31,1,0,7.25,7.39,0.14,0,69.3,0,5.8,-2.0,42,6,3,0.0207,0,Karnataka,KA,75.4,68.1,36.2,12.0,Yadgir,39.4,1,81.2,36.5,UNDERGRADUATE
UG_2026_1794,Male,ST,19.3,Hosteler,0.5,2-5 LPA,1,0,1,18,89.7,91.4,92.8,97.6,89.7,90.5,100.0,94.1,5.15,0,0,5.18,6.09,0.91,0,58.7,0,10.5,-0.5,41,6,1,0.0189,0,Gujarat,GJ,78.0,69.7,21.3,17.9,Dahod,40.5,1,88.0,38.1,UNDERGRADUATE
UG_2026_1795,Male,General,21.0,Hosteler,0.5,5-8 LPA,2,1,0,4,99.6,100.0,97.8,94.4,95.0,99.9,97.6,97.8,1.31,0,0,7.49,7.93,0.44,0,76.6,0,6.8,0.3,47,6,3,0.1737,0,Madhya Pradesh,MP,69.3,59.2,24.8,18.5,Alirajpur,52.0,1,92.2,39.5,UNDERGRADUATE
UG_2026_1796,Male,General,19.7,Hosteler,0.5,<2 LPA,0,1,1,3,76.6,81.4,88.3,84.2,83.0,88.6,78.3,83.1,-2.36,0,0,6.83,6.93,0.1,0,67.5,0,10.1,2.0,64,11,4,0.1227,0,Rajasthan,RJ,66.1,52.1,26.0,17.2,Jaisalmer,31.8,1,86.7,33.2,UNDERGRADUATE
UG_2026_1797,Male,General,18.7,Day Scholar,15.7,>8 LPA,3,0,0,2,48.1,49.5,47.0,54.2,43.4,53.8,51.6,50.3,4.07,9,1,7.65,7.12,-0.53,3,69.9,1,4.9,1.5,15,10,4,0.7932,1,Madhya Pradesh,MP,69.3,59.2,24.8,18.5,Barwani,46.1,1,85.5,37.1,UNDERGRADUATE
UG_2026_1798,Female,General,21.6,Day Scholar,13.3,>8 LPA,3,0,0,7,89.0,81.1,89.4,80.8,79.7,80.9,86.8,83.0,3.57,0,0,6.93,7.07,0.14,0,69.0,0,8.4,1.9,32,6,4,0.1425,0,Rajasthan,RJ,66.1,52.1,26.0,17.2,Kota,8.2,0,39.7,21.0,UNDERGRADUATE
UG_2026_1799,Female,General,21.9,Day Scholar,10.4,2-5 LPA,1,0,0,12,89.6,100.0,89.0,86.0,85.3,97.7,91.3,92.0,2.98,2,0,5.95,6.27,0.32,0,59.6,0,6.2,-1.0,34,8,2,0.1406,0,Rajasthan,RJ,66.1,52.1,26.0,17.2,Kota,8.2,0,39.7,21.0,UNDERGRADUATE
UG_2026_1800,Male,EWS,23.1,Day Scholar,14.3,2-5 LPA,1,1,1,4,66.3,64.6,65.5,71.0,62.4,61.9,72.8,66.4,5.2,5,1,7.04,7.05,0.01,0,69.9,0,2.8,-1.3,37,8,2,0.1094,0,Madhya Pradesh,MP,69.3,59.2,24.8,18.5,Alirajpur,52.0,1,92.2,39.5,UNDERGRADUATE
UG_2026_1801,Male,General,20.0,Day Scholar,21.8,<2 LPA,0,1,1,9,100.0,97.3,92.0,81.5,74.5,97.8,100.0,92.9,12.77,1,0,7.56,8.26,0.7,0,80.9,0,4.5,-4.4,51,4,3,0.0649,0,Rajasthan,RJ,66.1,52.1,26.0,17.2,Jaipur,6.9,0,47.6,22.5,UNDERGRADUATE
UG_2026_1802,Male,General,21.9,Day Scholar,2.5,>8 LPA,3,0,0,4,91.1,78.8,95.1,79.4,95.7,82.6,76.9,83.6,-9.38,2,0,6.36,6.55,0.19,0,58.6,0,6.4,-2.1,19,8,2,0.2575,0,Maharashtra,MH,82.3,75.9,32.3,11.2,Gadchiroli,28.5,1,89.0,28.9,UNDERGRADUATE
UG_2026_1803,Female,SC,19.5,Day Scholar,16.4,5-8 LPA,2,0,0,0,96.1,100.0,94.6,97.3,99.8,89.8,93.3,93.7,-3.28,0,0,9.95,10.0,0.05,0,99.0,0,7.5,-2.6,28,4,3,0.0099,0,Karnataka,KA,75.4,68.1,36.2,12.0,Bengaluru Urban,1.8,0,9.1,18.2,UNDERGRADUATE
UG_2026_1804,Male,OBC,19.1,Hosteler,0.5,<2 LPA,0,1,0,15,91.6,84.9,89.8,85.2,92.5,86.1,83.6,86.7,-4.43,0,0,8.57,9.28,0.71,0,89.2,0,8.6,-0.0,77,4,4,0.0848,0,Madhya Pradesh,MP,69.3,59.2,24.8,18.5,Barwani,46.1,1,85.5,37.1,UNDERGRADUATE
UG_2026_1805,Female,SC,20.3,Day Scholar,8.7,2-5 LPA,1,0,1,3,79.9,86.8,96.8,77.6,97.8,92.8,92.3,93.9,-2.75,0,0,7.01,6.86,-0.15,0,65.6,0,1.7,-3.3,45,7,5,0.2473,0,Maharashtra,MH,82.3,75.9,32.3,11.2,Pune,3.9,0,39.1,21.0,UNDERGRADUATE
UG_2026_1806,Male,General,20.7,Hosteler,0.5,>8 LPA,3,0,0,1,93.7,91.5,93.5,86.7,91.4,80.0,84.2,84.6,-3.58,2,0,9.33,9.68,0.35,0,97.3,0,7.5,0.7,166,3,3,0.2239,0,Bihar,BR,61.8,51.5,14.5,21.4,Purnia,50.4,1,89.2,42.1,UNDERGRADUATE
UG_2026_1807,Male,SC,19.2,Day Scholar,21.1,2-5 LPA,1,0,0,1,68.9,58.8,70.8,67.9,55.4,61.4,72.6,64.4,8.6,10,1,9.9,9.58,-0.32,1,89.4,0,5.7,-2.0,59,14,4,0.0807,0,Gujarat,GJ,78.0,69.7,21.3,17.9,Dahod,40.5,1,88.0,38.1,UNDERGRADUATE
UG_2026_1808,Male,SC,20.8,Day Scholar,3.1,>8 LPA,3,0,1,7,88.4,68.1,81.9,67.7,79.2,82.5,65.8,75.0,-6.74,2,0,9.95,9.96,0.01,0,93.5,0,9.4,-0.6,39,3,3,0.036,0,Haryana,HR,75.6,65.9,29.8,12.5,Nuh / Mewat,44.8,1,88.6,47.0,UNDERGRADUATE
UG_2026_1809,Male,ST,18.4,Day Scholar,21.8,2-5 LPA,1,1,0,3,93.0,83.5,91.5,82.4,99.0,84.1,82.6,87.2,-8.23,1,0,5.03,4.87,-0.16,0,50.5,0,10.5,3.4,36,11,4,0.4413,0,Karnataka,KA,75.4,68.1,36.2,12.0,Yadgir,39.4,1,81.2,36.5,UNDERGRADUATE
UG_2026_1810,Female,ST,21.4,Day Scholar,8.9,2-5 LPA,1,0,1,3,83.9,78.4,79.4,79.6,87.0,79.6,69.4,77.4,-8.83,1,0,6.29,6.21,-0.08,1,56.7,0,6.8,-1.1,54,15,1,0.3694,0,Maharashtra,MH,82.3,75.9,32.3,11.2,Mumbai,2.1,0,0.0,19.5,UNDERGRADUATE
UG_2026_1811,Female,OBC,19.5,Day Scholar,11.3,5-8 LPA,2,0,0,3,94.6,95.9,98.2,92.7,100.0,90.2,94.1,94.2,-2.96,2,0,5.53,6.28,0.75,0,60.8,0,6.9,-0.3,28,7,2,0.2324,0,Uttar Pradesh,UP,67.7,57.2,23.2,16.8,Varanasi,16.3,0,56.6,29.4,UNDERGRADUATE
UG_2026_1812,Male,OBC,19.2,Hosteler,0.5,2-5 LPA,1,0,0,1,87.6,85.3,81.6,87.5,86.6,85.4,94.5,89.4,3.96,1,0,6.79,6.87,0.08,0,68.3,0,10.6,-4.7,42,6,4,0.017,0,Kerala,KL,94.0,92.1,43.2,3.2,Thiruvananthapuram,0.9,0,46.2,15.2,UNDERGRADUATE
UG_2026_1813,Female,SC,18.5,Day Scholar,12.5,<2 LPA,0,0,1,0,86.6,82.0,91.4,80.1,84.6,88.8,94.1,89.9,4.79,0,0,8.59,8.46,-0.13,0,81.2,0,10.7,-1.5,29,5,2,0.0218,0,Maharashtra,MH,82.3,75.9,32.3,11.2,Pune,3.9,0,39.1,21.0,UNDERGRADUATE
UG_2026_1814,Female,ST,18.3,Hosteler,0.5,<2 LPA,0,0,1,0,71.0,63.6,68.0,71.4,74.2,70.0,60.7,67.4,-6.74,4,1,7.39,6.88,-0.51,0,57.2,0,4.2,0.4,39,10,3,0.3612,0,Maharashtra,MH,82.3,75.9,32.3,11.2,Mumbai,2.1,0,0.0,19.5,UNDERGRADUATE
UG_2026_1815,Female,General,20.3,Day Scholar,18.8,2-5 LPA,1,1,1,3,66.3,69.9,71.1,74.6,59.7,75.1,65.1,67.3,2.69,2,1,8.17,8.71,0.54,0,83.0,0,9.2,-2.0,56,6,2,0.109,0,Gujarat,GJ,78.0,69.7,21.3,17.9,Narmada,32.4,1,89.5,30.5,UNDERGRADUATE
UG_2026_1816,Female,OBC,19.7,Hosteler,0.5,2-5 LPA,1,1,0,13,83.1,82.4,89.7,86.7,89.3,76.0,88.6,84.3,-0.34,0,0,6.62,6.85,0.23,0,72.1,0,9.7,-1.6,48,8,3,0.5349,1,Madhya Pradesh,MP,69.3,59.2,24.8,18.5,Indore,6.8,0,25.9,21.8,UNDERGRADUATE
UG_2026_1817,Male,ST,20.6,Hosteler,0.5,5-8 LPA,2,0,1,0,67.8,57.6,64.9,64.4,64.5,52.4,64.5,60.2,0.01,4,1,6.4,6.19,-0.21,1,62.4,0,2.8,-0.2,28,14,2,0.3828,0,Kerala,KL,94.0,92.1,43.2,3.2,Thiruvananthapuram,0.9,0,46.2,15.2,UNDERGRADUATE
UG_2026_1818,Female,EWS,19.8,Day Scholar,4.6,>8 LPA,3,1,1,1,64.1,55.7,71.4,47.7,61.6,52.7,46.9,52.6,-7.36,4,1,5.84,5.85,0.01,4,45.6,0,5.7,-1.6,52,13,3,0.9456,1,Rajasthan,RJ,66.1,52.1,26.0,17.2,Kota,8.2,0,39.7,21.0,UNDERGRADUATE
UG_2026_1819,Female,General,19.4,Day Scholar,8.9,5-8 LPA,2,0,0,3,80.9,67.7,71.0,63.6,53.1,68.7,85.4,71.5,16.17,6,1,6.99,7.56,0.57,0,66.5,0,8.2,1.6,61,8,8,0.0678,0,Haryana,HR,75.6,65.9,29.8,12.5,Gurugram,2.5,0,31.2,20.5,UNDERGRADUATE
UG_2026_1820,Female,EWS,20.1,Hosteler,0.5,<2 LPA,0,1,1,1,56.1,45.5,59.5,48.8,51.0,56.2,55.3,54.5,2.16,5,1,5.52,4.99,-0.53,0,44.4,0,5.0,1.7,44,13,1,0.2428,0,Madhya Pradesh,MP,69.3,59.2,24.8,18.5,Indore,6.8,0,25.9,21.8,UNDERGRADUATE
UG_2026_1821,Female,SC,19.8,Hosteler,0.5,<2 LPA,0,1,1,4,69.0,46.1,56.9,59.9,51.4,62.6,73.5,64.2,11.08,10,1,5.42,5.93,0.51,1,53.4,0,3.4,-0.9,41,13,2,0.3678,0,Kerala,KL,94.0,92.1,43.2,3.2,Ernakulam,0.6,0,31.9,14.8,UNDERGRADUATE
UG_2026_1822,Male,OBC,21.0,Day Scholar,11.0,5-8 LPA,2,1,0,0,73.9,72.0,83.5,78.6,81.5,76.2,75.2,77.1,-3.11,2,0,7.18,6.96,-0.22,0,62.4,0,6.1,-1.4,106,7,2,0.2952,0,Uttar Pradesh,UP,67.7,57.2,23.2,16.8,Shravasti,49.6,1,96.5,48.2,UNDERGRADUATE
UG_2026_1823,Male,General,20.9,Day Scholar,15.2,>8 LPA,3,0,1,5,91.8,82.2,91.6,89.3,77.4,83.3,90.5,84.7,6.55,2,0,8.05,8.0,-0.05,0,78.6,0,7.6,-1.9,41,5,6,0.0144,0,Haryana,HR,75.6,65.9,29.8,12.5,Gurugram,2.5,0,31.2,20.5,UNDERGRADUATE
UG_2026_1824,Female,EWS,20.1,Hosteler,0.5,5-8 LPA,2,1,1,1,44.6,60.1,56.0,48.9,43.2,47.7,57.8,50.6,7.27,8,1,5.74,5.88,0.14,3,47.0,1,5.2,1.5,20,13,2,0.8274,1,Haryana,HR,75.6,65.9,29.8,12.5,Gurugram,2.5,0,31.2,20.5,UNDERGRADUATE
UG_2026_1825,Female,ST,17.5,Day Scholar,11.5,2-5 LPA,1,0,1,4,86.2,66.4,74.7,81.6,81.6,79.0,82.1,80.9,0.22,0,0,8.63,8.58,-0.05,0,74.9,0,7.5,-0.7,58,4,6,0.1842,0,Madhya Pradesh,MP,69.3,59.2,24.8,18.5,Indore,6.8,0,25.9,21.8,UNDERGRADUATE
UG_2026_1826,Male,OBC,19.2,Hosteler,0.5,5-8 LPA,2,0,0,0,85.4,76.5,78.0,71.7,84.2,71.8,71.2,74.7,-6.48,4,1,7.79,7.65,-0.14,0,77.8,0,8.0,-1.0,52,11,4,0.1905,0,Gujarat,GJ,78.0,69.7,21.3,17.9,Narmada,32.4,1,89.5,30.5,UNDERGRADUATE
UG_2026_1827,Male,OBC,20.0,Day Scholar,6.1,5-8 LPA,2,0,0,2,68.0,60.9,68.2,67.8,69.5,60.9,68.1,65.9,-0.73,4,1,5.64,4.88,-0.76,2,47.3,0,2.9,-1.8,31,13,3,0.8603,1,Maharashtra,MH,82.3,75.9,32.3,11.2,Mumbai,2.1,0,0.0,19.5,UNDERGRADUATE
UG_2026_1828,Female,General,19.7,Hosteler,0.5,2-5 LPA,1,0,0,24,75.9,74.3,94.9,79.4,88.3,76.8,88.5,84.4,0.07,0,0,5.39,6.19,0.8,0,51.1,0,0.6,-4.4,26,9,2,0.4504,0,Kerala,KL,94.0,92.1,43.2,3.2,Ernakulam,0.6,0,31.9,14.8,UNDERGRADUATE
UG_2026_1829,Male,General,18.2,Hosteler,0.5,2-5 LPA,1,0,0,1,61.1,56.9,65.5,46.6,56.9,62.3,65.7,62.3,4.4,8,1,8.75,7.72,-1.03,1,71.1,0,5.6,-3.3,88,13,2,0.4169,0,Maharashtra,MH,82.3,75.9,32.3,11.2,Gadchiroli,28.5,1,89.0,28.9,UNDERGRADUATE
UG_2026_1830,Male,General,20.2,Day Scholar,21.8,2-5 LPA,1,1,0,4,58.2,72.8,66.2,43.6,59.5,64.4,63.5,62.8,2.0,6,1,5.91,5.81,-0.1,2,49.5,0,6.2,-0.2,31,13,3,0.8036,1,Karnataka,KA,75.4,68.1,36.2,12.0,Yadgir,39.4,1,81.2,36.5,UNDERGRADUATE
UG_2026_1831,Male,OBC,20.9,Hosteler,0.5,<2 LPA,0,0,1,2,69.3,63.4,69.0,58.5,76.8,60.7,63.4,65.8,-6.67,3,1,6.31,5.25,-1.06,0,49.6,0,8.0,-2.2,43,20,2,0.6079,1,Karnataka,KA,75.4,68.1,36.2,12.0,Yadgir,39.4,1,81.2,36.5,UNDERGRADUATE
UG_2026_1832,Female,General,19.2,Day Scholar,10.4,5-8 LPA,2,1,0,2,59.6,54.3,58.7,38.3,39.7,50.1,47.7,46.5,4.01,18,1,5.26,4.82,-0.44,2,46.9,0,5.6,3.6,24,15,3,0.9505,1,Maharashtra,MH,82.3,75.9,32.3,11.2,Pune,3.9,0,39.1,21.0,UNDERGRADUATE
UG_2026_1833,Male,OBC,17.5,Day Scholar,12.2,2-5 LPA,1,0,0,2,85.1,80.4,81.0,86.2,87.2,85.0,77.1,82.4,-5.04,0,0,6.94,7.31,0.37,0,67.7,0,6.0,-0.9,40,7,5,0.0968,0,Karnataka,KA,75.4,68.1,36.2,12.0,Yadgir,39.4,1,81.2,36.5,UNDERGRADUATE
UG_2026_1834,Female,General,19.6,Day Scholar,7.8,5-8 LPA,2,0,0,0,89.7,86.9,90.5,86.5,95.0,89.2,70.2,83.1,-12.39,2,0,4.84,4.74,-0.1,0,40.8,1,1.5,0.1,67,10,5,0.8878,1,Karnataka,KA,75.4,68.1,36.2,12.0,Bengaluru Urban,1.8,0,9.1,18.2,UNDERGRADUATE
UG_2026_1835,Male,OBC,20.2,Day Scholar,14.9,<2 LPA,0,1,1,3,72.2,70.8,78.8,69.4,80.7,69.2,60.0,68.4,-10.36,5,1,7.16,6.09,-1.07,0,53.2,0,9.8,2.4,20,9,6,0.4479,0,Rajasthan,RJ,66.1,52.1,26.0,17.2,Jaisalmer,31.8,1,86.7,33.2,UNDERGRADUATE
UG_2026_1836,Male,ST,19.2,Hosteler,0.5,2-5 LPA,1,1,1,1,61.3,60.2,66.0,73.3,64.0,68.4,57.6,62.9,-3.21,4,1,6.2,5.99,-0.21,1,58.3,0,3.7,-1.1,32,11,0,0.3717,0,Uttar Pradesh,UP,67.7,57.2,23.2,16.8,Bahraich,54.4,1,92.1,46.5,UNDERGRADUATE
UG_2026_1837,Female,General,21.8,Day Scholar,13.0,<2 LPA,0,1,0,47,92.3,99.0,94.0,96.5,92.7,98.6,98.8,97.2,3.03,1,0,7.12,6.84,-0.28,0,67.9,0,11.7,0.0,31,9,0,0.4034,0,Rajasthan,RJ,66.1,52.1,26.0,17.2,Kota,8.2,0,39.7,21.0,UNDERGRADUATE
UG_2026_1838,Male,OBC,18.2,Hosteler,0.5,<2 LPA,0,1,1,4,71.6,81.8,81.4,69.6,77.1,77.3,71.3,74.8,-2.9,3,1,8.03,8.06,0.03,0,78.3,0,6.5,-0.3,33,7,1,0.1268,0,Karnataka,KA,75.4,68.1,36.2,12.0,Raichur,36.8,1,74.6,34.0,UNDERGRADUATE
UG_2026_1839,Male,General,21.0,Hosteler,0.5,5-8 LPA,2,0,0,4,57.4,49.6,55.0,52.3,60.2,56.8,54.9,56.9,-2.66,8,1,8.09,8.15,0.06,1,76.9,0,7.4,-0.5,27,8,2,0.6233,1,Karnataka,KA,75.4,68.1,36.2,12.0,Raichur,36.8,1,74.6,34.0,UNDERGRADUATE
UG_2026_1840,Female,OBC,19.0,Hosteler,0.5,5-8 LPA,2,0,0,3,81.5,70.5,86.4,78.0,72.4,74.3,76.8,74.8,2.21,6,1,5.92,5.93,0.01,0,54.5,0,7.1,2.4,52,16,2,0.1777,0,Karnataka,KA,75.4,68.1,36.2,12.0,Raichur,36.8,1,74.6,34.0,UNDERGRADUATE
UG_2026_1841,Female,SC,19.4,Hosteler,0.5,2-5 LPA,1,0,0,11,88.0,83.4,79.9,74.6,75.9,83.0,82.9,81.2,3.52,0,0,7.26,7.88,0.62,0,72.0,0,5.6,0.2,80,6,3,0.0139,0,Tamil Nadu,TN,80.1,73.4,51.4,8.1,Coimbatore,2.1,0,24.2,18.9,UNDERGRADUATE
UG_2026_1842,Female,General,20.9,Day Scholar,16.2,2-5 LPA,1,0,0,4,83.8,84.6,98.4,89.4,86.4,85.6,85.0,85.6,-0.69,2,0,6.4,7.25,0.85,0,76.2,0,6.7,-3.3,69,11,9,0.1341,0,Maharashtra,MH,82.3,75.9,32.3,11.2,Mumbai,2.1,0,0.0,19.5,UNDERGRADUATE
UG_2026_1843,Female,OBC,22.2,Day Scholar,30.6,<2 LPA,0,0,1,3,65.5,65.7,68.1,56.9,62.8,63.5,55.9,60.3,-3.42,9,1,6.97,6.84,-0.13,1,62.3,0,5.0,1.7,98,13,3,0.784,1,Kerala,KL,94.0,92.1,43.2,3.2,Ernakulam,0.6,0,31.9,14.8,UNDERGRADUATE
UG_2026_1844,Male,ST,21.6,Hosteler,0.5,2-5 LPA,1,0,0,4,65.6,61.6,70.1,59.0,65.2,60.8,71.0,66.0,2.94,6,1,7.99,6.78,-1.21,0,69.8,1,5.3,-1.6,16,9,6,0.35,0,Uttar Pradesh,UP,67.7,57.2,23.2,16.8,Balrampur,47.9,1,92.3,45.0,UNDERGRADUATE
UG_2026_1845,Male,General,20.2,Hosteler,0.5,<2 LPA,0,0,0,45,48.3,39.7,53.2,48.2,49.6,49.6,43.3,47.1,-3.14,17,1,9.01,8.65,-0.36,0,87.7,0,3.5,-0.9,61,9,4,0.9603,1,Haryana,HR,75.6,65.9,29.8,12.5,Nuh / Mewat,44.8,1,88.6,47.0,UNDERGRADUATE
UG_2026_1846,Male,OBC,19.2,Hosteler,0.5,2-5 LPA,1,0,1,2,97.5,97.8,99.8,97.1,100.0,88.6,91.6,92.7,-4.18,1,0,7.48,7.95,0.47,0,81.3,0,8.4,-1.4,35,4,2,0.1116,0,Bihar,BR,61.8,51.5,14.5,21.4,Katihar,48.7,1,91.1,44.3,UNDERGRADUATE
UG_2026_1847,Female,General,20.2,Hosteler,0.5,5-8 LPA,2,0,0,0,46.1,38.8,54.0,43.3,45.2,42.9,40.8,42.6,-2.22,13,1,7.02,6.19,-0.83,4,54.9,0,5.4,3.6,71,17,2,0.9509,1,Rajasthan,RJ,66.1,52.1,26.0,17.2,Kota,8.2,0,39.7,21.0,UNDERGRADUATE
UG_2026_1848,Male,ST,20.9,Hosteler,0.5,2-5 LPA,1,0,1,4,61.9,63.9,72.3,65.3,72.0,65.2,67.7,67.9,-2.15,3,1,5.32,6.3,0.98,0,51.0,1,8.2,-0.1,30,9,3,0.2897,0,Rajasthan,RJ,66.1,52.1,26.0,17.2,Jaipur,6.9,0,47.6,22.5,UNDERGRADUATE
UG_2026_1849,Female,General,21.6,Hosteler,0.5,2-5 LPA,1,0,0,20,43.9,37.9,52.1,54.5,51.8,45.9,45.1,47.1,-3.31,14,1,6.96,6.53,-0.43,3,53.6,0,0.3,-1.9,29,11,0,0.984,1,Maharashtra,MH,82.3,75.9,32.3,11.2,Pune,3.9,0,39.1,21.0,UNDERGRADUATE
UG_2026_1850,Female,ST,21.6,Day Scholar,3.4,<2 LPA,0,1,1,1,93.8,92.0,100.0,90.3,100.0,95.3,84.9,92.3,-7.57,2,0,5.12,5.3,0.18,0,54.4,0,2.4,-0.4,13,8,1,0.5183,1,Uttar Pradesh,UP,67.7,57.2,23.2,16.8,Noida / Gautam Buddha Nagar,7.1,0,40.9,22.0,UNDERGRADUATE
UG_2026_1851,Male,ST,19.9,Hosteler,0.5,<2 LPA,0,0,1,2,50.4,54.5,50.0,52.7,47.4,41.0,51.0,46.6,1.81,14,1,7.26,6.56,-0.7,0,68.7,0,6.3,-1.2,29,14,2,0.6957,1,Gujarat,GJ,78.0,69.7,21.3,17.9,Dahod,40.5,1,88.0,38.1,UNDERGRADUATE
UG_2026_1852,Male,OBC,19.3,Day Scholar,11.8,>8 LPA,3,0,0,4,83.9,73.0,91.0,70.5,78.5,87.5,87.5,85.2,4.48,0,0,7.77,8.49,0.72,0,77.3,0,6.6,-0.7,25,4,3,0.0272,0,Bihar,BR,61.8,51.5,14.5,21.4,Katihar,48.7,1,91.1,44.3,UNDERGRADUATE
UG_2026_1853,Male,EWS,17.9,Day Scholar,6.3,>8 LPA,3,0,1,17,67.7,61.1,70.9,69.0,54.9,60.8,72.3,63.9,8.69,6,1,5.2,4.17,-1.03,4,41.1,0,5.8,-0.4,15,18,0,0.9678,1,Tamil Nadu,TN,80.1,73.4,51.4,8.1,Ramanathapuram,7.8,1,69.7,22.1,UNDERGRADUATE
UG_2026_1854,Female,OBC,19.9,Hosteler,0.5,2-5 LPA,1,0,1,7,76.6,77.8,86.4,72.2,80.3,73.3,75.2,75.8,-2.57,0,0,7.05,6.62,-0.43,0,62.2,0,8.2,-1.0,24,8,2,0.1988,0,Bihar,BR,61.8,51.5,14.5,21.4,Gaya,38.6,1,86.8,36.2,UNDERGRADUATE
UG_2026_1855,Female,SC,19.2,Hosteler,0.5,<2 LPA,0,0,0,45,79.2,76.9,85.6,67.7,78.3,71.9,82.8,77.9,2.26,0,0,6.47,6.51,0.04,0,65.1,0,8.2,-2.1,32,9,2,0.8035,1,Maharashtra,MH,82.3,75.9,32.3,11.2,Pune,3.9,0,39.1,21.0,UNDERGRADUATE
UG_2026_1856,Male,General,18.4,Hosteler,0.5,>8 LPA,3,0,0,1,89.3,69.8,89.7,77.6,88.8,86.3,83.6,85.8,-2.6,0,0,7.62,7.65,0.03,0,72.9,0,7.1,3.8,63,5,5,0.1685,0,Uttar Pradesh,UP,67.7,57.2,23.2,16.8,Bahraich,54.4,1,92.1,46.5,UNDERGRADUATE
UG_2026_1857,Male,OBC,19.3,Day Scholar,10.1,5-8 LPA,2,1,0,4,67.4,66.2,71.2,70.0,76.6,67.2,66.8,69.4,-4.88,4,1,9.74,9.68,-0.06,0,89.5,0,6.3,-1.7,119,4,3,0.0946,0,Maharashtra,MH,82.3,75.9,32.3,11.2,Gadchiroli,28.5,1,89.0,28.9,UNDERGRADUATE
UG_2026_1858,Male,General,20.6,Hosteler,0.5,>8 LPA,3,0,0,4,50.2,42.9,53.3,33.8,50.6,43.9,33.1,41.2,-8.74,24,1,7.14,6.63,-0.51,2,66.6,0,4.2,3.2,55,13,3,0.9877,1,Haryana,HR,75.6,65.9,29.8,12.5,Nuh / Mewat,44.8,1,88.6,47.0,UNDERGRADUATE
UG_2026_1859,Female,OBC,18.2,Day Scholar,2.4,<2 LPA,0,1,0,46,92.4,84.1,100.0,93.0,89.4,82.3,90.0,87.2,0.32,1,0,5.38,5.39,0.01,0,54.1,0,6.6,-3.2,25,9,4,0.2821,0,Kerala,KL,94.0,92.1,43.2,3.2,Ernakulam,0.6,0,31.9,14.8,UNDERGRADUATE
UG_2026_1860,Female,OBC,21.4,Day Scholar,13.0,5-8 LPA,2,1,0,0,89.3,93.4,96.5,89.2,88.4,92.8,99.5,94.4,5.53,2,0,8.42,9.2,0.78,0,85.7,0,9.1,-1.1,35,2,3,0.0111,0,Bihar,BR,61.8,51.5,14.5,21.4,Muzaffarpur,35.1,1,90.3,38.0,UNDERGRADUATE
UG_2026_1861,Male,OBC,21.1,Hosteler,0.5,2-5 LPA,1,1,0,23,76.9,74.6,85.6,84.0,77.0,75.1,79.5,77.3,1.25,1,0,6.0,5.85,-0.15,0,53.4,0,7.5,-1.9,37,10,1,0.6208,1,Uttar Pradesh,UP,67.7,57.2,23.2,16.8,Bahraich,54.4,1,92.1,46.5,UNDERGRADUATE
UG_2026_1862,Male,General,18.4,Hosteler,0.5,>8 LPA,3,0,0,3,72.9,75.5,70.9,70.7,76.5,72.6,70.6,72.8,-2.95,3,1,7.64,7.45,-0.19,0,67.3,0,1.1,-2.9,28,7,2,0.185,0,Haryana,HR,75.6,65.9,29.8,12.5,Nuh / Mewat,44.8,1,88.6,47.0,UNDERGRADUATE
UG_2026_1863,Female,SC,20.5,Hosteler,0.5,>8 LPA,3,1,0,3,90.1,89.5,82.9,80.9,90.6,85.2,81.8,85.2,-4.36,1,0,7.86,7.18,-0.68,0,73.4,0,6.6,-0.2,40,8,5,0.188,0,Uttar Pradesh,UP,67.7,57.2,23.2,16.8,Noida / Gautam Buddha Nagar,7.1,0,40.9,22.0,UNDERGRADUATE
UG_2026_1864,Female,OBC,22.3,Day Scholar,26.9,2-5 LPA,1,1,1,3,63.7,69.9,77.2,74.3,80.4,75.5,67.4,73.5,-6.47,3,1,7.96,7.07,-0.89,0,66.9,0,6.8,1.8,27,8,1,0.2142,0,Kerala,KL,94.0,92.1,43.2,3.2,Ernakulam,0.6,0,31.9,14.8,UNDERGRADUATE
UG_2026_1865,Female,General,20.3,Day Scholar,13.9,2-5 LPA,1,0,1,4,69.9,64.7,73.0,75.7,67.6,75.8,76.3,73.9,4.35,2,1,6.54,7.14,0.6,0,69.4,0,4.8,-3.8,29,7,4,0.1018,0,Tamil Nadu,TN,80.1,73.4,51.4,8.1,Chennai,1.2,0,0.0,17.5,UNDERGRADUATE
UG_2026_1866,Female,OBC,20.4,Day Scholar,9.3,2-5 LPA,1,1,1,3,76.7,80.8,79.9,64.5,80.4,74.6,69.4,74.0,-5.54,6,1,4.9,5.52,0.62,0,53.4,0,5.0,-2.8,46,10,3,0.3994,0,Madhya Pradesh,MP,69.3,59.2,24.8,18.5,Indore,6.8,0,25.9,21.8,UNDERGRADUATE
UG_2026_1867,Male,OBC,19.1,Day Scholar,28.4,2-5 LPA,1,0,0,22,49.9,32.2,46.4,35.8,40.3,37.8,44.4,41.1,2.07,21,1,6.37,6.11,-0.26,2,59.5,0,2.0,0.7,18,12,1,0.9915,1,Haryana,HR,75.6,65.9,29.8,12.5,Nuh / Mewat,44.8,1,88.6,47.0,UNDERGRADUATE
UG_2026_1868,Female,EWS,22.4,Day Scholar,15.7,>8 LPA,3,0,1,4,81.8,80.6,95.4,80.0,92.4,87.8,77.1,84.7,-7.67,0,0,5.19,5.45,0.26,0,55.2,0,3.7,-1.5,21,9,1,0.1889,0,Tamil Nadu,TN,80.1,73.4,51.4,8.1,Coimbatore,2.1,0,24.2,18.9,UNDERGRADUATE
UG_2026_1869,Male,General,20.3,Hosteler,0.5,<2 LPA,0,1,1,5,59.3,65.6,67.1,66.7,68.6,52.7,55.6,57.8,-6.52,10,1,7.5,7.24,-0.26,0,70.4,0,7.2,-0.3,43,9,6,0.5254,1,Karnataka,KA,75.4,68.1,36.2,12.0,Raichur,36.8,1,74.6,34.0,UNDERGRADUATE
UG_2026_1870,Female,SC,20.8,Day Scholar,7.4,<2 LPA,0,1,1,1,54.3,48.0,49.4,39.0,50.9,53.8,53.3,52.9,1.2,10,1,5.8,5.42,-0.38,1,48.0,0,2.4,2.4,60,13,2,0.9267,1,Kerala,KL,94.0,92.1,43.2,3.2,Thiruvananthapuram,0.9,0,46.2,15.2,UNDERGRADUATE
UG_2026_1871,Female,SC,21.0,Day Scholar,16.5,<2 LPA,0,1,0,49,93.9,99.5,95.0,95.1,91.4,95.8,94.0,94.0,1.27,1,0,7.2,8.19,0.99,0,70.7,0,9.8,-3.2,26,5,4,0.266,0,Karnataka,KA,75.4,68.1,36.2,12.0,Bengaluru Urban,1.8,0,9.1,18.2,UNDERGRADUATE
UG_2026_1872,Male,OBC,21.0,Day Scholar,19.0,<2 LPA,0,0,1,1,79.2,74.4,69.6,65.2,81.4,74.6,60.1,70.5,-10.67,2,1,7.82,8.05,0.23,0,76.6,0,7.1,-2.0,40,7,4,0.241,0,Kerala,KL,94.0,92.1,43.2,3.2,Wayanad,4.1,1,96.1,18.0,UNDERGRADUATE
UG_2026_1873,Male,SC,19.3,Day Scholar,8.2,2-5 LPA,1,1,0,2,88.3,93.4,87.2,76.8,98.5,82.2,77.5,84.4,-10.49,2,0,8.02,8.74,0.72,0,83.8,0,5.9,-4.2,31,4,3,0.1952,0,Rajasthan,RJ,66.1,52.1,26.0,17.2,Barmer,34.2,1,93.0,35.8,UNDERGRADUATE
UG_2026_1874,Male,SC,21.6,Day Scholar,14.6,2-5 LPA,1,1,0,2,78.3,71.7,72.1,68.8,77.0,67.8,77.1,73.8,0.08,3,1,8.08,7.65,-0.43,0,75.0,0,6.8,1.1,48,14,4,0.4975,0,Uttar Pradesh,UP,67.7,57.2,23.2,16.8,Shravasti,49.6,1,96.5,48.2,UNDERGRADUATE
UG_2026_1875,Female,OBC,17.5,Hosteler,0.5,2-5 LPA,1,1,0,3,45.2,28.1,46.1,29.4,39.1,36.8,36.5,37.3,-1.28,13,1,8.46,7.54,-0.92,3,70.1,0,6.2,-3.6,35,17,2,0.9678,1,Bihar,BR,61.8,51.5,14.5,21.4,Patna,18.2,0,56.4,28.5,UNDERGRADUATE
UG_2026_1876,Male,OBC,19.2,Day Scholar,5.6,2-5 LPA,1,0,0,3,72.4,62.7,71.9,57.5,59.2,65.7,77.1,68.6,8.96,2,1,4.83,4.43,-0.4,0,49.9,0,6.5,-3.1,22,14,1,0.6533,1,Gujarat,GJ,78.0,69.7,21.3,17.9,Narmada,32.4,1,89.5,30.5,UNDERGRADUATE
UG_2026_1877,Male,General,18.9,Day Scholar,4.5,<2 LPA,0,0,1,1,47.6,54.9,60.8,41.9,59.7,46.0,55.4,53.2,-2.18,11,1,8.79,7.84,-0.95,1,74.9,0,6.9,-1.0,51,14,6,0.9105,1,Madhya Pradesh,MP,69.3,59.2,24.8,18.5,Bhopal,9.4,0,19.1,23.4,UNDERGRADUATE
UG_2026_1878,Male,OBC,20.8,Hosteler,0.5,<2 LPA,0,0,0,46,43.9,44.9,53.4,40.6,47.7,48.4,45.6,47.1,-1.06,10,1,5.33,3.78,-1.55,4,41.6,1,4.9,1.9,72,21,1,0.9995,1,Madhya Pradesh,MP,69.3,59.2,24.8,18.5,Alirajpur,52.0,1,92.2,39.5,UNDERGRADUATE
UG_2026_1879,Male,General,19.5,Hosteler,0.5,2-5 LPA,1,0,1,0,82.5,92.6,93.2,75.7,82.6,85.8,83.9,84.3,0.67,1,0,6.99,6.84,-0.15,0,77.1,0,6.9,1.3,61,8,3,0.0311,0,Rajasthan,RJ,66.1,52.1,26.0,17.2,Jaipur,6.9,0,47.6,22.5,UNDERGRADUATE
UG_2026_1880,Female,General,20.4,Hosteler,0.5,<2 LPA,0,0,1,19,81.6,76.3,82.6,64.5,78.3,75.7,83.9,79.6,2.81,1,0,7.92,8.12,0.2,0,69.5,0,4.7,0.2,33,6,4,0.1331,0,Karnataka,KA,75.4,68.1,36.2,12.0,Bengaluru Urban,1.8,0,9.1,18.2,UNDERGRADUATE
UG_2026_1881,Female,SC,19.6,Day Scholar,13.6,>8 LPA,3,0,1,3,76.8,75.3,92.2,70.6,85.5,77.2,88.6,83.8,1.54,0,0,7.64,7.95,0.31,0,75.8,0,7.4,-4.1,46,11,3,0.0919,0,Gujarat,GJ,78.0,69.7,21.3,17.9,Narmada,32.4,1,89.5,30.5,UNDERGRADUATE
UG_2026_1882,Female,ST,19.3,Day Scholar,12.2,2-5 LPA,1,1,1,1,59.3,58.8,66.0,59.8,75.3,58.4,52.8,60.4,-11.21,5,1,5.18,4.43,-0.75,1,35.7,0,1.6,-2.1,32,13,2,0.946,1,Kerala,KL,94.0,92.1,43.2,3.2,Ernakulam,0.6,0,31.9,14.8,UNDERGRADUATE
UG_2026_1883,Female,OBC,19.3,Day Scholar,9.9,5-8 LPA,2,0,0,4,49.6,53.8,54.1,55.3,59.5,48.2,61.7,56.4,1.11,8,1,9.61,9.28,-0.33,3,91.4,0,6.1,-1.4,49,12,5,0.8098,1,Uttar Pradesh,UP,67.7,57.2,23.2,16.8,Noida / Gautam Buddha Nagar,7.1,0,40.9,22.0,UNDERGRADUATE
UG_2026_1884,Female,General,21.5,Day Scholar,4.6,2-5 LPA,1,1,0,23,77.8,74.1,85.7,67.7,77.5,76.4,76.0,76.5,-0.78,0,0,6.44,7.24,0.8,0,64.8,0,4.7,-0.5,88,9,3,0.1366,0,Rajasthan,RJ,66.1,52.1,26.0,17.2,Kota,8.2,0,39.7,21.0,UNDERGRADUATE
UG_2026_1885,Female,General,20.6,Day Scholar,4.9,5-8 LPA,2,0,1,0,72.8,75.4,72.1,72.3,63.3,75.8,80.5,74.5,8.6,5,1,5.92,6.22,0.3,0,62.2,0,9.0,-0.9,27,9,5,0.1304,0,Madhya Pradesh,MP,69.3,59.2,24.8,18.5,Bhopal,9.4,0,19.1,23.4,UNDERGRADUATE
UG_2026_1886,Male,ST,20.7,Day Scholar,25.8,2-5 LPA,1,0,0,12,78.2,72.8,72.7,75.0,66.2,63.6,71.5,67.4,2.67,5,1,9.41,9.57,0.16,0,89.9,0,5.8,1.2,54,12,5,0.0668,0,Madhya Pradesh,MP,69.3,59.2,24.8,18.5,Alirajpur,52.0,1,92.2,39.5,UNDERGRADUATE
UG_2026_1887,Female,OBC,20.3,Day Scholar,22.7,>8 LPA,3,0,0,1,59.1,71.0,71.3,76.9,72.7,74.6,68.3,71.6,-2.19,6,1,7.07,6.63,-0.44,0,53.5,0,5.6,0.8,31,9,4,0.7877,1,Gujarat,GJ,78.0,69.7,21.3,17.9,Ahmedabad,3.8,0,15.9,20.2,UNDERGRADUATE
UG_2026_1888,Male,EWS,21.1,Hosteler,0.5,<2 LPA,0,1,0,47,85.5,69.3,82.4,72.7,70.9,71.3,82.6,75.7,5.86,0,0,8.38,8.65,0.27,0,75.4,0,8.3,-1.0,35,6,7,0.1548,0,Madhya Pradesh,MP,69.3,59.2,24.8,18.5,Bhopal,9.4,0,19.1,23.4,UNDERGRADUATE
UG_2026_1889,Female,EWS,19.7,Hosteler,0.5,2-5 LPA,1,0,0,2,76.7,72.9,84.6,68.0,78.2,78.7,72.5,76.1,-2.86,1,0,5.39,4.91,-0.48,0,38.7,0,5.1,-2.7,29,11,1,0.7656,1,Gujarat,GJ,78.0,69.7,21.3,17.9,Ahmedabad,3.8,0,15.9,20.2,UNDERGRADUATE
UG_2026_1890,Male,General,20.7,Hosteler,0.5,<2 LPA,0,0,0,47,55.2,55.1,51.5,60.6,54.8,47.0,53.2,51.4,-0.8,11,1,7.95,7.08,-0.87,1,69.0,0,4.8,0.9,23,12,0,0.977,1,Uttar Pradesh,UP,67.7,57.2,23.2,16.8,Shravasti,49.6,1,96.5,48.2,UNDERGRADUATE
UG_2026_1891,Male,General,22.7,Day Scholar,4.2,2-5 LPA,1,0,0,11,63.5,58.5,64.0,48.6,54.1,64.7,61.6,60.8,3.78,9,1,6.18,5.61,-0.57,4,53.7,0,5.4,4.8,31,17,5,0.9486,1,Uttar Pradesh,UP,67.7,57.2,23.2,16.8,Balrampur,47.9,1,92.3,45.0,UNDERGRADUATE
UG_2026_1892,Female,General,19.3,Day Scholar,11.5,5-8 LPA,2,0,0,1,44.9,42.7,52.1,47.2,44.0,44.7,61.8,51.4,8.89,5,1,6.94,6.21,-0.73,1,50.3,0,3.2,3.1,19,14,1,0.5125,1,Gujarat,GJ,78.0,69.7,21.3,17.9,Ahmedabad,3.8,0,15.9,20.2,UNDERGRADUATE
UG_2026_1893,Male,SC,19.5,Day Scholar,9.2,5-8 LPA,2,1,0,0,85.9,85.2,88.0,74.3,99.7,82.5,90.0,89.8,-4.84,1,0,7.67,8.48,0.81,0,88.9,0,6.9,-3.2,46,5,4,0.0977,0,Madhya Pradesh,MP,69.3,59.2,24.8,18.5,Barwani,46.1,1,85.5,37.1,UNDERGRADUATE
UG_2026_1894,Female,General,19.3,Day Scholar,6.8,2-5 LPA,1,0,0,1,66.7,65.8,78.0,67.2,62.2,60.9,68.2,64.1,3.05,7,1,6.38,6.22,-0.16,1,58.6,0,3.1,1.7,49,10,5,0.3368,0,Bihar,BR,61.8,51.5,14.5,21.4,Gaya,38.6,1,86.8,36.2,UNDERGRADUATE
UG_2026_1895,Male,OBC,20.5,Hosteler,0.5,5-8 LPA,2,0,0,0,73.2,86.8,91.9,81.8,86.0,67.9,70.7,73.5,-7.67,4,1,6.44,6.44,0.0,0,61.9,0,8.0,-2.7,53,8,6,0.2845,0,Tamil Nadu,TN,80.1,73.4,51.4,8.1,Ramanathapuram,7.8,1,69.7,22.1,UNDERGRADUATE
UG_2026_1896,Female,ST,19.5,Day Scholar,28.8,5-8 LPA,2,0,0,0,81.4,81.6,84.0,87.3,84.5,89.5,86.2,86.9,0.82,0,0,4.83,4.99,0.16,0,47.3,0,4.0,-3.0,62,14,2,0.3911,0,Madhya Pradesh,MP,69.3,59.2,24.8,18.5,Indore,6.8,0,25.9,21.8,UNDERGRADUATE
UG_2026_1897,Male,OBC,17.5,Day Scholar,8.5,2-5 LPA,1,0,0,31,63.9,70.9,68.1,57.0,72.3,62.4,58.5,63.3,-6.88,11,1,8.25,7.81,-0.44,0,70.1,0,4.2,-3.3,41,8,1,0.762,1,Maharashtra,MH,82.3,75.9,32.3,11.2,Nandurbar,33.1,1,83.3,32.4,UNDERGRADUATE
UG_2026_1898,Female,OBC,20.4,Hosteler,0.5,5-8 LPA,2,0,0,3,82.4,81.6,90.6,87.1,79.3,87.4,93.1,87.6,6.91,1,0,7.81,7.9,0.09,0,73.3,0,6.6,-0.8,44,4,3,0.1001,0,Bihar,BR,61.8,51.5,14.5,21.4,Muzaffarpur,35.1,1,90.3,38.0,UNDERGRADUATE
UG_2026_1899,Female,OBC,21.5,Hosteler,0.5,5-8 LPA,2,0,0,1,90.6,89.3,84.7,88.9,78.6,83.9,94.7,86.9,8.08,1,0,6.72,6.93,0.21,0,72.5,0,8.2,1.2,36,6,6,0.0506,0,Rajasthan,RJ,66.1,52.1,26.0,17.2,Kota,8.2,0,39.7,21.0,UNDERGRADUATE
UG_2026_1900,Female,OBC,19.6,Day Scholar,10.1,<2 LPA,0,1,0,46,60.7,56.4,66.1,53.0,64.6,70.4,63.5,66.2,-0.52,5,1,6.13,5.18,-0.95,0,48.6,0,5.5,0.6,145,19,0,0.9908,1,Maharashtra,MH,82.3,75.9,32.3,11.2,Mumbai,2.1,0,0.0,19.5,UNDERGRADUATE
UG_2026_1901,Female,General,19.9,Hosteler,0.5,<2 LPA,0,0,1,4,64.8,56.0,70.6,63.8,63.5,59.4,67.7,63.7,2.06,8,1,8.31,6.93,-1.38,3,65.0,0,5.6,-0.3,24,8,6,0.8249,1,Rajasthan,RJ,66.1,52.1,26.0,17.2,Kota,8.2,0,39.7,21.0,UNDERGRADUATE
UG_2026_1902,Female,General,19.0,Hosteler,0.5,2-5 LPA,1,0,0,20,50.1,55.1,51.4,45.9,54.8,49.6,40.0,47.1,-7.42,23,1,7.13,7.02,-0.11,0,65.8,0,6.7,1.0,23,10,1,0.9243,1,Madhya Pradesh,MP,69.3,59.2,24.8,18.5,Indore,6.8,0,25.9,21.8,UNDERGRADUATE
UG_2026_1903,Female,OBC,17.5,Hosteler,0.5,5-8 LPA,2,1,0,3,63.7,52.7,62.3,48.7,54.5,60.1,70.0,62.6,7.75,5,1,7.9,8.0,0.1,3,78.1,0,11.6,-3.2,26,10,4,0.117,0,Bihar,BR,61.8,51.5,14.5,21.4,Muzaffarpur,35.1,1,90.3,38.0,UNDERGRADUATE
UG_2026_1904,Male,OBC,21.7,Day Scholar,12.7,5-8 LPA,2,0,0,3,88.2,86.6,88.7,90.3,84.5,89.7,97.2,91.4,6.35,2,0,6.33,7.06,0.73,1,71.6,0,6.3,-0.8,30,19,3,0.1187,0,Gujarat,GJ,78.0,69.7,21.3,17.9,Dahod,40.5,1,88.0,38.1,UNDERGRADUATE
UG_2026_1905,Male,ST,17.5,Hosteler,0.5,2-5 LPA,1,0,1,2,71.5,74.7,74.5,86.0,67.9,75.0,85.0,77.2,8.52,0,0,5.68,4.7,-0.98,1,43.6,0,4.3,-1.7,18,11,3,0.5096,1,Karnataka,KA,75.4,68.1,36.2,12.0,Yadgir,39.4,1,81.2,36.5,UNDERGRADUATE
UG_2026_1906,Male,OBC,20.5,Hosteler,0.5,2-5 LPA,1,0,1,0,66.0,66.6,76.0,65.7,76.2,70.5,67.0,70.5,-4.58,3,1,9.33,9.12,-0.21,0,88.4,0,7.2,-2.1,46,11,4,0.0959,0,Karnataka,KA,75.4,68.1,36.2,12.0,Yadgir,39.4,1,81.2,36.5,UNDERGRADUATE
UG_2026_1907,Male,General,21.5,Day Scholar,3.5,2-5 LPA,1,1,0,20,64.7,61.1,73.6,57.1,59.6,57.7,74.1,64.7,7.21,8,1,7.9,7.99,0.09,3,77.0,0,4.2,-4.1,24,8,0,0.5969,1,Bihar,BR,61.8,51.5,14.5,21.4,Katihar,48.7,1,91.1,44.3,UNDERGRADUATE
UG_2026_1908,Male,EWS,21.9,Day Scholar,2.3,2-5 LPA,1,1,0,3,56.6,53.4,65.3,57.8,54.4,48.1,48.6,49.9,-2.9,14,1,9.66,8.98,-0.68,1,88.1,0,8.8,-0.6,50,16,3,0.6142,1,Gujarat,GJ,78.0,69.7,21.3,17.9,Dahod,40.5,1,88.0,38.1,UNDERGRADUATE
UG_2026_1909,Male,EWS,20.9,Hosteler,0.5,>8 LPA,3,0,1,2,94.7,90.6,86.4,80.7,92.5,86.7,74.0,83.1,-9.26,1,0,5.99,5.58,-0.41,0,52.5,0,4.5,-2.6,48,9,0,0.6336,1,Gujarat,GJ,78.0,69.7,21.3,17.9,Narmada,32.4,1,89.5,30.5,UNDERGRADUATE
UG_2026_1910,Female,ST,20.6,Day Scholar,7.9,2-5 LPA,1,1,1,0,76.8,74.3,72.1,69.2,64.3,66.8,71.0,67.9,3.37,6,1,9.34,8.86,-0.48,0,81.0,0,8.1,-1.8,41,6,2,0.2448,0,Maharashtra,MH,82.3,75.9,32.3,11.2,Pune,3.9,0,39.1,21.0,UNDERGRADUATE
UG_2026_1911,Male,OBC,20.7,Hosteler,0.5,<2 LPA,0,1,1,3,86.7,92.4,100.0,78.7,96.1,91.0,92.6,92.9,-1.75,0,0,6.85,7.31,0.46,0,71.9,0,5.1,-0.6,36,6,3,0.0208,0,Gujarat,GJ,78.0,69.7,21.3,17.9,Narmada,32.4,1,89.5,30.5,UNDERGRADUATE
UG_2026_1912,Male,EWS,20.8,Hosteler,0.5,5-8 LPA,2,0,0,2,90.1,86.7,91.5,76.7,91.1,86.3,86.4,87.5,-2.38,1,0,5.18,4.89,-0.29,0,43.9,0,6.9,0.5,67,14,1,0.2831,0,Uttar Pradesh,UP,67.7,57.2,23.2,16.8,Lucknow,8.5,0,33.8,24.1,UNDERGRADUATE
UG_2026_1913,Male,General,21.5,Day Scholar,14.9,2-5 LPA,1,1,0,14,71.8,73.7,81.6,65.3,71.3,75.1,74.8,74.0,1.74,4,1,4.51,4.57,0.06,0,47.8,0,0.2,-5.7,21,10,1,0.8475,1,Uttar Pradesh,UP,67.7,57.2,23.2,16.8,Bahraich,54.4,1,92.1,46.5,UNDERGRADUATE
UG_2026_1914,Female,EWS,19.4,Hosteler,0.5,5-8 LPA,2,0,1,1,99.1,80.4,94.1,76.1,78.7,79.4,83.2,80.8,2.28,2,0,6.95,6.54,-0.41,1,65.3,0,7.9,0.9,32,8,3,0.1211,0,Kerala,KL,94.0,92.1,43.2,3.2,Thiruvananthapuram,0.9,0,46.2,15.2,UNDERGRADUATE
UG_2026_1915,Male,EWS,19.6,Day Scholar,13.9,>8 LPA,3,1,1,4,70.6,69.1,84.4,73.7,79.6,80.5,74.8,78.0,-2.4,0,0,8.06,7.94,-0.12,0,85.0,0,7.0,-3.1,32,8,4,0.1664,0,Kerala,KL,94.0,92.1,43.2,3.2,Thiruvananthapuram,0.9,0,46.2,15.2,UNDERGRADUATE
UG_2026_1916,Male,ST,20.5,Day Scholar,14.7,>8 LPA,3,0,1,6,81.1,81.3,82.8,83.2,83.9,78.0,80.1,80.3,-1.89,2,0,4.91,4.65,-0.26,0,50.0,0,5.6,-2.2,79,11,1,0.5307,1,Maharashtra,MH,82.3,75.9,32.3,11.2,Mumbai,2.1,0,0.0,19.5,UNDERGRADUATE
UG_2026_1917,Male,ST,20.0,Hosteler,0.5,5-8 LPA,2,0,0,4,62.1,51.5,51.7,50.2,59.5,58.9,57.5,58.5,-1.03,8,1,8.2,7.93,-0.27,1,75.1,0,5.7,-0.8,56,8,4,0.585,1,Uttar Pradesh,UP,67.7,57.2,23.2,16.8,Lucknow,8.5,0,33.8,24.1,UNDERGRADUATE
UG_2026_1918,Male,SC,18.4,Hosteler,0.5,>8 LPA,3,1,0,1,60.6,74.0,63.9,54.3,61.2,58.1,67.1,62.5,2.98,6,1,6.81,6.38,-0.43,2,60.2,0,3.3,-1.7,21,12,0,0.9227,1,Gujarat,GJ,78.0,69.7,21.3,17.9,Dahod,40.5,1,88.0,38.1,UNDERGRADUATE
UG_2026_1919,Male,SC,20.8,Day Scholar,6.0,2-5 LPA,1,0,1,0,52.9,50.6,56.7,45.4,63.3,48.2,50.5,52.9,-6.41,11,1,5.92,5.8,-0.12,4,59.9,0,4.0,-1.3,21,14,3,0.9845,1,Karnataka,KA,75.4,68.1,36.2,12.0,Raichur,36.8,1,74.6,34.0,UNDERGRADUATE
UG_2026_1920,Female,General,19.9,Day Scholar,6.3,>8 LPA,3,0,1,0,74.1,81.4,80.2,73.2,77.0,77.4,80.0,78.3,1.5,0,0,8.45,8.55,0.1,0,85.1,0,9.0,-0.1,43,9,2,0.0721,0,Gujarat,GJ,78.0,69.7,21.3,17.9,Ahmedabad,3.8,0,15.9,20.2,UNDERGRADUATE
UG_2026_1921,Female,SC,19.1,Day Scholar,7.8,5-8 LPA,2,1,0,5,67.0,82.7,77.8,67.8,74.9,80.9,74.6,76.9,-0.16,2,0,4.91,5.4,0.49,0,49.6,0,7.7,-1.3,19,9,2,0.294,0,Haryana,HR,75.6,65.9,29.8,12.5,Gurugram,2.5,0,31.2,20.5,UNDERGRADUATE
UG_2026_1922,Female,OBC,21.6,Day Scholar,16.3,2-5 LPA,1,0,0,0,96.8,88.0,95.5,85.5,92.0,85.2,81.1,85.2,-5.45,1,0,3.5,2.81,-0.69,0,22.4,0,8.5,2.8,58,17,2,0.8335,1,Maharashtra,MH,82.3,75.9,32.3,11.2,Mumbai,2.1,0,0.0,19.5,UNDERGRADUATE
UG_2026_1923,Male,ST,19.4,Day Scholar,14.5,2-5 LPA,1,0,0,13,89.5,89.8,97.8,96.6,79.6,97.0,86.1,88.3,3.26,1,0,8.2,8.54,0.34,0,92.0,0,9.0,2.8,99,11,2,0.068,0,Bihar,BR,61.8,51.5,14.5,21.4,Purnia,50.4,1,89.2,42.1,UNDERGRADUATE
UG_2026_1924,Male,SC,20.8,Hosteler,0.5,2-5 LPA,1,1,0,34,23.1,23.8,24.4,16.0,22.4,17.6,12.8,16.9,-4.82,22,1,6.61,5.43,-1.18,3,44.6,0,4.8,-2.1,36,17,3,0.9999,1,Uttar Pradesh,UP,67.7,57.2,23.2,16.8,Balrampur,47.9,1,92.3,45.0,UNDERGRADUATE
UG_2026_1925,Female,General,18.7,Day Scholar,10.5,<2 LPA,0,0,0,64,88.0,93.5,96.0,90.2,93.8,92.2,92.8,92.9,-0.45,1,0,5.57,6.27,0.7,0,62.0,0,7.8,-3.5,17,6,4,0.5719,1,Uttar Pradesh,UP,67.7,57.2,23.2,16.8,Noida / Gautam Buddha Nagar,7.1,0,40.9,22.0,UNDERGRADUATE
UG_2026_1926,Male,OBC,21.5,Hosteler,0.5,5-8 LPA,2,1,0,2,71.2,59.5,66.2,60.7,68.0,66.2,74.2,69.9,3.13,4,1,8.36,8.51,0.15,0,79.1,0,7.5,-0.5,72,13,3,0.4973,0,Rajasthan,RJ,66.1,52.1,26.0,17.2,Jaisalmer,31.8,1,86.7,33.2,UNDERGRADUATE
UG_2026_1927,Female,General,20.3,Day Scholar,6.9,<2 LPA,0,0,1,0,65.8,69.1,70.4,61.6,63.8,77.2,62.6,68.0,-0.63,4,1,7.63,8.0,0.37,0,77.1,0,6.2,0.9,58,9,0,0.0489,0,Rajasthan,RJ,66.1,52.1,26.0,17.2,Kota,8.2,0,39.7,21.0,UNDERGRADUATE
UG_2026_1928,Female,SC,20.7,Hosteler,0.5,>8 LPA,3,0,1,6,67.5,80.1,83.9,66.9,75.8,82.1,81.2,80.2,2.69,0,0,7.49,7.88,0.39,0,77.1,0,8.8,-1.1,48,6,5,0.0345,0,Madhya Pradesh,MP,69.3,59.2,24.8,18.5,Indore,6.8,0,25.9,21.8,UNDERGRADUATE
UG_2026_1929,Female,General,21.1,Day Scholar,10.3,5-8 LPA,2,1,0,0,82.5,88.9,83.8,77.1,87.6,83.0,87.6,86.0,-0.02,2,0,8.21,9.24,1.03,0,89.6,0,10.9,-1.5,46,3,2,0.0188,0,Rajasthan,RJ,66.1,52.1,26.0,17.2,Kota,8.2,0,39.7,21.0,UNDERGRADUATE
UG_2026_1930,Male,General,20.4,Day Scholar,18.0,2-5 LPA,1,1,0,10,33.4,46.2,40.7,26.6,47.1,40.4,35.2,40.0,-5.95,16,1,5.23,4.77,-0.46,2,35.6,1,3.5,-3.5,84,18,1,0.9878,1,Uttar Pradesh,UP,67.7,57.2,23.2,16.8,Lucknow,8.5,0,33.8,24.1,UNDERGRADUATE
UG_2026_1931,Female,OBC,20.6,Day Scholar,8.8,5-8 LPA,2,0,0,2,49.8,54.7,54.6,60.0,52.9,54.3,56.9,55.0,2.02,6,1,7.03,6.51,-0.52,3,58.8,0,4.9,2.5,23,15,1,0.8672,1,Rajasthan,RJ,66.1,52.1,26.0,17.2,Jaipur,6.9,0,47.6,22.5,UNDERGRADUATE
UG_2026_1932,Male,General,17.7,Hosteler,0.5,<2 LPA,0,1,1,0,89.3,92.5,93.3,82.4,94.4,90.8,88.6,90.8,-2.89,1,0,5.04,4.74,-0.3,0,42.7,0,3.1,-5.3,32,9,3,0.6324,1,Uttar Pradesh,UP,67.7,57.2,23.2,16.8,Shravasti,49.6,1,96.5,48.2,UNDERGRADUATE
UG_2026_1933,Male,General,19.1,Day Scholar,11.5,2-5 LPA,1,0,1,3,86.0,85.2,86.1,79.4,68.6,82.5,86.6,80.6,8.99,2,0,8.58,8.15,-0.43,0,73.3,0,6.8,-2.0,85,12,5,0.0577,0,Haryana,HR,75.6,65.9,29.8,12.5,Nuh / Mewat,44.8,1,88.6,47.0,UNDERGRADUATE
UG_2026_1934,Male,ST,21.2,Hosteler,0.5,>8 LPA,3,0,0,1,64.4,80.4,70.5,77.4,71.6,66.6,72.3,70.1,0.34,3,1,7.96,7.69,-0.27,0,74.4,0,4.2,-0.8,82,7,2,0.1901,0,Tamil Nadu,TN,80.1,73.4,51.4,8.1,Ramanathapuram,7.8,1,69.7,22.1,UNDERGRADUATE
UG_2026_1935,Female,ST,20.1,Hosteler,0.5,<2 LPA,0,1,1,3,62.6,70.4,67.1,63.6,83.7,68.1,62.8,69.8,-10.46,4,1,7.0,6.89,-0.11,0,57.8,0,6.0,-3.2,21,8,6,0.5769,1,Madhya Pradesh,MP,69.3,59.2,24.8,18.5,Indore,6.8,0,25.9,21.8,UNDERGRADUATE
UG_2026_1936,Male,General,20.4,Hosteler,0.5,2-5 LPA,1,0,0,14,97.7,93.3,100.0,79.0,90.2,94.3,98.3,94.9,4.05,0,0,4.9,5.17,0.27,0,53.3,0,4.9,-0.6,49,8,5,0.305,0,Gujarat,GJ,78.0,69.7,21.3,17.9,Dahod,40.5,1,88.0,38.1,UNDERGRADUATE
UG_2026_1937,Female,EWS,22.2,Hosteler,0.5,>8 LPA,3,1,1,3,34.9,49.6,60.1,53.5,47.5,51.5,44.2,47.6,-1.64,24,1,6.43,5.31,-1.12,3,57.8,0,1.8,-2.6,35,16,3,0.9989,1,Madhya Pradesh,MP,69.3,59.2,24.8,18.5,Indore,6.8,0,25.9,21.8,UNDERGRADUATE
UG_2026_1938,Male,OBC,23.6,Hosteler,0.5,<2 LPA,0,1,1,2,53.2,49.5,51.3,35.8,46.5,41.8,41.4,42.8,-2.54,17,1,9.19,8.39,-0.8,3,80.0,0,7.6,0.5,31,12,2,0.9106,1,Maharashtra,MH,82.3,75.9,32.3,11.2,Mumbai,2.1,0,0.0,19.5,UNDERGRADUATE
UG_2026_1939,Female,SC,21.2,Day Scholar,11.7,>8 LPA,3,0,1,0,84.1,83.7,86.6,100.0,84.4,94.6,100.0,94.2,7.8,0,0,6.94,8.05,1.11,0,78.4,0,3.0,-4.7,33,8,4,0.0265,0,Rajasthan,RJ,66.1,52.1,26.0,17.2,Jaipur,6.9,0,47.6,22.5,UNDERGRADUATE
UG_2026_1940,Male,SC,19.3,Hosteler,0.5,2-5 LPA,1,0,1,9,82.8,86.6,86.8,83.4,81.1,90.0,84.3,85.5,1.59,0,0,6.15,5.67,-0.48,1,46.0,0,5.2,2.2,32,11,2,0.2462,0,Gujarat,GJ,78.0,69.7,21.3,17.9,Dahod,40.5,1,88.0,38.1,UNDERGRADUATE
UG_2026_1941,Female,General,20.7,Day Scholar,7.7,<2 LPA,0,1,1,1,78.9,79.1,87.4,90.0,81.3,84.8,96.2,88.5,7.45,0,0,8.58,7.68,-0.9,0,61.2,0,8.8,-0.5,24,5,4,0.0217,0,Madhya Pradesh,MP,69.3,59.2,24.8,18.5,Indore,6.8,0,25.9,21.8,UNDERGRADUATE
UG_2026_1942,Female,OBC,20.4,Hosteler,0.5,<2 LPA,0,1,1,0,89.0,82.0,94.0,76.8,98.3,91.4,83.7,90.0,-7.27,0,0,7.79,8.0,0.21,0,72.4,0,9.9,-4.2,52,11,1,0.0432,0,Madhya Pradesh,MP,69.3,59.2,24.8,18.5,Indore,6.8,0,25.9,21.8,UNDERGRADUATE
UG_2026_1943,Male,General,20.7,Day Scholar,3.7,2-5 LPA,1,1,0,20,92.0,100.0,100.0,95.2,90.1,95.5,97.5,94.9,3.73,1,0,4.82,3.82,-1.0,0,43.6,0,4.8,-3.1,20,15,4,0.5385,1,Kerala,KL,94.0,92.1,43.2,3.2,Thiruvananthapuram,0.9,0,46.2,15.2,UNDERGRADUATE
UG_2026_1944,Male,SC,22.2,Day Scholar,27.5,2-5 LPA,1,0,0,0,89.1,90.3,94.0,73.7,85.7,86.9,86.0,86.2,0.17,1,0,8.08,8.94,0.86,0,81.4,0,5.4,-1.8,35,4,2,0.0191,0,Maharashtra,MH,82.3,75.9,32.3,11.2,Gadchiroli,28.5,1,89.0,28.9,UNDERGRADUATE
UG_2026_1945,Female,OBC,18.2,Hosteler,0.5,2-5 LPA,1,0,0,32,25.7,36.0,34.5,27.9,17.0,27.8,38.7,29.5,10.83,9,1,9.84,8.85,-0.99,4,89.0,0,5.3,2.4,34,11,3,0.8957,1,Tamil Nadu,TN,80.1,73.4,51.4,8.1,Coimbatore,2.1,0,24.2,18.9,UNDERGRADUATE
UG_2026_1946,Female,OBC,19.9,Hosteler,0.5,2-5 LPA,1,0,0,3,31.6,24.7,32.8,34.3,29.6,33.3,32.8,32.2,1.58,9,1,8.3,7.34,-0.96,0,64.6,1,3.8,3.2,21,12,3,0.6821,1,Madhya Pradesh,MP,69.3,59.2,24.8,18.5,Indore,6.8,0,25.9,21.8,UNDERGRADUATE
UG_2026_1947,Female,OBC,20.5,Day Scholar,11.3,<2 LPA,0,1,1,0,71.2,68.0,74.2,64.6,77.7,78.3,75.9,77.2,-0.9,0,0,6.56,7.21,0.65,0,69.8,0,8.7,-2.3,54,8,3,0.1686,0,Maharashtra,MH,82.3,75.9,32.3,11.2,Mumbai,2.1,0,0.0,19.5,UNDERGRADUATE
UG_2026_1948,Female,SC,20.1,Day Scholar,5.1,5-8 LPA,2,0,1,1,87.8,100.0,96.1,83.4,81.2,89.9,97.1,90.6,7.95,2,0,7.02,7.15,0.13,0,68.9,0,6.1,-1.6,41,6,3,0.0313,0,Rajasthan,RJ,66.1,52.1,26.0,17.2,Jaipur,6.9,0,47.6,22.5,UNDERGRADUATE
UG_2026_1949,Male,OBC,20.5,Hosteler,0.5,2-5 LPA,1,1,0,0,93.7,87.4,89.8,74.2,80.2,84.3,91.0,86.0,5.41,1,0,4.52,4.31,-0.21,0,38.1,0,3.6,-2.2,36,10,2,0.5947,1,Karnataka,KA,75.4,68.1,36.2,12.0,Raichur,36.8,1,74.6,34.0,UNDERGRADUATE
UG_2026_1950,Female,EWS,21.1,Hosteler,0.5,<2 LPA,0,1,1,0,72.7,74.3,82.3,70.8,72.1,71.5,69.9,71.0,-1.1,6,1,8.76,8.62,-0.14,0,82.7,0,9.2,-1.2,43,7,2,0.019,0,Uttar Pradesh,UP,67.7,57.2,23.2,16.8,Lucknow,8.5,0,33.8,24.1,UNDERGRADUATE
UG_2026_1951,Female,General,19.0,Day Scholar,6.0,2-5 LPA,1,0,0,3,87.2,89.8,91.5,77.1,84.7,78.9,82.7,81.9,-0.99,1,0,8.58,9.31,0.73,0,80.6,0,9.1,0.7,64,5,6,0.0591,0,Gujarat,GJ,78.0,69.7,21.3,17.9,Ahmedabad,3.8,0,15.9,20.2,UNDERGRADUATE
UG_2026_1952,Female,OBC,19.5,Hosteler,0.5,2-5 LPA,1,0,0,1,98.5,96.1,97.1,100.0,84.5,94.7,98.5,93.7,6.97,2,0,5.74,5.57,-0.17,0,42.9,0,9.9,1.6,39,11,3,0.1372,0,Madhya Pradesh,MP,69.3,59.2,24.8,18.5,Indore,6.8,0,25.9,21.8,UNDERGRADUATE
UG_2026_1953,Male,General,21.2,Day Scholar,4.3,>8 LPA,3,0,0,1,89.5,85.8,85.6,72.0,81.1,95.1,85.5,87.8,2.18,0,0,9.81,9.57,-0.24,0,89.6,0,8.9,0.7,27,3,3,0.0679,0,Rajasthan,RJ,66.1,52.1,26.0,17.2,Barmer,34.2,1,93.0,35.8,UNDERGRADUATE
UG_2026_1954,Male,General,19.6,Day Scholar,24.4,5-8 LPA,2,0,0,0,80.2,74.3,74.7,73.4,58.2,74.5,87.3,75.6,14.55,1,0,6.37,5.68,-0.69,0,52.0,0,6.2,0.2,44,14,2,0.2458,0,Maharashtra,MH,82.3,75.9,32.3,11.2,Gadchiroli,28.5,1,89.0,28.9,UNDERGRADUATE
UG_2026_1955,Female,General,19.8,Day Scholar,35.3,<2 LPA,0,0,0,16,86.1,82.4,94.1,95.3,85.9,85.8,88.9,87.1,1.53,2,0,5.85,5.98,0.13,0,60.9,0,3.7,-0.4,50,11,5,0.6254,1,Haryana,HR,75.6,65.9,29.8,12.5,Gurugram,2.5,0,31.2,20.5,UNDERGRADUATE
UG_2026_1956,Male,EWS,19.1,Hosteler,0.5,<2 LPA,0,1,1,2,82.4,78.4,82.5,75.3,86.6,83.8,72.6,80.0,-6.97,2,0,6.71,6.71,0.0,0,66.4,0,7.9,2.2,53,15,1,0.6935,1,Gujarat,GJ,78.0,69.7,21.3,17.9,Narmada,32.4,1,89.5,30.5,UNDERGRADUATE
UG_2026_1957,Male,General,20.5,Day Scholar,13.6,5-8 LPA,2,0,0,4,67.8,63.9,62.1,53.8,69.9,57.5,63.4,63.0,-3.24,9,1,9.85,8.97,-0.88,1,86.1,0,4.6,-1.0,50,6,3,0.8404,1,Madhya Pradesh,MP,69.3,59.2,24.8,18.5,Barwani,46.1,1,85.5,37.1,UNDERGRADUATE
UG_2026_1958,Female,SC,19.8,Hosteler,0.5,2-5 LPA,1,1,1,0,78.5,69.7,67.7,62.7,74.2,66.4,66.0,68.2,-4.07,3,1,8.06,8.07,0.01,0,70.5,0,5.8,-1.6,38,12,2,0.0965,0,Madhya Pradesh,MP,69.3,59.2,24.8,18.5,Bhopal,9.4,0,19.1,23.4,UNDERGRADUATE
UG_2026_1959,Male,General,18.2,Day Scholar,16.1,5-8 LPA,2,0,0,8,37.2,27.6,42.7,28.8,47.8,43.6,31.6,39.8,-8.12,23,1,4.88,3.32,-1.56,2,26.1,1,3.5,4.7,20,17,1,0.9996,1,Karnataka,KA,75.4,68.1,36.2,12.0,Raichur,36.8,1,74.6,34.0,UNDERGRADUATE
UG_2026_1960,Female,General,19.5,Hosteler,0.5,<2 LPA,0,0,1,18,55.4,62.0,66.1,63.2,61.9,67.2,56.7,61.7,-2.59,11,1,6.21,6.97,0.76,1,62.6,0,5.9,3.4,39,9,1,0.5277,1,Gujarat,GJ,78.0,69.7,21.3,17.9,Ahmedabad,3.8,0,15.9,20.2,UNDERGRADUATE
UG_2026_1961,Male,General,20.4,Hosteler,0.5,>8 LPA,3,0,0,2,83.9,93.2,78.9,85.9,88.1,85.3,78.5,83.3,-4.79,2,0,8.2,8.8,0.6,0,81.8,0,7.8,0.3,24,6,5,0.0733,0,Madhya Pradesh,MP,69.3,59.2,24.8,18.5,Barwani,46.1,1,85.5,37.1,UNDERGRADUATE
UG_2026_1962,Female,SC,19.9,Hosteler,0.5,2-5 LPA,1,0,1,8,86.0,79.3,94.4,83.3,90.0,78.2,75.2,80.0,-7.4,0,0,6.61,6.89,0.28,0,71.5,0,7.6,0.4,61,12,4,0.0994,0,Bihar,BR,61.8,51.5,14.5,21.4,Muzaffarpur,35.1,1,90.3,38.0,UNDERGRADUATE
UG_2026_1963,Male,General,18.6,Hosteler,0.5,5-8 LPA,2,0,0,7,41.0,49.0,51.2,56.3,47.7,41.7,55.4,48.7,3.87,19,1,6.94,6.23,-0.71,2,53.9,0,3.4,2.0,12,13,1,0.9463,1,Kerala,KL,94.0,92.1,43.2,3.2,Thiruvananthapuram,0.9,0,46.2,15.2,UNDERGRADUATE
UG_2026_1964,Female,General,19.5,Day Scholar,9.1,5-8 LPA,2,1,0,3,53.1,55.7,64.2,53.8,70.2,49.1,54.9,56.7,-7.61,4,1,8.87,8.83,-0.04,1,84.1,0,7.7,1.1,42,8,1,0.4781,0,Kerala,KL,94.0,92.1,43.2,3.2,Ernakulam,0.6,0,31.9,14.8,UNDERGRADUATE
UG_2026_1965,Male,General,20.6,Hosteler,0.5,<2 LPA,0,1,0,3,85.3,83.5,98.3,82.2,84.7,96.4,93.8,92.4,4.56,1,0,5.64,5.81,0.17,0,61.4,0,7.2,-4.1,37,10,2,0.3021,0,Rajasthan,RJ,66.1,52.1,26.0,17.2,Jaisalmer,31.8,1,86.7,33.2,UNDERGRADUATE
UG_2026_1966,Male,SC,23.0,Day Scholar,12.6,>8 LPA,3,0,0,2,98.5,91.8,99.9,85.8,100.0,100.0,95.9,98.4,-2.03,0,0,8.13,8.28,0.15,0,72.8,0,9.0,-4.3,83,7,6,0.1392,0,Bihar,BR,61.8,51.5,14.5,21.4,Purnia,50.4,1,89.2,42.1,UNDERGRADUATE
UG_2026_1967,Female,General,17.9,Day Scholar,10.7,>8 LPA,3,0,1,6,64.1,54.6,63.7,56.8,50.8,48.9,63.3,55.1,6.21,4,1,6.1,5.72,-0.38,2,57.7,0,5.1,2.4,26,12,3,0.5983,1,Karnataka,KA,75.4,68.1,36.2,12.0,Bengaluru Urban,1.8,0,9.1,18.2,UNDERGRADUATE
UG_2026_1968,Female,EWS,20.1,Hosteler,0.5,2-5 LPA,1,0,0,0,68.0,63.6,63.5,60.1,62.6,60.8,62.0,61.7,-0.33,5,1,6.84,6.2,-0.64,1,58.5,0,3.1,1.7,29,10,3,0.7224,1,Gujarat,GJ,78.0,69.7,21.3,17.9,Ahmedabad,3.8,0,15.9,20.2,UNDERGRADUATE
UG_2026_1969,Female,SC,21.9,Day Scholar,10.2,5-8 LPA,2,0,0,2,86.9,94.0,95.3,79.3,91.1,83.1,78.2,83.2,-6.43,0,0,6.91,8.15,1.24,0,79.3,0,5.7,-0.3,19,8,5,0.0841,0,Madhya Pradesh,MP,69.3,59.2,24.8,18.5,Indore,6.8,0,25.9,21.8,UNDERGRADUATE
UG_2026_1970,Male,OBC,19.9,Day Scholar,9.8,5-8 LPA,2,0,0,4,69.2,62.7,70.1,45.3,59.3,69.7,65.5,65.4,3.1,4,1,7.87,6.96,-0.91,0,61.8,0,6.3,-0.3,31,9,0,0.4266,0,Karnataka,KA,75.4,68.1,36.2,12.0,Yadgir,39.4,1,81.2,36.5,UNDERGRADUATE
UG_2026_1971,Female,OBC,20.3,Hosteler,0.5,5-8 LPA,2,0,0,4,76.5,78.1,91.5,89.3,100.0,85.7,69.3,82.7,-15.34,0,0,8.16,7.77,-0.39,0,72.8,0,4.7,-2.4,51,9,3,0.3358,0,Haryana,HR,75.6,65.9,29.8,12.5,Gurugram,2.5,0,31.2,20.5,UNDERGRADUATE
UG_2026_1972,Male,OBC,18.9,Day Scholar,6.9,2-5 LPA,1,0,0,4,73.1,58.8,77.3,58.5,72.5,65.1,64.9,66.8,-3.79,4,1,7.03,6.95,-0.08,0,65.8,0,5.0,-0.2,48,14,4,0.5373,1,Bihar,BR,61.8,51.5,14.5,21.4,Katihar,48.7,1,91.1,44.3,UNDERGRADUATE
UG_2026_1973,Male,General,21.7,Hosteler,0.5,>8 LPA,3,0,0,2,96.6,100.0,100.0,94.8,99.8,94.3,97.5,97.0,-1.14,2,0,8.87,9.36,0.49,0,83.3,0,8.0,-2.4,85,6,0,0.0236,0,Bihar,BR,61.8,51.5,14.5,21.4,Patna,18.2,0,56.4,28.5,UNDERGRADUATE
UG_2026_1974,Male,General,22.0,Hosteler,0.5,2-5 LPA,1,0,0,10,82.5,84.8,90.3,84.1,87.4,82.3,85.0,84.7,-1.19,1,0,9.36,9.74,0.38,0,94.9,0,8.0,-1.3,39,4,7,0.0164,0,Gujarat,GJ,78.0,69.7,21.3,17.9,Narmada,32.4,1,89.5,30.5,UNDERGRADUATE
UG_2026_1975,Female,SC,20.6,Hosteler,0.5,<2 LPA,0,1,1,34,63.6,66.7,71.9,54.3,63.5,54.8,56.1,57.5,-3.7,10,1,8.04,7.61,-0.43,4,69.1,0,6.9,-1.7,20,9,1,0.9166,1,Bihar,BR,61.8,51.5,14.5,21.4,Muzaffarpur,35.1,1,90.3,38.0,UNDERGRADUATE
UG_2026_1976,Male,General,22.5,Hosteler,0.5,<2 LPA,0,1,0,19,95.7,96.6,94.4,94.3,95.7,93.7,88.7,92.2,-3.47,2,0,6.34,7.44,1.1,0,66.9,0,8.1,-2.5,47,9,6,0.151,0,Maharashtra,MH,82.3,75.9,32.3,11.2,Gadchiroli,28.5,1,89.0,28.9,UNDERGRADUATE
UG_2026_1977,Male,OBC,17.6,Hosteler,0.5,2-5 LPA,1,0,1,0,100.0,94.8,100.0,99.3,99.3,93.2,100.0,97.5,0.35,2,0,4.97,5.33,0.36,0,55.9,0,11.0,2.5,116,8,5,0.0254,0,Madhya Pradesh,MP,69.3,59.2,24.8,18.5,Alirajpur,52.0,1,92.2,39.5,UNDERGRADUATE
UG_2026_1978,Female,General,20.9,Hosteler,0.5,2-5 LPA,1,0,1,0,83.6,75.8,81.1,66.0,72.2,84.4,89.0,83.2,8.38,0,0,4.78,4.89,0.11,0,36.0,0,3.2,-4.1,31,20,3,0.4432,0,Tamil Nadu,TN,80.1,73.4,51.4,8.1,Coimbatore,2.1,0,24.2,18.9,UNDERGRADUATE
UG_2026_1979,Male,OBC,19.4,Day Scholar,20.3,2-5 LPA,1,1,0,3,38.4,34.5,38.2,45.3,39.1,30.2,25.9,30.7,-6.58,15,1,9.95,8.63,-1.32,2,87.4,0,5.8,1.6,20,13,3,0.9148,1,Bihar,BR,61.8,51.5,14.5,21.4,Patna,18.2,0,56.4,28.5,UNDERGRADUATE
UG_2026_1980,Female,General,19.8,Hosteler,0.5,2-5 LPA,1,1,0,4,95.9,86.9,89.2,93.4,98.6,87.2,79.4,87.0,-9.59,0,0,6.96,7.46,0.5,0,72.5,0,9.6,1.6,32,6,3,0.081,0,Kerala,KL,94.0,92.1,43.2,3.2,Ernakulam,0.6,0,31.9,14.8,UNDERGRADUATE
UG_2026_1981,Female,SC,21.8,Day Scholar,8.3,2-5 LPA,1,1,1,0,90.3,87.6,84.6,96.8,85.9,88.3,88.5,87.8,1.29,1,0,7.04,7.62,0.58,0,75.4,0,10.3,1.3,19,5,3,0.0178,0,Maharashtra,MH,82.3,75.9,32.3,11.2,Pune,3.9,0,39.1,21.0,UNDERGRADUATE
UG_2026_1982,Male,OBC,18.8,Day Scholar,9.8,<2 LPA,0,0,1,0,51.1,53.7,61.4,53.0,55.0,53.0,46.4,50.9,-4.29,9,1,6.41,5.94,-0.47,2,49.6,0,2.5,-1.3,32,17,4,0.5164,1,Bihar,BR,61.8,51.5,14.5,21.4,Purnia,50.4,1,89.2,42.1,UNDERGRADUATE
UG_2026_1983,Female,OBC,17.6,Hosteler,0.5,<2 LPA,0,0,1,3,91.3,90.7,91.0,81.4,94.9,75.7,88.3,85.5,-3.34,0,0,7.94,7.74,-0.2,0,70.5,0,7.9,0.4,32,10,3,0.0494,0,Maharashtra,MH,82.3,75.9,32.3,11.2,Mumbai,2.1,0,0.0,19.5,UNDERGRADUATE
UG_2026_1984,Female,General,20.7,Day Scholar,9.3,<2 LPA,0,1,0,31,59.4,73.2,76.6,67.6,75.2,76.9,59.6,69.6,-7.77,6,1,8.45,7.97,-0.48,0,69.5,0,9.7,0.5,74,9,2,0.4766,0,Bihar,BR,61.8,51.5,14.5,21.4,Muzaffarpur,35.1,1,90.3,38.0,UNDERGRADUATE
UG_2026_1985,Male,SC,17.5,Hosteler,0.5,2-5 LPA,1,0,0,48,83.5,88.3,94.3,81.8,83.4,86.4,95.1,89.2,5.84,1,0,7.65,7.86,0.21,0,75.9,0,5.8,-2.5,60,4,1,0.1065,0,Haryana,HR,75.6,65.9,29.8,12.5,Nuh / Mewat,44.8,1,88.6,47.0,UNDERGRADUATE
UG_2026_1986,Male,OBC,20.0,Day Scholar,2.7,<2 LPA,0,1,0,31,51.1,42.4,53.4,47.4,48.0,48.9,45.5,47.3,-1.27,14,1,6.6,5.97,-0.63,1,58.6,1,3.2,-2.8,44,14,0,0.9909,1,Tamil Nadu,TN,80.1,73.4,51.4,8.1,Ramanathapuram,7.8,1,69.7,22.1,UNDERGRADUATE
UG_2026_1987,Male,OBC,20.3,Day Scholar,10.4,2-5 LPA,1,1,0,31,89.8,89.9,90.5,90.3,82.8,89.5,100.0,92.0,8.6,1,0,7.95,8.94,0.99,0,92.0,0,8.1,-2.2,80,6,2,0.0713,0,Kerala,KL,94.0,92.1,43.2,3.2,Thiruvananthapuram,0.9,0,46.2,15.2,UNDERGRADUATE
UG_2026_1988,Male,OBC,19.2,Day Scholar,9.4,<2 LPA,0,1,1,5,45.3,54.8,57.4,38.9,52.9,56.1,56.3,55.4,1.7,4,1,7.98,7.31,-0.67,4,72.8,1,4.3,-1.4,40,9,2,0.6909,1,Uttar Pradesh,UP,67.7,57.2,23.2,16.8,Shravasti,49.6,1,96.5,48.2,UNDERGRADUATE
UG_2026_1989,Female,General,18.5,Hosteler,0.5,<2 LPA,0,1,0,62,75.8,77.4,73.8,78.1,77.2,72.2,75.7,74.8,-0.76,2,1,7.96,7.8,-0.16,0,76.2,0,7.1,-4.2,84,6,1,0.9218,1,Madhya Pradesh,MP,69.3,59.2,24.8,18.5,Indore,6.8,0,25.9,21.8,UNDERGRADUATE
UG_2026_1990,Female,OBC,19.6,Day Scholar,15.7,>8 LPA,3,0,0,3,49.8,53.8,63.4,56.8,61.6,53.1,56.3,56.5,-2.63,5,1,9.95,8.96,-0.99,4,82.8,0,7.8,1.9,53,8,4,0.6043,1,Gujarat,GJ,78.0,69.7,21.3,17.9,Ahmedabad,3.8,0,15.9,20.2,UNDERGRADUATE
UG_2026_1991,Male,EWS,19.0,Hosteler,0.5,2-5 LPA,1,0,1,3,56.4,51.7,64.0,59.2,58.9,64.3,60.6,61.5,0.83,8,1,8.29,8.12,-0.17,0,78.0,0,9.8,2.8,28,9,3,0.3329,0,Haryana,HR,75.6,65.9,29.8,12.5,Nuh / Mewat,44.8,1,88.6,47.0,UNDERGRADUATE
UG_2026_1992,Male,General,21.2,Day Scholar,19.8,5-8 LPA,2,0,0,3,77.1,72.2,77.3,68.2,83.2,74.3,82.7,79.8,-0.26,0,0,7.09,6.97,-0.12,0,65.1,0,9.3,1.3,51,12,2,0.0628,0,Karnataka,KA,75.4,68.1,36.2,12.0,Raichur,36.8,1,74.6,34.0,UNDERGRADUATE
UG_2026_1993,Male,SC,19.4,Hosteler,0.5,>8 LPA,3,0,1,8,94.1,90.8,93.9,94.5,91.4,87.6,90.9,89.9,-0.23,2,0,4.82,5.01,0.19,0,47.5,0,6.1,3.2,21,16,2,0.2892,0,Karnataka,KA,75.4,68.1,36.2,12.0,Raichur,36.8,1,74.6,34.0,UNDERGRADUATE
UG_2026_1994,Male,General,21.4,Hosteler,0.5,2-5 LPA,1,1,0,24,77.9,80.4,85.8,86.0,75.9,83.1,81.5,80.7,2.81,1,0,7.67,8.04,0.37,0,82.1,0,9.3,-2.6,40,7,2,0.0423,0,Rajasthan,RJ,66.1,52.1,26.0,17.2,Barmer,34.2,1,93.0,35.8,UNDERGRADUATE
UG_2026_1995,Male,General,20.5,Day Scholar,8.3,5-8 LPA,2,0,0,2,81.8,86.7,88.1,87.1,68.1,90.3,92.5,85.6,12.19,1,0,6.71,6.66,-0.05,0,66.6,0,4.9,-2.8,53,6,3,0.0697,0,Uttar Pradesh,UP,67.7,57.2,23.2,16.8,Shravasti,49.6,1,96.5,48.2,UNDERGRADUATE
UG_2026_1996,Female,EWS,20.9,Day Scholar,8.6,5-8 LPA,2,0,1,0,70.2,67.1,70.5,75.7,65.6,63.7,62.0,63.5,-1.77,4,1,5.09,4.59,-0.5,2,38.3,0,4.8,4.0,22,12,0,0.8502,1,Uttar Pradesh,UP,67.7,57.2,23.2,16.8,Noida / Gautam Buddha Nagar,7.1,0,40.9,22.0,UNDERGRADUATE
UG_2026_1997,Male,General,19.5,Hosteler,0.5,2-5 LPA,1,1,0,14,76.4,91.5,92.6,79.6,82.0,77.8,87.8,82.9,2.89,1,0,6.29,6.86,0.57,0,68.2,0,7.0,-4.8,37,6,3,0.1327,0,Karnataka,KA,75.4,68.1,36.2,12.0,Raichur,36.8,1,74.6,34.0,UNDERGRADUATE
UG_2026_1998,Male,General,20.3,Day Scholar,10.5,2-5 LPA,1,0,0,23,49.6,59.1,59.4,35.2,55.4,51.7,50.5,52.2,-2.43,11,1,5.84,5.67,-0.17,2,54.7,1,5.5,0.6,30,12,2,0.99,1,Tamil Nadu,TN,80.1,73.4,51.4,8.1,Ramanathapuram,7.8,1,69.7,22.1,UNDERGRADUATE
UG_2026_1999,Male,ST,20.8,Day Scholar,18.1,<2 LPA,0,1,1,3,69.4,68.6,74.1,66.6,66.5,65.9,71.3,68.2,2.41,3,1,6.17,6.34,0.17,0,50.3,0,2.8,1.9,35,14,0,0.4034,0,Rajasthan,RJ,66.1,52.1,26.0,17.2,Jaisalmer,31.8,1,86.7,33.2,UNDERGRADUATE
UG_2026_2000,Male,OBC,19.5,Hosteler,0.5,2-5 LPA,1,1,0,4,84.3,68.8,80.3,73.2,76.9,72.5,76.7,75.3,-0.1,0,0,4.15,4.89,0.74,0,48.2,0,3.5,-0.4,25,10,1,0.8568,1,Madhya Pradesh,MP,69.3,59.2,24.8,18.5,Barwani,46.1,1,85.5,37.1,UNDERGRADUATE
