student_id,educational_tier,gender,age,stream,family_income_slab,is_first_generation,class_10_board_pct,attendance_percentage,attendance_risk_flag,stream_preference_match,coaching_financial_strain,mid_term_board_sim_score,vocational_practical_att_pct,family_debt_pressure_flag,consecutive_absences,state,state_code,state_literacy_rate,state_female_literacy,state_ger_higher_ed,state_dropout_rate_secondary,district,district_mpi_pct,is_aspirational_district,district_rurality_pct,district_ptr_ratio,ground_truth_risk_prob,is_dropout
HSC_2026_0001,HIGHER_SECONDARY,Male,17,Science (PCM),5-10 LPA,0,83.7,56.3,1,0,0.23,46.4,53.4,0,0,Karnataka,KA,75.4,68.1,36.2,12.0,Raichur,36.8,1,74.6,34.0,0.7068,1
HSC_2026_0002,HIGHER_SECONDARY,Female,17,Commerce,2-5 LPA,0,53.2,58.1,1,0,0.23,15.0,62.6,0,3,Karnataka,KA,75.4,68.1,36.2,12.0,Bengaluru Urban,1.8,0,9.1,18.2,0.8469,1
HSC_2026_0003,HIGHER_SECONDARY,Male,17,Commerce,2-5 LPA,1,82.1,86.8,0,1,0.49,60.0,82.5,0,2,Kerala,KL,94.0,92.1,43.2,3.2,Thiruvananthapuram,0.9,0,46.2,15.2,0.1369,0
HSC_2026_0004,HIGHER_SECONDARY,Female,18,Vocational / ITI,2-5 LPA,0,58.6,78.3,0,1,0.53,57.1,95.1,0,7,Madhya Pradesh,MP,69.3,59.2,24.8,18.5,Barwani,46.1,1,85.5,37.1,0.4294,0
HSC_2026_0005,HIGHER_SECONDARY,Male,18,Vocational / ITI,2-5 LPA,0,71.7,52.5,1,1,0.65,46.6,55.9,0,4,Kerala,KL,94.0,92.1,43.2,3.2,Thiruvananthapuram,0.9,0,46.2,15.2,0.5792,1
HSC_2026_0006,HIGHER_SECONDARY,Male,18,Arts / Humanities,>10 LPA,0,65.4,78.5,0,1,0.65,51.5,73.5,0,4,Madhya Pradesh,MP,69.3,59.2,24.8,18.5,Alirajpur,52.0,1,92.2,39.5,0.466,0
HSC_2026_0007,HIGHER_SECONDARY,Male,16,Commerce,5-10 LPA,0,75.8,88.4,0,1,0.4,46.5,92.9,0,1,Uttar Pradesh,UP,67.7,57.2,23.2,16.8,Noida / Gautam Buddha Nagar,7.1,0,40.9,22.0,0.1902,0
HSC_2026_0008,HIGHER_SECONDARY,Female,18,Vocational / ITI,<2 LPA,0,75.3,90.7,0,1,0.84,65.0,85.9,0,5,Maharashtra,MH,82.3,75.9,32.3,11.2,Pune,3.9,0,39.1,21.0,0.162,0
HSC_2026_0009,HIGHER_SECONDARY,Female,18,Science (PCB),<2 LPA,0,69.4,94.8,0,1,0.91,43.4,100.0,0,3,Haryana,HR,75.6,65.9,29.8,12.5,Nuh / Mewat,44.8,1,88.6,47.0,0.383,0
HSC_2026_0010,HIGHER_SECONDARY,Male,17,Science (PCM),<2 LPA,1,57.5,69.4,1,0,0.74,37.8,57.0,0,2,Gujarat,GJ,78.0,69.7,21.3,17.9,Dahod,40.5,1,88.0,38.1,0.7829,1
HSC_2026_0011,HIGHER_SECONDARY,Female,17,Arts / Humanities,2-5 LPA,0,60.1,80.7,0,1,0.66,35.0,84.8,0,2,Madhya Pradesh,MP,69.3,59.2,24.8,18.5,Bhopal,9.4,0,19.1,23.4,0.4031,0
HSC_2026_0012,HIGHER_SECONDARY,Male,16,Vocational / ITI,2-5 LPA,0,98.0,87.1,0,1,0.61,74.2,84.3,1,4,Gujarat,GJ,78.0,69.7,21.3,17.9,Dahod,40.5,1,88.0,38.1,0.2897,0
HSC_2026_0013,HIGHER_SECONDARY,Male,18,Science (PCB),<2 LPA,1,65.9,85.6,0,1,0.72,57.1,94.4,0,3,Gujarat,GJ,78.0,69.7,21.3,17.9,Narmada,32.4,1,89.5,30.5,0.2775,0
HSC_2026_0014,HIGHER_SECONDARY,Male,18,Science (PCB),2-5 LPA,0,87.3,83.3,0,1,0.54,63.6,87.4,0,4,Gujarat,GJ,78.0,69.7,21.3,17.9,Narmada,32.4,1,89.5,30.5,0.2382,0
HSC_2026_0015,HIGHER_SECONDARY,Male,16,Arts / Humanities,5-10 LPA,1,78.2,67.3,1,1,0.37,60.6,72.2,1,5,Tamil Nadu,TN,80.1,73.4,51.4,8.1,Ramanathapuram,7.8,1,69.7,22.1,0.4558,0
HSC_2026_0016,HIGHER_SECONDARY,Female,16,Commerce,<2 LPA,0,54.9,97.9,0,1,0.55,50.7,87.6,1,6,Uttar Pradesh,UP,67.7,57.2,23.2,16.8,Varanasi,16.3,0,56.6,29.4,0.3361,0
HSC_2026_0017,HIGHER_SECONDARY,Male,16,Science (PCB),2-5 LPA,1,87.6,79.9,0,1,0.75,70.4,68.0,0,1,Karnataka,KA,75.4,68.1,36.2,12.0,Raichur,36.8,1,74.6,34.0,0.2135,0
HSC_2026_0018,HIGHER_SECONDARY,Female,17,Arts / Humanities,<2 LPA,0,68.2,76.1,0,0,0.83,40.2,81.4,1,11,Haryana,HR,75.6,65.9,29.8,12.5,Nuh / Mewat,44.8,1,88.6,47.0,0.9188,1
HSC_2026_0019,HIGHER_SECONDARY,Male,17,Science (PCB),<2 LPA,1,64.7,51.6,1,1,0.66,55.8,53.4,1,3,Bihar,BR,61.8,51.5,14.5,21.4,Muzaffarpur,35.1,1,90.3,38.0,0.7502,1
HSC_2026_0020,HIGHER_SECONDARY,Male,18,Vocational / ITI,5-10 LPA,1,67.3,85.6,0,0,0.07,54.3,91.4,0,4,Tamil Nadu,TN,80.1,73.4,51.4,8.1,Coimbatore,2.1,0,24.2,18.9,0.2853,1
HSC_2026_0021,HIGHER_SECONDARY,Male,18,Science (PCM),2-5 LPA,1,63.7,65.2,1,1,0.8,44.0,65.6,0,3,Bihar,BR,61.8,51.5,14.5,21.4,Katihar,48.7,1,91.1,44.3,0.6594,1
HSC_2026_0022,HIGHER_SECONDARY,Male,17,Science (PCB),2-5 LPA,0,60.9,35.3,1,0,0.41,41.0,31.7,0,4,Madhya Pradesh,MP,69.3,59.2,24.8,18.5,Bhopal,9.4,0,19.1,23.4,0.8773,1
HSC_2026_0023,HIGHER_SECONDARY,Female,18,Arts / Humanities,<2 LPA,0,98.0,79.1,0,1,0.82,88.7,83.6,1,1,Madhya Pradesh,MP,69.3,59.2,24.8,18.5,Barwani,46.1,1,85.5,37.1,0.2454,0
HSC_2026_0024,HIGHER_SECONDARY,Male,17,Science (PCB),<2 LPA,1,63.4,86.6,0,1,0.87,39.6,81.2,0,0,Madhya Pradesh,MP,69.3,59.2,24.8,18.5,Indore,6.8,0,25.9,21.8,0.3005,0
HSC_2026_0025,HIGHER_SECONDARY,Male,17,Arts / Humanities,2-5 LPA,0,80.8,86.3,0,1,0.75,70.2,93.1,0,2,Karnataka,KA,75.4,68.1,36.2,12.0,Raichur,36.8,1,74.6,34.0,0.1858,0
HSC_2026_0026,HIGHER_SECONDARY,Female,18,Vocational / ITI,2-5 LPA,0,75.5,60.3,1,1,0.93,57.4,56.6,0,2,Madhya Pradesh,MP,69.3,59.2,24.8,18.5,Barwani,46.1,1,85.5,37.1,0.5799,1
HSC_2026_0027,HIGHER_SECONDARY,Male,17,Science (PCM),<2 LPA,1,88.9,70.4,1,1,0.86,86.9,77.1,0,1,Haryana,HR,75.6,65.9,29.8,12.5,Gurugram,2.5,0,31.2,20.5,0.121,1
HSC_2026_0028,HIGHER_SECONDARY,Male,18,Vocational / ITI,2-5 LPA,0,75.5,64.5,1,0,0.93,49.3,59.2,0,4,Bihar,BR,61.8,51.5,14.5,21.4,Gaya,38.6,1,86.8,36.2,0.7874,1
HSC_2026_0029,HIGHER_SECONDARY,Female,16,Arts / Humanities,5-10 LPA,0,68.7,71.8,1,1,0.2,56.5,64.6,0,3,Gujarat,GJ,78.0,69.7,21.3,17.9,Dahod,40.5,1,88.0,38.1,0.3429,0
HSC_2026_0030,HIGHER_SECONDARY,Female,18,Commerce,<2 LPA,0,62.0,87.7,0,1,0.39,58.6,91.1,0,2,Madhya Pradesh,MP,69.3,59.2,24.8,18.5,Bhopal,9.4,0,19.1,23.4,0.1454,0
HSC_2026_0031,HIGHER_SECONDARY,Male,17,Science (PCM),<2 LPA,0,57.4,42.7,1,0,0.67,38.8,43.7,1,6,Kerala,KL,94.0,92.1,43.2,3.2,Thiruvananthapuram,0.9,0,46.2,15.2,0.9328,1
HSC_2026_0032,HIGHER_SECONDARY,Male,18,Commerce,5-10 LPA,0,83.8,69.9,1,1,0.47,58.2,80.1,0,2,Madhya Pradesh,MP,69.3,59.2,24.8,18.5,Barwani,46.1,1,85.5,37.1,0.3941,0
HSC_2026_0033,HIGHER_SECONDARY,Female,17,Science (PCB),2-5 LPA,0,87.5,59.4,1,1,0.61,75.3,73.0,0,1,Maharashtra,MH,82.3,75.9,32.3,11.2,Nandurbar,33.1,1,83.3,32.4,0.3027,0
HSC_2026_0034,HIGHER_SECONDARY,Female,18,Vocational / ITI,2-5 LPA,1,68.2,70.3,1,1,0.83,61.6,86.5,0,2,Bihar,BR,61.8,51.5,14.5,21.4,Purnia,50.4,1,89.2,42.1,0.4384,0
HSC_2026_0035,HIGHER_SECONDARY,Male,18,Arts / Humanities,2-5 LPA,0,75.9,75.8,0,1,0.62,56.4,82.9,0,0,Haryana,HR,75.6,65.9,29.8,12.5,Nuh / Mewat,44.8,1,88.6,47.0,0.3399,0
HSC_2026_0036,HIGHER_SECONDARY,Male,16,Vocational / ITI,<2 LPA,0,95.2,64.2,1,1,0.56,77.5,70.3,1,1,Bihar,BR,61.8,51.5,14.5,21.4,Katihar,48.7,1,91.1,44.3,0.4356,0
HSC_2026_0037,HIGHER_SECONDARY,Female,18,Arts / Humanities,5-10 LPA,0,49.4,74.3,1,0,0.49,24.0,79.4,0,7,Tamil Nadu,TN,80.1,73.4,51.4,8.1,Chennai,1.2,0,0.0,17.5,0.7745,1
HSC_2026_0038,HIGHER_SECONDARY,Male,17,Vocational / ITI,2-5 LPA,0,74.6,53.9,1,0,0.18,40.5,55.7,0,3,Rajasthan,RJ,66.1,52.1,26.0,17.2,Jaisalmer,31.8,1,86.7,33.2,0.7912,1
HSC_2026_0039,HIGHER_SECONDARY,Male,18,Arts / Humanities,2-5 LPA,1,72.4,85.1,0,1,0.82,56.4,87.1,1,0,Rajasthan,RJ,66.1,52.1,26.0,17.2,Kota,8.2,0,39.7,21.0,0.312,0
HSC_2026_0040,HIGHER_SECONDARY,Female,17,Science (PCB),2-5 LPA,1,74.8,34.1,1,0,0.71,40.3,45.8,0,12,Gujarat,GJ,78.0,69.7,21.3,17.9,Ahmedabad,3.8,0,15.9,20.2,0.9441,1
HSC_2026_0041,HIGHER_SECONDARY,Male,17,Science (PCM),2-5 LPA,1,63.2,92.4,0,1,0.53,42.7,87.3,0,2,Kerala,KL,94.0,92.1,43.2,3.2,Ernakulam,0.6,0,31.9,14.8,0.201,0
HSC_2026_0042,HIGHER_SECONDARY,Male,17,Vocational / ITI,>10 LPA,1,81.9,74.3,1,1,0.3,60.6,81.3,0,2,Haryana,HR,75.6,65.9,29.8,12.5,Nuh / Mewat,44.8,1,88.6,47.0,0.3002,0
HSC_2026_0043,HIGHER_SECONDARY,Male,17,Science (PCB),<2 LPA,1,79.7,100.0,0,1,0.67,57.6,95.3,1,4,Gujarat,GJ,78.0,69.7,21.3,17.9,Ahmedabad,3.8,0,15.9,20.2,0.2153,0
HSC_2026_0044,HIGHER_SECONDARY,Male,17,Science (PCM),5-10 LPA,0,92.3,51.4,1,1,0.14,69.6,58.7,0,1,Haryana,HR,75.6,65.9,29.8,12.5,Gurugram,2.5,0,31.2,20.5,0.2474,0
HSC_2026_0045,HIGHER_SECONDARY,Female,18,Vocational / ITI,2-5 LPA,0,69.8,62.5,1,1,0.55,61.3,55.8,1,2,Rajasthan,RJ,66.1,52.1,26.0,17.2,Barmer,34.2,1,93.0,35.8,0.5686,0
HSC_2026_0046,HIGHER_SECONDARY,Male,17,Arts / Humanities,<2 LPA,0,73.8,84.2,0,1,0.86,56.9,82.3,1,5,Tamil Nadu,TN,80.1,73.4,51.4,8.1,Ramanathapuram,7.8,1,69.7,22.1,0.4135,1
HSC_2026_0047,HIGHER_SECONDARY,Female,17,Commerce,<2 LPA,0,73.8,36.0,1,0,0.68,51.0,43.9,0,5,Rajasthan,RJ,66.1,52.1,26.0,17.2,Barmer,34.2,1,93.0,35.8,0.9019,1
HSC_2026_0048,HIGHER_SECONDARY,Female,16,Science (PCM),<2 LPA,1,78.1,68.1,1,1,0.76,60.9,59.9,0,2,Bihar,BR,61.8,51.5,14.5,21.4,Muzaffarpur,35.1,1,90.3,38.0,0.3987,0
HSC_2026_0049,HIGHER_SECONDARY,Male,18,Commerce,2-5 LPA,0,70.0,89.9,0,1,0.84,66.8,78.6,0,3,Haryana,HR,75.6,65.9,29.8,12.5,Gurugram,2.5,0,31.2,20.5,0.1348,0
HSC_2026_0050,HIGHER_SECONDARY,Female,16,Science (PCM),2-5 LPA,0,47.8,54.4,1,0,0.56,21.5,56.8,1,10,Maharashtra,MH,82.3,75.9,32.3,11.2,Mumbai,2.1,0,0.0,19.5,0.9559,1
HSC_2026_0051,HIGHER_SECONDARY,Female,16,Vocational / ITI,2-5 LPA,0,85.0,96.0,0,1,0.69,70.3,84.8,0,3,Madhya Pradesh,MP,69.3,59.2,24.8,18.5,Alirajpur,52.0,1,92.2,39.5,0.1669,0
HSC_2026_0052,HIGHER_SECONDARY,Male,17,Science (PCM),5-10 LPA,1,77.5,100.0,0,1,0.54,47.7,89.8,0,1,Karnataka,KA,75.4,68.1,36.2,12.0,Yadgir,39.4,1,81.2,36.5,0.203,0
HSC_2026_0053,HIGHER_SECONDARY,Male,17,Science (PCB),<2 LPA,1,81.0,55.1,1,0,0.89,51.8,62.6,0,2,Maharashtra,MH,82.3,75.9,32.3,11.2,Pune,3.9,0,39.1,21.0,0.7077,1
HSC_2026_0054,HIGHER_SECONDARY,Female,16,Arts / Humanities,2-5 LPA,0,75.0,73.6,1,1,0.67,78.3,67.6,0,0,Maharashtra,MH,82.3,75.9,32.3,11.2,Mumbai,2.1,0,0.0,19.5,0.1174,0
HSC_2026_0055,HIGHER_SECONDARY,Female,16,Vocational / ITI,<2 LPA,1,57.4,67.0,1,1,0.82,44.1,58.3,1,4,Uttar Pradesh,UP,67.7,57.2,23.2,16.8,Shravasti,49.6,1,96.5,48.2,0.7933,1
HSC_2026_0056,HIGHER_SECONDARY,Male,18,Vocational / ITI,2-5 LPA,0,59.6,93.0,0,1,0.3,47.0,90.6,0,3,Uttar Pradesh,UP,67.7,57.2,23.2,16.8,Varanasi,16.3,0,56.6,29.4,0.1941,0
HSC_2026_0057,HIGHER_SECONDARY,Female,17,Vocational / ITI,<2 LPA,1,75.1,57.5,1,0,0.44,64.1,64.7,0,5,Karnataka,KA,75.4,68.1,36.2,12.0,Bengaluru Urban,1.8,0,9.1,18.2,0.5483,1
HSC_2026_0058,HIGHER_SECONDARY,Male,18,Vocational / ITI,2-5 LPA,0,69.7,83.1,0,1,0.8,55.2,81.2,0,6,Rajasthan,RJ,66.1,52.1,26.0,17.2,Barmer,34.2,1,93.0,35.8,0.3869,0
HSC_2026_0059,HIGHER_SECONDARY,Male,16,Science (PCM),5-10 LPA,1,53.6,81.4,0,1,0.69,45.2,86.3,0,0,Gujarat,GJ,78.0,69.7,21.3,17.9,Ahmedabad,3.8,0,15.9,20.2,0.2628,0
HSC_2026_0060,HIGHER_SECONDARY,Female,17,Vocational / ITI,2-5 LPA,0,82.9,87.2,0,1,0.74,68.7,90.2,0,4,Karnataka,KA,75.4,68.1,36.2,12.0,Raichur,36.8,1,74.6,34.0,0.2139,0
HSC_2026_0061,HIGHER_SECONDARY,Male,18,Vocational / ITI,<2 LPA,1,77.3,76.7,0,1,0.72,60.7,84.8,1,3,Rajasthan,RJ,66.1,52.1,26.0,17.2,Barmer,34.2,1,93.0,35.8,0.4844,0
HSC_2026_0062,HIGHER_SECONDARY,Male,18,Commerce,2-5 LPA,0,53.6,89.4,0,1,0.48,48.1,100.0,0,3,Tamil Nadu,TN,80.1,73.4,51.4,8.1,Ramanathapuram,7.8,1,69.7,22.1,0.2114,0
HSC_2026_0063,HIGHER_SECONDARY,Male,18,Science (PCM),5-10 LPA,0,82.0,87.4,0,1,0.1,86.2,93.2,0,3,Maharashtra,MH,82.3,75.9,32.3,11.2,Mumbai,2.1,0,0.0,19.5,0.0451,0
HSC_2026_0064,HIGHER_SECONDARY,Female,17,Commerce,<2 LPA,1,48.0,79.5,0,1,0.45,44.0,77.1,0,0,Haryana,HR,75.6,65.9,29.8,12.5,Nuh / Mewat,44.8,1,88.6,47.0,0.3841,0
HSC_2026_0065,HIGHER_SECONDARY,Male,17,Science (PCB),<2 LPA,0,72.8,55.5,1,0,0.68,36.3,44.6,0,6,Rajasthan,RJ,66.1,52.1,26.0,17.2,Barmer,34.2,1,93.0,35.8,0.8888,1
HSC_2026_0066,HIGHER_SECONDARY,Female,18,Vocational / ITI,5-10 LPA,0,79.3,89.3,0,1,0.45,70.4,85.7,0,1,Gujarat,GJ,78.0,69.7,21.3,17.9,Dahod,40.5,1,88.0,38.1,0.1359,0
HSC_2026_0067,HIGHER_SECONDARY,Female,16,Vocational / ITI,<2 LPA,1,92.8,77.5,0,1,0.54,73.0,88.8,0,3,Bihar,BR,61.8,51.5,14.5,21.4,Katihar,48.7,1,91.1,44.3,0.2439,0
HSC_2026_0068,HIGHER_SECONDARY,Female,18,Arts / Humanities,<2 LPA,0,62.6,79.6,0,1,0.93,54.8,88.0,1,2,Uttar Pradesh,UP,67.7,57.2,23.2,16.8,Shravasti,49.6,1,96.5,48.2,0.5874,1
HSC_2026_0069,HIGHER_SECONDARY,Female,18,Science (PCM),<2 LPA,0,66.1,75.9,0,0,0.86,46.7,74.9,1,10,Kerala,KL,94.0,92.1,43.2,3.2,Ernakulam,0.6,0,31.9,14.8,0.8122,1
HSC_2026_0070,HIGHER_SECONDARY,Female,18,Vocational / ITI,2-5 LPA,1,50.3,43.2,1,1,0.79,30.4,56.1,0,5,Madhya Pradesh,MP,69.3,59.2,24.8,18.5,Indore,6.8,0,25.9,21.8,0.8293,0
HSC_2026_0071,HIGHER_SECONDARY,Female,17,Science (PCB),<2 LPA,1,90.9,78.7,0,1,0.42,65.0,69.6,0,2,Rajasthan,RJ,66.1,52.1,26.0,17.2,Jaipur,6.9,0,47.6,22.5,0.158,0
HSC_2026_0072,HIGHER_SECONDARY,Male,18,Science (PCB),2-5 LPA,0,82.8,79.6,0,1,0.47,68.9,77.0,1,2,Madhya Pradesh,MP,69.3,59.2,24.8,18.5,Bhopal,9.4,0,19.1,23.4,0.2446,0
HSC_2026_0073,HIGHER_SECONDARY,Female,16,Vocational / ITI,2-5 LPA,1,67.2,86.8,0,1,0.61,44.7,91.9,0,3,Karnataka,KA,75.4,68.1,36.2,12.0,Yadgir,39.4,1,81.2,36.5,0.3742,0
HSC_2026_0074,HIGHER_SECONDARY,Female,16,Vocational / ITI,<2 LPA,0,98.0,80.5,0,1,0.94,92.4,64.0,0,2,Kerala,KL,94.0,92.1,43.2,3.2,Ernakulam,0.6,0,31.9,14.8,0.077,0
HSC_2026_0075,HIGHER_SECONDARY,Female,18,Science (PCM),<2 LPA,1,84.5,97.7,0,1,0.82,74.2,92.1,1,2,Haryana,HR,75.6,65.9,29.8,12.5,Nuh / Mewat,44.8,1,88.6,47.0,0.221,0
HSC_2026_0076,HIGHER_SECONDARY,Female,16,Commerce,<2 LPA,0,75.1,58.1,1,1,0.8,39.8,62.1,0,3,Rajasthan,RJ,66.1,52.1,26.0,17.2,Kota,8.2,0,39.7,21.0,0.6217,1
HSC_2026_0077,HIGHER_SECONDARY,Male,18,Science (PCB),2-5 LPA,0,79.2,63.4,1,1,0.35,67.9,79.0,0,1,Maharashtra,MH,82.3,75.9,32.3,11.2,Nandurbar,33.1,1,83.3,32.4,0.287,0
HSC_2026_0078,HIGHER_SECONDARY,Male,16,Science (PCB),<2 LPA,0,73.0,52.2,1,0,0.64,52.5,48.2,1,4,Tamil Nadu,TN,80.1,73.4,51.4,8.1,Chennai,1.2,0,0.0,17.5,0.8259,1
HSC_2026_0079,HIGHER_SECONDARY,Female,18,Vocational / ITI,2-5 LPA,1,69.3,80.4,0,1,0.33,68.0,89.0,0,3,Rajasthan,RJ,66.1,52.1,26.0,17.2,Kota,8.2,0,39.7,21.0,0.139,0
HSC_2026_0080,HIGHER_SECONDARY,Male,17,Vocational / ITI,5-10 LPA,0,65.5,87.9,0,1,0.08,49.6,92.9,0,3,Rajasthan,RJ,66.1,52.1,26.0,17.2,Barmer,34.2,1,93.0,35.8,0.2274,0
HSC_2026_0081,HIGHER_SECONDARY,Female,16,Science (PCB),2-5 LPA,0,43.6,58.4,1,1,0.68,59.2,51.0,1,4,Uttar Pradesh,UP,67.7,57.2,23.2,16.8,Shravasti,49.6,1,96.5,48.2,0.7333,0
HSC_2026_0082,HIGHER_SECONDARY,Male,17,Vocational / ITI,2-5 LPA,1,76.4,83.6,0,1,0.33,51.3,90.3,0,7,Bihar,BR,61.8,51.5,14.5,21.4,Gaya,38.6,1,86.8,36.2,0.3691,0
HSC_2026_0083,HIGHER_SECONDARY,Female,17,Commerce,<2 LPA,0,46.6,68.6,1,1,0.77,28.7,63.4,1,8,Rajasthan,RJ,66.1,52.1,26.0,17.2,Barmer,34.2,1,93.0,35.8,0.8714,1
HSC_2026_0084,HIGHER_SECONDARY,Female,16,Arts / Humanities,<2 LPA,1,61.7,53.0,1,1,0.55,57.9,58.4,1,3,Kerala,KL,94.0,92.1,43.2,3.2,Thiruvananthapuram,0.9,0,46.2,15.2,0.5897,1
HSC_2026_0085,HIGHER_SECONDARY,Female,18,Commerce,<2 LPA,1,80.9,74.8,1,1,0.79,75.5,67.6,0,2,Karnataka,KA,75.4,68.1,36.2,12.0,Yadgir,39.4,1,81.2,36.5,0.2412,0
HSC_2026_0086,HIGHER_SECONDARY,Male,17,Science (PCB),2-5 LPA,0,74.5,69.1,1,1,0.95,60.0,80.3,0,7,Haryana,HR,75.6,65.9,29.8,12.5,Gurugram,2.5,0,31.2,20.5,0.4109,0
HSC_2026_0087,HIGHER_SECONDARY,Male,16,Vocational / ITI,2-5 LPA,0,73.2,85.7,0,1,0.19,66.6,81.2,0,4,Gujarat,GJ,78.0,69.7,21.3,17.9,Dahod,40.5,1,88.0,38.1,0.1793,0
HSC_2026_0088,HIGHER_SECONDARY,Male,18,Arts / Humanities,<2 LPA,0,87.1,51.5,1,0,0.7,33.6,72.4,1,4,Gujarat,GJ,78.0,69.7,21.3,17.9,Narmada,32.4,1,89.5,30.5,0.9433,1
HSC_2026_0089,HIGHER_SECONDARY,Female,18,Science (PCM),<2 LPA,0,66.5,89.5,0,1,0.71,62.6,86.6,0,6,Bihar,BR,61.8,51.5,14.5,21.4,Katihar,48.7,1,91.1,44.3,0.3004,1
HSC_2026_0090,HIGHER_SECONDARY,Male,18,Arts / Humanities,2-5 LPA,0,74.7,44.9,1,0,0.85,43.0,35.8,1,4,Uttar Pradesh,UP,67.7,57.2,23.2,16.8,Noida / Gautam Buddha Nagar,7.1,0,40.9,22.0,0.9207,1
HSC_2026_0091,HIGHER_SECONDARY,Female,16,Arts / Humanities,5-10 LPA,0,70.5,61.4,1,1,0.07,59.0,48.8,1,2,Maharashtra,MH,82.3,75.9,32.3,11.2,Pune,3.9,0,39.1,21.0,0.4,0
HSC_2026_0092,HIGHER_SECONDARY,Female,17,Vocational / ITI,2-5 LPA,1,56.0,96.4,0,1,0.67,29.0,95.5,0,1,Maharashtra,MH,82.3,75.9,32.3,11.2,Pune,3.9,0,39.1,21.0,0.2801,0
HSC_2026_0093,HIGHER_SECONDARY,Female,17,Vocational / ITI,2-5 LPA,0,45.3,63.8,1,0,0.83,35.3,82.8,0,6,Tamil Nadu,TN,80.1,73.4,51.4,8.1,Ramanathapuram,7.8,1,69.7,22.1,0.817,1
HSC_2026_0094,HIGHER_SECONDARY,Male,16,Science (PCB),2-5 LPA,1,87.9,76.1,0,1,0.43,67.8,69.1,0,5,Madhya Pradesh,MP,69.3,59.2,24.8,18.5,Alirajpur,52.0,1,92.2,39.5,0.3204,0
HSC_2026_0095,HIGHER_SECONDARY,Male,17,Vocational / ITI,<2 LPA,0,80.7,65.4,1,1,0.26,79.3,54.4,0,3,Bihar,BR,61.8,51.5,14.5,21.4,Gaya,38.6,1,86.8,36.2,0.2245,0
HSC_2026_0096,HIGHER_SECONDARY,Male,17,Science (PCM),5-10 LPA,0,69.0,78.9,0,1,0.21,54.3,68.5,0,2,Tamil Nadu,TN,80.1,73.4,51.4,8.1,Chennai,1.2,0,0.0,17.5,0.1808,0
HSC_2026_0097,HIGHER_SECONDARY,Female,18,Science (PCB),2-5 LPA,1,71.2,50.2,1,0,0.33,47.7,52.4,0,11,Rajasthan,RJ,66.1,52.1,26.0,17.2,Kota,8.2,0,39.7,21.0,0.8323,1
HSC_2026_0098,HIGHER_SECONDARY,Male,18,Vocational / ITI,<2 LPA,0,57.0,85.5,0,1,0.72,24.5,88.9,1,2,Uttar Pradesh,UP,67.7,57.2,23.2,16.8,Bahraich,54.4,1,92.1,46.5,0.7663,1
HSC_2026_0099,HIGHER_SECONDARY,Male,18,Commerce,<2 LPA,0,68.0,100.0,0,1,0.65,70.2,93.7,1,2,Uttar Pradesh,UP,67.7,57.2,23.2,16.8,Lucknow,8.5,0,33.8,24.1,0.1333,0
HSC_2026_0100,HIGHER_SECONDARY,Male,16,Science (PCB),2-5 LPA,0,81.8,82.7,0,1,0.81,60.8,77.8,0,5,Tamil Nadu,TN,80.1,73.4,51.4,8.1,Chennai,1.2,0,0.0,17.5,0.2269,0
HSC_2026_0101,HIGHER_SECONDARY,Female,18,Science (PCB),<2 LPA,0,54.5,73.7,1,1,0.72,16.1,76.0,0,2,Rajasthan,RJ,66.1,52.1,26.0,17.2,Kota,8.2,0,39.7,21.0,0.6526,1
HSC_2026_0102,HIGHER_SECONDARY,Female,18,Science (PCM),<2 LPA,1,66.7,63.6,1,1,0.59,49.5,54.3,0,5,Rajasthan,RJ,66.1,52.1,26.0,17.2,Barmer,34.2,1,93.0,35.8,0.574,1
HSC_2026_0103,HIGHER_SECONDARY,Male,16,Science (PCB),<2 LPA,1,70.3,60.0,1,0,0.79,47.5,57.3,0,8,Maharashtra,MH,82.3,75.9,32.3,11.2,Mumbai,2.1,0,0.0,19.5,0.7735,1
HSC_2026_0104,HIGHER_SECONDARY,Female,18,Science (PCM),2-5 LPA,0,63.0,78.2,0,1,0.79,46.1,83.8,0,2,Kerala,KL,94.0,92.1,43.2,3.2,Wayanad,4.1,1,96.1,18.0,0.3327,0
HSC_2026_0105,HIGHER_SECONDARY,Female,16,Science (PCM),5-10 LPA,1,86.6,30.8,1,1,0.56,68.6,26.5,0,4,Bihar,BR,61.8,51.5,14.5,21.4,Patna,18.2,0,56.4,28.5,0.6317,1
HSC_2026_0106,HIGHER_SECONDARY,Male,16,Commerce,<2 LPA,0,84.8,81.9,0,1,0.88,77.2,84.6,0,0,Haryana,HR,75.6,65.9,29.8,12.5,Nuh / Mewat,44.8,1,88.6,47.0,0.1816,0
HSC_2026_0107,HIGHER_SECONDARY,Male,18,Commerce,2-5 LPA,1,90.7,80.9,0,1,0.78,78.3,77.8,0,2,Bihar,BR,61.8,51.5,14.5,21.4,Purnia,50.4,1,89.2,42.1,0.2067,0
HSC_2026_0108,HIGHER_SECONDARY,Female,17,Vocational / ITI,2-5 LPA,1,75.6,100.0,0,1,0.67,72.0,94.1,0,4,Karnataka,KA,75.4,68.1,36.2,12.0,Bengaluru Urban,1.8,0,9.1,18.2,0.0748,0
HSC_2026_0109,HIGHER_SECONDARY,Female,17,Science (PCB),2-5 LPA,0,73.0,37.5,1,0,0.64,23.4,46.1,0,6,Karnataka,KA,75.4,68.1,36.2,12.0,Yadgir,39.4,1,81.2,36.5,0.9655,0
HSC_2026_0110,HIGHER_SECONDARY,Male,18,Science (PCB),2-5 LPA,0,65.6,41.9,1,0,0.45,46.4,54.7,0,7,Uttar Pradesh,UP,67.7,57.2,23.2,16.8,Bahraich,54.4,1,92.1,46.5,0.9204,0
HSC_2026_0111,HIGHER_SECONDARY,Male,16,Commerce,2-5 LPA,0,72.7,51.1,1,1,0.71,62.3,48.6,0,0,Karnataka,KA,75.4,68.1,36.2,12.0,Yadgir,39.4,1,81.2,36.5,0.521,1
HSC_2026_0112,HIGHER_SECONDARY,Male,17,Science (PCB),<2 LPA,0,69.8,93.2,0,1,0.65,66.6,100.0,0,4,Karnataka,KA,75.4,68.1,36.2,12.0,Yadgir,39.4,1,81.2,36.5,0.1845,0
HSC_2026_0113,HIGHER_SECONDARY,Male,17,Science (PCM),5-10 LPA,0,89.1,59.9,1,1,0.14,86.0,59.1,0,2,Bihar,BR,61.8,51.5,14.5,21.4,Purnia,50.4,1,89.2,42.1,0.2183,0
HSC_2026_0114,HIGHER_SECONDARY,Male,17,Commerce,<2 LPA,1,98.0,75.0,0,1,0.86,74.3,80.7,0,1,Karnataka,KA,75.4,68.1,36.2,12.0,Raichur,36.8,1,74.6,34.0,0.2353,0
HSC_2026_0115,HIGHER_SECONDARY,Male,18,Science (PCB),>10 LPA,1,42.6,92.5,0,1,0.54,29.4,98.1,0,1,Bihar,BR,61.8,51.5,14.5,21.4,Gaya,38.6,1,86.8,36.2,0.4064,0
HSC_2026_0116,HIGHER_SECONDARY,Female,17,Commerce,2-5 LPA,1,98.0,61.7,1,1,0.81,70.0,55.1,0,4,Kerala,KL,94.0,92.1,43.2,3.2,Ernakulam,0.6,0,31.9,14.8,0.3051,0
HSC_2026_0117,HIGHER_SECONDARY,Female,17,Science (PCM),5-10 LPA,1,62.5,66.8,1,1,0.27,37.5,65.5,0,0,Bihar,BR,61.8,51.5,14.5,21.4,Gaya,38.6,1,86.8,36.2,0.5143,1
HSC_2026_0118,HIGHER_SECONDARY,Female,17,Vocational / ITI,<2 LPA,0,87.4,70.3,1,1,0.86,53.5,62.9,0,2,Tamil Nadu,TN,80.1,73.4,51.4,8.1,Coimbatore,2.1,0,24.2,18.9,0.3454,0
HSC_2026_0119,HIGHER_SECONDARY,Male,17,Vocational / ITI,2-5 LPA,0,84.2,70.1,1,1,0.79,59.4,63.2,0,0,Uttar Pradesh,UP,67.7,57.2,23.2,16.8,Lucknow,8.5,0,33.8,24.1,0.2743,0
HSC_2026_0120,HIGHER_SECONDARY,Male,17,Vocational / ITI,<2 LPA,1,74.2,82.1,0,1,0.69,62.1,94.1,0,6,Rajasthan,RJ,66.1,52.1,26.0,17.2,Jaisalmer,31.8,1,86.7,33.2,0.3103,1
HSC_2026_0121,HIGHER_SECONDARY,Female,16,Commerce,<2 LPA,0,77.8,69.1,1,0,0.71,57.3,60.6,0,8,Gujarat,GJ,78.0,69.7,21.3,17.9,Narmada,32.4,1,89.5,30.5,0.7082,1
HSC_2026_0122,HIGHER_SECONDARY,Female,16,Commerce,<2 LPA,0,90.2,39.3,1,0,0.77,67.7,38.9,1,3,Rajasthan,RJ,66.1,52.1,26.0,17.2,Jaipur,6.9,0,47.6,22.5,0.8311,1
HSC_2026_0123,HIGHER_SECONDARY,Male,17,Commerce,<2 LPA,0,84.9,70.0,1,0,0.35,62.6,67.4,1,3,Rajasthan,RJ,66.1,52.1,26.0,17.2,Jaipur,6.9,0,47.6,22.5,0.5625,1
HSC_2026_0124,HIGHER_SECONDARY,Female,16,Vocational / ITI,<2 LPA,1,98.0,54.5,1,0,0.43,57.9,43.4,0,3,Maharashtra,MH,82.3,75.9,32.3,11.2,Mumbai,2.1,0,0.0,19.5,0.5942,0
HSC_2026_0125,HIGHER_SECONDARY,Female,18,Vocational / ITI,2-5 LPA,1,71.9,86.3,0,1,0.78,46.0,92.1,0,0,Maharashtra,MH,82.3,75.9,32.3,11.2,Gadchiroli,28.5,1,89.0,28.9,0.3065,0
HSC_2026_0126,HIGHER_SECONDARY,Female,16,Commerce,2-5 LPA,1,80.5,43.6,1,0,0.79,59.9,57.1,0,6,Haryana,HR,75.6,65.9,29.8,12.5,Nuh / Mewat,44.8,1,88.6,47.0,0.8693,1
HSC_2026_0127,HIGHER_SECONDARY,Male,16,Commerce,2-5 LPA,0,84.7,78.7,0,1,0.76,76.6,91.9,0,4,Kerala,KL,94.0,92.1,43.2,3.2,Wayanad,4.1,1,96.1,18.0,0.1494,1
HSC_2026_0128,HIGHER_SECONDARY,Female,16,Science (PCB),2-5 LPA,0,75.9,73.4,1,1,0.45,70.9,73.5,0,5,Maharashtra,MH,82.3,75.9,32.3,11.2,Nandurbar,33.1,1,83.3,32.4,0.263,0
HSC_2026_0129,HIGHER_SECONDARY,Male,17,Science (PCB),<2 LPA,0,57.0,72.3,1,1,0.89,36.2,56.5,0,1,Gujarat,GJ,78.0,69.7,21.3,17.9,Narmada,32.4,1,89.5,30.5,0.5823,1
HSC_2026_0130,HIGHER_SECONDARY,Male,18,Science (PCM),5-10 LPA,1,60.8,93.5,0,1,0.16,40.8,100.0,0,3,Kerala,KL,94.0,92.1,43.2,3.2,Wayanad,4.1,1,96.1,18.0,0.1825,0
HSC_2026_0131,HIGHER_SECONDARY,Female,17,Commerce,<2 LPA,0,75.4,86.4,0,1,0.89,52.0,80.8,0,2,Tamil Nadu,TN,80.1,73.4,51.4,8.1,Ramanathapuram,7.8,1,69.7,22.1,0.2465,0
HSC_2026_0132,HIGHER_SECONDARY,Male,16,Science (PCM),<2 LPA,0,88.9,71.3,1,1,0.65,66.6,80.9,1,5,Maharashtra,MH,82.3,75.9,32.3,11.2,Mumbai,2.1,0,0.0,19.5,0.3911,0
HSC_2026_0133,HIGHER_SECONDARY,Female,17,Vocational / ITI,5-10 LPA,1,67.2,94.1,0,1,0.67,31.8,95.1,0,3,Gujarat,GJ,78.0,69.7,21.3,17.9,Dahod,40.5,1,88.0,38.1,0.4382,0
HSC_2026_0134,HIGHER_SECONDARY,Male,16,Science (PCB),<2 LPA,0,64.7,68.7,1,1,0.66,58.4,62.6,1,3,Bihar,BR,61.8,51.5,14.5,21.4,Purnia,50.4,1,89.2,42.1,0.6322,1
HSC_2026_0135,HIGHER_SECONDARY,Male,18,Science (PCM),2-5 LPA,0,77.3,38.5,1,0,0.66,50.4,47.8,0,7,Tamil Nadu,TN,80.1,73.4,51.4,8.1,Ramanathapuram,7.8,1,69.7,22.1,0.8685,1
HSC_2026_0136,HIGHER_SECONDARY,Male,16,Arts / Humanities,<2 LPA,1,87.4,58.8,1,0,0.64,73.7,54.0,0,5,Haryana,HR,75.6,65.9,29.8,12.5,Gurugram,2.5,0,31.2,20.5,0.4835,0
HSC_2026_0137,HIGHER_SECONDARY,Female,17,Commerce,<2 LPA,1,60.9,82.3,0,1,0.88,57.2,89.0,1,1,Kerala,KL,94.0,92.1,43.2,3.2,Wayanad,4.1,1,96.1,18.0,0.3444,0
HSC_2026_0138,HIGHER_SECONDARY,Male,16,Science (PCB),5-10 LPA,0,76.9,71.6,1,1,0.22,71.2,80.8,0,3,Bihar,BR,61.8,51.5,14.5,21.4,Muzaffarpur,35.1,1,90.3,38.0,0.2196,0
HSC_2026_0139,HIGHER_SECONDARY,Male,16,Science (PCM),<2 LPA,0,62.0,92.8,0,1,0.76,62.1,100.0,0,4,Uttar Pradesh,UP,67.7,57.2,23.2,16.8,Bahraich,54.4,1,92.1,46.5,0.2698,0
HSC_2026_0140,HIGHER_SECONDARY,Female,17,Science (PCB),<2 LPA,0,60.3,84.3,0,1,0.66,44.1,95.9,0,4,Karnataka,KA,75.4,68.1,36.2,12.0,Bengaluru Urban,1.8,0,9.1,18.2,0.3035,0
HSC_2026_0141,HIGHER_SECONDARY,Male,17,Vocational / ITI,<2 LPA,1,72.4,44.1,1,0,0.51,45.4,43.3,0,5,Gujarat,GJ,78.0,69.7,21.3,17.9,Ahmedabad,3.8,0,15.9,20.2,0.8213,1
HSC_2026_0142,HIGHER_SECONDARY,Female,16,Science (PCB),<2 LPA,0,54.8,64.2,1,0,0.71,34.5,57.5,1,9,Tamil Nadu,TN,80.1,73.4,51.4,8.1,Coimbatore,2.1,0,24.2,18.9,0.9025,1
HSC_2026_0143,HIGHER_SECONDARY,Male,16,Commerce,<2 LPA,0,86.7,66.4,1,0,0.67,54.3,75.6,0,7,Bihar,BR,61.8,51.5,14.5,21.4,Gaya,38.6,1,86.8,36.2,0.7494,1
HSC_2026_0144,HIGHER_SECONDARY,Female,17,Arts / Humanities,<2 LPA,0,66.0,90.8,0,1,0.52,35.4,87.3,1,4,Bihar,BR,61.8,51.5,14.5,21.4,Muzaffarpur,35.1,1,90.3,38.0,0.5684,1
HSC_2026_0145,HIGHER_SECONDARY,Female,17,Commerce,5-10 LPA,0,72.1,84.7,0,1,0.59,60.1,86.7,0,4,Maharashtra,MH,82.3,75.9,32.3,11.2,Mumbai,2.1,0,0.0,19.5,0.181,0
HSC_2026_0146,HIGHER_SECONDARY,Male,16,Science (PCM),<2 LPA,0,82.3,75.0,0,1,0.29,55.5,68.6,0,2,Uttar Pradesh,UP,67.7,57.2,23.2,16.8,Noida / Gautam Buddha Nagar,7.1,0,40.9,22.0,0.2219,0
HSC_2026_0147,HIGHER_SECONDARY,Male,16,Commerce,<2 LPA,0,55.6,69.8,1,1,0.77,37.3,80.4,1,4,Rajasthan,RJ,66.1,52.1,26.0,17.2,Barmer,34.2,1,93.0,35.8,0.7719,1
HSC_2026_0148,HIGHER_SECONDARY,Female,17,Commerce,2-5 LPA,1,91.6,83.5,0,1,0.49,75.7,68.9,0,3,Rajasthan,RJ,66.1,52.1,26.0,17.2,Jaipur,6.9,0,47.6,22.5,0.1058,0
HSC_2026_0149,HIGHER_SECONDARY,Female,17,Science (PCM),5-10 LPA,0,86.8,77.1,0,1,0.37,52.3,72.5,0,3,Kerala,KL,94.0,92.1,43.2,3.2,Wayanad,4.1,1,96.1,18.0,0.2452,0
HSC_2026_0150,HIGHER_SECONDARY,Female,18,Commerce,<2 LPA,1,81.2,73.7,1,1,0.78,76.3,66.4,0,2,Rajasthan,RJ,66.1,52.1,26.0,17.2,Barmer,34.2,1,93.0,35.8,0.2274,0
HSC_2026_0151,HIGHER_SECONDARY,Female,18,Science (PCM),2-5 LPA,0,68.7,52.4,1,0,0.89,33.2,39.2,0,7,Bihar,BR,61.8,51.5,14.5,21.4,Muzaffarpur,35.1,1,90.3,38.0,0.9288,1
HSC_2026_0152,HIGHER_SECONDARY,Male,16,Commerce,5-10 LPA,1,70.8,75.7,0,1,0.2,32.1,83.6,0,3,Uttar Pradesh,UP,67.7,57.2,23.2,16.8,Bahraich,54.4,1,92.1,46.5,0.5811,1
HSC_2026_0153,HIGHER_SECONDARY,Female,17,Science (PCM),2-5 LPA,0,52.9,90.9,0,1,0.88,32.9,78.8,0,2,Haryana,HR,75.6,65.9,29.8,12.5,Nuh / Mewat,44.8,1,88.6,47.0,0.4932,0
HSC_2026_0154,HIGHER_SECONDARY,Male,16,Science (PCM),2-5 LPA,0,81.9,90.7,0,1,0.71,73.4,85.1,0,3,Bihar,BR,61.8,51.5,14.5,21.4,Katihar,48.7,1,91.1,44.3,0.1756,0
HSC_2026_0155,HIGHER_SECONDARY,Male,18,Vocational / ITI,2-5 LPA,0,69.1,71.8,1,1,0.61,54.9,75.2,0,4,Gujarat,GJ,78.0,69.7,21.3,17.9,Narmada,32.4,1,89.5,30.5,0.42,1
HSC_2026_0156,HIGHER_SECONDARY,Female,18,Arts / Humanities,5-10 LPA,0,54.4,57.5,1,1,0.35,52.8,64.3,0,1,Madhya Pradesh,MP,69.3,59.2,24.8,18.5,Indore,6.8,0,25.9,21.8,0.3802,0
HSC_2026_0157,HIGHER_SECONDARY,Female,18,Arts / Humanities,2-5 LPA,0,62.7,55.2,1,0,0.31,39.9,48.9,0,5,Madhya Pradesh,MP,69.3,59.2,24.8,18.5,Alirajpur,52.0,1,92.2,39.5,0.8648,1
HSC_2026_0158,HIGHER_SECONDARY,Female,18,Arts / Humanities,<2 LPA,1,65.5,40.0,1,0,0.54,24.2,41.3,0,3,Gujarat,GJ,78.0,69.7,21.3,17.9,Dahod,40.5,1,88.0,38.1,0.948,1
HSC_2026_0159,HIGHER_SECONDARY,Male,17,Vocational / ITI,<2 LPA,0,96.7,83.2,0,1,0.8,81.1,84.2,0,0,Karnataka,KA,75.4,68.1,36.2,12.0,Yadgir,39.4,1,81.2,36.5,0.1359,0
HSC_2026_0160,HIGHER_SECONDARY,Female,16,Commerce,2-5 LPA,0,98.0,99.5,0,1,0.82,77.7,100.0,0,1,Madhya Pradesh,MP,69.3,59.2,24.8,18.5,Indore,6.8,0,25.9,21.8,0.0592,0
HSC_2026_0161,HIGHER_SECONDARY,Male,17,Science (PCM),2-5 LPA,0,72.6,85.5,0,1,0.66,43.5,90.2,0,4,Uttar Pradesh,UP,67.7,57.2,23.2,16.8,Shravasti,49.6,1,96.5,48.2,0.4628,0
HSC_2026_0162,HIGHER_SECONDARY,Female,17,Science (PCB),2-5 LPA,0,67.0,66.4,1,0,0.35,32.0,81.8,1,9,Rajasthan,RJ,66.1,52.1,26.0,17.2,Barmer,34.2,1,93.0,35.8,0.9202,1
HSC_2026_0163,HIGHER_SECONDARY,Male,16,Science (PCM),>10 LPA,1,58.7,86.2,0,1,0.29,38.7,78.2,0,4,Haryana,HR,75.6,65.9,29.8,12.5,Nuh / Mewat,44.8,1,88.6,47.0,0.4171,0
HSC_2026_0164,HIGHER_SECONDARY,Female,18,Arts / Humanities,2-5 LPA,0,98.0,51.5,1,0,0.6,67.1,53.3,0,5,Karnataka,KA,75.4,68.1,36.2,12.0,Yadgir,39.4,1,81.2,36.5,0.731,1
HSC_2026_0165,HIGHER_SECONDARY,Male,16,Science (PCM),2-5 LPA,0,93.5,54.6,1,1,0.52,62.8,46.5,0,7,Tamil Nadu,TN,80.1,73.4,51.4,8.1,Coimbatore,2.1,0,24.2,18.9,0.4446,0
HSC_2026_0166,HIGHER_SECONDARY,Male,18,Arts / Humanities,<2 LPA,1,80.8,71.1,1,0,0.96,51.4,69.0,0,6,Tamil Nadu,TN,80.1,73.4,51.4,8.1,Chennai,1.2,0,0.0,17.5,0.6444,1
HSC_2026_0167,HIGHER_SECONDARY,Male,17,Vocational / ITI,5-10 LPA,0,65.0,98.5,0,1,0.22,84.5,100.0,0,2,Maharashtra,MH,82.3,75.9,32.3,11.2,Pune,3.9,0,39.1,21.0,0.0322,0
HSC_2026_0168,HIGHER_SECONDARY,Female,17,Vocational / ITI,5-10 LPA,1,74.2,55.3,1,1,0.52,62.0,57.8,0,5,Haryana,HR,75.6,65.9,29.8,12.5,Nuh / Mewat,44.8,1,88.6,47.0,0.5642,1
HSC_2026_0169,HIGHER_SECONDARY,Male,17,Arts / Humanities,<2 LPA,0,54.8,77.3,0,1,0.69,52.6,77.0,0,1,Bihar,BR,61.8,51.5,14.5,21.4,Patna,18.2,0,56.4,28.5,0.2999,1
HSC_2026_0170,HIGHER_SECONDARY,Female,18,Vocational / ITI,<2 LPA,1,63.5,89.4,0,1,0.94,55.7,86.5,0,1,Uttar Pradesh,UP,67.7,57.2,23.2,16.8,Lucknow,8.5,0,33.8,24.1,0.1957,0
HSC_2026_0171,HIGHER_SECONDARY,Male,16,Science (PCB),<2 LPA,0,58.8,70.2,1,1,0.7,39.8,60.1,1,1,Kerala,KL,94.0,92.1,43.2,3.2,Thiruvananthapuram,0.9,0,46.2,15.2,0.5795,1
HSC_2026_0172,HIGHER_SECONDARY,Male,18,Science (PCB),<2 LPA,1,65.0,83.9,0,1,0.57,26.5,84.0,1,4,Rajasthan,RJ,66.1,52.1,26.0,17.2,Jaipur,6.9,0,47.6,22.5,0.6252,1
HSC_2026_0173,HIGHER_SECONDARY,Female,17,Arts / Humanities,<2 LPA,1,52.5,55.9,1,0,0.79,26.1,67.3,0,6,Bihar,BR,61.8,51.5,14.5,21.4,Gaya,38.6,1,86.8,36.2,0.9305,1
HSC_2026_0174,HIGHER_SECONDARY,Male,18,Science (PCM),2-5 LPA,0,67.4,85.7,0,1,0.63,56.1,77.6,1,4,Kerala,KL,94.0,92.1,43.2,3.2,Ernakulam,0.6,0,31.9,14.8,0.3239,0
HSC_2026_0175,HIGHER_SECONDARY,Female,17,Science (PCB),<2 LPA,0,53.3,79.6,0,1,0.43,39.2,63.0,1,2,Kerala,KL,94.0,92.1,43.2,3.2,Wayanad,4.1,1,96.1,18.0,0.4737,0
HSC_2026_0176,HIGHER_SECONDARY,Female,18,Science (PCB),<2 LPA,0,78.5,77.2,0,1,0.56,52.4,84.5,1,2,Madhya Pradesh,MP,69.3,59.2,24.8,18.5,Barwani,46.1,1,85.5,37.1,0.5525,1
HSC_2026_0177,HIGHER_SECONDARY,Female,18,Science (PCB),2-5 LPA,0,93.9,78.1,0,1,0.77,61.8,80.9,0,4,Bihar,BR,61.8,51.5,14.5,21.4,Gaya,38.6,1,86.8,36.2,0.3477,0
HSC_2026_0178,HIGHER_SECONDARY,Female,17,Vocational / ITI,<2 LPA,1,56.5,93.8,0,1,0.91,40.9,91.2,0,1,Maharashtra,MH,82.3,75.9,32.3,11.2,Mumbai,2.1,0,0.0,19.5,0.2426,0
HSC_2026_0179,HIGHER_SECONDARY,Female,16,Commerce,2-5 LPA,1,56.0,72.7,1,1,0.31,41.4,83.5,0,2,Tamil Nadu,TN,80.1,73.4,51.4,8.1,Coimbatore,2.1,0,24.2,18.9,0.3344,0
HSC_2026_0180,HIGHER_SECONDARY,Male,17,Commerce,2-5 LPA,0,98.0,49.6,1,0,0.89,63.8,45.8,0,3,Gujarat,GJ,78.0,69.7,21.3,17.9,Narmada,32.4,1,89.5,30.5,0.76,1
HSC_2026_0181,HIGHER_SECONDARY,Male,17,Vocational / ITI,2-5 LPA,1,93.5,52.4,1,1,0.32,72.3,50.5,0,2,Madhya Pradesh,MP,69.3,59.2,24.8,18.5,Alirajpur,52.0,1,92.2,39.5,0.4276,0
HSC_2026_0182,HIGHER_SECONDARY,Male,18,Science (PCM),5-10 LPA,0,60.7,91.9,0,1,0.35,45.2,98.6,0,2,Haryana,HR,75.6,65.9,29.8,12.5,Nuh / Mewat,44.8,1,88.6,47.0,0.2833,0
HSC_2026_0183,HIGHER_SECONDARY,Female,18,Arts / Humanities,<2 LPA,0,80.3,53.1,1,1,0.67,65.6,64.1,1,0,Kerala,KL,94.0,92.1,43.2,3.2,Ernakulam,0.6,0,31.9,14.8,0.4786,0
HSC_2026_0184,HIGHER_SECONDARY,Male,16,Arts / Humanities,<2 LPA,0,70.4,83.8,0,1,0.93,56.0,75.0,1,1,Karnataka,KA,75.4,68.1,36.2,12.0,Raichur,36.8,1,74.6,34.0,0.4675,1
HSC_2026_0185,HIGHER_SECONDARY,Female,18,Science (PCB),2-5 LPA,0,73.6,75.7,0,1,0.7,46.5,83.8,0,4,Maharashtra,MH,82.3,75.9,32.3,11.2,Pune,3.9,0,39.1,21.0,0.3732,0
HSC_2026_0186,HIGHER_SECONDARY,Male,18,Science (PCB),5-10 LPA,0,69.3,72.5,1,1,0.08,58.9,69.1,0,4,Kerala,KL,94.0,92.1,43.2,3.2,Wayanad,4.1,1,96.1,18.0,0.2096,0
HSC_2026_0187,HIGHER_SECONDARY,Female,16,Vocational / ITI,>10 LPA,1,63.1,96.3,0,1,0.52,34.8,100.0,0,2,Madhya Pradesh,MP,69.3,59.2,24.8,18.5,Alirajpur,52.0,1,92.2,39.5,0.3833,0
HSC_2026_0188,HIGHER_SECONDARY,Female,16,Vocational / ITI,2-5 LPA,1,81.1,47.5,1,0,0.86,51.2,37.3,0,3,Haryana,HR,75.6,65.9,29.8,12.5,Nuh / Mewat,44.8,1,88.6,47.0,0.868,1
HSC_2026_0189,HIGHER_SECONDARY,Male,16,Arts / Humanities,2-5 LPA,0,68.1,81.1,0,1,0.75,32.4,85.9,0,1,Karnataka,KA,75.4,68.1,36.2,12.0,Raichur,36.8,1,74.6,34.0,0.5229,1
HSC_2026_0190,HIGHER_SECONDARY,Male,16,Science (PCM),2-5 LPA,0,87.9,77.4,0,1,0.97,52.8,66.3,0,4,Tamil Nadu,TN,80.1,73.4,51.4,8.1,Coimbatore,2.1,0,24.2,18.9,0.3413,1
HSC_2026_0191,HIGHER_SECONDARY,Male,17,Science (PCM),2-5 LPA,0,83.9,65.3,1,1,0.86,76.8,75.6,0,3,Rajasthan,RJ,66.1,52.1,26.0,17.2,Kota,8.2,0,39.7,21.0,0.2395,0
HSC_2026_0192,HIGHER_SECONDARY,Female,17,Arts / Humanities,5-10 LPA,1,69.5,43.4,1,0,0.26,32.3,36.1,1,3,Bihar,BR,61.8,51.5,14.5,21.4,Patna,18.2,0,56.4,28.5,0.9283,1
HSC_2026_0193,HIGHER_SECONDARY,Female,17,Commerce,<2 LPA,0,69.4,45.3,1,0,0.38,34.7,52.1,0,7,Tamil Nadu,TN,80.1,73.4,51.4,8.1,Coimbatore,2.1,0,24.2,18.9,0.8717,1
HSC_2026_0194,HIGHER_SECONDARY,Female,18,Arts / Humanities,2-5 LPA,1,61.9,67.0,1,1,0.94,44.7,60.0,0,3,Rajasthan,RJ,66.1,52.1,26.0,17.2,Barmer,34.2,1,93.0,35.8,0.6093,1
HSC_2026_0195,HIGHER_SECONDARY,Female,18,Arts / Humanities,2-5 LPA,0,72.9,69.1,1,1,0.87,75.6,74.0,0,2,Rajasthan,RJ,66.1,52.1,26.0,17.2,Jaisalmer,31.8,1,86.7,33.2,0.2733,1
HSC_2026_0196,HIGHER_SECONDARY,Female,18,Vocational / ITI,<2 LPA,1,74.2,80.7,0,1,0.66,59.1,70.4,0,1,Madhya Pradesh,MP,69.3,59.2,24.8,18.5,Bhopal,9.4,0,19.1,23.4,0.1996,0
HSC_2026_0197,HIGHER_SECONDARY,Female,17,Science (PCM),5-10 LPA,0,70.4,97.2,0,1,0.69,68.0,95.2,0,5,Gujarat,GJ,78.0,69.7,21.3,17.9,Ahmedabad,3.8,0,15.9,20.2,0.1068,0
HSC_2026_0198,HIGHER_SECONDARY,Male,17,Vocational / ITI,2-5 LPA,1,71.4,82.9,0,1,0.86,59.0,79.5,0,0,Uttar Pradesh,UP,67.7,57.2,23.2,16.8,Noida / Gautam Buddha Nagar,7.1,0,40.9,22.0,0.1927,0
HSC_2026_0199,HIGHER_SECONDARY,Female,16,Science (PCB),<2 LPA,0,81.1,88.2,0,1,0.86,62.6,82.8,1,1,Karnataka,KA,75.4,68.1,36.2,12.0,Raichur,36.8,1,74.6,34.0,0.352,0
HSC_2026_0200,HIGHER_SECONDARY,Male,17,Arts / Humanities,<2 LPA,1,55.8,64.8,1,1,0.78,53.5,67.3,0,1,Gujarat,GJ,78.0,69.7,21.3,17.9,Ahmedabad,3.8,0,15.9,20.2,0.3694,0
HSC_2026_0201,HIGHER_SECONDARY,Male,17,Arts / Humanities,2-5 LPA,1,79.8,43.0,1,1,0.34,72.1,40.7,0,1,Haryana,HR,75.6,65.9,29.8,12.5,Gurugram,2.5,0,31.2,20.5,0.3285,0
HSC_2026_0202,HIGHER_SECONDARY,Male,18,Arts / Humanities,>10 LPA,0,75.5,53.9,1,0,0.06,35.8,53.1,0,5,Rajasthan,RJ,66.1,52.1,26.0,17.2,Kota,8.2,0,39.7,21.0,0.7729,1
HSC_2026_0203,HIGHER_SECONDARY,Female,17,Arts / Humanities,<2 LPA,0,77.0,100.0,0,1,0.58,69.2,98.6,1,2,Kerala,KL,94.0,92.1,43.2,3.2,Ernakulam,0.6,0,31.9,14.8,0.1185,0
HSC_2026_0204,HIGHER_SECONDARY,Male,17,Science (PCM),2-5 LPA,1,68.8,96.0,0,1,0.67,50.3,100.0,0,6,Kerala,KL,94.0,92.1,43.2,3.2,Thiruvananthapuram,0.9,0,46.2,15.2,0.1996,0
HSC_2026_0205,HIGHER_SECONDARY,Male,17,Science (PCM),2-5 LPA,0,75.7,42.2,1,0,0.66,38.4,49.6,0,6,Karnataka,KA,75.4,68.1,36.2,12.0,Bengaluru Urban,1.8,0,9.1,18.2,0.8835,1
HSC_2026_0206,HIGHER_SECONDARY,Male,18,Commerce,<2 LPA,1,74.1,31.9,1,1,0.66,58.7,38.5,1,1,Maharashtra,MH,82.3,75.9,32.3,11.2,Mumbai,2.1,0,0.0,19.5,0.7538,1
HSC_2026_0207,HIGHER_SECONDARY,Female,16,Commerce,<2 LPA,0,78.1,58.1,1,0,0.89,53.7,61.9,0,6,Tamil Nadu,TN,80.1,73.4,51.4,8.1,Coimbatore,2.1,0,24.2,18.9,0.7283,1
HSC_2026_0208,HIGHER_SECONDARY,Female,18,Science (PCB),<2 LPA,0,72.7,75.9,0,1,0.93,63.6,76.9,1,4,Karnataka,KA,75.4,68.1,36.2,12.0,Raichur,36.8,1,74.6,34.0,0.5341,1
HSC_2026_0209,HIGHER_SECONDARY,Female,18,Arts / Humanities,<2 LPA,0,74.9,100.0,0,1,0.93,60.6,100.0,0,1,Kerala,KL,94.0,92.1,43.2,3.2,Ernakulam,0.6,0,31.9,14.8,0.1051,0
HSC_2026_0210,HIGHER_SECONDARY,Female,18,Arts / Humanities,>10 LPA,1,71.4,100.0,0,1,0.46,43.5,100.0,0,2,Tamil Nadu,TN,80.1,73.4,51.4,8.1,Chennai,1.2,0,0.0,17.5,0.1468,0
HSC_2026_0211,HIGHER_SECONDARY,Female,16,Science (PCM),<2 LPA,0,89.1,91.8,0,1,0.64,76.9,78.9,0,1,Haryana,HR,75.6,65.9,29.8,12.5,Nuh / Mewat,44.8,1,88.6,47.0,0.1195,0
HSC_2026_0212,HIGHER_SECONDARY,Female,17,Vocational / ITI,2-5 LPA,0,56.0,70.4,1,0,0.52,27.5,65.8,0,8,Gujarat,GJ,78.0,69.7,21.3,17.9,Ahmedabad,3.8,0,15.9,20.2,0.8012,1
HSC_2026_0213,HIGHER_SECONDARY,Male,17,Science (PCB),2-5 LPA,1,71.3,97.3,0,1,0.7,76.1,100.0,0,1,Madhya Pradesh,MP,69.3,59.2,24.8,18.5,Bhopal,9.4,0,19.1,23.4,0.0648,0
HSC_2026_0214,HIGHER_SECONDARY,Female,18,Science (PCM),<2 LPA,0,95.3,71.7,1,1,0.64,81.5,88.7,1,1,Bihar,BR,61.8,51.5,14.5,21.4,Katihar,48.7,1,91.1,44.3,0.3412,0
HSC_2026_0215,HIGHER_SECONDARY,Male,18,Science (PCB),<2 LPA,0,47.9,70.7,1,0,0.85,48.1,70.1,0,3,Maharashtra,MH,82.3,75.9,32.3,11.2,Pune,3.9,0,39.1,21.0,0.6104,1
HSC_2026_0216,HIGHER_SECONDARY,Male,16,Science (PCB),2-5 LPA,0,61.6,83.6,0,1,0.84,58.4,70.1,0,3,Bihar,BR,61.8,51.5,14.5,21.4,Patna,18.2,0,56.4,28.5,0.2593,0
HSC_2026_0217,HIGHER_SECONDARY,Male,18,Vocational / ITI,2-5 LPA,0,83.8,48.6,1,0,0.91,48.2,49.0,0,7,Kerala,KL,94.0,92.1,43.2,3.2,Ernakulam,0.6,0,31.9,14.8,0.8385,1
HSC_2026_0218,HIGHER_SECONDARY,Male,16,Commerce,<2 LPA,1,72.0,91.9,0,1,0.64,52.0,94.6,0,1,Maharashtra,MH,82.3,75.9,32.3,11.2,Pune,3.9,0,39.1,21.0,0.1586,0
HSC_2026_0219,HIGHER_SECONDARY,Female,16,Arts / Humanities,<2 LPA,0,89.0,52.5,1,1,0.51,74.9,64.5,1,2,Madhya Pradesh,MP,69.3,59.2,24.8,18.5,Indore,6.8,0,25.9,21.8,0.4293,0
HSC_2026_0220,HIGHER_SECONDARY,Female,17,Vocational / ITI,5-10 LPA,1,88.9,64.5,1,0,0.4,65.1,61.9,0,5,Gujarat,GJ,78.0,69.7,21.3,17.9,Dahod,40.5,1,88.0,38.1,0.6046,1
HSC_2026_0221,HIGHER_SECONDARY,Male,17,Science (PCM),2-5 LPA,1,86.6,70.6,1,1,0.88,60.7,65.5,0,2,Bihar,BR,61.8,51.5,14.5,21.4,Purnia,50.4,1,89.2,42.1,0.453,0
HSC_2026_0222,HIGHER_SECONDARY,Male,18,Arts / Humanities,5-10 LPA,1,62.9,72.9,1,1,0.29,55.0,78.0,0,4,Gujarat,GJ,78.0,69.7,21.3,17.9,Ahmedabad,3.8,0,15.9,20.2,0.2601,0
HSC_2026_0223,HIGHER_SECONDARY,Male,18,Arts / Humanities,2-5 LPA,0,50.4,53.5,1,0,0.48,15.0,38.7,0,3,Madhya Pradesh,MP,69.3,59.2,24.8,18.5,Alirajpur,52.0,1,92.2,39.5,0.945,1
HSC_2026_0224,HIGHER_SECONDARY,Female,18,Commerce,<2 LPA,1,98.0,91.1,0,1,0.74,56.2,87.5,0,1,Bihar,BR,61.8,51.5,14.5,21.4,Purnia,50.4,1,89.2,42.1,0.2658,0
HSC_2026_0225,HIGHER_SECONDARY,Male,17,Commerce,2-5 LPA,0,52.7,78.4,0,1,0.71,43.8,71.6,0,3,Rajasthan,RJ,66.1,52.1,26.0,17.2,Jaisalmer,31.8,1,86.7,33.2,0.4536,1
HSC_2026_0226,HIGHER_SECONDARY,Female,16,Science (PCM),2-5 LPA,1,75.0,92.8,0,1,0.96,69.9,100.0,0,2,Rajasthan,RJ,66.1,52.1,26.0,17.2,Jaisalmer,31.8,1,86.7,33.2,0.1624,1
HSC_2026_0227,HIGHER_SECONDARY,Female,17,Science (PCM),<2 LPA,0,71.3,68.0,1,1,0.64,45.1,70.9,1,3,Gujarat,GJ,78.0,69.7,21.3,17.9,Ahmedabad,3.8,0,15.9,20.2,0.5889,1
HSC_2026_0228,HIGHER_SECONDARY,Male,17,Arts / Humanities,2-5 LPA,1,98.0,73.0,1,0,0.42,42.8,78.0,0,6,Maharashtra,MH,82.3,75.9,32.3,11.2,Gadchiroli,28.5,1,89.0,28.9,0.7001,1
HSC_2026_0229,HIGHER_SECONDARY,Male,18,Science (PCB),5-10 LPA,1,76.6,66.0,1,0,0.65,45.1,65.7,0,6,Rajasthan,RJ,66.1,52.1,26.0,17.2,Jaipur,6.9,0,47.6,22.5,0.7089,1
HSC_2026_0230,HIGHER_SECONDARY,Female,17,Vocational / ITI,<2 LPA,1,93.2,46.2,1,1,0.61,76.8,45.1,0,1,Uttar Pradesh,UP,67.7,57.2,23.2,16.8,Lucknow,8.5,0,33.8,24.1,0.325,0
HSC_2026_0231,HIGHER_SECONDARY,Male,17,Science (PCM),5-10 LPA,0,83.2,85.2,0,1,0.62,58.2,91.1,0,3,Haryana,HR,75.6,65.9,29.8,12.5,Gurugram,2.5,0,31.2,20.5,0.1819,0
HSC_2026_0232,HIGHER_SECONDARY,Male,17,Commerce,2-5 LPA,0,84.4,87.9,0,1,0.35,78.3,83.5,0,1,Karnataka,KA,75.4,68.1,36.2,12.0,Bengaluru Urban,1.8,0,9.1,18.2,0.0599,0
HSC_2026_0233,HIGHER_SECONDARY,Male,16,Commerce,<2 LPA,0,63.3,77.2,0,1,0.78,38.3,77.9,0,3,Karnataka,KA,75.4,68.1,36.2,12.0,Yadgir,39.4,1,81.2,36.5,0.56,1
HSC_2026_0234,HIGHER_SECONDARY,Female,18,Arts / Humanities,2-5 LPA,0,87.6,55.5,1,0,0.84,46.4,61.5,1,3,Gujarat,GJ,78.0,69.7,21.3,17.9,Dahod,40.5,1,88.0,38.1,0.91,1
HSC_2026_0235,HIGHER_SECONDARY,Female,18,Science (PCM),<2 LPA,1,43.1,74.8,1,0,0.79,24.2,67.4,0,7,Karnataka,KA,75.4,68.1,36.2,12.0,Bengaluru Urban,1.8,0,9.1,18.2,0.8078,1
HSC_2026_0236,HIGHER_SECONDARY,Male,18,Arts / Humanities,<2 LPA,1,66.3,61.4,1,1,0.81,58.6,54.3,0,1,Maharashtra,MH,82.3,75.9,32.3,11.2,Gadchiroli,28.5,1,89.0,28.9,0.4515,0
HSC_2026_0237,HIGHER_SECONDARY,Female,17,Arts / Humanities,<2 LPA,0,70.6,48.8,1,0,0.84,40.4,52.9,0,4,Tamil Nadu,TN,80.1,73.4,51.4,8.1,Ramanathapuram,7.8,1,69.7,22.1,0.8518,1
HSC_2026_0238,HIGHER_SECONDARY,Female,17,Vocational / ITI,2-5 LPA,0,85.4,76.3,0,1,0.39,65.3,74.9,0,3,Haryana,HR,75.6,65.9,29.8,12.5,Nuh / Mewat,44.8,1,88.6,47.0,0.2775,0
HSC_2026_0239,HIGHER_SECONDARY,Male,17,Vocational / ITI,5-10 LPA,0,79.7,78.5,0,1,0.17,68.0,82.1,0,3,Kerala,KL,94.0,92.1,43.2,3.2,Ernakulam,0.6,0,31.9,14.8,0.1216,0
HSC_2026_0240,HIGHER_SECONDARY,Male,17,Vocational / ITI,>10 LPA,1,69.1,72.8,1,1,0.17,63.3,74.8,0,2,Tamil Nadu,TN,80.1,73.4,51.4,8.1,Ramanathapuram,7.8,1,69.7,22.1,0.1763,0
HSC_2026_0241,HIGHER_SECONDARY,Female,17,Arts / Humanities,2-5 LPA,1,68.5,54.2,1,0,0.64,38.8,64.1,1,4,Karnataka,KA,75.4,68.1,36.2,12.0,Bengaluru Urban,1.8,0,9.1,18.2,0.8809,1
HSC_2026_0242,HIGHER_SECONDARY,Female,18,Science (PCM),2-5 LPA,0,73.3,86.3,0,1,0.8,61.7,93.2,0,0,Kerala,KL,94.0,92.1,43.2,3.2,Ernakulam,0.6,0,31.9,14.8,0.1403,0
HSC_2026_0243,HIGHER_SECONDARY,Male,18,Science (PCB),2-5 LPA,1,78.8,67.1,1,1,0.51,53.8,55.2,0,5,Tamil Nadu,TN,80.1,73.4,51.4,8.1,Coimbatore,2.1,0,24.2,18.9,0.3668,0
HSC_2026_0244,HIGHER_SECONDARY,Female,17,Science (PCB),2-5 LPA,0,67.7,68.5,1,1,0.51,60.4,51.0,0,4,Karnataka,KA,75.4,68.1,36.2,12.0,Raichur,36.8,1,74.6,34.0,0.3992,0
HSC_2026_0245,HIGHER_SECONDARY,Male,16,Commerce,<2 LPA,1,68.3,86.8,0,1,0.36,59.4,98.9,0,2,Madhya Pradesh,MP,69.3,59.2,24.8,18.5,Barwani,46.1,1,85.5,37.1,0.2251,0
HSC_2026_0246,HIGHER_SECONDARY,Female,18,Commerce,2-5 LPA,1,88.5,68.6,1,1,0.49,63.4,69.3,0,1,Haryana,HR,75.6,65.9,29.8,12.5,Gurugram,2.5,0,31.2,20.5,0.2152,0
HSC_2026_0247,HIGHER_SECONDARY,Male,17,Science (PCB),5-10 LPA,1,72.8,59.3,1,1,0.31,48.1,61.1,0,0,Tamil Nadu,TN,80.1,73.4,51.4,8.1,Ramanathapuram,7.8,1,69.7,22.1,0.3819,0
HSC_2026_0248,HIGHER_SECONDARY,Female,16,Commerce,2-5 LPA,0,67.6,51.0,1,0,0.46,44.4,51.8,0,5,Gujarat,GJ,78.0,69.7,21.3,17.9,Dahod,40.5,1,88.0,38.1,0.858,1
HSC_2026_0249,HIGHER_SECONDARY,Male,16,Arts / Humanities,2-5 LPA,0,78.2,76.2,0,1,0.88,68.4,71.5,0,2,Karnataka,KA,75.4,68.1,36.2,12.0,Raichur,36.8,1,74.6,34.0,0.2884,0
HSC_2026_0250,HIGHER_SECONDARY,Male,18,Commerce,2-5 LPA,1,80.9,88.7,0,1,0.77,81.3,82.6,0,4,Maharashtra,MH,82.3,75.9,32.3,11.2,Mumbai,2.1,0,0.0,19.5,0.0884,0
HSC_2026_0251,HIGHER_SECONDARY,Male,17,Vocational / ITI,2-5 LPA,0,92.7,85.4,0,1,0.66,67.0,100.0,0,3,Haryana,HR,75.6,65.9,29.8,12.5,Gurugram,2.5,0,31.2,20.5,0.1392,0
HSC_2026_0252,HIGHER_SECONDARY,Female,18,Arts / Humanities,2-5 LPA,0,71.5,57.8,1,0,0.72,46.5,57.3,0,6,Kerala,KL,94.0,92.1,43.2,3.2,Thiruvananthapuram,0.9,0,46.2,15.2,0.7552,1
HSC_2026_0253,HIGHER_SECONDARY,Female,18,Science (PCM),2-5 LPA,0,65.7,44.8,1,0,0.83,36.0,52.7,1,5,Madhya Pradesh,MP,69.3,59.2,24.8,18.5,Barwani,46.1,1,85.5,37.1,0.9669,1
HSC_2026_0254,HIGHER_SECONDARY,Male,18,Vocational / ITI,<2 LPA,0,62.7,95.0,0,1,0.71,43.2,98.7,0,3,Rajasthan,RJ,66.1,52.1,26.0,17.2,Kota,8.2,0,39.7,21.0,0.2361,0
HSC_2026_0255,HIGHER_SECONDARY,Male,18,Arts / Humanities,2-5 LPA,0,80.1,89.4,0,1,0.6,67.2,78.9,1,3,Bihar,BR,61.8,51.5,14.5,21.4,Katihar,48.7,1,91.1,44.3,0.3349,0
HSC_2026_0256,HIGHER_SECONDARY,Female,17,Commerce,2-5 LPA,1,67.5,35.7,1,0,0.77,48.1,37.3,0,4,Karnataka,KA,75.4,68.1,36.2,12.0,Bengaluru Urban,1.8,0,9.1,18.2,0.8627,1
HSC_2026_0257,HIGHER_SECONDARY,Male,18,Arts / Humanities,5-10 LPA,0,48.1,82.8,0,1,0.14,40.3,90.8,0,5,Karnataka,KA,75.4,68.1,36.2,12.0,Yadgir,39.4,1,81.2,36.5,0.4071,0
HSC_2026_0258,HIGHER_SECONDARY,Male,18,Arts / Humanities,<2 LPA,1,64.5,78.1,0,1,0.91,53.5,84.4,0,5,Gujarat,GJ,78.0,69.7,21.3,17.9,Dahod,40.5,1,88.0,38.1,0.4756,0
HSC_2026_0259,HIGHER_SECONDARY,Female,17,Science (PCM),2-5 LPA,0,38.0,73.3,1,1,0.93,41.8,61.3,0,2,Madhya Pradesh,MP,69.3,59.2,24.8,18.5,Bhopal,9.4,0,19.1,23.4,0.4618,0
HSC_2026_0260,HIGHER_SECONDARY,Male,18,Vocational / ITI,<2 LPA,1,91.2,69.9,1,0,0.32,58.6,54.7,0,3,Madhya Pradesh,MP,69.3,59.2,24.8,18.5,Indore,6.8,0,25.9,21.8,0.4336,0
HSC_2026_0261,HIGHER_SECONDARY,Female,18,Science (PCM),2-5 LPA,0,64.4,70.6,1,0,0.85,35.5,62.0,0,2,Tamil Nadu,TN,80.1,73.4,51.4,8.1,Ramanathapuram,7.8,1,69.7,22.1,0.713,0
HSC_2026_0262,HIGHER_SECONDARY,Male,17,Vocational / ITI,5-10 LPA,0,72.0,63.5,1,0,0.68,50.8,74.3,1,3,Uttar Pradesh,UP,67.7,57.2,23.2,16.8,Balrampur,47.9,1,92.3,45.0,0.8608,1
HSC_2026_0263,HIGHER_SECONDARY,Male,18,Science (PCB),<2 LPA,1,61.4,69.7,1,1,0.97,55.0,70.6,0,1,Rajasthan,RJ,66.1,52.1,26.0,17.2,Kota,8.2,0,39.7,21.0,0.3587,0
HSC_2026_0264,HIGHER_SECONDARY,Male,17,Arts / Humanities,5-10 LPA,1,98.0,76.9,0,1,0.52,79.0,75.3,0,3,Haryana,HR,75.6,65.9,29.8,12.5,Nuh / Mewat,44.8,1,88.6,47.0,0.197,0
HSC_2026_0265,HIGHER_SECONDARY,Male,16,Vocational / ITI,<2 LPA,1,61.6,65.2,1,1,0.77,42.1,58.2,1,3,Karnataka,KA,75.4,68.1,36.2,12.0,Yadgir,39.4,1,81.2,36.5,0.7719,1
HSC_2026_0266,HIGHER_SECONDARY,Male,16,Commerce,5-10 LPA,1,83.5,93.2,0,1,0.29,71.5,87.5,1,1,Tamil Nadu,TN,80.1,73.4,51.4,8.1,Coimbatore,2.1,0,24.2,18.9,0.1092,0
HSC_2026_0267,HIGHER_SECONDARY,Female,18,Arts / Humanities,2-5 LPA,0,79.1,95.5,0,1,0.79,71.6,84.6,0,4,Gujarat,GJ,78.0,69.7,21.3,17.9,Narmada,32.4,1,89.5,30.5,0.1454,0
HSC_2026_0268,HIGHER_SECONDARY,Male,16,Arts / Humanities,5-10 LPA,0,64.1,92.4,0,1,0.21,38.3,84.1,0,0,Karnataka,KA,75.4,68.1,36.2,12.0,Yadgir,39.4,1,81.2,36.5,0.2618,0
HSC_2026_0269,HIGHER_SECONDARY,Male,16,Vocational / ITI,<2 LPA,0,71.9,74.5,1,1,0.58,68.4,78.6,1,5,Karnataka,KA,75.4,68.1,36.2,12.0,Raichur,36.8,1,74.6,34.0,0.4577,0
HSC_2026_0270,HIGHER_SECONDARY,Male,16,Vocational / ITI,2-5 LPA,1,70.6,39.2,1,0,0.75,33.3,34.0,0,4,Haryana,HR,75.6,65.9,29.8,12.5,Nuh / Mewat,44.8,1,88.6,47.0,0.9474,1
HSC_2026_0271,HIGHER_SECONDARY,Female,17,Commerce,<2 LPA,0,63.8,74.7,1,0,0.46,32.2,58.2,0,4,Tamil Nadu,TN,80.1,73.4,51.4,8.1,Ramanathapuram,7.8,1,69.7,22.1,0.6766,1
HSC_2026_0272,HIGHER_SECONDARY,Female,16,Vocational / ITI,<2 LPA,0,78.0,59.8,1,1,0.42,51.3,57.3,0,5,Karnataka,KA,75.4,68.1,36.2,12.0,Bengaluru Urban,1.8,0,9.1,18.2,0.443,0
HSC_2026_0273,HIGHER_SECONDARY,Male,17,Commerce,2-5 LPA,1,70.1,74.7,1,0,0.79,38.6,68.1,0,6,Maharashtra,MH,82.3,75.9,32.3,11.2,Gadchiroli,28.5,1,89.0,28.9,0.7714,1
HSC_2026_0274,HIGHER_SECONDARY,Male,16,Science (PCB),<2 LPA,1,76.1,73.4,1,1,0.51,68.8,80.9,1,3,Madhya Pradesh,MP,69.3,59.2,24.8,18.5,Alirajpur,52.0,1,92.2,39.5,0.4668,1
HSC_2026_0275,HIGHER_SECONDARY,Male,17,Science (PCM),<2 LPA,0,50.7,72.8,1,1,0.63,36.4,72.2,0,3,Bihar,BR,61.8,51.5,14.5,21.4,Patna,18.2,0,56.4,28.5,0.5138,1
HSC_2026_0276,HIGHER_SECONDARY,Female,17,Vocational / ITI,>10 LPA,0,51.1,75.3,0,1,0.85,47.5,61.8,0,1,Maharashtra,MH,82.3,75.9,32.3,11.2,Pune,3.9,0,39.1,21.0,0.3399,0
HSC_2026_0277,HIGHER_SECONDARY,Male,16,Vocational / ITI,<2 LPA,1,78.6,68.7,1,1,0.97,77.7,79.2,0,0,Haryana,HR,75.6,65.9,29.8,12.5,Nuh / Mewat,44.8,1,88.6,47.0,0.2823,0
HSC_2026_0278,HIGHER_SECONDARY,Male,18,Science (PCB),<2 LPA,0,69.7,95.1,0,1,0.76,64.1,100.0,1,3,Uttar Pradesh,UP,67.7,57.2,23.2,16.8,Balrampur,47.9,1,92.3,45.0,0.3341,0
HSC_2026_0279,HIGHER_SECONDARY,Female,17,Arts / Humanities,2-5 LPA,0,78.1,100.0,0,1,0.94,59.4,100.0,0,3,Rajasthan,RJ,66.1,52.1,26.0,17.2,Kota,8.2,0,39.7,21.0,0.1396,0
HSC_2026_0280,HIGHER_SECONDARY,Female,18,Arts / Humanities,5-10 LPA,1,91.1,76.2,0,0,0.25,43.6,95.1,0,7,Tamil Nadu,TN,80.1,73.4,51.4,8.1,Chennai,1.2,0,0.0,17.5,0.5566,1
HSC_2026_0281,HIGHER_SECONDARY,Female,17,Science (PCB),<2 LPA,0,88.5,52.6,1,0,0.66,49.1,37.7,0,5,Uttar Pradesh,UP,67.7,57.2,23.2,16.8,Noida / Gautam Buddha Nagar,7.1,0,40.9,22.0,0.7697,1
HSC_2026_0282,HIGHER_SECONDARY,Male,17,Science (PCB),2-5 LPA,0,82.8,41.7,1,1,0.98,73.2,36.4,0,2,Kerala,KL,94.0,92.1,43.2,3.2,Wayanad,4.1,1,96.1,18.0,0.4689,0
HSC_2026_0283,HIGHER_SECONDARY,Female,18,Science (PCM),2-5 LPA,0,42.4,77.7,0,1,0.39,28.0,80.6,0,1,Karnataka,KA,75.4,68.1,36.2,12.0,Raichur,36.8,1,74.6,34.0,0.5301,1
HSC_2026_0284,HIGHER_SECONDARY,Female,16,Science (PCM),2-5 LPA,0,44.9,70.5,1,0,0.4,21.4,72.6,0,3,Madhya Pradesh,MP,69.3,59.2,24.8,18.5,Alirajpur,52.0,1,92.2,39.5,0.8655,1
HSC_2026_0285,HIGHER_SECONDARY,Female,17,Science (PCM),5-10 LPA,0,66.5,28.8,1,0,0.23,43.6,20.0,0,4,Tamil Nadu,TN,80.1,73.4,51.4,8.1,Coimbatore,2.1,0,24.2,18.9,0.8681,1
HSC_2026_0286,HIGHER_SECONDARY,Female,18,Commerce,2-5 LPA,1,71.2,54.9,1,1,0.56,40.1,47.4,0,3,Haryana,HR,75.6,65.9,29.8,12.5,Nuh / Mewat,44.8,1,88.6,47.0,0.7283,1
HSC_2026_0287,HIGHER_SECONDARY,Male,17,Commerce,2-5 LPA,0,75.2,77.5,0,1,0.46,42.7,65.3,0,1,Bihar,BR,61.8,51.5,14.5,21.4,Purnia,50.4,1,89.2,42.1,0.4575,0
HSC_2026_0288,HIGHER_SECONDARY,Male,18,Science (PCB),>10 LPA,0,60.6,76.2,0,1,0.12,42.8,80.3,0,2,Madhya Pradesh,MP,69.3,59.2,24.8,18.5,Barwani,46.1,1,85.5,37.1,0.4109,0
HSC_2026_0289,HIGHER_SECONDARY,Male,18,Vocational / ITI,<2 LPA,0,84.9,92.6,0,1,0.73,74.1,80.4,0,0,Madhya Pradesh,MP,69.3,59.2,24.8,18.5,Bhopal,9.4,0,19.1,23.4,0.0788,0
HSC_2026_0290,HIGHER_SECONDARY,Male,17,Commerce,>10 LPA,0,68.4,71.5,1,1,0.41,51.3,89.5,0,2,Gujarat,GJ,78.0,69.7,21.3,17.9,Dahod,40.5,1,88.0,38.1,0.4096,0
HSC_2026_0291,HIGHER_SECONDARY,Male,18,Science (PCB),<2 LPA,0,73.4,65.3,1,0,0.51,39.2,82.7,1,5,Bihar,BR,61.8,51.5,14.5,21.4,Gaya,38.6,1,86.8,36.2,0.8889,1
HSC_2026_0292,HIGHER_SECONDARY,Female,16,Science (PCB),2-5 LPA,1,69.5,60.3,1,0,0.45,54.4,52.6,0,5,Madhya Pradesh,MP,69.3,59.2,24.8,18.5,Barwani,46.1,1,85.5,37.1,0.7537,1
HSC_2026_0293,HIGHER_SECONDARY,Male,16,Science (PCM),5-10 LPA,0,84.4,43.1,1,1,0.32,89.2,49.1,0,3,Karnataka,KA,75.4,68.1,36.2,12.0,Yadgir,39.4,1,81.2,36.5,0.3379,1
HSC_2026_0294,HIGHER_SECONDARY,Male,18,Vocational / ITI,<2 LPA,1,73.7,78.7,0,1,0.9,55.3,78.6,0,4,Karnataka,KA,75.4,68.1,36.2,12.0,Raichur,36.8,1,74.6,34.0,0.4177,0
HSC_2026_0295,HIGHER_SECONDARY,Male,17,Science (PCM),2-5 LPA,0,53.0,52.9,1,1,0.63,34.2,53.7,0,4,Madhya Pradesh,MP,69.3,59.2,24.8,18.5,Bhopal,9.4,0,19.1,23.4,0.7085,0
HSC_2026_0296,HIGHER_SECONDARY,Male,17,Science (PCM),<2 LPA,1,66.5,92.7,0,1,0.49,56.1,86.7,1,3,Rajasthan,RJ,66.1,52.1,26.0,17.2,Kota,8.2,0,39.7,21.0,0.2507,0
HSC_2026_0297,HIGHER_SECONDARY,Male,18,Science (PCM),2-5 LPA,0,77.9,74.5,1,1,0.34,63.7,73.7,0,3,Bihar,BR,61.8,51.5,14.5,21.4,Gaya,38.6,1,86.8,36.2,0.278,0
HSC_2026_0298,HIGHER_SECONDARY,Female,17,Science (PCB),2-5 LPA,1,58.0,80.7,0,1,0.84,47.2,92.3,1,3,Bihar,BR,61.8,51.5,14.5,21.4,Patna,18.2,0,56.4,28.5,0.536,1
HSC_2026_0299,HIGHER_SECONDARY,Male,17,Commerce,2-5 LPA,0,79.6,81.2,0,0,0.39,41.2,78.0,0,6,Karnataka,KA,75.4,68.1,36.2,12.0,Bengaluru Urban,1.8,0,9.1,18.2,0.5386,1
HSC_2026_0300,HIGHER_SECONDARY,Female,17,Commerce,5-10 LPA,1,78.7,74.5,1,1,0.18,64.5,80.7,0,1,Tamil Nadu,TN,80.1,73.4,51.4,8.1,Coimbatore,2.1,0,24.2,18.9,0.1406,0
HSC_2026_0301,HIGHER_SECONDARY,Female,16,Commerce,5-10 LPA,1,88.9,78.0,0,1,0.43,73.8,82.1,0,2,Haryana,HR,75.6,65.9,29.8,12.5,Nuh / Mewat,44.8,1,88.6,47.0,0.1977,1
HSC_2026_0302,HIGHER_SECONDARY,Male,18,Vocational / ITI,2-5 LPA,1,58.1,83.9,0,1,0.7,48.9,73.7,0,2,Gujarat,GJ,78.0,69.7,21.3,17.9,Dahod,40.5,1,88.0,38.1,0.3649,0
HSC_2026_0303,HIGHER_SECONDARY,Female,18,Science (PCM),2-5 LPA,1,70.9,88.1,0,1,0.78,58.0,100.0,0,3,Maharashtra,MH,82.3,75.9,32.3,11.2,Pune,3.9,0,39.1,21.0,0.1867,1
HSC_2026_0304,HIGHER_SECONDARY,Female,18,Vocational / ITI,<2 LPA,0,89.3,73.9,1,1,0.44,67.0,74.9,0,4,Madhya Pradesh,MP,69.3,59.2,24.8,18.5,Barwani,46.1,1,85.5,37.1,0.311,0
HSC_2026_0305,HIGHER_SECONDARY,Male,17,Arts / Humanities,5-10 LPA,0,67.6,89.3,0,1,0.57,31.6,98.9,0,0,Haryana,HR,75.6,65.9,29.8,12.5,Gurugram,2.5,0,31.2,20.5,0.281,0
HSC_2026_0306,HIGHER_SECONDARY,Male,18,Science (PCM),5-10 LPA,0,72.2,48.7,1,0,0.43,43.6,30.6,0,8,Karnataka,KA,75.4,68.1,36.2,12.0,Raichur,36.8,1,74.6,34.0,0.8883,1
HSC_2026_0307,HIGHER_SECONDARY,Male,17,Science (PCM),<2 LPA,1,58.7,68.5,1,1,0.63,49.5,69.1,0,1,Tamil Nadu,TN,80.1,73.4,51.4,8.1,Ramanathapuram,7.8,1,69.7,22.1,0.3576,1
HSC_2026_0308,HIGHER_SECONDARY,Male,17,Arts / Humanities,2-5 LPA,0,72.3,47.2,1,1,0.73,45.6,42.6,0,0,Haryana,HR,75.6,65.9,29.8,12.5,Gurugram,2.5,0,31.2,20.5,0.5823,1
HSC_2026_0309,HIGHER_SECONDARY,Female,16,Vocational / ITI,2-5 LPA,0,93.9,100.0,0,1,0.83,73.2,97.8,0,2,Rajasthan,RJ,66.1,52.1,26.0,17.2,Jaipur,6.9,0,47.6,22.5,0.0739,0
HSC_2026_0310,HIGHER_SECONDARY,Female,17,Arts / Humanities,<2 LPA,1,56.8,95.2,0,1,0.82,29.8,96.2,0,1,Rajasthan,RJ,66.1,52.1,26.0,17.2,Jaipur,6.9,0,47.6,22.5,0.3157,0
HSC_2026_0311,HIGHER_SECONDARY,Male,17,Science (PCB),5-10 LPA,0,71.8,66.0,1,1,0.05,53.7,48.0,0,3,Karnataka,KA,75.4,68.1,36.2,12.0,Bengaluru Urban,1.8,0,9.1,18.2,0.2674,0
HSC_2026_0312,HIGHER_SECONDARY,Male,18,Commerce,2-5 LPA,1,82.9,65.7,1,1,0.71,66.5,70.7,0,3,Haryana,HR,75.6,65.9,29.8,12.5,Gurugram,2.5,0,31.2,20.5,0.2741,0
HSC_2026_0313,HIGHER_SECONDARY,Female,17,Arts / Humanities,2-5 LPA,1,76.5,73.3,1,1,0.63,57.5,66.3,0,2,Kerala,KL,94.0,92.1,43.2,3.2,Wayanad,4.1,1,96.1,18.0,0.2582,0
HSC_2026_0314,HIGHER_SECONDARY,Male,18,Commerce,5-10 LPA,0,82.2,55.2,1,1,0.13,85.9,67.9,0,0,Madhya Pradesh,MP,69.3,59.2,24.8,18.5,Bhopal,9.4,0,19.1,23.4,0.1342,0
HSC_2026_0315,HIGHER_SECONDARY,Male,18,Science (PCM),2-5 LPA,1,88.0,71.9,1,0,0.37,53.8,63.2,0,7,Uttar Pradesh,UP,67.7,57.2,23.2,16.8,Shravasti,49.6,1,96.5,48.2,0.6971,0
HSC_2026_0316,HIGHER_SECONDARY,Male,17,Vocational / ITI,2-5 LPA,1,47.8,68.1,1,1,0.66,49.2,76.2,0,3,Haryana,HR,75.6,65.9,29.8,12.5,Nuh / Mewat,44.8,1,88.6,47.0,0.5456,1
HSC_2026_0317,HIGHER_SECONDARY,Female,17,Arts / Humanities,<2 LPA,0,70.1,62.7,1,0,0.69,30.8,73.4,1,4,Gujarat,GJ,78.0,69.7,21.3,17.9,Ahmedabad,3.8,0,15.9,20.2,0.8847,1
HSC_2026_0318,HIGHER_SECONDARY,Male,17,Commerce,2-5 LPA,0,72.5,68.6,1,1,0.54,39.7,63.7,0,2,Maharashtra,MH,82.3,75.9,32.3,11.2,Nandurbar,33.1,1,83.3,32.4,0.544,1
HSC_2026_0319,HIGHER_SECONDARY,Female,16,Science (PCB),5-10 LPA,1,77.6,65.2,1,1,0.26,58.5,69.7,0,1,Karnataka,KA,75.4,68.1,36.2,12.0,Bengaluru Urban,1.8,0,9.1,18.2,0.2384,0
HSC_2026_0320,HIGHER_SECONDARY,Male,17,Arts / Humanities,5-10 LPA,0,79.5,54.9,1,0,0.23,47.6,40.1,0,3,Madhya Pradesh,MP,69.3,59.2,24.8,18.5,Bhopal,9.4,0,19.1,23.4,0.6717,1
HSC_2026_0321,HIGHER_SECONDARY,Male,16,Science (PCB),5-10 LPA,0,78.1,52.6,1,0,0.87,60.6,47.4,1,5,Gujarat,GJ,78.0,69.7,21.3,17.9,Narmada,32.4,1,89.5,30.5,0.8759,1
HSC_2026_0322,HIGHER_SECONDARY,Male,17,Commerce,2-5 LPA,1,81.7,75.9,0,1,0.93,74.0,65.9,0,3,Gujarat,GJ,78.0,69.7,21.3,17.9,Ahmedabad,3.8,0,15.9,20.2,0.1848,0
HSC_2026_0323,HIGHER_SECONDARY,Male,16,Science (PCM),<2 LPA,1,80.5,60.2,1,0,0.4,66.7,64.5,0,10,Haryana,HR,75.6,65.9,29.8,12.5,Gurugram,2.5,0,31.2,20.5,0.5906,1
HSC_2026_0324,HIGHER_SECONDARY,Female,18,Science (PCB),<2 LPA,0,88.3,58.3,1,0,0.46,49.3,62.9,1,4,Tamil Nadu,TN,80.1,73.4,51.4,8.1,Chennai,1.2,0,0.0,17.5,0.7852,1
HSC_2026_0325,HIGHER_SECONDARY,Male,16,Commerce,<2 LPA,0,61.2,51.2,1,0,0.72,45.2,43.8,0,6,Maharashtra,MH,82.3,75.9,32.3,11.2,Pune,3.9,0,39.1,21.0,0.8144,1
HSC_2026_0326,HIGHER_SECONDARY,Male,18,Science (PCB),<2 LPA,1,67.9,64.0,1,1,0.7,69.3,64.6,0,3,Gujarat,GJ,78.0,69.7,21.3,17.9,Ahmedabad,3.8,0,15.9,20.2,0.269,0
HSC_2026_0327,HIGHER_SECONDARY,Male,17,Arts / Humanities,<2 LPA,1,83.4,80.6,0,1,0.91,57.1,74.9,0,2,Bihar,BR,61.8,51.5,14.5,21.4,Patna,18.2,0,56.4,28.5,0.2874,0
HSC_2026_0328,HIGHER_SECONDARY,Male,18,Vocational / ITI,<2 LPA,1,65.8,72.0,1,0,0.62,38.2,74.1,1,6,Madhya Pradesh,MP,69.3,59.2,24.8,18.5,Alirajpur,52.0,1,92.2,39.5,0.9011,1
HSC_2026_0329,HIGHER_SECONDARY,Female,18,Vocational / ITI,2-5 LPA,0,45.7,96.7,0,1,0.86,38.1,89.6,0,3,Bihar,BR,61.8,51.5,14.5,21.4,Gaya,38.6,1,86.8,36.2,0.3813,0
HSC_2026_0330,HIGHER_SECONDARY,Female,16,Commerce,<2 LPA,0,71.9,70.2,1,1,0.73,58.5,79.9,0,1,Kerala,KL,94.0,92.1,43.2,3.2,Wayanad,4.1,1,96.1,18.0,0.275,0
HSC_2026_0331,HIGHER_SECONDARY,Female,17,Commerce,2-5 LPA,1,78.6,54.8,1,0,0.51,62.1,54.7,0,9,Tamil Nadu,TN,80.1,73.4,51.4,8.1,Ramanathapuram,7.8,1,69.7,22.1,0.6988,1
HSC_2026_0332,HIGHER_SECONDARY,Male,18,Science (PCM),2-5 LPA,0,87.6,48.3,1,1,0.9,74.3,47.5,1,3,Kerala,KL,94.0,92.1,43.2,3.2,Wayanad,4.1,1,96.1,18.0,0.5593,1
HSC_2026_0333,HIGHER_SECONDARY,Male,17,Science (PCM),2-5 LPA,0,55.6,76.8,0,1,0.52,54.7,82.1,0,5,Maharashtra,MH,82.3,75.9,32.3,11.2,Nandurbar,33.1,1,83.3,32.4,0.379,0
HSC_2026_0334,HIGHER_SECONDARY,Male,16,Science (PCB),2-5 LPA,0,67.9,70.0,1,1,0.31,67.8,72.7,0,1,Tamil Nadu,TN,80.1,73.4,51.4,8.1,Chennai,1.2,0,0.0,17.5,0.1573,0
HSC_2026_0335,HIGHER_SECONDARY,Female,16,Science (PCB),2-5 LPA,1,54.0,83.4,0,1,0.7,30.4,87.3,0,1,Uttar Pradesh,UP,67.7,57.2,23.2,16.8,Varanasi,16.3,0,56.6,29.4,0.4318,0
HSC_2026_0336,HIGHER_SECONDARY,Female,17,Commerce,<2 LPA,0,70.8,100.0,0,1,0.46,62.4,100.0,1,2,Tamil Nadu,TN,80.1,73.4,51.4,8.1,Chennai,1.2,0,0.0,17.5,0.1386,0
HSC_2026_0337,HIGHER_SECONDARY,Female,16,Vocational / ITI,<2 LPA,1,62.1,79.9,0,1,0.79,55.4,84.1,1,1,Bihar,BR,61.8,51.5,14.5,21.4,Gaya,38.6,1,86.8,36.2,0.4918,0
HSC_2026_0338,HIGHER_SECONDARY,Female,16,Vocational / ITI,2-5 LPA,0,63.7,38.5,1,0,0.37,45.3,42.6,0,4,Karnataka,KA,75.4,68.1,36.2,12.0,Raichur,36.8,1,74.6,34.0,0.8869,1
HSC_2026_0339,HIGHER_SECONDARY,Female,18,Science (PCM),2-5 LPA,0,71.4,66.5,1,1,0.56,64.3,92.6,0,5,Madhya Pradesh,MP,69.3,59.2,24.8,18.5,Indore,6.8,0,25.9,21.8,0.3072,0
HSC_2026_0340,HIGHER_SECONDARY,Female,18,Arts / Humanities,2-5 LPA,1,62.7,65.0,1,0,0.45,19.3,73.8,0,13,Karnataka,KA,75.4,68.1,36.2,12.0,Bengaluru Urban,1.8,0,9.1,18.2,0.9039,1
HSC_2026_0341,HIGHER_SECONDARY,Female,18,Vocational / ITI,<2 LPA,1,61.8,50.8,1,0,0.66,38.1,51.4,0,8,Maharashtra,MH,82.3,75.9,32.3,11.2,Nandurbar,33.1,1,83.3,32.4,0.911,1
HSC_2026_0342,HIGHER_SECONDARY,Female,18,Vocational / ITI,2-5 LPA,1,72.0,59.1,1,0,0.75,44.0,70.4,0,6,Haryana,HR,75.6,65.9,29.8,12.5,Nuh / Mewat,44.8,1,88.6,47.0,0.8644,0
HSC_2026_0343,HIGHER_SECONDARY,Male,18,Science (PCB),<2 LPA,1,72.1,42.3,1,0,0.54,35.3,37.2,1,4,Bihar,BR,61.8,51.5,14.5,21.4,Patna,18.2,0,56.4,28.5,0.9419,1
HSC_2026_0344,HIGHER_SECONDARY,Female,18,Science (PCB),2-5 LPA,0,54.6,98.6,0,1,0.79,31.7,90.7,0,0,Tamil Nadu,TN,80.1,73.4,51.4,8.1,Coimbatore,2.1,0,24.2,18.9,0.2396,0
HSC_2026_0345,HIGHER_SECONDARY,Male,17,Science (PCB),>10 LPA,0,55.6,53.8,1,0,0.36,38.4,43.1,0,7,Haryana,HR,75.6,65.9,29.8,12.5,Nuh / Mewat,44.8,1,88.6,47.0,0.8871,1
HSC_2026_0346,HIGHER_SECONDARY,Female,17,Commerce,2-5 LPA,1,67.5,79.7,0,1,0.79,44.0,71.6,1,1,Madhya Pradesh,MP,69.3,59.2,24.8,18.5,Barwani,46.1,1,85.5,37.1,0.6283,0
HSC_2026_0347,HIGHER_SECONDARY,Male,16,Science (PCM),2-5 LPA,1,79.4,56.1,1,1,0.86,60.3,52.1,0,0,Gujarat,GJ,78.0,69.7,21.3,17.9,Dahod,40.5,1,88.0,38.1,0.5218,1
HSC_2026_0348,HIGHER_SECONDARY,Female,17,Science (PCM),2-5 LPA,0,71.8,72.0,1,1,0.68,46.2,63.2,0,0,Madhya Pradesh,MP,69.3,59.2,24.8,18.5,Barwani,46.1,1,85.5,37.1,0.4842,0
HSC_2026_0349,HIGHER_SECONDARY,Female,16,Arts / Humanities,2-5 LPA,0,75.9,48.4,1,0,0.67,30.1,55.6,0,6,Kerala,KL,94.0,92.1,43.2,3.2,Wayanad,4.1,1,96.1,18.0,0.8938,1
HSC_2026_0350,HIGHER_SECONDARY,Female,17,Science (PCM),<2 LPA,1,68.3,32.9,1,0,0.4,45.7,34.2,0,3,Rajasthan,RJ,66.1,52.1,26.0,17.2,Kota,8.2,0,39.7,21.0,0.8556,0
HSC_2026_0351,HIGHER_SECONDARY,Female,17,Science (PCB),<2 LPA,0,57.2,78.5,0,0,0.81,33.8,67.8,0,5,Rajasthan,RJ,66.1,52.1,26.0,17.2,Jaisalmer,31.8,1,86.7,33.2,0.7743,1
HSC_2026_0352,HIGHER_SECONDARY,Female,18,Science (PCM),5-10 LPA,0,67.0,60.0,1,0,0.12,32.9,50.9,0,6,Uttar Pradesh,UP,67.7,57.2,23.2,16.8,Lucknow,8.5,0,33.8,24.1,0.7714,1
HSC_2026_0353,HIGHER_SECONDARY,Female,17,Science (PCM),<2 LPA,0,72.8,88.0,0,1,0.92,38.7,74.4,0,3,Bihar,BR,61.8,51.5,14.5,21.4,Katihar,48.7,1,91.1,44.3,0.5107,1
HSC_2026_0354,HIGHER_SECONDARY,Male,16,Science (PCB),2-5 LPA,0,78.4,80.8,0,1,0.78,35.4,66.0,0,1,Bihar,BR,61.8,51.5,14.5,21.4,Katihar,48.7,1,91.1,44.3,0.5474,1
HSC_2026_0355,HIGHER_SECONDARY,Female,16,Arts / Humanities,>10 LPA,0,72.9,28.8,1,0,0.18,46.2,35.2,0,6,Uttar Pradesh,UP,67.7,57.2,23.2,16.8,Noida / Gautam Buddha Nagar,7.1,0,40.9,22.0,0.8792,1
HSC_2026_0356,HIGHER_SECONDARY,Female,16,Arts / Humanities,2-5 LPA,0,71.4,68.7,1,0,0.43,37.1,86.1,0,4,Haryana,HR,75.6,65.9,29.8,12.5,Nuh / Mewat,44.8,1,88.6,47.0,0.7903,1
HSC_2026_0357,HIGHER_SECONDARY,Female,17,Science (PCM),<2 LPA,0,72.4,73.9,1,0,0.85,31.0,83.4,0,6,Karnataka,KA,75.4,68.1,36.2,12.0,Bengaluru Urban,1.8,0,9.1,18.2,0.7645,1
HSC_2026_0358,HIGHER_SECONDARY,Male,16,Science (PCB),2-5 LPA,0,94.7,50.5,1,0,0.47,59.7,60.1,0,8,Haryana,HR,75.6,65.9,29.8,12.5,Gurugram,2.5,0,31.2,20.5,0.7131,1
HSC_2026_0359,HIGHER_SECONDARY,Female,16,Arts / Humanities,<2 LPA,0,68.4,67.2,1,1,0.85,56.3,63.5,1,5,Uttar Pradesh,UP,67.7,57.2,23.2,16.8,Shravasti,49.6,1,96.5,48.2,0.7261,1
HSC_2026_0360,HIGHER_SECONDARY,Female,18,Commerce,2-5 LPA,0,80.4,81.9,0,1,0.78,82.9,74.2,0,3,Madhya Pradesh,MP,69.3,59.2,24.8,18.5,Barwani,46.1,1,85.5,37.1,0.1769,0
HSC_2026_0361,HIGHER_SECONDARY,Female,17,Science (PCB),5-10 LPA,1,77.6,42.7,1,0,0.31,44.6,33.5,0,3,Madhya Pradesh,MP,69.3,59.2,24.8,18.5,Barwani,46.1,1,85.5,37.1,0.8735,1
HSC_2026_0362,HIGHER_SECONDARY,Male,17,Vocational / ITI,>10 LPA,0,66.5,49.1,1,0,0.37,47.9,44.0,0,0,Tamil Nadu,TN,80.1,73.4,51.4,8.1,Coimbatore,2.1,0,24.2,18.9,0.6665,0
HSC_2026_0363,HIGHER_SECONDARY,Female,17,Commerce,<2 LPA,0,65.3,99.8,0,1,0.56,45.0,100.0,1,4,Maharashtra,MH,82.3,75.9,32.3,11.2,Nandurbar,33.1,1,83.3,32.4,0.3895,0
HSC_2026_0364,HIGHER_SECONDARY,Male,16,Arts / Humanities,<2 LPA,0,59.1,85.2,0,1,0.89,50.1,89.4,0,0,Rajasthan,RJ,66.1,52.1,26.0,17.2,Jaipur,6.9,0,47.6,22.5,0.2368,0
HSC_2026_0365,HIGHER_SECONDARY,Male,16,Arts / Humanities,5-10 LPA,0,79.5,65.8,1,0,0.31,44.7,59.5,0,3,Madhya Pradesh,MP,69.3,59.2,24.8,18.5,Barwani,46.1,1,85.5,37.1,0.7321,1
HSC_2026_0366,HIGHER_SECONDARY,Male,18,Arts / Humanities,<2 LPA,1,86.6,81.1,0,1,0.4,79.6,83.5,0,2,Bihar,BR,61.8,51.5,14.5,21.4,Patna,18.2,0,56.4,28.5,0.1031,1
HSC_2026_0367,HIGHER_SECONDARY,Female,18,Vocational / ITI,<2 LPA,0,62.0,87.0,0,1,0.52,69.6,90.4,1,6,Kerala,KL,94.0,92.1,43.2,3.2,Thiruvananthapuram,0.9,0,46.2,15.2,0.228,1
HSC_2026_0368,HIGHER_SECONDARY,Male,18,Science (PCB),2-5 LPA,1,81.9,62.8,1,0,0.67,57.2,85.2,0,6,Rajasthan,RJ,66.1,52.1,26.0,17.2,Kota,8.2,0,39.7,21.0,0.6431,1
HSC_2026_0369,HIGHER_SECONDARY,Female,16,Science (PCB),2-5 LPA,1,84.4,100.0,0,1,0.57,67.4,90.8,1,2,Maharashtra,MH,82.3,75.9,32.3,11.2,Nandurbar,33.1,1,83.3,32.4,0.1891,0
HSC_2026_0370,HIGHER_SECONDARY,Female,16,Commerce,2-5 LPA,0,66.3,60.2,1,1,0.67,63.3,57.5,0,3,Gujarat,GJ,78.0,69.7,21.3,17.9,Dahod,40.5,1,88.0,38.1,0.4764,0
HSC_2026_0371,HIGHER_SECONDARY,Female,16,Arts / Humanities,2-5 LPA,1,94.4,87.6,0,1,0.74,73.1,88.6,1,3,Kerala,KL,94.0,92.1,43.2,3.2,Thiruvananthapuram,0.9,0,46.2,15.2,0.1891,1
HSC_2026_0372,HIGHER_SECONDARY,Female,16,Commerce,<2 LPA,0,64.9,74.1,1,1,0.8,34.2,77.5,0,4,Haryana,HR,75.6,65.9,29.8,12.5,Nuh / Mewat,44.8,1,88.6,47.0,0.6681,1
HSC_2026_0373,HIGHER_SECONDARY,Male,17,Commerce,5-10 LPA,1,85.0,69.9,1,0,0.3,63.9,73.3,1,5,Gujarat,GJ,78.0,69.7,21.3,17.9,Dahod,40.5,1,88.0,38.1,0.6967,1
HSC_2026_0374,HIGHER_SECONDARY,Female,18,Arts / Humanities,<2 LPA,0,73.7,52.2,1,1,0.76,34.6,50.5,1,3,Gujarat,GJ,78.0,69.7,21.3,17.9,Ahmedabad,3.8,0,15.9,20.2,0.8154,1
HSC_2026_0375,HIGHER_SECONDARY,Female,18,Science (PCB),2-5 LPA,0,64.2,95.9,0,1,0.61,60.6,98.3,0,3,Maharashtra,MH,82.3,75.9,32.3,11.2,Mumbai,2.1,0,0.0,19.5,0.1145,0
HSC_2026_0376,HIGHER_SECONDARY,Female,17,Vocational / ITI,5-10 LPA,0,65.4,58.2,1,1,0.19,64.8,64.8,0,5,Maharashtra,MH,82.3,75.9,32.3,11.2,Nandurbar,33.1,1,83.3,32.4,0.4064,0
HSC_2026_0377,HIGHER_SECONDARY,Male,18,Commerce,5-10 LPA,1,66.3,97.2,0,1,0.07,42.9,99.9,0,5,Gujarat,GJ,78.0,69.7,21.3,17.9,Narmada,32.4,1,89.5,30.5,0.2296,0
HSC_2026_0378,HIGHER_SECONDARY,Male,18,Vocational / ITI,<2 LPA,0,80.8,70.8,1,1,0.29,47.6,77.2,1,1,Kerala,KL,94.0,92.1,43.2,3.2,Wayanad,4.1,1,96.1,18.0,0.436,0
HSC_2026_0379,HIGHER_SECONDARY,Female,18,Arts / Humanities,2-5 LPA,1,63.2,74.8,1,1,0.76,34.5,81.5,0,6,Haryana,HR,75.6,65.9,29.8,12.5,Nuh / Mewat,44.8,1,88.6,47.0,0.6879,1
HSC_2026_0380,HIGHER_SECONDARY,Male,18,Commerce,5-10 LPA,0,57.2,55.3,1,0,0.67,41.8,62.3,0,8,Madhya Pradesh,MP,69.3,59.2,24.8,18.5,Alirajpur,52.0,1,92.2,39.5,0.9079,1
HSC_2026_0381,HIGHER_SECONDARY,Female,18,Commerce,<2 LPA,1,79.5,65.3,1,1,0.83,53.4,73.6,0,5,Haryana,HR,75.6,65.9,29.8,12.5,Gurugram,2.5,0,31.2,20.5,0.447,0
HSC_2026_0382,HIGHER_SECONDARY,Male,16,Vocational / ITI,5-10 LPA,1,76.8,91.7,0,1,0.31,61.7,82.2,0,5,Haryana,HR,75.6,65.9,29.8,12.5,Nuh / Mewat,44.8,1,88.6,47.0,0.2084,0
HSC_2026_0383,HIGHER_SECONDARY,Male,18,Science (PCB),<2 LPA,0,68.3,86.2,0,1,0.86,50.4,81.4,0,3,Maharashtra,MH,82.3,75.9,32.3,11.2,Nandurbar,33.1,1,83.3,32.4,0.3506,0
HSC_2026_0384,HIGHER_SECONDARY,Female,16,Vocational / ITI,2-5 LPA,1,73.6,85.4,0,1,0.71,58.2,75.1,0,1,Bihar,BR,61.8,51.5,14.5,21.4,Patna,18.2,0,56.4,28.5,0.2022,0
HSC_2026_0385,HIGHER_SECONDARY,Female,17,Science (PCB),<2 LPA,1,63.0,66.8,1,1,0.67,37.5,62.1,0,3,Gujarat,GJ,78.0,69.7,21.3,17.9,Ahmedabad,3.8,0,15.9,20.2,0.5192,1
HSC_2026_0386,HIGHER_SECONDARY,Female,17,Vocational / ITI,2-5 LPA,1,98.0,51.3,1,0,0.77,53.1,58.7,0,7,Rajasthan,RJ,66.1,52.1,26.0,17.2,Jaipur,6.9,0,47.6,22.5,0.793,1
HSC_2026_0387,HIGHER_SECONDARY,Female,18,Arts / Humanities,2-5 LPA,0,76.0,78.7,0,1,0.27,56.6,78.1,0,1,Bihar,BR,61.8,51.5,14.5,21.4,Gaya,38.6,1,86.8,36.2,0.256,0
HSC_2026_0388,HIGHER_SECONDARY,Male,16,Science (PCB),<2 LPA,1,63.9,59.5,1,1,0.91,61.4,44.7,1,2,Gujarat,GJ,78.0,69.7,21.3,17.9,Ahmedabad,3.8,0,15.9,20.2,0.5511,1
HSC_2026_0389,HIGHER_SECONDARY,Female,16,Vocational / ITI,2-5 LPA,0,77.6,86.0,0,1,0.55,68.1,86.6,0,2,Haryana,HR,75.6,65.9,29.8,12.5,Gurugram,2.5,0,31.2,20.5,0.1142,0
HSC_2026_0390,HIGHER_SECONDARY,Male,18,Science (PCM),5-10 LPA,1,84.8,71.8,1,1,0.2,66.3,77.0,0,3,Karnataka,KA,75.4,68.1,36.2,12.0,Bengaluru Urban,1.8,0,9.1,18.2,0.167,0
HSC_2026_0391,HIGHER_SECONDARY,Male,16,Arts / Humanities,2-5 LPA,1,50.9,64.7,1,1,0.76,47.0,63.4,0,1,Maharashtra,MH,82.3,75.9,32.3,11.2,Pune,3.9,0,39.1,21.0,0.4265,0
HSC_2026_0392,HIGHER_SECONDARY,Female,16,Vocational / ITI,2-5 LPA,1,91.2,97.9,0,1,0.59,74.2,87.5,0,4,Karnataka,KA,75.4,68.1,36.2,12.0,Bengaluru Urban,1.8,0,9.1,18.2,0.0707,0
HSC_2026_0393,HIGHER_SECONDARY,Male,17,Vocational / ITI,2-5 LPA,0,52.9,69.3,1,0,0.84,30.1,63.6,0,6,Madhya Pradesh,MP,69.3,59.2,24.8,18.5,Bhopal,9.4,0,19.1,23.4,0.8178,1
HSC_2026_0394,HIGHER_SECONDARY,Male,18,Science (PCM),2-5 LPA,1,76.1,100.0,0,1,0.7,66.4,90.7,1,3,Karnataka,KA,75.4,68.1,36.2,12.0,Yadgir,39.4,1,81.2,36.5,0.2411,0
HSC_2026_0395,HIGHER_SECONDARY,Male,17,Science (PCM),2-5 LPA,0,72.3,79.8,0,1,0.74,63.5,100.0,0,1,Uttar Pradesh,UP,67.7,57.2,23.2,16.8,Lucknow,8.5,0,33.8,24.1,0.1873,0
HSC_2026_0396,HIGHER_SECONDARY,Female,16,Science (PCM),<2 LPA,0,65.5,54.0,1,0,0.17,45.2,61.0,0,5,Bihar,BR,61.8,51.5,14.5,21.4,Katihar,48.7,1,91.1,44.3,0.8251,1
HSC_2026_0397,HIGHER_SECONDARY,Male,16,Arts / Humanities,<2 LPA,1,68.9,80.8,0,0,0.88,17.8,74.7,0,7,Tamil Nadu,TN,80.1,73.4,51.4,8.1,Chennai,1.2,0,0.0,17.5,0.8176,1
HSC_2026_0398,HIGHER_SECONDARY,Female,16,Commerce,2-5 LPA,0,69.0,67.3,1,1,0.6,61.2,62.4,0,4,Karnataka,KA,75.4,68.1,36.2,12.0,Raichur,36.8,1,74.6,34.0,0.4196,0
HSC_2026_0399,HIGHER_SECONDARY,Male,16,Commerce,2-5 LPA,0,60.9,63.5,1,1,0.53,32.4,65.7,0,1,Bihar,BR,61.8,51.5,14.5,21.4,Purnia,50.4,1,89.2,42.1,0.6962,1
HSC_2026_0400,HIGHER_SECONDARY,Female,18,Science (PCB),2-5 LPA,0,67.6,82.6,0,1,0.48,51.7,90.6,0,3,Uttar Pradesh,UP,67.7,57.2,23.2,16.8,Varanasi,16.3,0,56.6,29.4,0.2585,0
HSC_2026_0401,HIGHER_SECONDARY,Female,18,Science (PCM),<2 LPA,0,65.8,81.5,0,1,0.75,46.2,76.6,0,3,Rajasthan,RJ,66.1,52.1,26.0,17.2,Kota,8.2,0,39.7,21.0,0.3272,0
HSC_2026_0402,HIGHER_SECONDARY,Male,17,Vocational / ITI,>10 LPA,0,55.3,71.0,1,1,0.18,48.8,67.6,0,2,Gujarat,GJ,78.0,69.7,21.3,17.9,Narmada,32.4,1,89.5,30.5,0.3683,0
HSC_2026_0403,HIGHER_SECONDARY,Female,16,Vocational / ITI,<2 LPA,0,66.6,84.1,0,0,0.75,41.7,93.0,0,9,Karnataka,KA,75.4,68.1,36.2,12.0,Raichur,36.8,1,74.6,34.0,0.7418,1
HSC_2026_0404,HIGHER_SECONDARY,Female,18,Commerce,2-5 LPA,1,71.3,77.6,0,1,0.41,61.3,84.7,0,3,Haryana,HR,75.6,65.9,29.8,12.5,Nuh / Mewat,44.8,1,88.6,47.0,0.3009,0
HSC_2026_0405,HIGHER_SECONDARY,Female,17,Science (PCM),<2 LPA,1,77.4,66.3,1,0,0.67,47.9,63.6,1,5,Kerala,KL,94.0,92.1,43.2,3.2,Ernakulam,0.6,0,31.9,14.8,0.7799,1
HSC_2026_0406,HIGHER_SECONDARY,Male,16,Vocational / ITI,2-5 LPA,0,60.5,45.6,1,0,0.64,25.7,48.8,0,3,Tamil Nadu,TN,80.1,73.4,51.4,8.1,Coimbatore,2.1,0,24.2,18.9,0.893,1
HSC_2026_0407,HIGHER_SECONDARY,Female,16,Commerce,2-5 LPA,0,82.6,100.0,0,1,0.75,67.6,87.2,0,3,Haryana,HR,75.6,65.9,29.8,12.5,Gurugram,2.5,0,31.2,20.5,0.0866,0
HSC_2026_0408,HIGHER_SECONDARY,Female,16,Science (PCB),<2 LPA,1,78.2,65.9,1,0,0.66,55.8,74.1,0,4,Karnataka,KA,75.4,68.1,36.2,12.0,Raichur,36.8,1,74.6,34.0,0.6862,1
HSC_2026_0409,HIGHER_SECONDARY,Female,16,Commerce,2-5 LPA,0,80.3,75.7,0,1,0.96,68.9,64.4,0,5,Gujarat,GJ,78.0,69.7,21.3,17.9,Narmada,32.4,1,89.5,30.5,0.3386,0
HSC_2026_0410,HIGHER_SECONDARY,Male,16,Science (PCB),2-5 LPA,0,89.7,55.0,1,1,0.8,70.1,63.3,0,2,Gujarat,GJ,78.0,69.7,21.3,17.9,Ahmedabad,3.8,0,15.9,20.2,0.3382,1
HSC_2026_0411,HIGHER_SECONDARY,Female,16,Science (PCB),2-5 LPA,0,72.3,87.7,0,1,0.45,53.8,92.6,0,2,Haryana,HR,75.6,65.9,29.8,12.5,Nuh / Mewat,44.8,1,88.6,47.0,0.2659,0
HSC_2026_0412,HIGHER_SECONDARY,Female,16,Arts / Humanities,<2 LPA,0,66.7,79.0,0,1,0.47,72.5,83.1,0,1,Tamil Nadu,TN,80.1,73.4,51.4,8.1,Ramanathapuram,7.8,1,69.7,22.1,0.1197,0
HSC_2026_0413,HIGHER_SECONDARY,Female,18,Arts / Humanities,2-5 LPA,1,98.0,66.4,1,1,0.39,70.0,65.9,0,3,Karnataka,KA,75.4,68.1,36.2,12.0,Bengaluru Urban,1.8,0,9.1,18.2,0.2003,0
HSC_2026_0414,HIGHER_SECONDARY,Male,16,Science (PCB),2-5 LPA,1,69.6,65.9,1,1,0.65,60.4,68.2,0,2,Maharashtra,MH,82.3,75.9,32.3,11.2,Pune,3.9,0,39.1,21.0,0.2982,0
HSC_2026_0415,HIGHER_SECONDARY,Male,18,Commerce,2-5 LPA,0,82.3,45.6,1,1,0.73,74.0,40.7,0,1,Rajasthan,RJ,66.1,52.1,26.0,17.2,Jaipur,6.9,0,47.6,22.5,0.3696,0
HSC_2026_0416,HIGHER_SECONDARY,Female,16,Science (PCM),2-5 LPA,0,85.1,56.1,1,1,0.7,51.5,56.4,0,1,Haryana,HR,75.6,65.9,29.8,12.5,Nuh / Mewat,44.8,1,88.6,47.0,0.61,1
HSC_2026_0417,HIGHER_SECONDARY,Female,17,Vocational / ITI,5-10 LPA,1,75.4,61.6,1,0,0.34,48.2,75.0,0,6,Uttar Pradesh,UP,67.7,57.2,23.2,16.8,Shravasti,49.6,1,96.5,48.2,0.7954,1
HSC_2026_0418,HIGHER_SECONDARY,Male,17,Vocational / ITI,2-5 LPA,1,61.0,70.1,1,1,0.87,33.6,71.7,0,2,Bihar,BR,61.8,51.5,14.5,21.4,Katihar,48.7,1,91.1,44.3,0.6972,1
HSC_2026_0419,HIGHER_SECONDARY,Female,17,Science (PCB),<2 LPA,0,66.7,73.9,1,1,0.6,51.3,82.7,0,2,Rajasthan,RJ,66.1,52.1,26.0,17.2,Jaipur,6.9,0,47.6,22.5,0.3062,0
HSC_2026_0420,HIGHER_SECONDARY,Female,17,Commerce,5-10 LPA,1,65.1,72.2,1,1,0.5,43.2,68.7,0,1,Tamil Nadu,TN,80.1,73.4,51.4,8.1,Chennai,1.2,0,0.0,17.5,0.3356,0
HSC_2026_0421,HIGHER_SECONDARY,Female,18,Arts / Humanities,<2 LPA,0,73.2,70.7,1,1,0.45,43.3,56.5,1,0,Bihar,BR,61.8,51.5,14.5,21.4,Purnia,50.4,1,89.2,42.1,0.6551,0
HSC_2026_0422,HIGHER_SECONDARY,Female,17,Arts / Humanities,2-5 LPA,0,85.7,90.2,0,1,0.51,61.6,97.0,0,3,Haryana,HR,75.6,65.9,29.8,12.5,Gurugram,2.5,0,31.2,20.5,0.1277,1
HSC_2026_0423,HIGHER_SECONDARY,Male,16,Science (PCB),2-5 LPA,0,89.3,50.8,1,0,0.67,60.9,56.9,0,7,Tamil Nadu,TN,80.1,73.4,51.4,8.1,Ramanathapuram,7.8,1,69.7,22.1,0.7323,1
HSC_2026_0424,HIGHER_SECONDARY,Male,17,Science (PCB),2-5 LPA,1,64.3,86.4,0,1,0.94,48.0,85.5,0,4,Karnataka,KA,75.4,68.1,36.2,12.0,Bengaluru Urban,1.8,0,9.1,18.2,0.2975,0
HSC_2026_0425,HIGHER_SECONDARY,Female,16,Vocational / ITI,2-5 LPA,1,81.7,71.3,1,0,0.65,44.5,62.5,0,1,Haryana,HR,75.6,65.9,29.8,12.5,Gurugram,2.5,0,31.2,20.5,0.5572,1
HSC_2026_0426,HIGHER_SECONDARY,Female,17,Science (PCB),<2 LPA,0,81.5,60.1,1,1,0.73,56.8,69.3,1,0,Tamil Nadu,TN,80.1,73.4,51.4,8.1,Ramanathapuram,7.8,1,69.7,22.1,0.5309,1
HSC_2026_0427,HIGHER_SECONDARY,Female,17,Vocational / ITI,2-5 LPA,0,75.7,64.9,1,0,0.92,37.8,52.4,1,5,Madhya Pradesh,MP,69.3,59.2,24.8,18.5,Barwani,46.1,1,85.5,37.1,0.9288,0
HSC_2026_0428,HIGHER_SECONDARY,Male,17,Commerce,2-5 LPA,0,60.7,60.3,1,1,0.98,53.6,69.7,0,1,Tamil Nadu,TN,80.1,73.4,51.4,8.1,Coimbatore,2.1,0,24.2,18.9,0.4425,0
HSC_2026_0429,HIGHER_SECONDARY,Male,18,Vocational / ITI,<2 LPA,1,62.5,83.2,0,1,0.79,48.4,75.6,0,4,Maharashtra,MH,82.3,75.9,32.3,11.2,Mumbai,2.1,0,0.0,19.5,0.299,0
HSC_2026_0430,HIGHER_SECONDARY,Female,16,Vocational / ITI,<2 LPA,0,75.2,72.8,1,0,0.55,45.6,72.8,0,5,Rajasthan,RJ,66.1,52.1,26.0,17.2,Jaipur,6.9,0,47.6,22.5,0.6076,1
HSC_2026_0431,HIGHER_SECONDARY,Female,16,Commerce,<2 LPA,1,57.7,79.8,0,1,0.38,31.7,92.4,0,3,Karnataka,KA,75.4,68.1,36.2,12.0,Raichur,36.8,1,74.6,34.0,0.5127,1
HSC_2026_0432,HIGHER_SECONDARY,Male,16,Commerce,<2 LPA,0,81.1,65.7,1,0,0.47,45.6,72.5,1,5,Rajasthan,RJ,66.1,52.1,26.0,17.2,Jaipur,6.9,0,47.6,22.5,0.7878,1
HSC_2026_0433,HIGHER_SECONDARY,Female,17,Arts / Humanities,5-10 LPA,0,52.2,81.0,0,1,0.47,29.5,85.9,0,2,Gujarat,GJ,78.0,69.7,21.3,17.9,Dahod,40.5,1,88.0,38.1,0.5324,1
HSC_2026_0434,HIGHER_SECONDARY,Male,18,Vocational / ITI,2-5 LPA,1,69.1,90.1,0,1,0.62,46.8,85.6,0,3,Gujarat,GJ,78.0,69.7,21.3,17.9,Ahmedabad,3.8,0,15.9,20.2,0.222,0
HSC_2026_0435,HIGHER_SECONDARY,Female,18,Science (PCB),2-5 LPA,1,74.9,98.8,0,1,0.13,77.4,92.7,0,1,Karnataka,KA,75.4,68.1,36.2,12.0,Bengaluru Urban,1.8,0,9.1,18.2,0.0349,0
HSC_2026_0436,HIGHER_SECONDARY,Male,16,Science (PCB),>10 LPA,0,89.2,77.6,0,1,0.14,70.7,82.3,0,2,Haryana,HR,75.6,65.9,29.8,12.5,Gurugram,2.5,0,31.2,20.5,0.1074,0
HSC_2026_0437,HIGHER_SECONDARY,Female,16,Vocational / ITI,2-5 LPA,0,70.1,86.3,0,1,0.86,63.3,75.4,0,1,Bihar,BR,61.8,51.5,14.5,21.4,Gaya,38.6,1,86.8,36.2,0.234,0
HSC_2026_0438,HIGHER_SECONDARY,Male,18,Science (PCB),5-10 LPA,1,61.5,73.5,1,0,0.43,15.0,69.0,0,4,Kerala,KL,94.0,92.1,43.2,3.2,Wayanad,4.1,1,96.1,18.0,0.7968,1
HSC_2026_0439,HIGHER_SECONDARY,Female,18,Science (PCM),>10 LPA,1,63.6,92.4,0,1,0.18,29.6,83.5,0,3,Uttar Pradesh,UP,67.7,57.2,23.2,16.8,Varanasi,16.3,0,56.6,29.4,0.3037,1
HSC_2026_0440,HIGHER_SECONDARY,Female,17,Arts / Humanities,2-5 LPA,0,77.0,53.8,1,0,0.38,46.2,62.6,0,8,Gujarat,GJ,78.0,69.7,21.3,17.9,Ahmedabad,3.8,0,15.9,20.2,0.7769,1
HSC_2026_0441,HIGHER_SECONDARY,Female,16,Commerce,5-10 LPA,0,86.5,64.8,1,0,0.28,54.2,62.6,1,6,Gujarat,GJ,78.0,69.7,21.3,17.9,Dahod,40.5,1,88.0,38.1,0.8125,1
HSC_2026_0442,HIGHER_SECONDARY,Female,18,Vocational / ITI,<2 LPA,0,71.7,78.1,0,1,0.7,69.0,77.4,0,1,Rajasthan,RJ,66.1,52.1,26.0,17.2,Jaipur,6.9,0,47.6,22.5,0.1586,0
HSC_2026_0443,HIGHER_SECONDARY,Female,16,Science (PCB),>10 LPA,0,67.7,66.5,1,1,0.52,68.9,62.6,0,1,Tamil Nadu,TN,80.1,73.4,51.4,8.1,Ramanathapuram,7.8,1,69.7,22.1,0.2107,0
HSC_2026_0444,HIGHER_SECONDARY,Male,16,Commerce,<2 LPA,0,62.8,69.1,1,0,0.64,47.1,85.7,1,11,Uttar Pradesh,UP,67.7,57.2,23.2,16.8,Shravasti,49.6,1,96.5,48.2,0.9149,1
HSC_2026_0445,HIGHER_SECONDARY,Male,17,Vocational / ITI,5-10 LPA,0,70.0,100.0,0,1,0.15,36.7,100.0,0,2,Tamil Nadu,TN,80.1,73.4,51.4,8.1,Chennai,1.2,0,0.0,17.5,0.15,0
HSC_2026_0446,HIGHER_SECONDARY,Female,18,Science (PCB),<2 LPA,0,74.8,67.4,1,1,0.46,49.1,68.5,1,2,Rajasthan,RJ,66.1,52.1,26.0,17.2,Jaisalmer,31.8,1,86.7,33.2,0.6084,1
HSC_2026_0447,HIGHER_SECONDARY,Female,18,Commerce,2-5 LPA,0,66.4,98.7,0,1,0.85,54.5,99.0,0,7,Maharashtra,MH,82.3,75.9,32.3,11.2,Mumbai,2.1,0,0.0,19.5,0.1943,0
HSC_2026_0448,HIGHER_SECONDARY,Male,16,Commerce,2-5 LPA,0,73.5,61.0,1,0,0.75,58.9,63.2,0,5,Rajasthan,RJ,66.1,52.1,26.0,17.2,Jaipur,6.9,0,47.6,22.5,0.6356,1
HSC_2026_0449,HIGHER_SECONDARY,Male,18,Science (PCB),2-5 LPA,0,51.0,72.5,1,1,0.77,47.4,74.3,0,5,Haryana,HR,75.6,65.9,29.8,12.5,Gurugram,2.5,0,31.2,20.5,0.4222,0
HSC_2026_0450,HIGHER_SECONDARY,Male,16,Vocational / ITI,<2 LPA,0,83.1,48.9,1,0,0.66,61.6,45.9,0,7,Gujarat,GJ,78.0,69.7,21.3,17.9,Ahmedabad,3.8,0,15.9,20.2,0.7288,1
HSC_2026_0451,HIGHER_SECONDARY,Female,18,Vocational / ITI,2-5 LPA,0,65.5,94.6,0,1,0.96,69.7,93.7,0,4,Karnataka,KA,75.4,68.1,36.2,12.0,Yadgir,39.4,1,81.2,36.5,0.1928,0
HSC_2026_0452,HIGHER_SECONDARY,Male,16,Arts / Humanities,<2 LPA,0,60.4,71.1,1,1,0.64,55.6,64.3,0,2,Bihar,BR,61.8,51.5,14.5,21.4,Patna,18.2,0,56.4,28.5,0.3381,0
HSC_2026_0453,HIGHER_SECONDARY,Female,16,Arts / Humanities,2-5 LPA,1,75.2,74.1,1,0,0.4,59.9,88.7,0,8,Kerala,KL,94.0,92.1,43.2,3.2,Thiruvananthapuram,0.9,0,46.2,15.2,0.4718,0
HSC_2026_0454,HIGHER_SECONDARY,Male,18,Vocational / ITI,5-10 LPA,1,73.9,67.5,1,1,0.24,57.3,75.2,0,2,Rajasthan,RJ,66.1,52.1,26.0,17.2,Barmer,34.2,1,93.0,35.8,0.3417,0
HSC_2026_0455,HIGHER_SECONDARY,Male,18,Vocational / ITI,2-5 LPA,0,58.6,61.8,1,1,0.54,41.0,58.3,0,3,Uttar Pradesh,UP,67.7,57.2,23.2,16.8,Varanasi,16.3,0,56.6,29.4,0.5578,0
HSC_2026_0456,HIGHER_SECONDARY,Female,18,Arts / Humanities,<2 LPA,0,63.4,81.4,0,1,0.46,44.6,92.1,0,0,Madhya Pradesh,MP,69.3,59.2,24.8,18.5,Indore,6.8,0,25.9,21.8,0.2439,0
HSC_2026_0457,HIGHER_SECONDARY,Female,16,Arts / Humanities,<2 LPA,1,65.6,52.0,1,0,0.87,37.2,48.0,0,3,Rajasthan,RJ,66.1,52.1,26.0,17.2,Kota,8.2,0,39.7,21.0,0.8445,1
HSC_2026_0458,HIGHER_SECONDARY,Female,16,Science (PCM),2-5 LPA,0,52.9,100.0,0,1,0.71,30.7,98.0,0,2,Kerala,KL,94.0,92.1,43.2,3.2,Thiruvananthapuram,0.9,0,46.2,15.2,0.2512,0
HSC_2026_0459,HIGHER_SECONDARY,Male,18,Arts / Humanities,2-5 LPA,0,60.2,63.1,1,0,0.79,34.8,69.7,0,8,Madhya Pradesh,MP,69.3,59.2,24.8,18.5,Barwani,46.1,1,85.5,37.1,0.9047,1
HSC_2026_0460,HIGHER_SECONDARY,Male,16,Vocational / ITI,<2 LPA,0,97.8,67.7,1,1,0.68,90.7,57.6,0,3,Bihar,BR,61.8,51.5,14.5,21.4,Muzaffarpur,35.1,1,90.3,38.0,0.1811,0
HSC_2026_0461,HIGHER_SECONDARY,Male,17,Commerce,5-10 LPA,1,88.2,51.8,1,1,0.33,78.0,47.7,0,4,Gujarat,GJ,78.0,69.7,21.3,17.9,Dahod,40.5,1,88.0,38.1,0.3791,0
HSC_2026_0462,HIGHER_SECONDARY,Male,17,Vocational / ITI,2-5 LPA,0,54.5,86.3,0,1,0.75,44.1,66.1,0,5,Gujarat,GJ,78.0,69.7,21.3,17.9,Narmada,32.4,1,89.5,30.5,0.4233,0
HSC_2026_0463,HIGHER_SECONDARY,Male,17,Commerce,2-5 LPA,0,98.0,88.1,0,1,0.52,72.7,99.6,0,0,Tamil Nadu,TN,80.1,73.4,51.4,8.1,Chennai,1.2,0,0.0,17.5,0.0756,0
HSC_2026_0464,HIGHER_SECONDARY,Male,16,Science (PCB),<2 LPA,0,85.1,79.3,0,1,0.55,91.7,64.7,0,2,Haryana,HR,75.6,65.9,29.8,12.5,Gurugram,2.5,0,31.2,20.5,0.0642,0
HSC_2026_0465,HIGHER_SECONDARY,Male,17,Science (PCB),2-5 LPA,0,82.6,80.9,0,1,0.64,59.5,94.9,0,6,Rajasthan,RJ,66.1,52.1,26.0,17.2,Barmer,34.2,1,93.0,35.8,0.3411,0
HSC_2026_0466,HIGHER_SECONDARY,Female,18,Commerce,5-10 LPA,0,86.5,75.7,0,1,0.43,57.6,76.4,0,3,Uttar Pradesh,UP,67.7,57.2,23.2,16.8,Shravasti,49.6,1,96.5,48.2,0.3674,0
HSC_2026_0467,HIGHER_SECONDARY,Male,18,Vocational / ITI,<2 LPA,0,60.3,88.1,0,1,0.86,54.0,100.0,0,2,Bihar,BR,61.8,51.5,14.5,21.4,Katihar,48.7,1,91.1,44.3,0.3382,0
HSC_2026_0468,HIGHER_SECONDARY,Female,16,Arts / Humanities,5-10 LPA,0,92.2,42.7,1,0,0.13,60.7,33.1,0,5,Uttar Pradesh,UP,67.7,57.2,23.2,16.8,Varanasi,16.3,0,56.6,29.4,0.7098,0
HSC_2026_0469,HIGHER_SECONDARY,Male,18,Commerce,<2 LPA,0,57.5,58.4,1,0,0.27,21.9,49.0,0,5,Tamil Nadu,TN,80.1,73.4,51.4,8.1,Chennai,1.2,0,0.0,17.5,0.8356,1
HSC_2026_0470,HIGHER_SECONDARY,Male,18,Science (PCM),5-10 LPA,0,59.5,62.6,1,1,0.43,60.7,57.3,0,3,Kerala,KL,94.0,92.1,43.2,3.2,Thiruvananthapuram,0.9,0,46.2,15.2,0.2968,0
HSC_2026_0471,HIGHER_SECONDARY,Male,17,Arts / Humanities,5-10 LPA,1,65.0,53.0,1,0,0.23,39.9,58.3,1,6,Madhya Pradesh,MP,69.3,59.2,24.8,18.5,Indore,6.8,0,25.9,21.8,0.8747,1
HSC_2026_0472,HIGHER_SECONDARY,Male,17,Arts / Humanities,<2 LPA,1,67.1,72.9,1,0,0.82,51.3,80.3,1,4,Uttar Pradesh,UP,67.7,57.2,23.2,16.8,Varanasi,16.3,0,56.6,29.4,0.7569,0
HSC_2026_0473,HIGHER_SECONDARY,Male,18,Science (PCM),<2 LPA,0,93.6,82.5,0,1,0.82,81.5,73.9,1,1,Madhya Pradesh,MP,69.3,59.2,24.8,18.5,Bhopal,9.4,0,19.1,23.4,0.1767,0
HSC_2026_0474,HIGHER_SECONDARY,Female,18,Science (PCB),2-5 LPA,1,63.4,57.5,1,0,0.42,23.1,60.2,0,5,Haryana,HR,75.6,65.9,29.8,12.5,Nuh / Mewat,44.8,1,88.6,47.0,0.9155,0
HSC_2026_0475,HIGHER_SECONDARY,Male,17,Arts / Humanities,2-5 LPA,0,51.3,74.2,1,1,0.71,51.4,79.2,0,1,Tamil Nadu,TN,80.1,73.4,51.4,8.1,Chennai,1.2,0,0.0,17.5,0.2842,0
HSC_2026_0476,HIGHER_SECONDARY,Male,17,Science (PCB),2-5 LPA,0,62.6,83.2,0,1,0.91,47.5,84.8,0,1,Madhya Pradesh,MP,69.3,59.2,24.8,18.5,Alirajpur,52.0,1,92.2,39.5,0.4445,0
HSC_2026_0477,HIGHER_SECONDARY,Male,16,Commerce,5-10 LPA,0,62.4,33.4,1,0,0.18,44.6,36.3,0,7,Madhya Pradesh,MP,69.3,59.2,24.8,18.5,Indore,6.8,0,25.9,21.8,0.8742,1
HSC_2026_0478,HIGHER_SECONDARY,Male,18,Arts / Humanities,2-5 LPA,0,75.6,74.4,1,1,0.79,55.7,71.3,0,3,Madhya Pradesh,MP,69.3,59.2,24.8,18.5,Indore,6.8,0,25.9,21.8,0.3133,0
HSC_2026_0479,HIGHER_SECONDARY,Female,17,Arts / Humanities,2-5 LPA,0,89.7,75.7,0,1,0.47,83.0,66.6,0,3,Kerala,KL,94.0,92.1,43.2,3.2,Ernakulam,0.6,0,31.9,14.8,0.0984,0
HSC_2026_0480,HIGHER_SECONDARY,Male,17,Science (PCM),<2 LPA,0,84.7,100.0,0,1,0.48,80.6,98.4,1,3,Tamil Nadu,TN,80.1,73.4,51.4,8.1,Ramanathapuram,7.8,1,69.7,22.1,0.0891,0
HSC_2026_0481,HIGHER_SECONDARY,Female,18,Science (PCB),<2 LPA,1,73.1,69.4,1,0,0.36,27.1,65.2,0,5,Uttar Pradesh,UP,67.7,57.2,23.2,16.8,Bahraich,54.4,1,92.1,46.5,0.8644,1
HSC_2026_0482,HIGHER_SECONDARY,Female,18,Commerce,2-5 LPA,0,74.5,78.0,0,1,0.82,68.9,83.7,0,5,Maharashtra,MH,82.3,75.9,32.3,11.2,Pune,3.9,0,39.1,21.0,0.215,0
HSC_2026_0483,HIGHER_SECONDARY,Male,17,Arts / Humanities,5-10 LPA,0,59.4,85.1,0,1,0.44,42.1,88.9,0,1,Uttar Pradesh,UP,67.7,57.2,23.2,16.8,Balrampur,47.9,1,92.3,45.0,0.377,0
HSC_2026_0484,HIGHER_SECONDARY,Female,18,Commerce,2-5 LPA,0,91.6,65.3,1,0,0.78,56.9,76.6,0,5,Uttar Pradesh,UP,67.7,57.2,23.2,16.8,Bahraich,54.4,1,92.1,46.5,0.767,1
HSC_2026_0485,HIGHER_SECONDARY,Female,17,Vocational / ITI,2-5 LPA,0,68.5,74.7,1,0,0.78,33.8,75.2,0,5,Maharashtra,MH,82.3,75.9,32.3,11.2,Pune,3.9,0,39.1,21.0,0.7188,1
HSC_2026_0486,HIGHER_SECONDARY,Female,17,Arts / Humanities,<2 LPA,0,77.6,100.0,0,1,0.82,47.1,100.0,0,4,Maharashtra,MH,82.3,75.9,32.3,11.2,Mumbai,2.1,0,0.0,19.5,0.1889,0
HSC_2026_0487,HIGHER_SECONDARY,Female,17,Science (PCB),<2 LPA,1,82.2,81.7,0,1,0.8,61.5,84.9,1,3,Bihar,BR,61.8,51.5,14.5,21.4,Katihar,48.7,1,91.1,44.3,0.4972,0
HSC_2026_0488,HIGHER_SECONDARY,Female,17,Science (PCM),2-5 LPA,0,50.7,60.9,1,0,0.62,41.4,69.5,0,8,Kerala,KL,94.0,92.1,43.2,3.2,Ernakulam,0.6,0,31.9,14.8,0.7809,0
HSC_2026_0489,HIGHER_SECONDARY,Female,16,Arts / Humanities,<2 LPA,1,65.8,48.9,1,0,0.66,44.7,36.2,1,3,Uttar Pradesh,UP,67.7,57.2,23.2,16.8,Bahraich,54.4,1,92.1,46.5,0.9379,1
HSC_2026_0490,HIGHER_SECONDARY,Male,18,Commerce,<2 LPA,1,61.4,55.7,1,0,0.71,46.4,54.6,0,6,Tamil Nadu,TN,80.1,73.4,51.4,8.1,Chennai,1.2,0,0.0,17.5,0.7706,1
HSC_2026_0491,HIGHER_SECONDARY,Female,16,Science (PCB),<2 LPA,0,91.4,91.7,0,1,0.61,83.8,95.5,0,0,Karnataka,KA,75.4,68.1,36.2,12.0,Yadgir,39.4,1,81.2,36.5,0.0804,0
HSC_2026_0492,HIGHER_SECONDARY,Female,17,Vocational / ITI,<2 LPA,0,69.2,64.1,1,0,0.57,42.1,62.9,0,5,Tamil Nadu,TN,80.1,73.4,51.4,8.1,Chennai,1.2,0,0.0,17.5,0.701,1
HSC_2026_0493,HIGHER_SECONDARY,Male,18,Vocational / ITI,2-5 LPA,0,77.7,57.4,1,1,0.95,63.9,63.5,0,1,Karnataka,KA,75.4,68.1,36.2,12.0,Raichur,36.8,1,74.6,34.0,0.4971,1
HSC_2026_0494,HIGHER_SECONDARY,Male,17,Arts / Humanities,<2 LPA,1,65.8,53.3,1,0,0.69,41.7,58.7,0,7,Tamil Nadu,TN,80.1,73.4,51.4,8.1,Ramanathapuram,7.8,1,69.7,22.1,0.8382,0
HSC_2026_0495,HIGHER_SECONDARY,Male,16,Commerce,2-5 LPA,0,91.4,56.4,1,0,0.47,84.4,58.2,0,5,Karnataka,KA,75.4,68.1,36.2,12.0,Yadgir,39.4,1,81.2,36.5,0.512,1
HSC_2026_0496,HIGHER_SECONDARY,Male,18,Arts / Humanities,5-10 LPA,0,67.7,99.8,0,1,0.11,57.1,100.0,0,1,Bihar,BR,61.8,51.5,14.5,21.4,Purnia,50.4,1,89.2,42.1,0.1337,0
HSC_2026_0497,HIGHER_SECONDARY,Male,18,Vocational / ITI,>10 LPA,1,55.5,60.6,1,1,0.34,44.5,60.0,0,4,Tamil Nadu,TN,80.1,73.4,51.4,8.1,Ramanathapuram,7.8,1,69.7,22.1,0.4865,0
HSC_2026_0498,HIGHER_SECONDARY,Male,18,Vocational / ITI,2-5 LPA,0,67.2,84.3,0,1,0.66,57.3,68.2,0,1,Haryana,HR,75.6,65.9,29.8,12.5,Gurugram,2.5,0,31.2,20.5,0.1733,0
HSC_2026_0499,HIGHER_SECONDARY,Female,16,Commerce,2-5 LPA,0,52.4,83.4,0,1,0.87,27.6,89.3,0,1,Kerala,KL,94.0,92.1,43.2,3.2,Wayanad,4.1,1,96.1,18.0,0.446,0
HSC_2026_0500,HIGHER_SECONDARY,Female,18,Vocational / ITI,<2 LPA,0,59.8,82.5,0,1,0.7,44.4,83.8,1,3,Tamil Nadu,TN,80.1,73.4,51.4,8.1,Coimbatore,2.1,0,24.2,18.9,0.4579,0
HSC_2026_0501,HIGHER_SECONDARY,Female,17,Commerce,2-5 LPA,0,70.1,84.0,0,1,0.82,64.3,71.1,0,6,Madhya Pradesh,MP,69.3,59.2,24.8,18.5,Bhopal,9.4,0,19.1,23.4,0.2315,0
HSC_2026_0502,HIGHER_SECONDARY,Male,16,Commerce,2-5 LPA,0,83.1,69.9,1,0,0.74,47.3,89.4,0,3,Kerala,KL,94.0,92.1,43.2,3.2,Wayanad,4.1,1,96.1,18.0,0.6072,0
HSC_2026_0503,HIGHER_SECONDARY,Male,17,Science (PCM),<2 LPA,0,72.3,79.0,0,1,0.7,47.3,80.8,0,3,Karnataka,KA,75.4,68.1,36.2,12.0,Raichur,36.8,1,74.6,34.0,0.4336,0
HSC_2026_0504,HIGHER_SECONDARY,Female,17,Science (PCB),2-5 LPA,0,80.2,52.2,1,0,0.87,49.4,45.7,0,7,Kerala,KL,94.0,92.1,43.2,3.2,Wayanad,4.1,1,96.1,18.0,0.8146,1
HSC_2026_0505,HIGHER_SECONDARY,Female,16,Science (PCM),<2 LPA,1,59.8,61.1,1,0,0.54,27.7,63.6,0,9,Bihar,BR,61.8,51.5,14.5,21.4,Muzaffarpur,35.1,1,90.3,38.0,0.9109,1
HSC_2026_0506,HIGHER_SECONDARY,Male,17,Arts / Humanities,<2 LPA,1,62.2,90.0,0,1,0.47,32.6,100.0,0,4,Maharashtra,MH,82.3,75.9,32.3,11.2,Gadchiroli,28.5,1,89.0,28.9,0.4096,0
HSC_2026_0507,HIGHER_SECONDARY,Female,18,Science (PCM),2-5 LPA,0,76.6,66.8,1,1,0.67,62.3,55.8,0,1,Tamil Nadu,TN,80.1,73.4,51.4,8.1,Ramanathapuram,7.8,1,69.7,22.1,0.2749,0
HSC_2026_0508,HIGHER_SECONDARY,Male,16,Arts / Humanities,<2 LPA,1,85.3,80.1,0,1,0.59,78.9,81.7,1,0,Uttar Pradesh,UP,67.7,57.2,23.2,16.8,Varanasi,16.3,0,56.6,29.4,0.1833,0
HSC_2026_0509,HIGHER_SECONDARY,Female,17,Arts / Humanities,2-5 LPA,0,78.8,88.3,0,1,0.67,68.5,92.3,1,0,Tamil Nadu,TN,80.1,73.4,51.4,8.1,Coimbatore,2.1,0,24.2,18.9,0.1708,0
HSC_2026_0510,HIGHER_SECONDARY,Male,18,Commerce,2-5 LPA,0,80.3,94.7,0,1,0.59,76.5,89.8,0,0,Tamil Nadu,TN,80.1,73.4,51.4,8.1,Coimbatore,2.1,0,24.2,18.9,0.0548,0
HSC_2026_0511,HIGHER_SECONDARY,Male,18,Science (PCB),<2 LPA,0,59.1,83.9,0,1,0.46,37.0,83.0,0,4,Tamil Nadu,TN,80.1,73.4,51.4,8.1,Ramanathapuram,7.8,1,69.7,22.1,0.353,0
HSC_2026_0512,HIGHER_SECONDARY,Female,17,Arts / Humanities,5-10 LPA,1,78.7,84.8,0,1,0.2,46.5,87.3,0,0,Rajasthan,RJ,66.1,52.1,26.0,17.2,Jaisalmer,31.8,1,86.7,33.2,0.2377,0
HSC_2026_0513,HIGHER_SECONDARY,Male,18,Arts / Humanities,2-5 LPA,0,61.3,73.9,1,1,0.55,49.5,76.5,0,1,Tamil Nadu,TN,80.1,73.4,51.4,8.1,Chennai,1.2,0,0.0,17.5,0.278,0
HSC_2026_0514,HIGHER_SECONDARY,Male,18,Science (PCB),2-5 LPA,1,69.2,66.4,1,1,0.79,71.8,56.3,0,3,Rajasthan,RJ,66.1,52.1,26.0,17.2,Barmer,34.2,1,93.0,35.8,0.3385,0
HSC_2026_0515,HIGHER_SECONDARY,Male,17,Vocational / ITI,<2 LPA,0,69.7,85.6,0,1,0.5,58.4,81.9,0,7,Haryana,HR,75.6,65.9,29.8,12.5,Gurugram,2.5,0,31.2,20.5,0.214,0
HSC_2026_0516,HIGHER_SECONDARY,Female,17,Science (PCM),5-10 LPA,1,61.5,100.0,0,1,0.15,37.2,93.0,0,1,Maharashtra,MH,82.3,75.9,32.3,11.2,Mumbai,2.1,0,0.0,19.5,0.1394,0
HSC_2026_0517,HIGHER_SECONDARY,Female,18,Science (PCB),5-10 LPA,1,81.0,100.0,0,1,0.48,71.0,97.5,0,3,Bihar,BR,61.8,51.5,14.5,21.4,Patna,18.2,0,56.4,28.5,0.0791,0
HSC_2026_0518,HIGHER_SECONDARY,Female,18,Science (PCM),<2 LPA,1,68.9,63.4,1,1,0.3,60.5,57.0,0,5,Gujarat,GJ,78.0,69.7,21.3,17.9,Ahmedabad,3.8,0,15.9,20.2,0.313,0
HSC_2026_0519,HIGHER_SECONDARY,Female,17,Science (PCM),<2 LPA,0,76.2,35.7,1,0,0.46,49.7,25.0,1,9,Karnataka,KA,75.4,68.1,36.2,12.0,Raichur,36.8,1,74.6,34.0,0.9577,1
HSC_2026_0520,HIGHER_SECONDARY,Female,16,Commerce,2-5 LPA,0,78.0,72.2,1,1,0.26,48.9,75.6,0,3,Haryana,HR,75.6,65.9,29.8,12.5,Nuh / Mewat,44.8,1,88.6,47.0,0.4329,1
HSC_2026_0521,HIGHER_SECONDARY,Female,18,Arts / Humanities,<2 LPA,0,67.8,93.0,0,1,0.39,64.9,85.1,0,6,Bihar,BR,61.8,51.5,14.5,21.4,Purnia,50.4,1,89.2,42.1,0.2166,0
HSC_2026_0522,HIGHER_SECONDARY,Male,18,Arts / Humanities,<2 LPA,0,86.7,57.4,1,1,0.54,53.1,65.8,0,3,Madhya Pradesh,MP,69.3,59.2,24.8,18.5,Alirajpur,52.0,1,92.2,39.5,0.6179,0
HSC_2026_0523,HIGHER_SECONDARY,Male,16,Science (PCM),<2 LPA,0,83.8,82.3,0,1,0.74,82.5,78.2,1,3,Tamil Nadu,TN,80.1,73.4,51.4,8.1,Ramanathapuram,7.8,1,69.7,22.1,0.1826,0
HSC_2026_0524,HIGHER_SECONDARY,Male,18,Arts / Humanities,5-10 LPA,0,85.1,71.4,1,1,0.28,64.0,88.9,0,1,Haryana,HR,75.6,65.9,29.8,12.5,Gurugram,2.5,0,31.2,20.5,0.1689,0
HSC_2026_0525,HIGHER_SECONDARY,Male,18,Arts / Humanities,2-5 LPA,0,79.8,48.6,1,1,0.96,73.8,55.4,0,2,Tamil Nadu,TN,80.1,73.4,51.4,8.1,Coimbatore,2.1,0,24.2,18.9,0.3847,0
HSC_2026_0526,HIGHER_SECONDARY,Male,18,Science (PCB),2-5 LPA,1,81.1,58.4,1,0,0.8,50.0,42.3,0,5,Uttar Pradesh,UP,67.7,57.2,23.2,16.8,Lucknow,8.5,0,33.8,24.1,0.7423,0
HSC_2026_0527,HIGHER_SECONDARY,Male,16,Science (PCB),<2 LPA,0,79.3,41.7,1,0,0.78,61.7,48.8,0,3,Tamil Nadu,TN,80.1,73.4,51.4,8.1,Chennai,1.2,0,0.0,17.5,0.7313,1
HSC_2026_0528,HIGHER_SECONDARY,Male,16,Vocational / ITI,<2 LPA,0,74.8,83.1,0,1,0.49,58.8,68.8,0,2,Gujarat,GJ,78.0,69.7,21.3,17.9,Narmada,32.4,1,89.5,30.5,0.2364,0
HSC_2026_0529,HIGHER_SECONDARY,Male,18,Science (PCM),2-5 LPA,0,77.0,58.4,1,1,0.5,55.3,46.2,0,2,Kerala,KL,94.0,92.1,43.2,3.2,Wayanad,4.1,1,96.1,18.0,0.3836,0
HSC_2026_0530,HIGHER_SECONDARY,Male,17,Arts / Humanities,2-5 LPA,0,71.6,96.3,0,1,0.87,49.2,87.1,0,4,Gujarat,GJ,78.0,69.7,21.3,17.9,Ahmedabad,3.8,0,15.9,20.2,0.2101,0
HSC_2026_0531,HIGHER_SECONDARY,Female,16,Science (PCB),<2 LPA,0,77.8,84.0,0,1,0.92,69.4,66.5,1,1,Karnataka,KA,75.4,68.1,36.2,12.0,Yadgir,39.4,1,81.2,36.5,0.3506,0
HSC_2026_0532,HIGHER_SECONDARY,Male,16,Vocational / ITI,<2 LPA,1,75.0,47.5,1,0,0.82,44.8,56.4,1,7,Kerala,KL,94.0,92.1,43.2,3.2,Ernakulam,0.6,0,31.9,14.8,0.9167,1
HSC_2026_0533,HIGHER_SECONDARY,Female,17,Science (PCB),5-10 LPA,0,66.1,80.5,0,1,0.2,79.5,85.6,0,2,Tamil Nadu,TN,80.1,73.4,51.4,8.1,Coimbatore,2.1,0,24.2,18.9,0.0739,0
HSC_2026_0534,HIGHER_SECONDARY,Male,16,Science (PCB),5-10 LPA,0,73.0,90.5,0,1,0.48,73.6,97.9,0,1,Haryana,HR,75.6,65.9,29.8,12.5,Gurugram,2.5,0,31.2,20.5,0.0714,0
HSC_2026_0535,HIGHER_SECONDARY,Female,18,Arts / Humanities,<2 LPA,1,86.7,48.0,1,0,0.68,40.0,51.3,0,5,Tamil Nadu,TN,80.1,73.4,51.4,8.1,Ramanathapuram,7.8,1,69.7,22.1,0.8533,1
HSC_2026_0536,HIGHER_SECONDARY,Male,16,Commerce,5-10 LPA,0,73.5,52.0,1,0,0.58,42.6,63.2,1,8,Tamil Nadu,TN,80.1,73.4,51.4,8.1,Ramanathapuram,7.8,1,69.7,22.1,0.9099,1
HSC_2026_0537,HIGHER_SECONDARY,Male,16,Arts / Humanities,2-5 LPA,1,73.2,45.1,1,0,0.76,50.7,42.1,0,7,Rajasthan,RJ,66.1,52.1,26.0,17.2,Jaipur,6.9,0,47.6,22.5,0.8418,1
HSC_2026_0538,HIGHER_SECONDARY,Male,17,Commerce,2-5 LPA,0,98.0,89.4,0,1,0.43,66.5,87.7,0,2,Uttar Pradesh,UP,67.7,57.2,23.2,16.8,Varanasi,16.3,0,56.6,29.4,0.1191,0
HSC_2026_0539,HIGHER_SECONDARY,Female,17,Science (PCB),5-10 LPA,1,68.8,100.0,0,1,0.23,50.8,100.0,0,4,Kerala,KL,94.0,92.1,43.2,3.2,Thiruvananthapuram,0.9,0,46.2,15.2,0.1139,0
HSC_2026_0540,HIGHER_SECONDARY,Male,17,Science (PCB),2-5 LPA,1,65.0,63.3,1,1,0.9,60.3,67.6,0,5,Kerala,KL,94.0,92.1,43.2,3.2,Ernakulam,0.6,0,31.9,14.8,0.4092,0
HSC_2026_0541,HIGHER_SECONDARY,Male,17,Science (PCM),2-5 LPA,1,69.1,67.6,1,1,0.11,57.8,76.7,0,2,Tamil Nadu,TN,80.1,73.4,51.4,8.1,Coimbatore,2.1,0,24.2,18.9,0.2208,0
HSC_2026_0542,HIGHER_SECONDARY,Male,17,Arts / Humanities,<2 LPA,1,80.4,75.7,0,0,0.36,43.0,75.9,0,7,Madhya Pradesh,MP,69.3,59.2,24.8,18.5,Bhopal,9.4,0,19.1,23.4,0.618,1
HSC_2026_0543,HIGHER_SECONDARY,Male,18,Commerce,>10 LPA,1,73.6,64.8,1,1,0.06,55.9,74.7,0,4,Gujarat,GJ,78.0,69.7,21.3,17.9,Narmada,32.4,1,89.5,30.5,0.3785,0
HSC_2026_0544,HIGHER_SECONDARY,Male,17,Science (PCB),2-5 LPA,1,73.5,51.5,1,0,0.5,46.0,47.5,0,3,Madhya Pradesh,MP,69.3,59.2,24.8,18.5,Barwani,46.1,1,85.5,37.1,0.8413,1
HSC_2026_0545,HIGHER_SECONDARY,Female,17,Vocational / ITI,2-5 LPA,0,77.9,94.3,0,1,0.55,65.1,90.5,0,2,Rajasthan,RJ,66.1,52.1,26.0,17.2,Jaisalmer,31.8,1,86.7,33.2,0.1381,0
HSC_2026_0546,HIGHER_SECONDARY,Female,16,Commerce,5-10 LPA,0,68.0,92.5,0,1,0.56,29.6,96.5,0,2,Maharashtra,MH,82.3,75.9,32.3,11.2,Pune,3.9,0,39.1,21.0,0.3056,0
HSC_2026_0547,HIGHER_SECONDARY,Female,17,Arts / Humanities,<2 LPA,0,64.8,99.6,0,1,0.56,52.9,85.7,0,4,Bihar,BR,61.8,51.5,14.5,21.4,Muzaffarpur,35.1,1,90.3,38.0,0.2046,0
HSC_2026_0548,HIGHER_SECONDARY,Male,16,Commerce,2-5 LPA,1,66.4,60.6,1,1,0.92,66.4,55.6,0,1,Haryana,HR,75.6,65.9,29.8,12.5,Nuh / Mewat,44.8,1,88.6,47.0,0.467,0
HSC_2026_0549,HIGHER_SECONDARY,Female,18,Vocational / ITI,<2 LPA,0,74.4,72.8,1,0,0.89,57.8,77.2,0,3,Bihar,BR,61.8,51.5,14.5,21.4,Gaya,38.6,1,86.8,36.2,0.6343,1
HSC_2026_0550,HIGHER_SECONDARY,Male,18,Science (PCB),>10 LPA,0,62.0,93.7,0,1,0.22,31.3,92.2,0,2,Uttar Pradesh,UP,67.7,57.2,23.2,16.8,Bahraich,54.4,1,92.1,46.5,0.3949,0
HSC_2026_0551,HIGHER_SECONDARY,Male,17,Science (PCM),>10 LPA,0,78.8,100.0,0,1,0.1,48.2,100.0,0,4,Tamil Nadu,TN,80.1,73.4,51.4,8.1,Ramanathapuram,7.8,1,69.7,22.1,0.1241,0
HSC_2026_0552,HIGHER_SECONDARY,Male,16,Vocational / ITI,2-5 LPA,0,47.1,77.2,0,1,0.75,27.2,88.4,0,5,Kerala,KL,94.0,92.1,43.2,3.2,Ernakulam,0.6,0,31.9,14.8,0.5545,0
HSC_2026_0553,HIGHER_SECONDARY,Male,16,Arts / Humanities,<2 LPA,0,79.9,61.0,1,1,0.57,57.2,57.3,1,2,Gujarat,GJ,78.0,69.7,21.3,17.9,Narmada,32.4,1,89.5,30.5,0.6188,1
HSC_2026_0554,HIGHER_SECONDARY,Female,18,Science (PCM),2-5 LPA,0,97.1,83.9,0,1,0.54,66.4,88.2,0,0,Tamil Nadu,TN,80.1,73.4,51.4,8.1,Chennai,1.2,0,0.0,17.5,0.1106,0
HSC_2026_0555,HIGHER_SECONDARY,Male,17,Commerce,5-10 LPA,0,68.2,28.6,1,0,0.26,24.8,44.4,0,6,Uttar Pradesh,UP,67.7,57.2,23.2,16.8,Lucknow,8.5,0,33.8,24.1,0.9472,1
HSC_2026_0556,HIGHER_SECONDARY,Male,17,Arts / Humanities,2-5 LPA,1,74.2,88.9,0,1,0.76,54.7,86.9,0,2,Uttar Pradesh,UP,67.7,57.2,23.2,16.8,Lucknow,8.5,0,33.8,24.1,0.1968,0
HSC_2026_0557,HIGHER_SECONDARY,Female,17,Commerce,2-5 LPA,0,81.1,77.3,0,1,0.4,73.3,87.0,0,2,Uttar Pradesh,UP,67.7,57.2,23.2,16.8,Bahraich,54.4,1,92.1,46.5,0.2255,0
HSC_2026_0558,HIGHER_SECONDARY,Male,17,Science (PCB),2-5 LPA,1,63.4,53.9,1,0,0.34,37.1,44.0,0,2,Madhya Pradesh,MP,69.3,59.2,24.8,18.5,Indore,6.8,0,25.9,21.8,0.7548,1
HSC_2026_0559,HIGHER_SECONDARY,Female,18,Science (PCM),>10 LPA,1,78.6,51.5,1,0,0.38,57.2,50.2,0,4,Karnataka,KA,75.4,68.1,36.2,12.0,Raichur,36.8,1,74.6,34.0,0.7479,1
HSC_2026_0560,HIGHER_SECONDARY,Male,18,Vocational / ITI,2-5 LPA,1,60.8,65.5,1,1,0.59,34.7,69.7,0,0,Haryana,HR,75.6,65.9,29.8,12.5,Gurugram,2.5,0,31.2,20.5,0.4772,0
HSC_2026_0561,HIGHER_SECONDARY,Female,16,Arts / Humanities,2-5 LPA,1,77.2,39.7,1,0,0.62,40.9,33.6,0,9,Uttar Pradesh,UP,67.7,57.2,23.2,16.8,Balrampur,47.9,1,92.3,45.0,0.9493,1
HSC_2026_0562,HIGHER_SECONDARY,Female,16,Science (PCM),2-5 LPA,0,84.3,97.9,0,1,0.32,50.8,100.0,0,2,Kerala,KL,94.0,92.1,43.2,3.2,Ernakulam,0.6,0,31.9,14.8,0.1125,0
HSC_2026_0563,HIGHER_SECONDARY,Male,16,Commerce,5-10 LPA,0,96.4,69.2,1,1,0.14,96.0,60.2,1,2,Karnataka,KA,75.4,68.1,36.2,12.0,Yadgir,39.4,1,81.2,36.5,0.176,0
HSC_2026_0564,HIGHER_SECONDARY,Female,18,Arts / Humanities,2-5 LPA,1,73.6,30.0,1,0,0.83,15.9,20.0,0,6,Kerala,KL,94.0,92.1,43.2,3.2,Ernakulam,0.6,0,31.9,14.8,0.97,1
HSC_2026_0565,HIGHER_SECONDARY,Female,16,Science (PCB),2-5 LPA,1,41.1,87.1,0,1,0.49,41.6,73.8,0,2,Kerala,KL,94.0,92.1,43.2,3.2,Thiruvananthapuram,0.9,0,46.2,15.2,0.2394,1
HSC_2026_0566,HIGHER_SECONDARY,Male,16,Vocational / ITI,5-10 LPA,0,61.9,54.1,1,0,0.3,44.1,63.3,0,4,Uttar Pradesh,UP,67.7,57.2,23.2,16.8,Lucknow,8.5,0,33.8,24.1,0.7313,1
HSC_2026_0567,HIGHER_SECONDARY,Female,16,Science (PCM),2-5 LPA,0,85.5,78.1,0,1,0.68,70.7,62.0,0,2,Madhya Pradesh,MP,69.3,59.2,24.8,18.5,Indore,6.8,0,25.9,21.8,0.1589,0
HSC_2026_0568,HIGHER_SECONDARY,Male,18,Science (PCB),2-5 LPA,1,94.3,90.1,0,1,0.77,69.9,83.6,0,3,Bihar,BR,61.8,51.5,14.5,21.4,Muzaffarpur,35.1,1,90.3,38.0,0.1765,0
HSC_2026_0569,HIGHER_SECONDARY,Female,16,Science (PCM),2-5 LPA,1,65.6,71.6,1,0,0.48,37.8,65.7,0,10,Karnataka,KA,75.4,68.1,36.2,12.0,Bengaluru Urban,1.8,0,9.1,18.2,0.742,0
HSC_2026_0570,HIGHER_SECONDARY,Female,18,Vocational / ITI,2-5 LPA,1,65.2,100.0,0,1,0.77,59.4,99.5,1,4,Maharashtra,MH,82.3,75.9,32.3,11.2,Nandurbar,33.1,1,83.3,32.4,0.3011,0
HSC_2026_0571,HIGHER_SECONDARY,Male,18,Arts / Humanities,5-10 LPA,0,75.0,56.8,1,0,0.11,31.8,51.9,1,8,Karnataka,KA,75.4,68.1,36.2,12.0,Raichur,36.8,1,74.6,34.0,0.9316,1
HSC_2026_0572,HIGHER_SECONDARY,Female,17,Science (PCM),<2 LPA,0,68.7,54.7,1,1,0.75,50.8,36.4,0,1,Kerala,KL,94.0,92.1,43.2,3.2,Ernakulam,0.6,0,31.9,14.8,0.4762,0
HSC_2026_0573,HIGHER_SECONDARY,Male,18,Vocational / ITI,<2 LPA,0,68.5,82.3,0,1,0.69,50.9,75.7,0,2,Rajasthan,RJ,66.1,52.1,26.0,17.2,Jaipur,6.9,0,47.6,22.5,0.2549,0
HSC_2026_0574,HIGHER_SECONDARY,Female,18,Commerce,<2 LPA,0,75.1,69.8,1,1,0.98,76.7,71.2,1,4,Uttar Pradesh,UP,67.7,57.2,23.2,16.8,Noida / Gautam Buddha Nagar,7.1,0,40.9,22.0,0.371,1
HSC_2026_0575,HIGHER_SECONDARY,Female,16,Science (PCB),<2 LPA,1,68.3,72.2,1,1,0.71,66.5,73.7,0,4,Bihar,BR,61.8,51.5,14.5,21.4,Gaya,38.6,1,86.8,36.2,0.351,0
HSC_2026_0576,HIGHER_SECONDARY,Male,17,Vocational / ITI,5-10 LPA,0,66.3,40.8,1,0,0.27,45.5,38.2,0,6,Bihar,BR,61.8,51.5,14.5,21.4,Purnia,50.4,1,89.2,42.1,0.9045,1
HSC_2026_0577,HIGHER_SECONDARY,Female,17,Science (PCM),2-5 LPA,1,62.7,74.2,1,1,0.85,50.6,71.4,0,0,Gujarat,GJ,78.0,69.7,21.3,17.9,Dahod,40.5,1,88.0,38.1,0.4311,0
HSC_2026_0578,HIGHER_SECONDARY,Female,18,Vocational / ITI,5-10 LPA,0,70.2,84.4,0,1,0.15,48.7,79.4,0,5,Haryana,HR,75.6,65.9,29.8,12.5,Gurugram,2.5,0,31.2,20.5,0.2135,0
HSC_2026_0579,HIGHER_SECONDARY,Male,18,Arts / Humanities,<2 LPA,0,86.1,100.0,0,1,0.89,55.3,89.9,0,5,Tamil Nadu,TN,80.1,73.4,51.4,8.1,Coimbatore,2.1,0,24.2,18.9,0.1635,0
HSC_2026_0580,HIGHER_SECONDARY,Male,18,Science (PCB),2-5 LPA,1,55.0,73.2,1,0,0.6,31.4,78.5,0,3,Tamil Nadu,TN,80.1,73.4,51.4,8.1,Chennai,1.2,0,0.0,17.5,0.681,1
HSC_2026_0581,HIGHER_SECONDARY,Male,18,Science (PCB),<2 LPA,0,74.4,64.2,1,1,0.77,62.8,57.8,1,3,Karnataka,KA,75.4,68.1,36.2,12.0,Bengaluru Urban,1.8,0,9.1,18.2,0.4762,0
HSC_2026_0582,HIGHER_SECONDARY,Male,17,Science (PCB),5-10 LPA,0,70.1,69.6,1,1,0.25,52.3,80.0,1,5,Maharashtra,MH,82.3,75.9,32.3,11.2,Gadchiroli,28.5,1,89.0,28.9,0.5667,1
HSC_2026_0583,HIGHER_SECONDARY,Male,17,Commerce,<2 LPA,1,61.2,78.5,0,1,0.85,39.2,81.4,1,3,Gujarat,GJ,78.0,69.7,21.3,17.9,Ahmedabad,3.8,0,15.9,20.2,0.5799,1
HSC_2026_0584,HIGHER_SECONDARY,Female,17,Vocational / ITI,5-10 LPA,0,63.6,77.0,0,1,0.3,59.8,83.3,1,1,Gujarat,GJ,78.0,69.7,21.3,17.9,Dahod,40.5,1,88.0,38.1,0.3969,0
HSC_2026_0585,HIGHER_SECONDARY,Male,18,Science (PCB),<2 LPA,1,84.8,80.3,0,0,0.73,65.4,94.8,0,7,Gujarat,GJ,78.0,69.7,21.3,17.9,Narmada,32.4,1,89.5,30.5,0.517,1
HSC_2026_0586,HIGHER_SECONDARY,Male,16,Science (PCM),>10 LPA,0,58.1,68.7,1,1,0.23,56.6,68.1,0,3,Haryana,HR,75.6,65.9,29.8,12.5,Nuh / Mewat,44.8,1,88.6,47.0,0.3906,0
HSC_2026_0587,HIGHER_SECONDARY,Female,18,Science (PCB),2-5 LPA,1,65.5,59.1,1,1,0.73,69.5,60.2,0,1,Karnataka,KA,75.4,68.1,36.2,12.0,Bengaluru Urban,1.8,0,9.1,18.2,0.2735,0
HSC_2026_0588,HIGHER_SECONDARY,Male,16,Vocational / ITI,2-5 LPA,0,67.5,74.2,1,1,0.8,49.8,73.8,0,4,Maharashtra,MH,82.3,75.9,32.3,11.2,Mumbai,2.1,0,0.0,19.5,0.3685,0
HSC_2026_0589,HIGHER_SECONDARY,Male,16,Arts / Humanities,2-5 LPA,0,50.5,79.2,0,1,0.13,25.8,88.2,0,3,Uttar Pradesh,UP,67.7,57.2,23.2,16.8,Shravasti,49.6,1,96.5,48.2,0.5746,1
HSC_2026_0590,HIGHER_SECONDARY,Female,18,Commerce,2-5 LPA,0,98.0,79.4,0,1,0.8,79.5,80.0,0,2,Karnataka,KA,75.4,68.1,36.2,12.0,Bengaluru Urban,1.8,0,9.1,18.2,0.1149,0
HSC_2026_0591,HIGHER_SECONDARY,Female,18,Arts / Humanities,2-5 LPA,1,71.8,53.6,1,0,0.88,37.5,64.6,0,10,Maharashtra,MH,82.3,75.9,32.3,11.2,Pune,3.9,0,39.1,21.0,0.8924,1
HSC_2026_0592,HIGHER_SECONDARY,Male,16,Arts / Humanities,2-5 LPA,0,77.6,66.9,1,0,0.48,42.7,67.3,1,9,Tamil Nadu,TN,80.1,73.4,51.4,8.1,Coimbatore,2.1,0,24.2,18.9,0.8361,1
HSC_2026_0593,HIGHER_SECONDARY,Female,18,Vocational / ITI,<2 LPA,0,79.0,67.0,1,0,0.71,43.4,64.0,0,9,Haryana,HR,75.6,65.9,29.8,12.5,Nuh / Mewat,44.8,1,88.6,47.0,0.8544,1
HSC_2026_0594,HIGHER_SECONDARY,Female,18,Vocational / ITI,5-10 LPA,0,80.3,84.7,0,1,0.3,56.8,66.7,0,2,Madhya Pradesh,MP,69.3,59.2,24.8,18.5,Barwani,46.1,1,85.5,37.1,0.2493,0
HSC_2026_0595,HIGHER_SECONDARY,Male,17,Commerce,<2 LPA,1,71.4,60.7,1,1,0.85,59.4,68.6,1,5,Rajasthan,RJ,66.1,52.1,26.0,17.2,Kota,8.2,0,39.7,21.0,0.6217,1
HSC_2026_0596,HIGHER_SECONDARY,Male,16,Science (PCM),>10 LPA,0,75.7,36.5,1,0,0.6,53.3,30.9,0,5,Gujarat,GJ,78.0,69.7,21.3,17.9,Dahod,40.5,1,88.0,38.1,0.895,1
HSC_2026_0597,HIGHER_SECONDARY,Male,16,Vocational / ITI,2-5 LPA,1,81.8,76.4,0,1,0.28,84.9,69.3,0,3,Haryana,HR,75.6,65.9,29.8,12.5,Nuh / Mewat,44.8,1,88.6,47.0,0.1425,0
HSC_2026_0598,HIGHER_SECONDARY,Male,18,Arts / Humanities,2-5 LPA,0,79.1,72.5,1,1,0.92,70.3,68.9,0,3,Bihar,BR,61.8,51.5,14.5,21.4,Gaya,38.6,1,86.8,36.2,0.3333,0
HSC_2026_0599,HIGHER_SECONDARY,Male,18,Science (PCM),5-10 LPA,0,61.8,75.0,1,0,0.06,24.7,73.1,0,2,Karnataka,KA,75.4,68.1,36.2,12.0,Raichur,36.8,1,74.6,34.0,0.73,1
HSC_2026_0600,HIGHER_SECONDARY,Female,17,Vocational / ITI,2-5 LPA,0,91.2,56.4,1,0,0.77,44.9,46.1,0,0,Gujarat,GJ,78.0,69.7,21.3,17.9,Ahmedabad,3.8,0,15.9,20.2,0.6994,1
HSC_2026_0601,HIGHER_SECONDARY,Female,16,Commerce,<2 LPA,0,76.0,75.4,0,0,0.74,48.6,65.4,0,3,Haryana,HR,75.6,65.9,29.8,12.5,Gurugram,2.5,0,31.2,20.5,0.5337,1
HSC_2026_0602,HIGHER_SECONDARY,Female,18,Vocational / ITI,<2 LPA,0,61.0,90.0,0,1,0.87,52.4,100.0,1,1,Uttar Pradesh,UP,67.7,57.2,23.2,16.8,Bahraich,54.4,1,92.1,46.5,0.4946,0
HSC_2026_0603,HIGHER_SECONDARY,Female,18,Vocational / ITI,<2 LPA,0,82.3,61.9,1,0,0.79,28.8,47.9,1,3,Maharashtra,MH,82.3,75.9,32.3,11.2,Nandurbar,33.1,1,83.3,32.4,0.9298,1
HSC_2026_0604,HIGHER_SECONDARY,Female,18,Science (PCM),<2 LPA,0,62.2,82.5,0,1,0.5,43.1,74.7,0,4,Haryana,HR,75.6,65.9,29.8,12.5,Nuh / Mewat,44.8,1,88.6,47.0,0.4485,0
HSC_2026_0605,HIGHER_SECONDARY,Male,16,Vocational / ITI,2-5 LPA,0,77.4,61.8,1,1,0.89,64.6,58.4,0,3,Maharashtra,MH,82.3,75.9,32.3,11.2,Gadchiroli,28.5,1,89.0,28.9,0.4447,0
HSC_2026_0606,HIGHER_SECONDARY,Female,18,Science (PCB),<2 LPA,1,77.8,85.7,0,1,0.9,50.5,76.5,0,3,Haryana,HR,75.6,65.9,29.8,12.5,Nuh / Mewat,44.8,1,88.6,47.0,0.403,0
HSC_2026_0607,HIGHER_SECONDARY,Female,17,Vocational / ITI,2-5 LPA,0,68.0,48.8,1,0,0.55,24.1,45.0,0,4,Bihar,BR,61.8,51.5,14.5,21.4,Muzaffarpur,35.1,1,90.3,38.0,0.9286,1
HSC_2026_0608,HIGHER_SECONDARY,Male,17,Arts / Humanities,2-5 LPA,0,90.1,76.9,0,1,0.53,70.4,66.3,0,3,Kerala,KL,94.0,92.1,43.2,3.2,Wayanad,4.1,1,96.1,18.0,0.1572,0
HSC_2026_0609,HIGHER_SECONDARY,Female,16,Vocational / ITI,5-10 LPA,0,63.4,75.4,0,1,0.14,43.7,79.1,0,3,Tamil Nadu,TN,80.1,73.4,51.4,8.1,Coimbatore,2.1,0,24.2,18.9,0.2834,0
HSC_2026_0610,HIGHER_SECONDARY,Male,17,Science (PCB),<2 LPA,0,54.0,57.9,1,0,0.86,19.3,55.3,1,5,Madhya Pradesh,MP,69.3,59.2,24.8,18.5,Barwani,46.1,1,85.5,37.1,0.9709,1
HSC_2026_0611,HIGHER_SECONDARY,Male,18,Science (PCB),2-5 LPA,0,61.5,63.0,1,0,0.75,37.7,64.9,0,6,Madhya Pradesh,MP,69.3,59.2,24.8,18.5,Alirajpur,52.0,1,92.2,39.5,0.8849,1
HSC_2026_0612,HIGHER_SECONDARY,Female,18,Vocational / ITI,5-10 LPA,1,59.2,54.8,1,0,0.26,31.9,59.7,1,6,Gujarat,GJ,78.0,69.7,21.3,17.9,Narmada,32.4,1,89.5,30.5,0.9296,1
HSC_2026_0613,HIGHER_SECONDARY,Male,18,Arts / Humanities,<2 LPA,0,75.4,96.8,0,1,0.64,61.1,100.0,0,4,Bihar,BR,61.8,51.5,14.5,21.4,Patna,18.2,0,56.4,28.5,0.1477,0
HSC_2026_0614,HIGHER_SECONDARY,Female,16,Science (PCM),2-5 LPA,1,82.2,88.6,0,1,0.57,60.0,94.0,0,1,Maharashtra,MH,82.3,75.9,32.3,11.2,Mumbai,2.1,0,0.0,19.5,0.1284,0
HSC_2026_0615,HIGHER_SECONDARY,Female,16,Commerce,<2 LPA,1,81.6,83.5,0,1,0.54,73.6,83.3,0,1,Maharashtra,MH,82.3,75.9,32.3,11.2,Nandurbar,33.1,1,83.3,32.4,0.143,0
HSC_2026_0616,HIGHER_SECONDARY,Male,18,Vocational / ITI,<2 LPA,0,78.7,79.2,0,1,0.81,69.0,76.2,0,2,Haryana,HR,75.6,65.9,29.8,12.5,Nuh / Mewat,44.8,1,88.6,47.0,0.273,0
HSC_2026_0617,HIGHER_SECONDARY,Male,18,Arts / Humanities,<2 LPA,0,92.2,82.2,0,1,0.58,74.9,93.2,0,2,Karnataka,KA,75.4,68.1,36.2,12.0,Raichur,36.8,1,74.6,34.0,0.1656,0
HSC_2026_0618,HIGHER_SECONDARY,Male,18,Vocational / ITI,5-10 LPA,1,89.3,78.2,0,1,0.14,72.8,71.4,0,2,Rajasthan,RJ,66.1,52.1,26.0,17.2,Kota,8.2,0,39.7,21.0,0.1057,0
HSC_2026_0619,HIGHER_SECONDARY,Female,16,Vocational / ITI,<2 LPA,0,51.3,91.3,0,1,0.35,28.8,81.3,1,2,Haryana,HR,75.6,65.9,29.8,12.5,Nuh / Mewat,44.8,1,88.6,47.0,0.5911,1
HSC_2026_0620,HIGHER_SECONDARY,Male,16,Science (PCB),>10 LPA,0,72.1,62.2,1,1,0.45,72.0,49.6,0,4,Gujarat,GJ,78.0,69.7,21.3,17.9,Ahmedabad,3.8,0,15.9,20.2,0.2425,0
HSC_2026_0621,HIGHER_SECONDARY,Male,16,Arts / Humanities,<2 LPA,1,83.2,96.4,0,1,0.93,63.1,91.5,1,2,Rajasthan,RJ,66.1,52.1,26.0,17.2,Jaisalmer,31.8,1,86.7,33.2,0.288,0
HSC_2026_0622,HIGHER_SECONDARY,Male,16,Commerce,<2 LPA,0,64.2,75.0,0,1,0.89,55.8,70.0,0,3,Gujarat,GJ,78.0,69.7,21.3,17.9,Narmada,32.4,1,89.5,30.5,0.4122,0
HSC_2026_0623,HIGHER_SECONDARY,Male,17,Vocational / ITI,2-5 LPA,1,66.7,76.5,0,1,0.3,62.2,73.9,0,1,Karnataka,KA,75.4,68.1,36.2,12.0,Raichur,36.8,1,74.6,34.0,0.2319,0
HSC_2026_0624,HIGHER_SECONDARY,Male,17,Arts / Humanities,2-5 LPA,1,63.2,74.0,1,1,0.62,49.5,62.4,0,4,Maharashtra,MH,82.3,75.9,32.3,11.2,Mumbai,2.1,0,0.0,19.5,0.3427,0
HSC_2026_0625,HIGHER_SECONDARY,Female,17,Science (PCB),<2 LPA,0,69.5,82.7,0,1,0.54,61.8,76.1,0,5,Kerala,KL,94.0,92.1,43.2,3.2,Wayanad,4.1,1,96.1,18.0,0.1949,0
HSC_2026_0626,HIGHER_SECONDARY,Male,16,Commerce,2-5 LPA,0,49.9,100.0,0,1,0.58,54.1,94.6,0,3,Tamil Nadu,TN,80.1,73.4,51.4,8.1,Coimbatore,2.1,0,24.2,18.9,0.1209,0
HSC_2026_0627,HIGHER_SECONDARY,Male,17,Arts / Humanities,2-5 LPA,1,38.0,55.1,1,1,0.66,31.5,62.0,0,1,Bihar,BR,61.8,51.5,14.5,21.4,Gaya,38.6,1,86.8,36.2,0.7552,0
HSC_2026_0628,HIGHER_SECONDARY,Male,16,Science (PCM),2-5 LPA,1,70.6,77.1,0,1,0.58,50.7,75.1,0,6,Uttar Pradesh,UP,67.7,57.2,23.2,16.8,Noida / Gautam Buddha Nagar,7.1,0,40.9,22.0,0.351,0
HSC_2026_0629,HIGHER_SECONDARY,Female,18,Science (PCM),2-5 LPA,0,58.3,85.4,0,1,0.43,41.4,82.2,0,7,Madhya Pradesh,MP,69.3,59.2,24.8,18.5,Indore,6.8,0,25.9,21.8,0.3459,0
HSC_2026_0630,HIGHER_SECONDARY,Male,17,Commerce,5-10 LPA,1,83.4,69.5,1,1,0.41,66.9,75.3,0,2,Kerala,KL,94.0,92.1,43.2,3.2,Wayanad,4.1,1,96.1,18.0,0.1938,0
HSC_2026_0631,HIGHER_SECONDARY,Female,18,Science (PCB),2-5 LPA,0,62.5,63.8,1,1,0.61,35.8,60.6,0,1,Kerala,KL,94.0,92.1,43.2,3.2,Ernakulam,0.6,0,31.9,14.8,0.5,1
HSC_2026_0632,HIGHER_SECONDARY,Male,17,Science (PCB),2-5 LPA,0,80.0,76.1,0,1,0.43,79.9,59.3,0,1,Bihar,BR,61.8,51.5,14.5,21.4,Gaya,38.6,1,86.8,36.2,0.1504,0
HSC_2026_0633,HIGHER_SECONDARY,Male,18,Arts / Humanities,<2 LPA,0,68.1,79.2,0,1,0.6,58.1,76.2,0,4,Tamil Nadu,TN,80.1,73.4,51.4,8.1,Ramanathapuram,7.8,1,69.7,22.1,0.2455,0
HSC_2026_0634,HIGHER_SECONDARY,Male,17,Vocational / ITI,2-5 LPA,1,90.4,43.9,1,0,0.76,47.2,58.0,0,1,Karnataka,KA,75.4,68.1,36.2,12.0,Bengaluru Urban,1.8,0,9.1,18.2,0.7845,1
HSC_2026_0635,HIGHER_SECONDARY,Male,16,Commerce,2-5 LPA,1,70.3,73.4,1,1,0.47,29.3,72.0,1,0,Rajasthan,RJ,66.1,52.1,26.0,17.2,Jaisalmer,31.8,1,86.7,33.2,0.6894,1
HSC_2026_0636,HIGHER_SECONDARY,Male,17,Commerce,<2 LPA,0,62.4,83.7,0,1,0.88,40.9,96.3,0,2,Bihar,BR,61.8,51.5,14.5,21.4,Muzaffarpur,35.1,1,90.3,38.0,0.4527,0
HSC_2026_0637,HIGHER_SECONDARY,Male,16,Vocational / ITI,2-5 LPA,0,74.4,82.8,0,1,0.76,56.2,74.3,0,4,Madhya Pradesh,MP,69.3,59.2,24.8,18.5,Indore,6.8,0,25.9,21.8,0.2522,0
HSC_2026_0638,HIGHER_SECONDARY,Male,18,Science (PCM),2-5 LPA,1,61.2,48.0,1,0,0.61,25.6,48.3,0,4,Gujarat,GJ,78.0,69.7,21.3,17.9,Narmada,32.4,1,89.5,30.5,0.9272,1
HSC_2026_0639,HIGHER_SECONDARY,Female,16,Vocational / ITI,2-5 LPA,0,72.2,66.5,1,1,0.7,47.1,71.0,0,3,Haryana,HR,75.6,65.9,29.8,12.5,Gurugram,2.5,0,31.2,20.5,0.4316,0
HSC_2026_0640,HIGHER_SECONDARY,Male,18,Science (PCM),<2 LPA,1,58.0,56.1,1,1,0.68,63.7,50.0,0,1,Haryana,HR,75.6,65.9,29.8,12.5,Nuh / Mewat,44.8,1,88.6,47.0,0.4927,0
HSC_2026_0641,HIGHER_SECONDARY,Female,18,Science (PCB),<2 LPA,0,82.6,89.1,0,1,0.6,72.0,85.4,0,0,Rajasthan,RJ,66.1,52.1,26.0,17.2,Jaipur,6.9,0,47.6,22.5,0.085,0
HSC_2026_0642,HIGHER_SECONDARY,Female,16,Science (PCM),<2 LPA,1,67.4,75.8,0,1,0.78,49.8,73.2,0,7,Maharashtra,MH,82.3,75.9,32.3,11.2,Gadchiroli,28.5,1,89.0,28.9,0.5043,1
HSC_2026_0643,HIGHER_SECONDARY,Male,16,Vocational / ITI,<2 LPA,0,77.3,76.9,0,1,0.71,56.0,75.7,1,1,Kerala,KL,94.0,92.1,43.2,3.2,Ernakulam,0.6,0,31.9,14.8,0.3644,1
HSC_2026_0644,HIGHER_SECONDARY,Female,17,Science (PCB),<2 LPA,1,51.4,50.6,1,0,0.35,41.1,40.2,0,7,Bihar,BR,61.8,51.5,14.5,21.4,Patna,18.2,0,56.4,28.5,0.8431,1
HSC_2026_0645,HIGHER_SECONDARY,Male,17,Arts / Humanities,2-5 LPA,0,80.9,70.7,1,1,0.81,61.6,70.7,0,3,Karnataka,KA,75.4,68.1,36.2,12.0,Raichur,36.8,1,74.6,34.0,0.402,0
HSC_2026_0646,HIGHER_SECONDARY,Male,18,Commerce,2-5 LPA,0,61.7,53.4,1,0,0.9,44.3,59.5,1,6,Maharashtra,MH,82.3,75.9,32.3,11.2,Pune,3.9,0,39.1,21.0,0.9014,1
HSC_2026_0647,HIGHER_SECONDARY,Male,17,Arts / Humanities,<2 LPA,0,74.0,77.2,0,1,0.73,69.9,75.8,0,1,Uttar Pradesh,UP,67.7,57.2,23.2,16.8,Lucknow,8.5,0,33.8,24.1,0.1653,0
HSC_2026_0648,HIGHER_SECONDARY,Female,18,Science (PCM),2-5 LPA,0,74.0,51.0,1,0,0.57,61.2,42.2,0,3,Tamil Nadu,TN,80.1,73.4,51.4,8.1,Chennai,1.2,0,0.0,17.5,0.6209,1
HSC_2026_0649,HIGHER_SECONDARY,Female,18,Vocational / ITI,>10 LPA,0,69.1,67.2,1,1,0.42,50.5,67.9,0,6,Kerala,KL,94.0,92.1,43.2,3.2,Thiruvananthapuram,0.9,0,46.2,15.2,0.3944,0
HSC_2026_0650,HIGHER_SECONDARY,Female,18,Arts / Humanities,2-5 LPA,0,91.8,89.1,0,1,0.62,86.7,92.3,1,3,Maharashtra,MH,82.3,75.9,32.3,11.2,Nandurbar,33.1,1,83.3,32.4,0.1633,0
HSC_2026_0651,HIGHER_SECONDARY,Male,18,Vocational / ITI,<2 LPA,0,93.9,92.6,0,1,0.68,70.3,100.0,0,3,Rajasthan,RJ,66.1,52.1,26.0,17.2,Barmer,34.2,1,93.0,35.8,0.1495,0
HSC_2026_0652,HIGHER_SECONDARY,Male,16,Arts / Humanities,2-5 LPA,0,57.2,76.8,0,1,0.7,57.8,75.4,0,4,Karnataka,KA,75.4,68.1,36.2,12.0,Yadgir,39.4,1,81.2,36.5,0.387,0
HSC_2026_0653,HIGHER_SECONDARY,Male,16,Arts / Humanities,>10 LPA,0,67.1,62.3,1,1,0.21,72.3,56.9,0,3,Maharashtra,MH,82.3,75.9,32.3,11.2,Mumbai,2.1,0,0.0,19.5,0.1913,0
HSC_2026_0654,HIGHER_SECONDARY,Male,16,Commerce,<2 LPA,0,57.9,60.1,1,0,0.51,28.9,56.3,0,6,Tamil Nadu,TN,80.1,73.4,51.4,8.1,Chennai,1.2,0,0.0,17.5,0.8246,0
HSC_2026_0655,HIGHER_SECONDARY,Male,16,Science (PCM),2-5 LPA,0,94.2,52.1,1,1,0.57,82.2,43.1,1,3,Haryana,HR,75.6,65.9,29.8,12.5,Gurugram,2.5,0,31.2,20.5,0.3827,0
HSC_2026_0656,HIGHER_SECONDARY,Female,18,Science (PCM),2-5 LPA,0,38.0,54.2,1,0,0.66,22.8,51.3,0,2,Kerala,KL,94.0,92.1,43.2,3.2,Wayanad,4.1,1,96.1,18.0,0.8644,1
HSC_2026_0657,HIGHER_SECONDARY,Female,16,Science (PCM),<2 LPA,0,85.0,70.6,1,1,0.75,61.0,65.4,0,3,Karnataka,KA,75.4,68.1,36.2,12.0,Yadgir,39.4,1,81.2,36.5,0.406,0
HSC_2026_0658,HIGHER_SECONDARY,Female,18,Commerce,<2 LPA,0,78.2,61.7,1,0,0.3,40.7,68.9,1,4,Tamil Nadu,TN,80.1,73.4,51.4,8.1,Ramanathapuram,7.8,1,69.7,22.1,0.8129,1
HSC_2026_0659,HIGHER_SECONDARY,Male,16,Arts / Humanities,2-5 LPA,0,76.2,75.7,0,1,0.92,79.1,81.3,0,3,Rajasthan,RJ,66.1,52.1,26.0,17.2,Jaipur,6.9,0,47.6,22.5,0.1637,0
HSC_2026_0660,HIGHER_SECONDARY,Male,16,Commerce,2-5 LPA,0,76.0,78.5,0,1,0.79,64.3,83.7,0,3,Kerala,KL,94.0,92.1,43.2,3.2,Thiruvananthapuram,0.9,0,46.2,15.2,0.2038,0
HSC_2026_0661,HIGHER_SECONDARY,Female,16,Arts / Humanities,2-5 LPA,1,64.4,72.8,1,1,0.6,40.7,82.9,0,5,Kerala,KL,94.0,92.1,43.2,3.2,Thiruvananthapuram,0.9,0,46.2,15.2,0.4444,0
HSC_2026_0662,HIGHER_SECONDARY,Male,18,Vocational / ITI,2-5 LPA,0,71.8,85.1,0,1,0.86,54.2,75.2,0,3,Karnataka,KA,75.4,68.1,36.2,12.0,Raichur,36.8,1,74.6,34.0,0.3411,1
HSC_2026_0663,HIGHER_SECONDARY,Male,18,Commerce,2-5 LPA,0,78.5,83.1,0,1,0.49,69.6,84.3,0,5,Gujarat,GJ,78.0,69.7,21.3,17.9,Ahmedabad,3.8,0,15.9,20.2,0.1449,0
HSC_2026_0664,HIGHER_SECONDARY,Male,17,Science (PCB),<2 LPA,1,50.8,71.8,1,0,0.9,35.5,82.1,1,6,Tamil Nadu,TN,80.1,73.4,51.4,8.1,Coimbatore,2.1,0,24.2,18.9,0.8564,1
HSC_2026_0665,HIGHER_SECONDARY,Male,18,Science (PCB),2-5 LPA,1,54.9,50.2,1,0,0.71,20.5,48.4,0,7,Haryana,HR,75.6,65.9,29.8,12.5,Nuh / Mewat,44.8,1,88.6,47.0,0.9587,1
HSC_2026_0666,HIGHER_SECONDARY,Female,18,Science (PCB),>10 LPA,0,62.6,85.0,0,0,0.49,33.4,95.0,0,5,Madhya Pradesh,MP,69.3,59.2,24.8,18.5,Alirajpur,52.0,1,92.2,39.5,0.7406,1
HSC_2026_0667,HIGHER_SECONDARY,Female,16,Arts / Humanities,5-10 LPA,0,76.0,85.9,0,1,0.51,63.0,74.4,0,4,Bihar,BR,61.8,51.5,14.5,21.4,Muzaffarpur,35.1,1,90.3,38.0,0.2256,0
HSC_2026_0668,HIGHER_SECONDARY,Male,18,Arts / Humanities,<2 LPA,0,83.0,85.0,0,0,0.73,55.5,89.1,0,4,Kerala,KL,94.0,92.1,43.2,3.2,Thiruvananthapuram,0.9,0,46.2,15.2,0.3875,0
HSC_2026_0669,HIGHER_SECONDARY,Male,16,Vocational / ITI,5-10 LPA,1,81.9,80.0,0,0,0.27,45.2,82.8,0,8,Maharashtra,MH,82.3,75.9,32.3,11.2,Gadchiroli,28.5,1,89.0,28.9,0.6287,1
HSC_2026_0670,HIGHER_SECONDARY,Male,18,Commerce,2-5 LPA,1,92.5,48.1,1,0,0.75,61.7,53.7,0,5,Gujarat,GJ,78.0,69.7,21.3,17.9,Ahmedabad,3.8,0,15.9,20.2,0.7155,1
HSC_2026_0671,HIGHER_SECONDARY,Female,16,Arts / Humanities,2-5 LPA,0,79.9,78.5,0,1,0.74,47.6,88.8,0,3,Kerala,KL,94.0,92.1,43.2,3.2,Thiruvananthapuram,0.9,0,46.2,15.2,0.3174,0
HSC_2026_0672,HIGHER_SECONDARY,Male,16,Science (PCM),2-5 LPA,0,84.5,44.1,1,1,0.47,54.3,63.5,0,5,Kerala,KL,94.0,92.1,43.2,3.2,Ernakulam,0.6,0,31.9,14.8,0.5762,1
HSC_2026_0673,HIGHER_SECONDARY,Male,16,Commerce,2-5 LPA,1,82.2,20.0,1,0,0.57,48.9,20.0,0,7,Kerala,KL,94.0,92.1,43.2,3.2,Wayanad,4.1,1,96.1,18.0,0.9282,1
HSC_2026_0674,HIGHER_SECONDARY,Male,16,Science (PCB),2-5 LPA,1,74.7,84.1,0,1,0.79,45.5,75.5,0,2,Karnataka,KA,75.4,68.1,36.2,12.0,Bengaluru Urban,1.8,0,9.1,18.2,0.2809,0
HSC_2026_0675,HIGHER_SECONDARY,Female,17,Science (PCB),<2 LPA,1,75.7,76.5,0,0,0.91,33.8,78.4,1,6,Karnataka,KA,75.4,68.1,36.2,12.0,Raichur,36.8,1,74.6,34.0,0.8996,0
HSC_2026_0676,HIGHER_SECONDARY,Female,16,Commerce,5-10 LPA,0,90.6,93.9,0,1,0.1,62.3,100.0,0,4,Madhya Pradesh,MP,69.3,59.2,24.8,18.5,Barwani,46.1,1,85.5,37.1,0.1592,0
HSC_2026_0677,HIGHER_SECONDARY,Female,17,Vocational / ITI,2-5 LPA,0,81.9,58.7,1,0,0.81,54.6,67.0,0,7,Madhya Pradesh,MP,69.3,59.2,24.8,18.5,Indore,6.8,0,25.9,21.8,0.7339,1
HSC_2026_0678,HIGHER_SECONDARY,Male,16,Vocational / ITI,2-5 LPA,1,72.8,56.0,1,0,0.49,47.8,53.3,0,2,Madhya Pradesh,MP,69.3,59.2,24.8,18.5,Indore,6.8,0,25.9,21.8,0.6771,1
HSC_2026_0679,HIGHER_SECONDARY,Male,18,Science (PCB),2-5 LPA,0,43.8,57.7,1,0,0.76,15.0,59.9,0,3,Uttar Pradesh,UP,67.7,57.2,23.2,16.8,Noida / Gautam Buddha Nagar,7.1,0,40.9,22.0,0.9013,1
HSC_2026_0680,HIGHER_SECONDARY,Female,16,Science (PCB),2-5 LPA,0,61.9,75.5,0,1,0.38,48.9,87.9,0,4,Maharashtra,MH,82.3,75.9,32.3,11.2,Nandurbar,33.1,1,83.3,32.4,0.3996,0
HSC_2026_0681,HIGHER_SECONDARY,Female,18,Arts / Humanities,<2 LPA,0,63.4,42.2,1,0,0.76,46.0,37.8,0,8,Haryana,HR,75.6,65.9,29.8,12.5,Gurugram,2.5,0,31.2,20.5,0.8789,0
HSC_2026_0682,HIGHER_SECONDARY,Female,18,Science (PCM),<2 LPA,0,77.9,81.0,0,1,0.53,60.5,71.4,0,3,Madhya Pradesh,MP,69.3,59.2,24.8,18.5,Indore,6.8,0,25.9,21.8,0.1931,0
HSC_2026_0683,HIGHER_SECONDARY,Male,16,Arts / Humanities,5-10 LPA,0,66.9,82.9,0,1,0.29,42.4,83.8,0,1,Maharashtra,MH,82.3,75.9,32.3,11.2,Mumbai,2.1,0,0.0,19.5,0.2268,1
HSC_2026_0684,HIGHER_SECONDARY,Female,18,Arts / Humanities,<2 LPA,0,97.6,85.8,0,1,0.69,96.0,84.0,0,4,Kerala,KL,94.0,92.1,43.2,3.2,Ernakulam,0.6,0,31.9,14.8,0.0539,0
HSC_2026_0685,HIGHER_SECONDARY,Female,17,Science (PCM),<2 LPA,0,97.2,57.6,1,1,0.52,76.2,51.9,1,4,Uttar Pradesh,UP,67.7,57.2,23.2,16.8,Noida / Gautam Buddha Nagar,7.1,0,40.9,22.0,0.4108,0
HSC_2026_0686,HIGHER_SECONDARY,Female,17,Vocational / ITI,5-10 LPA,1,70.0,68.8,1,1,0.15,54.4,49.1,1,4,Kerala,KL,94.0,92.1,43.2,3.2,Ernakulam,0.6,0,31.9,14.8,0.411,0
HSC_2026_0687,HIGHER_SECONDARY,Female,18,Arts / Humanities,2-5 LPA,1,86.4,90.2,0,1,0.49,71.3,94.1,0,0,Uttar Pradesh,UP,67.7,57.2,23.2,16.8,Noida / Gautam Buddha Nagar,7.1,0,40.9,22.0,0.0779,0
HSC_2026_0688,HIGHER_SECONDARY,Male,16,Science (PCB),2-5 LPA,0,84.5,80.6,0,1,0.7,73.6,79.9,0,2,Kerala,KL,94.0,92.1,43.2,3.2,Ernakulam,0.6,0,31.9,14.8,0.1237,0
HSC_2026_0689,HIGHER_SECONDARY,Male,17,Science (PCM),<2 LPA,0,73.9,67.5,1,1,0.95,49.6,65.5,0,3,Maharashtra,MH,82.3,75.9,32.3,11.2,Pune,3.9,0,39.1,21.0,0.4485,0
HSC_2026_0690,HIGHER_SECONDARY,Male,16,Arts / Humanities,<2 LPA,1,70.8,79.9,0,1,0.67,48.8,81.3,1,3,Tamil Nadu,TN,80.1,73.4,51.4,8.1,Ramanathapuram,7.8,1,69.7,22.1,0.4586,0
HSC_2026_0691,HIGHER_SECONDARY,Female,17,Arts / Humanities,<2 LPA,1,87.3,59.1,1,0,0.6,63.5,58.6,1,7,Gujarat,GJ,78.0,69.7,21.3,17.9,Narmada,32.4,1,89.5,30.5,0.8227,1
HSC_2026_0692,HIGHER_SECONDARY,Female,16,Science (PCM),5-10 LPA,0,59.7,79.5,0,1,0.2,44.4,81.1,0,3,Kerala,KL,94.0,92.1,43.2,3.2,Ernakulam,0.6,0,31.9,14.8,0.2502,0
HSC_2026_0693,HIGHER_SECONDARY,Female,17,Science (PCM),2-5 LPA,0,84.5,54.4,1,0,0.91,62.2,51.0,0,2,Kerala,KL,94.0,92.1,43.2,3.2,Thiruvananthapuram,0.9,0,46.2,15.2,0.6188,1
HSC_2026_0694,HIGHER_SECONDARY,Male,16,Science (PCB),<2 LPA,0,81.8,79.6,0,1,0.84,81.0,75.7,0,0,Maharashtra,MH,82.3,75.9,32.3,11.2,Pune,3.9,0,39.1,21.0,0.0997,1
HSC_2026_0695,HIGHER_SECONDARY,Female,17,Science (PCB),<2 LPA,0,62.6,80.1,0,1,0.86,36.1,72.1,0,2,Maharashtra,MH,82.3,75.9,32.3,11.2,Gadchiroli,28.5,1,89.0,28.9,0.5067,0
HSC_2026_0696,HIGHER_SECONDARY,Female,16,Vocational / ITI,5-10 LPA,0,52.1,100.0,0,1,0.45,37.9,83.5,1,5,Uttar Pradesh,UP,67.7,57.2,23.2,16.8,Lucknow,8.5,0,33.8,24.1,0.3637,0
HSC_2026_0697,HIGHER_SECONDARY,Male,17,Science (PCM),<2 LPA,0,81.6,68.8,1,0,0.79,58.4,67.9,0,5,Bihar,BR,61.8,51.5,14.5,21.4,Katihar,48.7,1,91.1,44.3,0.7157,1
HSC_2026_0698,HIGHER_SECONDARY,Male,16,Arts / Humanities,2-5 LPA,0,98.0,76.3,0,1,0.3,83.4,75.2,0,4,Gujarat,GJ,78.0,69.7,21.3,17.9,Ahmedabad,3.8,0,15.9,20.2,0.0955,0
HSC_2026_0699,HIGHER_SECONDARY,Female,17,Arts / Humanities,<2 LPA,0,74.6,54.1,1,0,0.29,34.7,49.8,0,2,Bihar,BR,61.8,51.5,14.5,21.4,Purnia,50.4,1,89.2,42.1,0.8603,1
HSC_2026_0700,HIGHER_SECONDARY,Male,17,Science (PCB),<2 LPA,0,95.9,60.3,1,1,0.37,68.9,39.3,0,6,Maharashtra,MH,82.3,75.9,32.3,11.2,Mumbai,2.1,0,0.0,19.5,0.2952,0
HSC_2026_0701,HIGHER_SECONDARY,Female,16,Vocational / ITI,<2 LPA,1,70.2,68.2,1,1,0.49,54.4,71.2,1,8,Bihar,BR,61.8,51.5,14.5,21.4,Katihar,48.7,1,91.1,44.3,0.7244,1
HSC_2026_0702,HIGHER_SECONDARY,Female,18,Arts / Humanities,5-10 LPA,1,72.7,74.6,1,1,0.28,50.7,76.9,0,3,Gujarat,GJ,78.0,69.7,21.3,17.9,Dahod,40.5,1,88.0,38.1,0.38,0
HSC_2026_0703,HIGHER_SECONDARY,Female,18,Commerce,2-5 LPA,0,48.1,70.0,1,1,0.59,15.0,74.2,0,3,Madhya Pradesh,MP,69.3,59.2,24.8,18.5,Indore,6.8,0,25.9,21.8,0.6869,1
HSC_2026_0704,HIGHER_SECONDARY,Female,16,Arts / Humanities,<2 LPA,0,84.8,80.6,0,1,0.78,76.1,81.6,0,3,Tamil Nadu,TN,80.1,73.4,51.4,8.1,Coimbatore,2.1,0,24.2,18.9,0.1307,0
HSC_2026_0705,HIGHER_SECONDARY,Female,17,Commerce,<2 LPA,1,52.1,62.3,1,0,0.91,42.0,63.9,0,6,Bihar,BR,61.8,51.5,14.5,21.4,Patna,18.2,0,56.4,28.5,0.8198,1
HSC_2026_0706,HIGHER_SECONDARY,Male,17,Science (PCM),2-5 LPA,0,92.9,89.1,0,1,0.7,84.9,90.7,0,4,Haryana,HR,75.6,65.9,29.8,12.5,Gurugram,2.5,0,31.2,20.5,0.0733,0
HSC_2026_0707,HIGHER_SECONDARY,Male,16,Commerce,2-5 LPA,0,87.1,67.3,1,1,0.69,58.3,59.1,0,1,Bihar,BR,61.8,51.5,14.5,21.4,Katihar,48.7,1,91.1,44.3,0.4471,0
HSC_2026_0708,HIGHER_SECONDARY,Male,17,Commerce,2-5 LPA,0,84.7,78.0,0,1,0.83,58.6,66.2,0,1,Tamil Nadu,TN,80.1,73.4,51.4,8.1,Chennai,1.2,0,0.0,17.5,0.2212,0
HSC_2026_0709,HIGHER_SECONDARY,Male,18,Commerce,<2 LPA,1,94.2,74.5,1,1,0.49,78.5,66.6,1,4,Kerala,KL,94.0,92.1,43.2,3.2,Ernakulam,0.6,0,31.9,14.8,0.2233,0
HSC_2026_0710,HIGHER_SECONDARY,Male,17,Vocational / ITI,2-5 LPA,1,76.1,76.4,0,1,0.44,67.9,74.1,0,2,Kerala,KL,94.0,92.1,43.2,3.2,Thiruvananthapuram,0.9,0,46.2,15.2,0.146,1
HSC_2026_0711,HIGHER_SECONDARY,Female,16,Science (PCB),<2 LPA,0,92.8,20.0,1,0,0.57,60.1,20.1,0,3,Maharashtra,MH,82.3,75.9,32.3,11.2,Pune,3.9,0,39.1,21.0,0.8596,1
HSC_2026_0712,HIGHER_SECONDARY,Female,16,Science (PCM),<2 LPA,1,80.6,67.8,1,0,0.61,58.9,62.1,0,7,Gujarat,GJ,78.0,69.7,21.3,17.9,Narmada,32.4,1,89.5,30.5,0.6736,1
HSC_2026_0713,HIGHER_SECONDARY,Male,17,Arts / Humanities,2-5 LPA,0,76.5,73.8,1,1,0.92,44.7,73.0,0,2,Rajasthan,RJ,66.1,52.1,26.0,17.2,Jaisalmer,31.8,1,86.7,33.2,0.5109,1
HSC_2026_0714,HIGHER_SECONDARY,Male,18,Vocational / ITI,<2 LPA,0,80.5,68.3,1,1,0.68,63.9,53.9,1,4,Maharashtra,MH,82.3,75.9,32.3,11.2,Gadchiroli,28.5,1,89.0,28.9,0.5289,0
HSC_2026_0715,HIGHER_SECONDARY,Female,16,Commerce,<2 LPA,1,54.8,66.6,1,1,0.48,43.2,75.5,1,1,Madhya Pradesh,MP,69.3,59.2,24.8,18.5,Indore,6.8,0,25.9,21.8,0.5644,1
HSC_2026_0716,HIGHER_SECONDARY,Female,17,Arts / Humanities,5-10 LPA,1,80.3,48.8,1,0,0.41,49.0,42.3,0,6,Rajasthan,RJ,66.1,52.1,26.0,17.2,Jaisalmer,31.8,1,86.7,33.2,0.8356,1
HSC_2026_0717,HIGHER_SECONDARY,Female,17,Arts / Humanities,<2 LPA,1,96.5,79.9,0,1,0.85,59.5,79.9,0,2,Gujarat,GJ,78.0,69.7,21.3,17.9,Narmada,32.4,1,89.5,30.5,0.3101,0
HSC_2026_0718,HIGHER_SECONDARY,Male,18,Arts / Humanities,2-5 LPA,1,80.8,62.6,1,1,0.77,79.7,70.8,0,0,Kerala,KL,94.0,92.1,43.2,3.2,Wayanad,4.1,1,96.1,18.0,0.179,0
HSC_2026_0719,HIGHER_SECONDARY,Female,16,Science (PCB),2-5 LPA,1,64.6,83.5,0,1,0.47,54.6,73.4,0,0,Kerala,KL,94.0,92.1,43.2,3.2,Ernakulam,0.6,0,31.9,14.8,0.1564,0
HSC_2026_0720,HIGHER_SECONDARY,Male,17,Vocational / ITI,2-5 LPA,0,57.9,88.2,0,1,0.77,53.6,85.4,0,4,Karnataka,KA,75.4,68.1,36.2,12.0,Raichur,36.8,1,74.6,34.0,0.323,0
HSC_2026_0721,HIGHER_SECONDARY,Female,17,Science (PCM),5-10 LPA,1,78.8,65.8,1,1,0.52,58.1,64.5,0,5,Bihar,BR,61.8,51.5,14.5,21.4,Katihar,48.7,1,91.1,44.3,0.5141,1
HSC_2026_0722,HIGHER_SECONDARY,Female,16,Vocational / ITI,<2 LPA,0,74.2,67.3,1,1,0.9,51.6,74.9,0,0,Gujarat,GJ,78.0,69.7,21.3,17.9,Dahod,40.5,1,88.0,38.1,0.4992,0
HSC_2026_0723,HIGHER_SECONDARY,Male,18,Arts / Humanities,>10 LPA,0,64.7,64.6,1,1,0.51,42.2,72.6,1,2,Rajasthan,RJ,66.1,52.1,26.0,17.2,Kota,8.2,0,39.7,21.0,0.6223,1
HSC_2026_0724,HIGHER_SECONDARY,Male,16,Science (PCM),2-5 LPA,1,81.9,93.7,0,1,0.64,57.9,87.9,0,0,Rajasthan,RJ,66.1,52.1,26.0,17.2,Kota,8.2,0,39.7,21.0,0.1217,0
HSC_2026_0725,HIGHER_SECONDARY,Female,18,Science (PCB),5-10 LPA,1,69.6,94.8,0,1,0.16,59.1,83.2,0,0,Gujarat,GJ,78.0,69.7,21.3,17.9,Narmada,32.4,1,89.5,30.5,0.1128,0
HSC_2026_0726,HIGHER_SECONDARY,Female,18,Arts / Humanities,2-5 LPA,0,63.7,73.1,1,1,0.66,61.1,71.6,0,0,Tamil Nadu,TN,80.1,73.4,51.4,8.1,Ramanathapuram,7.8,1,69.7,22.1,0.2207,0
HSC_2026_0727,HIGHER_SECONDARY,Male,17,Commerce,<2 LPA,1,72.9,84.9,0,1,0.76,45.8,75.8,1,1,Maharashtra,MH,82.3,75.9,32.3,11.2,Nandurbar,33.1,1,83.3,32.4,0.508,0
HSC_2026_0728,HIGHER_SECONDARY,Male,16,Science (PCB),2-5 LPA,0,77.9,63.8,1,0,0.45,27.6,75.0,0,5,Uttar Pradesh,UP,67.7,57.2,23.2,16.8,Shravasti,49.6,1,96.5,48.2,0.8863,1
HSC_2026_0729,HIGHER_SECONDARY,Male,16,Arts / Humanities,2-5 LPA,1,73.8,55.7,1,1,0.66,55.6,55.8,0,2,Tamil Nadu,TN,80.1,73.4,51.4,8.1,Chennai,1.2,0,0.0,17.5,0.4265,0
HSC_2026_0730,HIGHER_SECONDARY,Male,17,Vocational / ITI,2-5 LPA,1,74.4,79.3,0,1,0.96,41.3,80.0,0,1,Karnataka,KA,75.4,68.1,36.2,12.0,Bengaluru Urban,1.8,0,9.1,18.2,0.3667,0
HSC_2026_0731,HIGHER_SECONDARY,Female,16,Commerce,<2 LPA,0,70.6,33.4,1,0,0.82,39.0,45.5,0,6,Gujarat,GJ,78.0,69.7,21.3,17.9,Narmada,32.4,1,89.5,30.5,0.9493,1
HSC_2026_0732,HIGHER_SECONDARY,Male,17,Arts / Humanities,<2 LPA,0,58.1,69.3,1,1,0.61,50.6,61.4,0,4,Karnataka,KA,75.4,68.1,36.2,12.0,Bengaluru Urban,1.8,0,9.1,18.2,0.3731,0
HSC_2026_0733,HIGHER_SECONDARY,Female,17,Commerce,<2 LPA,1,70.2,47.5,1,0,0.83,45.7,32.5,0,4,Tamil Nadu,TN,80.1,73.4,51.4,8.1,Ramanathapuram,7.8,1,69.7,22.1,0.8314,1
HSC_2026_0734,HIGHER_SECONDARY,Male,16,Science (PCB),2-5 LPA,0,53.6,76.2,0,1,0.91,35.1,80.0,0,0,Maharashtra,MH,82.3,75.9,32.3,11.2,Nandurbar,33.1,1,83.3,32.4,0.5418,1
HSC_2026_0735,HIGHER_SECONDARY,Male,18,Science (PCB),5-10 LPA,0,60.2,63.3,1,0,0.32,40.4,75.8,0,5,Uttar Pradesh,UP,67.7,57.2,23.2,16.8,Lucknow,8.5,0,33.8,24.1,0.7048,1
HSC_2026_0736,HIGHER_SECONDARY,Female,17,Science (PCB),2-5 LPA,0,66.4,95.1,0,1,0.74,47.9,100.0,0,3,Bihar,BR,61.8,51.5,14.5,21.4,Katihar,48.7,1,91.1,44.3,0.326,0
HSC_2026_0737,HIGHER_SECONDARY,Female,17,Science (PCM),2-5 LPA,1,79.1,78.8,0,0,0.78,41.1,76.5,0,6,Madhya Pradesh,MP,69.3,59.2,24.8,18.5,Alirajpur,52.0,1,92.2,39.5,0.7873,1
HSC_2026_0738,HIGHER_SECONDARY,Female,17,Vocational / ITI,5-10 LPA,1,59.9,77.5,0,1,0.31,53.9,58.6,0,0,Tamil Nadu,TN,80.1,73.4,51.4,8.1,Ramanathapuram,7.8,1,69.7,22.1,0.1927,0
HSC_2026_0739,HIGHER_SECONDARY,Male,16,Science (PCM),<2 LPA,0,66.0,73.9,1,0,0.9,33.3,74.3,0,5,Madhya Pradesh,MP,69.3,59.2,24.8,18.5,Alirajpur,52.0,1,92.2,39.5,0.858,1
HSC_2026_0740,HIGHER_SECONDARY,Male,16,Commerce,5-10 LPA,0,78.3,87.0,0,1,0.33,56.5,91.3,0,1,Kerala,KL,94.0,92.1,43.2,3.2,Thiruvananthapuram,0.9,0,46.2,15.2,0.1283,0
HSC_2026_0741,HIGHER_SECONDARY,Male,16,Commerce,<2 LPA,1,85.2,83.6,0,0,0.75,68.2,96.3,1,2,Maharashtra,MH,82.3,75.9,32.3,11.2,Gadchiroli,28.5,1,89.0,28.9,0.5091,1
HSC_2026_0742,HIGHER_SECONDARY,Female,17,Commerce,<2 LPA,0,88.8,62.0,1,1,0.75,70.4,57.9,0,2,Gujarat,GJ,78.0,69.7,21.3,17.9,Narmada,32.4,1,89.5,30.5,0.3597,0
HSC_2026_0743,HIGHER_SECONDARY,Female,16,Arts / Humanities,2-5 LPA,0,54.6,91.6,0,1,0.78,59.2,100.0,0,3,Karnataka,KA,75.4,68.1,36.2,12.0,Bengaluru Urban,1.8,0,9.1,18.2,0.1556,0
HSC_2026_0744,HIGHER_SECONDARY,Male,17,Science (PCM),2-5 LPA,0,66.0,51.8,1,0,0.72,36.0,40.0,0,4,Uttar Pradesh,UP,67.7,57.2,23.2,16.8,Noida / Gautam Buddha Nagar,7.1,0,40.9,22.0,0.8454,1
HSC_2026_0745,HIGHER_SECONDARY,Female,16,Science (PCM),<2 LPA,0,84.4,63.6,1,1,0.53,66.5,71.9,0,3,Gujarat,GJ,78.0,69.7,21.3,17.9,Narmada,32.4,1,89.5,30.5,0.3595,0
HSC_2026_0746,HIGHER_SECONDARY,Female,17,Science (PCB),<2 LPA,1,53.8,62.5,1,1,0.63,44.1,69.1,1,2,Gujarat,GJ,78.0,69.7,21.3,17.9,Narmada,32.4,1,89.5,30.5,0.7244,1
HSC_2026_0747,HIGHER_SECONDARY,Male,17,Science (PCM),5-10 LPA,1,58.9,58.6,1,1,0.35,51.5,65.1,0,2,Uttar Pradesh,UP,67.7,57.2,23.2,16.8,Bahraich,54.4,1,92.1,46.5,0.576,1
HSC_2026_0748,HIGHER_SECONDARY,Male,17,Science (PCB),5-10 LPA,0,78.0,72.9,1,1,0.33,46.2,70.8,0,0,Karnataka,KA,75.4,68.1,36.2,12.0,Raichur,36.8,1,74.6,34.0,0.377,0
HSC_2026_0749,HIGHER_SECONDARY,Male,16,Science (PCM),<2 LPA,0,68.7,73.9,1,0,0.37,43.1,79.1,0,3,Bihar,BR,61.8,51.5,14.5,21.4,Purnia,50.4,1,89.2,42.1,0.701,1
HSC_2026_0750,HIGHER_SECONDARY,Female,18,Commerce,<2 LPA,0,76.9,81.5,0,1,0.92,76.8,72.2,0,3,Madhya Pradesh,MP,69.3,59.2,24.8,18.5,Alirajpur,52.0,1,92.2,39.5,0.2499,0
HSC_2026_0751,HIGHER_SECONDARY,Male,18,Arts / Humanities,2-5 LPA,1,94.5,89.2,0,1,0.62,63.6,90.7,0,7,Rajasthan,RJ,66.1,52.1,26.0,17.2,Jaisalmer,31.8,1,86.7,33.2,0.2474,0
HSC_2026_0752,HIGHER_SECONDARY,Male,18,Arts / Humanities,2-5 LPA,1,85.7,57.8,1,1,0.96,76.6,50.7,0,1,Haryana,HR,75.6,65.9,29.8,12.5,Gurugram,2.5,0,31.2,20.5,0.2662,0
HSC_2026_0753,HIGHER_SECONDARY,Male,18,Science (PCB),2-5 LPA,1,77.3,95.9,0,1,0.74,60.0,93.1,0,2,Haryana,HR,75.6,65.9,29.8,12.5,Gurugram,2.5,0,31.2,20.5,0.1201,0
HSC_2026_0754,HIGHER_SECONDARY,Male,16,Science (PCB),>10 LPA,0,65.9,94.1,0,1,0.63,59.8,100.0,0,2,Kerala,KL,94.0,92.1,43.2,3.2,Ernakulam,0.6,0,31.9,14.8,0.117,0
HSC_2026_0755,HIGHER_SECONDARY,Female,16,Arts / Humanities,2-5 LPA,0,88.5,50.9,1,1,0.75,63.7,52.6,0,2,Tamil Nadu,TN,80.1,73.4,51.4,8.1,Chennai,1.2,0,0.0,17.5,0.4154,0
HSC_2026_0756,HIGHER_SECONDARY,Female,16,Science (PCM),2-5 LPA,1,61.1,64.0,1,1,0.51,60.2,67.3,0,3,Madhya Pradesh,MP,69.3,59.2,24.8,18.5,Barwani,46.1,1,85.5,37.1,0.4588,1
HSC_2026_0757,HIGHER_SECONDARY,Female,18,Science (PCM),<2 LPA,1,82.8,70.1,1,1,0.85,67.5,64.7,0,1,Bihar,BR,61.8,51.5,14.5,21.4,Muzaffarpur,35.1,1,90.3,38.0,0.3198,1
HSC_2026_0758,HIGHER_SECONDARY,Male,18,Commerce,>10 LPA,1,78.1,89.6,0,1,0.18,65.8,95.3,0,5,Tamil Nadu,TN,80.1,73.4,51.4,8.1,Coimbatore,2.1,0,24.2,18.9,0.1048,1
HSC_2026_0759,HIGHER_SECONDARY,Male,17,Arts / Humanities,2-5 LPA,1,75.8,71.0,1,1,0.8,45.0,68.6,0,2,Maharashtra,MH,82.3,75.9,32.3,11.2,Gadchiroli,28.5,1,89.0,28.9,0.5025,1
HSC_2026_0760,HIGHER_SECONDARY,Male,18,Science (PCM),<2 LPA,1,64.6,93.8,0,1,0.79,40.3,100.0,0,2,Kerala,KL,94.0,92.1,43.2,3.2,Wayanad,4.1,1,96.1,18.0,0.2501,0
HSC_2026_0761,HIGHER_SECONDARY,Female,16,Science (PCM),5-10 LPA,1,47.1,76.0,0,0,0.42,15.0,59.2,0,1,Bihar,BR,61.8,51.5,14.5,21.4,Katihar,48.7,1,91.1,44.3,0.844,1
HSC_2026_0762,HIGHER_SECONDARY,Male,18,Science (PCB),2-5 LPA,1,58.8,65.7,1,1,0.73,59.9,48.0,0,2,Kerala,KL,94.0,92.1,43.2,3.2,Wayanad,4.1,1,96.1,18.0,0.3168,0
HSC_2026_0763,HIGHER_SECONDARY,Female,17,Commerce,<2 LPA,1,78.5,55.7,1,0,0.89,38.7,56.2,0,8,Rajasthan,RJ,66.1,52.1,26.0,17.2,Kota,8.2,0,39.7,21.0,0.8697,0
HSC_2026_0764,HIGHER_SECONDARY,Male,18,Science (PCM),2-5 LPA,1,87.5,74.4,1,1,0.57,79.1,71.1,1,4,Karnataka,KA,75.4,68.1,36.2,12.0,Bengaluru Urban,1.8,0,9.1,18.2,0.2341,0
HSC_2026_0765,HIGHER_SECONDARY,Male,16,Arts / Humanities,5-10 LPA,0,90.4,55.3,1,1,0.05,69.7,48.3,0,0,Uttar Pradesh,UP,67.7,57.2,23.2,16.8,Balrampur,47.9,1,92.3,45.0,0.3238,0
HSC_2026_0766,HIGHER_SECONDARY,Male,18,Science (PCM),2-5 LPA,1,85.6,60.3,1,1,0.87,65.9,52.5,0,2,Maharashtra,MH,82.3,75.9,32.3,11.2,Gadchiroli,28.5,1,89.0,28.9,0.4241,0
HSC_2026_0767,HIGHER_SECONDARY,Male,18,Science (PCB),<2 LPA,1,66.1,87.5,0,1,0.59,54.5,77.3,0,4,Kerala,KL,94.0,92.1,43.2,3.2,Wayanad,4.1,1,96.1,18.0,0.2011,0
HSC_2026_0768,HIGHER_SECONDARY,Male,18,Arts / Humanities,2-5 LPA,1,81.4,74.7,1,0,0.79,60.1,84.5,0,8,Madhya Pradesh,MP,69.3,59.2,24.8,18.5,Barwani,46.1,1,85.5,37.1,0.6941,1
HSC_2026_0769,HIGHER_SECONDARY,Female,18,Vocational / ITI,<2 LPA,1,70.3,35.6,1,0,0.48,23.1,32.8,0,5,Uttar Pradesh,UP,67.7,57.2,23.2,16.8,Shravasti,49.6,1,96.5,48.2,0.9668,1
HSC_2026_0770,HIGHER_SECONDARY,Female,18,Arts / Humanities,2-5 LPA,1,72.0,60.5,1,1,0.26,38.7,45.9,0,2,Gujarat,GJ,78.0,69.7,21.3,17.9,Dahod,40.5,1,88.0,38.1,0.6085,0
HSC_2026_0771,HIGHER_SECONDARY,Female,18,Vocational / ITI,<2 LPA,0,73.3,65.5,1,1,0.76,59.0,65.5,0,4,Tamil Nadu,TN,80.1,73.4,51.4,8.1,Chennai,1.2,0,0.0,17.5,0.359,0
HSC_2026_0772,HIGHER_SECONDARY,Female,17,Science (PCB),<2 LPA,0,81.4,81.4,0,1,0.74,60.4,83.6,0,1,Maharashtra,MH,82.3,75.9,32.3,11.2,Nandurbar,33.1,1,83.3,32.4,0.2589,0
HSC_2026_0773,HIGHER_SECONDARY,Male,18,Arts / Humanities,<2 LPA,0,98.0,66.7,1,1,0.59,71.4,62.2,0,1,Gujarat,GJ,78.0,69.7,21.3,17.9,Narmada,32.4,1,89.5,30.5,0.268,0
HSC_2026_0774,HIGHER_SECONDARY,Male,17,Science (PCB),2-5 LPA,0,55.5,68.6,1,1,0.84,47.9,74.6,1,4,Uttar Pradesh,UP,67.7,57.2,23.2,16.8,Lucknow,8.5,0,33.8,24.1,0.6304,1
HSC_2026_0775,HIGHER_SECONDARY,Male,17,Arts / Humanities,2-5 LPA,1,77.2,51.5,1,1,0.24,54.1,53.8,0,1,Haryana,HR,75.6,65.9,29.8,12.5,Gurugram,2.5,0,31.2,20.5,0.3888,0
HSC_2026_0776,HIGHER_SECONDARY,Female,16,Science (PCM),2-5 LPA,0,54.6,64.0,1,0,0.59,31.9,54.3,0,6,Maharashtra,MH,82.3,75.9,32.3,11.2,Nandurbar,33.1,1,83.3,32.4,0.8595,1
HSC_2026_0777,HIGHER_SECONDARY,Female,16,Science (PCB),5-10 LPA,1,91.0,42.5,1,0,0.23,65.2,47.1,0,4,Gujarat,GJ,78.0,69.7,21.3,17.9,Narmada,32.4,1,89.5,30.5,0.726,1
HSC_2026_0778,HIGHER_SECONDARY,Male,16,Vocational / ITI,2-5 LPA,0,86.4,79.8,0,1,0.83,56.1,79.1,1,4,Kerala,KL,94.0,92.1,43.2,3.2,Wayanad,4.1,1,96.1,18.0,0.4248,0
HSC_2026_0779,HIGHER_SECONDARY,Female,17,Science (PCB),>10 LPA,0,84.1,65.8,1,1,0.1,53.5,63.4,0,2,Maharashtra,MH,82.3,75.9,32.3,11.2,Nandurbar,33.1,1,83.3,32.4,0.3618,0
HSC_2026_0780,HIGHER_SECONDARY,Male,17,Arts / Humanities,2-5 LPA,1,73.3,75.6,0,1,0.8,68.5,71.0,0,1,Tamil Nadu,TN,80.1,73.4,51.4,8.1,Chennai,1.2,0,0.0,17.5,0.1741,0
HSC_2026_0781,HIGHER_SECONDARY,Female,16,Science (PCB),<2 LPA,0,91.2,66.0,1,0,0.69,51.4,71.4,0,6,Rajasthan,RJ,66.1,52.1,26.0,17.2,Jaipur,6.9,0,47.6,22.5,0.6629,1
HSC_2026_0782,HIGHER_SECONDARY,Female,18,Science (PCB),<2 LPA,0,86.2,67.3,1,1,0.71,69.8,63.3,1,3,Tamil Nadu,TN,80.1,73.4,51.4,8.1,Ramanathapuram,7.8,1,69.7,22.1,0.3915,0
HSC_2026_0783,HIGHER_SECONDARY,Female,16,Science (PCB),5-10 LPA,0,59.4,76.7,0,1,0.18,49.7,78.4,0,1,Madhya Pradesh,MP,69.3,59.2,24.8,18.5,Alirajpur,52.0,1,92.2,39.5,0.3565,0
HSC_2026_0784,HIGHER_SECONDARY,Male,18,Commerce,2-5 LPA,0,85.5,90.6,0,1,0.44,61.5,79.6,0,1,Tamil Nadu,TN,80.1,73.4,51.4,8.1,Ramanathapuram,7.8,1,69.7,22.1,0.1131,0
HSC_2026_0785,HIGHER_SECONDARY,Female,18,Arts / Humanities,<2 LPA,0,91.3,60.4,1,0,0.52,69.4,59.9,1,4,Haryana,HR,75.6,65.9,29.8,12.5,Gurugram,2.5,0,31.2,20.5,0.6265,1
HSC_2026_0786,HIGHER_SECONDARY,Female,16,Arts / Humanities,5-10 LPA,0,84.5,87.3,0,1,0.45,84.0,89.2,1,3,Maharashtra,MH,82.3,75.9,32.3,11.2,Mumbai,2.1,0,0.0,19.5,0.1134,0
HSC_2026_0787,HIGHER_SECONDARY,Female,16,Science (PCB),<2 LPA,0,87.7,59.5,1,0,0.8,64.3,56.3,0,5,Madhya Pradesh,MP,69.3,59.2,24.8,18.5,Alirajpur,52.0,1,92.2,39.5,0.7559,1
HSC_2026_0788,HIGHER_SECONDARY,Male,18,Science (PCM),2-5 LPA,1,69.6,63.9,1,0,0.58,65.4,58.8,1,5,Tamil Nadu,TN,80.1,73.4,51.4,8.1,Ramanathapuram,7.8,1,69.7,22.1,0.6759,1
HSC_2026_0789,HIGHER_SECONDARY,Female,16,Arts / Humanities,2-5 LPA,1,48.3,74.0,1,1,0.48,42.3,74.5,0,3,Madhya Pradesh,MP,69.3,59.2,24.8,18.5,Bhopal,9.4,0,19.1,23.4,0.3882,0
HSC_2026_0790,HIGHER_SECONDARY,Male,16,Commerce,2-5 LPA,1,75.9,77.7,0,1,0.78,59.7,68.4,0,3,Tamil Nadu,TN,80.1,73.4,51.4,8.1,Ramanathapuram,7.8,1,69.7,22.1,0.2568,1
HSC_2026_0791,HIGHER_SECONDARY,Male,18,Commerce,2-5 LPA,0,70.5,75.3,0,1,0.8,56.6,73.8,0,0,Rajasthan,RJ,66.1,52.1,26.0,17.2,Barmer,34.2,1,93.0,35.8,0.3361,0
HSC_2026_0792,HIGHER_SECONDARY,Female,17,Science (PCB),<2 LPA,1,65.8,90.1,0,1,0.71,42.1,91.2,0,0,Maharashtra,MH,82.3,75.9,32.3,11.2,Pune,3.9,0,39.1,21.0,0.2236,0
HSC_2026_0793,HIGHER_SECONDARY,Male,18,Commerce,2-5 LPA,0,69.3,73.8,1,0,0.55,36.8,63.9,0,8,Rajasthan,RJ,66.1,52.1,26.0,17.2,Barmer,34.2,1,93.0,35.8,0.7993,1
HSC_2026_0794,HIGHER_SECONDARY,Female,17,Vocational / ITI,2-5 LPA,1,69.1,57.4,1,1,0.39,50.0,71.0,1,1,Madhya Pradesh,MP,69.3,59.2,24.8,18.5,Barwani,46.1,1,85.5,37.1,0.7088,1
HSC_2026_0795,HIGHER_SECONDARY,Female,17,Science (PCM),5-10 LPA,1,53.4,78.4,0,1,0.67,39.9,76.8,0,3,Haryana,HR,75.6,65.9,29.8,12.5,Nuh / Mewat,44.8,1,88.6,47.0,0.5332,1
HSC_2026_0796,HIGHER_SECONDARY,Female,18,Arts / Humanities,<2 LPA,1,80.1,85.9,0,1,0.72,63.7,76.6,1,5,Karnataka,KA,75.4,68.1,36.2,12.0,Raichur,36.8,1,74.6,34.0,0.4145,1
HSC_2026_0797,HIGHER_SECONDARY,Female,18,Vocational / ITI,2-5 LPA,1,53.7,64.0,1,1,0.76,15.0,61.2,1,3,Karnataka,KA,75.4,68.1,36.2,12.0,Yadgir,39.4,1,81.2,36.5,0.9084,0
HSC_2026_0798,HIGHER_SECONDARY,Male,18,Science (PCM),2-5 LPA,0,79.5,51.9,1,1,0.81,82.9,50.1,0,7,Tamil Nadu,TN,80.1,73.4,51.4,8.1,Ramanathapuram,7.8,1,69.7,22.1,0.3595,0
HSC_2026_0799,HIGHER_SECONDARY,Male,17,Science (PCM),<2 LPA,1,77.0,48.6,1,0,0.82,31.4,48.1,1,7,Gujarat,GJ,78.0,69.7,21.3,17.9,Dahod,40.5,1,88.0,38.1,0.9696,1
HSC_2026_0800,HIGHER_SECONDARY,Male,17,Commerce,2-5 LPA,1,80.9,71.8,1,1,0.61,59.3,56.9,0,2,Uttar Pradesh,UP,67.7,57.2,23.2,16.8,Noida / Gautam Buddha Nagar,7.1,0,40.9,22.0,0.2624,0
HSC_2026_0801,HIGHER_SECONDARY,Male,18,Arts / Humanities,<2 LPA,0,72.5,89.8,0,1,0.8,61.0,87.3,0,1,Madhya Pradesh,MP,69.3,59.2,24.8,18.5,Bhopal,9.4,0,19.1,23.4,0.1523,0
HSC_2026_0802,HIGHER_SECONDARY,Male,16,Vocational / ITI,5-10 LPA,1,74.1,78.9,0,1,0.27,64.8,86.2,0,2,Karnataka,KA,75.4,68.1,36.2,12.0,Raichur,36.8,1,74.6,34.0,0.208,0
HSC_2026_0803,HIGHER_SECONDARY,Female,17,Vocational / ITI,>10 LPA,0,84.4,80.4,0,1,0.44,84.3,81.1,1,2,Kerala,KL,94.0,92.1,43.2,3.2,Wayanad,4.1,1,96.1,18.0,0.1361,0
HSC_2026_0804,HIGHER_SECONDARY,Male,16,Commerce,2-5 LPA,0,83.0,92.2,0,1,0.74,74.8,100.0,0,5,Madhya Pradesh,MP,69.3,59.2,24.8,18.5,Barwani,46.1,1,85.5,37.1,0.1801,0
HSC_2026_0805,HIGHER_SECONDARY,Female,17,Science (PCB),5-10 LPA,0,48.0,64.5,1,0,0.34,23.9,67.3,0,6,Madhya Pradesh,MP,69.3,59.2,24.8,18.5,Indore,6.8,0,25.9,21.8,0.8209,1
HSC_2026_0806,HIGHER_SECONDARY,Male,16,Arts / Humanities,<2 LPA,1,77.9,63.7,1,1,0.79,61.6,56.4,1,2,Gujarat,GJ,78.0,69.7,21.3,17.9,Narmada,32.4,1,89.5,30.5,0.5916,0
HSC_2026_0807,HIGHER_SECONDARY,Female,16,Commerce,2-5 LPA,0,64.6,58.9,1,0,0.68,37.6,52.0,0,10,Gujarat,GJ,78.0,69.7,21.3,17.9,Dahod,40.5,1,88.0,38.1,0.9095,1
HSC_2026_0808,HIGHER_SECONDARY,Male,18,Science (PCM),2-5 LPA,1,60.4,72.3,1,1,0.42,19.5,59.2,0,1,Uttar Pradesh,UP,67.7,57.2,23.2,16.8,Shravasti,49.6,1,96.5,48.2,0.7059,1
HSC_2026_0809,HIGHER_SECONDARY,Female,16,Science (PCM),2-5 LPA,0,65.5,63.0,1,1,0.69,49.4,52.1,0,0,Kerala,KL,94.0,92.1,43.2,3.2,Thiruvananthapuram,0.9,0,46.2,15.2,0.3779,0
HSC_2026_0810,HIGHER_SECONDARY,Female,18,Arts / Humanities,<2 LPA,0,80.9,72.3,1,1,0.32,58.8,75.4,1,2,Kerala,KL,94.0,92.1,43.2,3.2,Ernakulam,0.6,0,31.9,14.8,0.3324,0
HSC_2026_0811,HIGHER_SECONDARY,Male,18,Science (PCB),2-5 LPA,0,66.6,85.5,0,1,0.69,45.1,75.6,0,3,Karnataka,KA,75.4,68.1,36.2,12.0,Bengaluru Urban,1.8,0,9.1,18.2,0.2734,0
HSC_2026_0812,HIGHER_SECONDARY,Female,17,Science (PCM),2-5 LPA,0,73.6,77.8,0,0,0.84,54.7,73.8,0,6,Uttar Pradesh,UP,67.7,57.2,23.2,16.8,Shravasti,49.6,1,96.5,48.2,0.6975,1
HSC_2026_0813,HIGHER_SECONDARY,Male,18,Commerce,2-5 LPA,1,76.4,43.4,1,0,0.64,34.8,32.7,0,6,Kerala,KL,94.0,92.1,43.2,3.2,Wayanad,4.1,1,96.1,18.0,0.8939,1
HSC_2026_0814,HIGHER_SECONDARY,Female,17,Science (PCM),>10 LPA,0,63.4,58.8,1,1,0.43,52.5,57.0,0,3,Gujarat,GJ,78.0,69.7,21.3,17.9,Dahod,40.5,1,88.0,38.1,0.5493,1
HSC_2026_0815,HIGHER_SECONDARY,Male,17,Commerce,<2 LPA,1,74.4,91.2,0,1,0.87,45.9,90.5,1,2,Maharashtra,MH,82.3,75.9,32.3,11.2,Pune,3.9,0,39.1,21.0,0.3765,0
HSC_2026_0816,HIGHER_SECONDARY,Female,18,Science (PCB),2-5 LPA,1,71.8,64.8,1,1,0.82,48.5,61.6,0,2,Karnataka,KA,75.4,68.1,36.2,12.0,Raichur,36.8,1,74.6,34.0,0.5651,1
HSC_2026_0817,HIGHER_SECONDARY,Male,18,Arts / Humanities,2-5 LPA,0,73.7,100.0,0,1,0.8,47.9,94.9,0,2,Tamil Nadu,TN,80.1,73.4,51.4,8.1,Coimbatore,2.1,0,24.2,18.9,0.16,0
HSC_2026_0818,HIGHER_SECONDARY,Male,18,Arts / Humanities,5-10 LPA,1,63.2,95.0,0,1,0.52,41.0,87.9,0,2,Tamil Nadu,TN,80.1,73.4,51.4,8.1,Coimbatore,2.1,0,24.2,18.9,0.1972,0
HSC_2026_0819,HIGHER_SECONDARY,Female,18,Commerce,<2 LPA,1,83.0,45.7,1,1,0.72,72.4,52.1,0,1,Bihar,BR,61.8,51.5,14.5,21.4,Purnia,50.4,1,89.2,42.1,0.5424,1
HSC_2026_0820,HIGHER_SECONDARY,Female,18,Science (PCM),2-5 LPA,0,78.4,87.1,0,1,0.9,61.0,75.7,0,5,Kerala,KL,94.0,92.1,43.2,3.2,Ernakulam,0.6,0,31.9,14.8,0.2064,0
HSC_2026_0821,HIGHER_SECONDARY,Male,18,Vocational / ITI,<2 LPA,0,63.4,67.1,1,1,0.66,44.7,72.6,0,3,Karnataka,KA,75.4,68.1,36.2,12.0,Yadgir,39.4,1,81.2,36.5,0.578,1
HSC_2026_0822,HIGHER_SECONDARY,Female,16,Science (PCB),2-5 LPA,1,55.0,93.4,0,1,0.49,56.8,85.9,0,1,Madhya Pradesh,MP,69.3,59.2,24.8,18.5,Indore,6.8,0,25.9,21.8,0.1221,0
HSC_2026_0823,HIGHER_SECONDARY,Male,18,Science (PCM),2-5 LPA,1,67.2,46.1,1,0,0.88,22.0,43.6,0,4,Haryana,HR,75.6,65.9,29.8,12.5,Nuh / Mewat,44.8,1,88.6,47.0,0.9586,1
HSC_2026_0824,HIGHER_SECONDARY,Male,17,Science (PCB),2-5 LPA,1,74.9,95.9,0,1,0.76,67.9,95.8,0,6,Rajasthan,RJ,66.1,52.1,26.0,17.2,Jaisalmer,31.8,1,86.7,33.2,0.1792,0
HSC_2026_0825,HIGHER_SECONDARY,Male,18,Vocational / ITI,2-5 LPA,0,64.0,96.6,0,1,0.65,65.1,95.0,0,1,Madhya Pradesh,MP,69.3,59.2,24.8,18.5,Alirajpur,52.0,1,92.2,39.5,0.1647,0
HSC_2026_0826,HIGHER_SECONDARY,Male,17,Science (PCB),<2 LPA,0,76.7,70.8,1,1,0.59,50.2,65.1,0,2,Tamil Nadu,TN,80.1,73.4,51.4,8.1,Ramanathapuram,7.8,1,69.7,22.1,0.3435,0
HSC_2026_0827,HIGHER_SECONDARY,Female,18,Science (PCM),<2 LPA,0,98.0,48.9,1,0,0.85,49.8,50.2,0,6,Kerala,KL,94.0,92.1,43.2,3.2,Thiruvananthapuram,0.9,0,46.2,15.2,0.8106,1
HSC_2026_0828,HIGHER_SECONDARY,Male,17,Science (PCM),2-5 LPA,1,64.2,86.3,0,1,0.63,54.5,80.5,0,3,Madhya Pradesh,MP,69.3,59.2,24.8,18.5,Bhopal,9.4,0,19.1,23.4,0.2139,1
HSC_2026_0829,HIGHER_SECONDARY,Female,17,Arts / Humanities,2-5 LPA,1,59.1,43.1,1,0,0.75,28.4,31.6,0,8,Karnataka,KA,75.4,68.1,36.2,12.0,Yadgir,39.4,1,81.2,36.5,0.9594,1
HSC_2026_0830,HIGHER_SECONDARY,Male,16,Arts / Humanities,<2 LPA,0,77.5,92.9,0,1,0.92,76.6,89.1,0,3,Haryana,HR,75.6,65.9,29.8,12.5,Gurugram,2.5,0,31.2,20.5,0.0917,0
HSC_2026_0831,HIGHER_SECONDARY,Female,16,Science (PCB),5-10 LPA,0,69.7,66.5,1,0,0.38,33.1,50.4,0,6,Maharashtra,MH,82.3,75.9,32.3,11.2,Pune,3.9,0,39.1,21.0,0.7457,1
HSC_2026_0832,HIGHER_SECONDARY,Female,17,Vocational / ITI,2-5 LPA,0,80.0,69.9,1,1,0.58,64.9,60.9,0,0,Tamil Nadu,TN,80.1,73.4,51.4,8.1,Ramanathapuram,7.8,1,69.7,22.1,0.2072,0
HSC_2026_0833,HIGHER_SECONDARY,Female,16,Science (PCB),2-5 LPA,1,84.2,48.8,1,0,0.76,27.7,46.9,0,6,Uttar Pradesh,UP,67.7,57.2,23.2,16.8,Bahraich,54.4,1,92.1,46.5,0.9538,1
HSC_2026_0834,HIGHER_SECONDARY,Female,17,Vocational / ITI,2-5 LPA,0,62.6,47.8,1,0,0.33,41.1,47.1,0,2,Kerala,KL,94.0,92.1,43.2,3.2,Ernakulam,0.6,0,31.9,14.8,0.7522,1
HSC_2026_0835,HIGHER_SECONDARY,Male,16,Vocational / ITI,>10 LPA,0,71.5,74.6,1,1,0.31,53.4,67.6,0,3,Gujarat,GJ,78.0,69.7,21.3,17.9,Narmada,32.4,1,89.5,30.5,0.3346,0
HSC_2026_0836,HIGHER_SECONDARY,Female,17,Science (PCB),2-5 LPA,1,71.4,80.3,0,1,0.78,46.0,70.2,0,4,Madhya Pradesh,MP,69.3,59.2,24.8,18.5,Bhopal,9.4,0,19.1,23.4,0.367,0
HSC_2026_0837,HIGHER_SECONDARY,Female,18,Vocational / ITI,<2 LPA,0,95.2,42.2,1,0,0.33,54.9,40.6,0,7,Tamil Nadu,TN,80.1,73.4,51.4,8.1,Chennai,1.2,0,0.0,17.5,0.7729,1
HSC_2026_0838,HIGHER_SECONDARY,Male,18,Vocational / ITI,<2 LPA,1,57.0,78.1,0,0,0.78,31.8,81.8,0,5,Madhya Pradesh,MP,69.3,59.2,24.8,18.5,Alirajpur,52.0,1,92.2,39.5,0.8322,1
HSC_2026_0839,HIGHER_SECONDARY,Male,16,Arts / Humanities,5-10 LPA,1,88.0,86.5,0,1,0.29,62.0,82.3,1,1,Gujarat,GJ,78.0,69.7,21.3,17.9,Ahmedabad,3.8,0,15.9,20.2,0.1911,0
HSC_2026_0840,HIGHER_SECONDARY,Female,16,Arts / Humanities,2-5 LPA,0,84.4,58.2,1,1,0.76,70.3,61.8,0,0,Rajasthan,RJ,66.1,52.1,26.0,17.2,Jaisalmer,31.8,1,86.7,33.2,0.3577,0
HSC_2026_0841,HIGHER_SECONDARY,Male,16,Arts / Humanities,>10 LPA,1,64.7,75.9,0,1,0.53,40.5,82.5,0,2,Rajasthan,RJ,66.1,52.1,26.0,17.2,Kota,8.2,0,39.7,21.0,0.371,0
HSC_2026_0842,HIGHER_SECONDARY,Male,18,Science (PCM),<2 LPA,1,70.5,74.1,1,1,0.97,68.7,76.5,0,3,Karnataka,KA,75.4,68.1,36.2,12.0,Yadgir,39.4,1,81.2,36.5,0.3436,0
HSC_2026_0843,HIGHER_SECONDARY,Female,17,Vocational / ITI,<2 LPA,0,79.3,27.6,1,0,0.94,53.1,33.4,1,6,Madhya Pradesh,MP,69.3,59.2,24.8,18.5,Bhopal,9.4,0,19.1,23.4,0.9538,1
HSC_2026_0844,HIGHER_SECONDARY,Female,18,Vocational / ITI,2-5 LPA,1,64.9,62.3,1,1,0.47,54.2,60.3,0,0,Tamil Nadu,TN,80.1,73.4,51.4,8.1,Chennai,1.2,0,0.0,17.5,0.3071,0
HSC_2026_0845,HIGHER_SECONDARY,Female,16,Arts / Humanities,2-5 LPA,1,58.7,72.0,1,1,0.58,50.3,60.9,0,3,Gujarat,GJ,78.0,69.7,21.3,17.9,Ahmedabad,3.8,0,15.9,20.2,0.3351,0
HSC_2026_0846,HIGHER_SECONDARY,Male,17,Vocational / ITI,2-5 LPA,1,82.5,74.9,1,1,0.32,59.6,71.5,0,2,Haryana,HR,75.6,65.9,29.8,12.5,Gurugram,2.5,0,31.2,20.5,0.1896,1
HSC_2026_0847,HIGHER_SECONDARY,Female,18,Arts / Humanities,<2 LPA,0,77.7,73.4,1,0,0.76,56.3,88.1,0,4,Uttar Pradesh,UP,67.7,57.2,23.2,16.8,Shravasti,49.6,1,96.5,48.2,0.674,1
HSC_2026_0848,HIGHER_SECONDARY,Male,17,Commerce,5-10 LPA,0,77.0,91.1,0,1,0.4,58.4,82.2,0,3,Madhya Pradesh,MP,69.3,59.2,24.8,18.5,Bhopal,9.4,0,19.1,23.4,0.14,0
HSC_2026_0849,HIGHER_SECONDARY,Male,17,Vocational / ITI,>10 LPA,1,49.6,59.5,1,0,0.24,16.3,70.6,0,5,Gujarat,GJ,78.0,69.7,21.3,17.9,Ahmedabad,3.8,0,15.9,20.2,0.8596,1
HSC_2026_0850,HIGHER_SECONDARY,Male,18,Arts / Humanities,2-5 LPA,1,98.0,96.7,0,1,0.6,81.5,83.4,0,3,Karnataka,KA,75.4,68.1,36.2,12.0,Raichur,36.8,1,74.6,34.0,0.0867,0
HSC_2026_0851,HIGHER_SECONDARY,Female,17,Science (PCM),<2 LPA,1,77.7,58.9,1,1,0.55,48.1,58.1,1,2,Madhya Pradesh,MP,69.3,59.2,24.8,18.5,Barwani,46.1,1,85.5,37.1,0.7506,1
HSC_2026_0852,HIGHER_SECONDARY,Male,17,Science (PCM),<2 LPA,0,77.3,80.3,0,1,0.74,58.8,76.7,0,4,Rajasthan,RJ,66.1,52.1,26.0,17.2,Jaipur,6.9,0,47.6,22.5,0.2496,0
HSC_2026_0853,HIGHER_SECONDARY,Female,18,Vocational / ITI,<2 LPA,1,77.3,88.8,0,1,0.47,58.5,98.5,1,1,Uttar Pradesh,UP,67.7,57.2,23.2,16.8,Balrampur,47.9,1,92.3,45.0,0.354,0
HSC_2026_0854,HIGHER_SECONDARY,Female,18,Commerce,2-5 LPA,1,75.8,91.1,0,1,0.65,50.3,86.3,0,1,Madhya Pradesh,MP,69.3,59.2,24.8,18.5,Barwani,46.1,1,85.5,37.1,0.2835,0
HSC_2026_0855,HIGHER_SECONDARY,Female,17,Commerce,5-10 LPA,1,87.7,68.2,1,1,0.66,58.8,89.5,0,1,Rajasthan,RJ,66.1,52.1,26.0,17.2,Kota,8.2,0,39.7,21.0,0.2901,0
HSC_2026_0856,HIGHER_SECONDARY,Female,16,Arts / Humanities,<2 LPA,1,72.9,75.7,0,1,0.82,57.0,75.3,1,2,Karnataka,KA,75.4,68.1,36.2,12.0,Bengaluru Urban,1.8,0,9.1,18.2,0.4079,0
HSC_2026_0857,HIGHER_SECONDARY,Male,16,Vocational / ITI,<2 LPA,0,59.1,80.4,0,1,0.91,30.1,75.6,0,0,Bihar,BR,61.8,51.5,14.5,21.4,Muzaffarpur,35.1,1,90.3,38.0,0.555,1
HSC_2026_0858,HIGHER_SECONDARY,Female,16,Arts / Humanities,<2 LPA,0,95.3,75.7,0,1,0.79,79.6,82.0,0,2,Maharashtra,MH,82.3,75.9,32.3,11.2,Pune,3.9,0,39.1,21.0,0.1327,0
HSC_2026_0859,HIGHER_SECONDARY,Male,16,Arts / Humanities,<2 LPA,1,67.5,65.3,1,0,0.77,56.3,70.3,1,5,Kerala,KL,94.0,92.1,43.2,3.2,Wayanad,4.1,1,96.1,18.0,0.7508,1
HSC_2026_0860,HIGHER_SECONDARY,Male,18,Science (PCM),2-5 LPA,1,78.1,50.7,1,0,0.62,39.3,35.4,0,12,Rajasthan,RJ,66.1,52.1,26.0,17.2,Kota,8.2,0,39.7,21.0,0.8998,1
HSC_2026_0861,HIGHER_SECONDARY,Male,16,Arts / Humanities,2-5 LPA,0,65.2,95.3,0,1,0.49,67.9,100.0,0,3,Tamil Nadu,TN,80.1,73.4,51.4,8.1,Ramanathapuram,7.8,1,69.7,22.1,0.0911,0
HSC_2026_0862,HIGHER_SECONDARY,Female,17,Arts / Humanities,<2 LPA,0,71.1,65.7,1,1,0.75,55.2,59.3,0,1,Madhya Pradesh,MP,69.3,59.2,24.8,18.5,Indore,6.8,0,25.9,21.8,0.3528,0
HSC_2026_0863,HIGHER_SECONDARY,Female,17,Science (PCM),5-10 LPA,0,90.7,66.2,1,1,0.13,68.0,75.0,0,4,Karnataka,KA,75.4,68.1,36.2,12.0,Yadgir,39.4,1,81.2,36.5,0.2994,0
HSC_2026_0864,HIGHER_SECONDARY,Male,18,Science (PCM),<2 LPA,1,63.1,58.4,1,1,0.76,49.6,53.7,1,5,Kerala,KL,94.0,92.1,43.2,3.2,Thiruvananthapuram,0.9,0,46.2,15.2,0.6858,1
HSC_2026_0865,HIGHER_SECONDARY,Female,16,Vocational / ITI,<2 LPA,1,80.6,51.9,1,0,0.73,49.2,52.0,0,4,Kerala,KL,94.0,92.1,43.2,3.2,Thiruvananthapuram,0.9,0,46.2,15.2,0.7515,1
HSC_2026_0866,HIGHER_SECONDARY,Male,16,Science (PCM),5-10 LPA,0,68.6,88.4,0,1,0.54,63.3,99.9,0,1,Haryana,HR,75.6,65.9,29.8,12.5,Nuh / Mewat,44.8,1,88.6,47.0,0.1959,0
HSC_2026_0867,HIGHER_SECONDARY,Female,16,Science (PCM),2-5 LPA,0,83.6,85.5,0,1,0.81,53.0,81.0,0,2,Haryana,HR,75.6,65.9,29.8,12.5,Gurugram,2.5,0,31.2,20.5,0.2205,0
HSC_2026_0868,HIGHER_SECONDARY,Male,16,Science (PCM),5-10 LPA,1,61.3,56.9,1,1,0.38,42.2,50.3,0,2,Rajasthan,RJ,66.1,52.1,26.0,17.2,Jaisalmer,31.8,1,86.7,33.2,0.6017,1
HSC_2026_0869,HIGHER_SECONDARY,Female,16,Arts / Humanities,2-5 LPA,0,89.8,89.3,0,0,0.57,62.9,95.1,0,5,Tamil Nadu,TN,80.1,73.4,51.4,8.1,Ramanathapuram,7.8,1,69.7,22.1,0.2991,0
HSC_2026_0870,HIGHER_SECONDARY,Male,16,Vocational / ITI,2-5 LPA,0,66.2,54.1,1,1,0.74,76.2,68.8,0,5,Bihar,BR,61.8,51.5,14.5,21.4,Katihar,48.7,1,91.1,44.3,0.4997,0
HSC_2026_0871,HIGHER_SECONDARY,Female,17,Science (PCM),2-5 LPA,1,67.0,80.2,0,1,0.33,45.9,93.7,0,2,Rajasthan,RJ,66.1,52.1,26.0,17.2,Jaipur,6.9,0,47.6,22.5,0.2557,0
HSC_2026_0872,HIGHER_SECONDARY,Male,16,Arts / Humanities,<2 LPA,1,73.3,42.2,1,0,0.39,30.5,41.2,0,7,Bihar,BR,61.8,51.5,14.5,21.4,Patna,18.2,0,56.4,28.5,0.9203,0
HSC_2026_0873,HIGHER_SECONDARY,Female,17,Science (PCM),2-5 LPA,0,84.3,81.6,0,1,0.72,49.6,84.1,0,2,Madhya Pradesh,MP,69.3,59.2,24.8,18.5,Barwani,46.1,1,85.5,37.1,0.4029,1
HSC_2026_0874,HIGHER_SECONDARY,Male,16,Arts / Humanities,<2 LPA,1,68.6,95.1,0,1,0.58,60.3,98.8,1,3,Karnataka,KA,75.4,68.1,36.2,12.0,Yadgir,39.4,1,81.2,36.5,0.308,1
HSC_2026_0875,HIGHER_SECONDARY,Female,18,Commerce,<2 LPA,0,56.1,85.8,0,1,0.61,51.7,91.6,0,4,Maharashtra,MH,82.3,75.9,32.3,11.2,Mumbai,2.1,0,0.0,19.5,0.2285,0
HSC_2026_0876,HIGHER_SECONDARY,Male,17,Vocational / ITI,2-5 LPA,0,79.5,86.8,0,0,0.87,61.3,88.5,1,5,Karnataka,KA,75.4,68.1,36.2,12.0,Raichur,36.8,1,74.6,34.0,0.6506,1
HSC_2026_0877,HIGHER_SECONDARY,Female,17,Commerce,<2 LPA,0,69.0,79.0,0,1,0.64,50.9,80.4,0,3,Madhya Pradesh,MP,69.3,59.2,24.8,18.5,Barwani,46.1,1,85.5,37.1,0.4228,0
HSC_2026_0878,HIGHER_SECONDARY,Male,18,Arts / Humanities,5-10 LPA,0,63.6,62.6,1,1,0.32,45.9,55.9,0,2,Madhya Pradesh,MP,69.3,59.2,24.8,18.5,Bhopal,9.4,0,19.1,23.4,0.4176,0
HSC_2026_0879,HIGHER_SECONDARY,Female,16,Vocational / ITI,2-5 LPA,0,88.8,77.7,0,1,0.89,83.4,86.3,0,2,Haryana,HR,75.6,65.9,29.8,12.5,Gurugram,2.5,0,31.2,20.5,0.1153,0
HSC_2026_0880,HIGHER_SECONDARY,Female,18,Science (PCB),5-10 LPA,0,66.7,60.4,1,0,0.21,39.8,65.5,0,8,Madhya Pradesh,MP,69.3,59.2,24.8,18.5,Barwani,46.1,1,85.5,37.1,0.8498,1
HSC_2026_0881,HIGHER_SECONDARY,Male,18,Arts / Humanities,2-5 LPA,0,66.2,53.4,1,0,0.63,31.4,49.0,1,7,Uttar Pradesh,UP,67.7,57.2,23.2,16.8,Noida / Gautam Buddha Nagar,7.1,0,40.9,22.0,0.9326,1
HSC_2026_0882,HIGHER_SECONDARY,Male,16,Vocational / ITI,2-5 LPA,0,58.3,88.0,0,1,0.78,49.5,77.2,0,4,Karnataka,KA,75.4,68.1,36.2,12.0,Bengaluru Urban,1.8,0,9.1,18.2,0.2503,0
HSC_2026_0883,HIGHER_SECONDARY,Male,17,Vocational / ITI,<2 LPA,1,89.4,75.5,0,1,0.66,84.5,80.4,0,2,Uttar Pradesh,UP,67.7,57.2,23.2,16.8,Noida / Gautam Buddha Nagar,7.1,0,40.9,22.0,0.1089,0
HSC_2026_0884,HIGHER_SECONDARY,Male,18,Arts / Humanities,<2 LPA,0,69.0,100.0,0,1,0.96,58.3,100.0,0,1,Uttar Pradesh,UP,67.7,57.2,23.2,16.8,Varanasi,16.3,0,56.6,29.4,0.1421,0
HSC_2026_0885,HIGHER_SECONDARY,Female,17,Science (PCB),5-10 LPA,0,58.4,100.0,0,1,0.55,33.8,99.1,0,1,Haryana,HR,75.6,65.9,29.8,12.5,Nuh / Mewat,44.8,1,88.6,47.0,0.3214,0
HSC_2026_0886,HIGHER_SECONDARY,Female,17,Science (PCB),2-5 LPA,1,68.0,74.6,1,0,0.58,42.6,78.4,1,3,Uttar Pradesh,UP,67.7,57.2,23.2,16.8,Lucknow,8.5,0,33.8,24.1,0.7354,1
HSC_2026_0887,HIGHER_SECONDARY,Female,18,Commerce,2-5 LPA,1,52.3,99.5,0,1,0.55,51.3,87.3,0,2,Bihar,BR,61.8,51.5,14.5,21.4,Muzaffarpur,35.1,1,90.3,38.0,0.1879,1
HSC_2026_0888,HIGHER_SECONDARY,Male,18,Science (PCM),5-10 LPA,0,72.6,55.1,1,0,0.35,44.4,62.8,0,6,Karnataka,KA,75.4,68.1,36.2,12.0,Bengaluru Urban,1.8,0,9.1,18.2,0.7408,1
HSC_2026_0889,HIGHER_SECONDARY,Male,17,Science (PCM),2-5 LPA,1,80.4,80.9,0,1,0.75,56.5,60.7,0,2,Gujarat,GJ,78.0,69.7,21.3,17.9,Ahmedabad,3.8,0,15.9,20.2,0.2259,0
HSC_2026_0890,HIGHER_SECONDARY,Male,16,Science (PCM),2-5 LPA,0,78.0,51.5,1,1,0.9,59.4,54.5,0,3,Bihar,BR,61.8,51.5,14.5,21.4,Gaya,38.6,1,86.8,36.2,0.6341,1
HSC_2026_0891,HIGHER_SECONDARY,Female,16,Science (PCM),>10 LPA,0,73.0,56.0,1,0,0.17,48.5,59.8,0,5,Gujarat,GJ,78.0,69.7,21.3,17.9,Ahmedabad,3.8,0,15.9,20.2,0.6613,0
HSC_2026_0892,HIGHER_SECONDARY,Female,18,Science (PCB),<2 LPA,1,71.3,49.9,1,0,0.79,45.4,47.4,0,1,Kerala,KL,94.0,92.1,43.2,3.2,Ernakulam,0.6,0,31.9,14.8,0.7553,0
HSC_2026_0893,HIGHER_SECONDARY,Male,17,Science (PCM),<2 LPA,1,78.3,69.1,1,0,0.86,31.3,70.0,1,8,Bihar,BR,61.8,51.5,14.5,21.4,Katihar,48.7,1,91.1,44.3,0.9468,0
HSC_2026_0894,HIGHER_SECONDARY,Male,18,Arts / Humanities,<2 LPA,1,58.5,72.7,1,0,0.72,15.0,71.2,0,8,Kerala,KL,94.0,92.1,43.2,3.2,Thiruvananthapuram,0.9,0,46.2,15.2,0.8686,1
HSC_2026_0895,HIGHER_SECONDARY,Female,16,Arts / Humanities,5-10 LPA,1,65.0,81.4,0,1,0.44,45.4,82.2,0,1,Uttar Pradesh,UP,67.7,57.2,23.2,16.8,Balrampur,47.9,1,92.3,45.0,0.3815,0
HSC_2026_0896,HIGHER_SECONDARY,Female,16,Science (PCB),5-10 LPA,0,90.4,89.7,0,1,0.25,64.6,100.0,0,2,Bihar,BR,61.8,51.5,14.5,21.4,Gaya,38.6,1,86.8,36.2,0.1486,0
HSC_2026_0897,HIGHER_SECONDARY,Male,16,Arts / Humanities,5-10 LPA,0,90.5,78.8,0,0,0.17,75.3,72.1,0,5,Bihar,BR,61.8,51.5,14.5,21.4,Katihar,48.7,1,91.1,44.3,0.357,0
HSC_2026_0898,HIGHER_SECONDARY,Female,18,Commerce,2-5 LPA,0,67.7,98.7,0,1,0.66,58.6,99.4,0,1,Madhya Pradesh,MP,69.3,59.2,24.8,18.5,Barwani,46.1,1,85.5,37.1,0.1771,1
HSC_2026_0899,HIGHER_SECONDARY,Female,17,Vocational / ITI,2-5 LPA,0,61.1,92.2,0,0,0.48,17.5,88.0,0,2,Bihar,BR,61.8,51.5,14.5,21.4,Patna,18.2,0,56.4,28.5,0.6479,1
HSC_2026_0900,HIGHER_SECONDARY,Male,18,Arts / Humanities,5-10 LPA,0,61.6,47.6,1,0,0.44,44.5,29.5,0,2,Tamil Nadu,TN,80.1,73.4,51.4,8.1,Chennai,1.2,0,0.0,17.5,0.7471,1
HSC_2026_0901,HIGHER_SECONDARY,Female,18,Vocational / ITI,<2 LPA,0,66.5,84.9,0,1,0.74,42.6,100.0,1,1,Rajasthan,RJ,66.1,52.1,26.0,17.2,Barmer,34.2,1,93.0,35.8,0.5374,1
HSC_2026_0902,HIGHER_SECONDARY,Female,17,Science (PCB),5-10 LPA,0,62.3,84.2,0,1,0.59,33.9,76.6,0,0,Rajasthan,RJ,66.1,52.1,26.0,17.2,Jaisalmer,31.8,1,86.7,33.2,0.409,0
HSC_2026_0903,HIGHER_SECONDARY,Male,18,Arts / Humanities,2-5 LPA,0,62.9,70.5,1,1,0.55,44.9,76.0,0,5,Bihar,BR,61.8,51.5,14.5,21.4,Katihar,48.7,1,91.1,44.3,0.5943,1
HSC_2026_0904,HIGHER_SECONDARY,Female,16,Arts / Humanities,<2 LPA,0,89.4,60.7,1,1,0.73,59.7,73.2,0,1,Haryana,HR,75.6,65.9,29.8,12.5,Gurugram,2.5,0,31.2,20.5,0.3401,0
HSC_2026_0905,HIGHER_SECONDARY,Male,16,Science (PCB),2-5 LPA,0,81.9,93.0,0,1,0.66,61.8,94.4,0,1,Madhya Pradesh,MP,69.3,59.2,24.8,18.5,Barwani,46.1,1,85.5,37.1,0.1925,0
HSC_2026_0906,HIGHER_SECONDARY,Male,16,Commerce,2-5 LPA,0,62.9,85.3,0,1,0.98,30.9,98.6,0,2,Tamil Nadu,TN,80.1,73.4,51.4,8.1,Chennai,1.2,0,0.0,17.5,0.4248,0
HSC_2026_0907,HIGHER_SECONDARY,Female,17,Science (PCM),<2 LPA,0,77.1,84.8,0,1,0.9,56.8,82.1,0,5,Rajasthan,RJ,66.1,52.1,26.0,17.2,Jaisalmer,31.8,1,86.7,33.2,0.3482,0
HSC_2026_0908,HIGHER_SECONDARY,Female,17,Science (PCB),<2 LPA,1,76.1,84.3,0,1,0.98,44.1,90.1,0,5,Karnataka,KA,75.4,68.1,36.2,12.0,Raichur,36.8,1,74.6,34.0,0.5012,0
HSC_2026_0909,HIGHER_SECONDARY,Female,17,Vocational / ITI,2-5 LPA,1,60.2,73.9,1,1,0.7,53.3,65.3,0,3,Madhya Pradesh,MP,69.3,59.2,24.8,18.5,Barwani,46.1,1,85.5,37.1,0.4612,0
HSC_2026_0910,HIGHER_SECONDARY,Female,16,Science (PCM),<2 LPA,0,81.1,58.4,1,1,0.92,75.6,50.8,0,1,Karnataka,KA,75.4,68.1,36.2,12.0,Yadgir,39.4,1,81.2,36.5,0.3824,0
HSC_2026_0911,HIGHER_SECONDARY,Female,18,Vocational / ITI,2-5 LPA,1,92.4,81.8,0,1,0.62,72.3,76.3,0,3,Tamil Nadu,TN,80.1,73.4,51.4,8.1,Coimbatore,2.1,0,24.2,18.9,0.129,0
HSC_2026_0912,HIGHER_SECONDARY,Male,17,Arts / Humanities,<2 LPA,1,73.0,43.4,1,0,0.69,49.0,42.1,1,5,Kerala,KL,94.0,92.1,43.2,3.2,Ernakulam,0.6,0,31.9,14.8,0.8958,1
HSC_2026_0913,HIGHER_SECONDARY,Female,18,Science (PCB),>10 LPA,0,68.2,60.6,1,1,0.11,48.5,66.7,0,3,Maharashtra,MH,82.3,75.9,32.3,11.2,Pune,3.9,0,39.1,21.0,0.3741,0
HSC_2026_0914,HIGHER_SECONDARY,Female,18,Science (PCB),5-10 LPA,0,47.5,76.4,0,1,0.45,46.6,87.9,0,3,Uttar Pradesh,UP,67.7,57.2,23.2,16.8,Balrampur,47.9,1,92.3,45.0,0.4601,0
HSC_2026_0915,HIGHER_SECONDARY,Male,16,Arts / Humanities,<2 LPA,0,64.0,66.5,1,0,0.95,44.1,79.8,0,3,Gujarat,GJ,78.0,69.7,21.3,17.9,Dahod,40.5,1,88.0,38.1,0.8012,1
HSC_2026_0916,HIGHER_SECONDARY,Male,16,Commerce,<2 LPA,0,67.2,57.9,1,0,0.39,33.7,69.6,0,1,Tamil Nadu,TN,80.1,73.4,51.4,8.1,Chennai,1.2,0,0.0,17.5,0.7238,1
HSC_2026_0917,HIGHER_SECONDARY,Male,18,Arts / Humanities,2-5 LPA,0,67.3,41.9,1,1,0.93,73.7,39.9,0,3,Uttar Pradesh,UP,67.7,57.2,23.2,16.8,Noida / Gautam Buddha Nagar,7.1,0,40.9,22.0,0.4842,0
HSC_2026_0918,HIGHER_SECONDARY,Female,17,Science (PCM),<2 LPA,1,69.2,79.0,0,1,0.67,74.1,76.7,0,2,Maharashtra,MH,82.3,75.9,32.3,11.2,Gadchiroli,28.5,1,89.0,28.9,0.1795,0
HSC_2026_0919,HIGHER_SECONDARY,Male,17,Science (PCM),2-5 LPA,0,58.4,84.1,0,0,0.93,33.1,100.0,0,11,Haryana,HR,75.6,65.9,29.8,12.5,Nuh / Mewat,44.8,1,88.6,47.0,0.8579,1
HSC_2026_0920,HIGHER_SECONDARY,Female,18,Arts / Humanities,2-5 LPA,0,71.8,63.3,1,1,0.66,56.0,70.7,0,3,Bihar,BR,61.8,51.5,14.5,21.4,Katihar,48.7,1,91.1,44.3,0.5437,1
HSC_2026_0921,HIGHER_SECONDARY,Male,16,Science (PCB),>10 LPA,0,91.2,86.4,0,1,0.59,60.9,91.5,0,5,Madhya Pradesh,MP,69.3,59.2,24.8,18.5,Bhopal,9.4,0,19.1,23.4,0.1959,0
HSC_2026_0922,HIGHER_SECONDARY,Female,18,Commerce,2-5 LPA,1,94.5,91.7,0,1,0.85,88.4,80.4,0,0,Madhya Pradesh,MP,69.3,59.2,24.8,18.5,Indore,6.8,0,25.9,21.8,0.0513,0
HSC_2026_0923,HIGHER_SECONDARY,Female,17,Commerce,>10 LPA,0,62.9,51.2,1,1,0.37,33.5,52.9,0,4,Rajasthan,RJ,66.1,52.1,26.0,17.2,Barmer,34.2,1,93.0,35.8,0.7616,1
HSC_2026_0924,HIGHER_SECONDARY,Female,17,Vocational / ITI,2-5 LPA,0,68.2,28.3,1,0,0.83,32.5,38.4,0,6,Uttar Pradesh,UP,67.7,57.2,23.2,16.8,Balrampur,47.9,1,92.3,45.0,0.9741,1
HSC_2026_0925,HIGHER_SECONDARY,Male,17,Vocational / ITI,5-10 LPA,1,79.0,78.0,0,1,0.09,69.9,86.8,0,0,Bihar,BR,61.8,51.5,14.5,21.4,Katihar,48.7,1,91.1,44.3,0.1664,0
HSC_2026_0926,HIGHER_SECONDARY,Female,18,Vocational / ITI,<2 LPA,1,64.1,67.4,1,0,0.44,31.1,73.7,0,3,Kerala,KL,94.0,92.1,43.2,3.2,Ernakulam,0.6,0,31.9,14.8,0.7056,1
HSC_2026_0927,HIGHER_SECONDARY,Male,16,Arts / Humanities,2-5 LPA,0,48.7,45.4,1,0,0.73,25.7,50.3,0,3,Kerala,KL,94.0,92.1,43.2,3.2,Wayanad,4.1,1,96.1,18.0,0.9029,1
HSC_2026_0928,HIGHER_SECONDARY,Female,17,Science (PCB),<2 LPA,0,59.5,47.3,1,0,0.77,33.8,38.3,0,5,Karnataka,KA,75.4,68.1,36.2,12.0,Bengaluru Urban,1.8,0,9.1,18.2,0.8806,1
HSC_2026_0929,HIGHER_SECONDARY,Female,16,Commerce,>10 LPA,0,58.5,96.7,0,1,0.55,60.2,80.4,0,1,Gujarat,GJ,78.0,69.7,21.3,17.9,Narmada,32.4,1,89.5,30.5,0.1412,0
HSC_2026_0930,HIGHER_SECONDARY,Male,16,Science (PCB),2-5 LPA,1,60.8,91.8,0,1,0.52,54.7,100.0,0,3,Uttar Pradesh,UP,67.7,57.2,23.2,16.8,Bahraich,54.4,1,92.1,46.5,0.282,0
HSC_2026_0931,HIGHER_SECONDARY,Male,18,Science (PCM),<2 LPA,0,79.2,77.3,0,1,0.5,71.0,75.8,0,1,Gujarat,GJ,78.0,69.7,21.3,17.9,Narmada,32.4,1,89.5,30.5,0.1848,0
HSC_2026_0932,HIGHER_SECONDARY,Female,18,Science (PCM),2-5 LPA,1,56.7,62.5,1,0,0.69,32.8,60.8,0,2,Rajasthan,RJ,66.1,52.1,26.0,17.2,Jaipur,6.9,0,47.6,22.5,0.7689,1
HSC_2026_0933,HIGHER_SECONDARY,Female,18,Arts / Humanities,2-5 LPA,0,81.6,87.0,0,1,0.62,77.2,86.6,0,3,Bihar,BR,61.8,51.5,14.5,21.4,Katihar,48.7,1,91.1,44.3,0.1663,1
HSC_2026_0934,HIGHER_SECONDARY,Male,18,Commerce,2-5 LPA,0,76.6,54.8,1,1,0.64,60.3,39.5,0,0,Karnataka,KA,75.4,68.1,36.2,12.0,Yadgir,39.4,1,81.2,36.5,0.489,0
HSC_2026_0935,HIGHER_SECONDARY,Female,16,Vocational / ITI,<2 LPA,0,73.8,65.6,1,1,0.88,72.9,53.0,1,1,Tamil Nadu,TN,80.1,73.4,51.4,8.1,Ramanathapuram,7.8,1,69.7,22.1,0.3729,0
HSC_2026_0936,HIGHER_SECONDARY,Male,18,Vocational / ITI,2-5 LPA,0,73.3,82.9,0,1,0.95,46.7,78.7,0,5,Karnataka,KA,75.4,68.1,36.2,12.0,Yadgir,39.4,1,81.2,36.5,0.4958,0
HSC_2026_0937,HIGHER_SECONDARY,Female,16,Arts / Humanities,2-5 LPA,0,78.1,57.0,1,1,0.8,56.3,64.2,0,0,Tamil Nadu,TN,80.1,73.4,51.4,8.1,Ramanathapuram,7.8,1,69.7,22.1,0.4171,0
HSC_2026_0938,HIGHER_SECONDARY,Female,18,Science (PCB),5-10 LPA,0,64.3,44.9,1,0,0.15,54.1,58.2,0,8,Rajasthan,RJ,66.1,52.1,26.0,17.2,Jaisalmer,31.8,1,86.7,33.2,0.8249,1
HSC_2026_0939,HIGHER_SECONDARY,Female,18,Science (PCM),2-5 LPA,1,97.7,98.3,0,1,0.52,84.8,100.0,0,4,Maharashtra,MH,82.3,75.9,32.3,11.2,Pune,3.9,0,39.1,21.0,0.0467,0
HSC_2026_0940,HIGHER_SECONDARY,Male,16,Science (PCM),2-5 LPA,0,79.5,94.6,0,1,0.71,64.1,91.5,0,3,Gujarat,GJ,78.0,69.7,21.3,17.9,Dahod,40.5,1,88.0,38.1,0.1869,0
HSC_2026_0941,HIGHER_SECONDARY,Female,17,Vocational / ITI,2-5 LPA,0,82.6,74.8,1,0,0.52,51.7,80.9,0,4,Tamil Nadu,TN,80.1,73.4,51.4,8.1,Coimbatore,2.1,0,24.2,18.9,0.4894,0
HSC_2026_0942,HIGHER_SECONDARY,Male,18,Vocational / ITI,<2 LPA,1,90.8,85.3,0,1,0.9,59.5,88.6,1,2,Kerala,KL,94.0,92.1,43.2,3.2,Wayanad,4.1,1,96.1,18.0,0.3188,0
HSC_2026_0943,HIGHER_SECONDARY,Male,16,Commerce,<2 LPA,0,56.2,73.0,1,1,0.68,53.1,61.4,1,1,Madhya Pradesh,MP,69.3,59.2,24.8,18.5,Barwani,46.1,1,85.5,37.1,0.5897,1
HSC_2026_0944,HIGHER_SECONDARY,Female,18,Science (PCB),<2 LPA,0,48.1,62.6,1,0,0.34,21.2,57.9,1,8,Maharashtra,MH,82.3,75.9,32.3,11.2,Pune,3.9,0,39.1,21.0,0.9214,1
HSC_2026_0945,HIGHER_SECONDARY,Male,17,Science (PCM),<2 LPA,0,72.6,74.7,1,0,0.63,38.0,78.9,1,7,Tamil Nadu,TN,80.1,73.4,51.4,8.1,Ramanathapuram,7.8,1,69.7,22.1,0.8237,1
HSC_2026_0946,HIGHER_SECONDARY,Male,18,Science (PCM),<2 LPA,1,59.3,72.7,1,1,0.39,56.7,78.3,0,5,Uttar Pradesh,UP,67.7,57.2,23.2,16.8,Balrampur,47.9,1,92.3,45.0,0.4304,0
HSC_2026_0947,HIGHER_SECONDARY,Male,17,Science (PCB),5-10 LPA,1,62.9,47.4,1,0,0.57,40.6,41.4,0,5,Madhya Pradesh,MP,69.3,59.2,24.8,18.5,Alirajpur,52.0,1,92.2,39.5,0.912,1
HSC_2026_0948,HIGHER_SECONDARY,Female,18,Science (PCM),2-5 LPA,1,84.3,81.7,0,1,0.74,74.0,79.1,0,5,Bihar,BR,61.8,51.5,14.5,21.4,Patna,18.2,0,56.4,28.5,0.1851,0
HSC_2026_0949,HIGHER_SECONDARY,Female,16,Science (PCB),<2 LPA,0,93.3,96.5,0,1,0.46,65.4,98.7,0,0,Madhya Pradesh,MP,69.3,59.2,24.8,18.5,Indore,6.8,0,25.9,21.8,0.0736,0
HSC_2026_0950,HIGHER_SECONDARY,Female,17,Vocational / ITI,2-5 LPA,0,80.8,56.8,1,0,0.65,33.4,54.5,0,5,Madhya Pradesh,MP,69.3,59.2,24.8,18.5,Indore,6.8,0,25.9,21.8,0.8347,1
HSC_2026_0951,HIGHER_SECONDARY,Female,17,Arts / Humanities,<2 LPA,1,77.6,49.1,1,0,0.5,34.0,59.9,0,4,Madhya Pradesh,MP,69.3,59.2,24.8,18.5,Alirajpur,52.0,1,92.2,39.5,0.9158,1
HSC_2026_0952,HIGHER_SECONDARY,Male,16,Science (PCB),2-5 LPA,0,71.5,66.0,1,1,0.56,63.1,68.6,0,2,Madhya Pradesh,MP,69.3,59.2,24.8,18.5,Barwani,46.1,1,85.5,37.1,0.4028,0
HSC_2026_0953,HIGHER_SECONDARY,Male,18,Commerce,2-5 LPA,1,71.7,79.4,0,0,0.47,46.2,85.1,0,4,Kerala,KL,94.0,92.1,43.2,3.2,Thiruvananthapuram,0.9,0,46.2,15.2,0.4804,0
HSC_2026_0954,HIGHER_SECONDARY,Male,16,Commerce,<2 LPA,0,64.6,69.4,1,1,0.65,49.2,76.2,1,1,Gujarat,GJ,78.0,69.7,21.3,17.9,Dahod,40.5,1,88.0,38.1,0.634,1
HSC_2026_0955,HIGHER_SECONDARY,Female,17,Science (PCM),2-5 LPA,0,57.3,87.3,0,1,0.85,51.7,80.8,0,1,Madhya Pradesh,MP,69.3,59.2,24.8,18.5,Barwani,46.1,1,85.5,37.1,0.3359,0
HSC_2026_0956,HIGHER_SECONDARY,Male,16,Arts / Humanities,5-10 LPA,1,55.2,89.3,0,1,0.31,52.8,83.6,0,5,Maharashtra,MH,82.3,75.9,32.3,11.2,Mumbai,2.1,0,0.0,19.5,0.1764,0
HSC_2026_0957,HIGHER_SECONDARY,Male,16,Commerce,2-5 LPA,0,70.2,86.5,0,1,0.85,65.8,86.6,0,1,Rajasthan,RJ,66.1,52.1,26.0,17.2,Jaipur,6.9,0,47.6,22.5,0.1456,0
HSC_2026_0958,HIGHER_SECONDARY,Female,17,Science (PCM),2-5 LPA,0,81.6,87.3,0,1,0.72,72.9,100.0,0,0,Karnataka,KA,75.4,68.1,36.2,12.0,Raichur,36.8,1,74.6,34.0,0.1419,0
HSC_2026_0959,HIGHER_SECONDARY,Male,18,Science (PCM),<2 LPA,0,79.4,100.0,0,1,0.5,70.8,96.8,0,4,Uttar Pradesh,UP,67.7,57.2,23.2,16.8,Bahraich,54.4,1,92.1,46.5,0.1405,0
HSC_2026_0960,HIGHER_SECONDARY,Male,17,Science (PCM),5-10 LPA,1,73.4,64.7,1,1,0.2,49.1,61.8,1,2,Rajasthan,RJ,66.1,52.1,26.0,17.2,Barmer,34.2,1,93.0,35.8,0.5974,1
HSC_2026_0961,HIGHER_SECONDARY,Male,18,Science (PCB),>10 LPA,1,85.6,73.4,1,1,0.43,63.7,84.1,0,1,Bihar,BR,61.8,51.5,14.5,21.4,Patna,18.2,0,56.4,28.5,0.212,0
HSC_2026_0962,HIGHER_SECONDARY,Female,16,Arts / Humanities,2-5 LPA,1,83.3,91.9,0,1,0.49,86.5,95.2,0,2,Bihar,BR,61.8,51.5,14.5,21.4,Gaya,38.6,1,86.8,36.2,0.0767,0
HSC_2026_0963,HIGHER_SECONDARY,Male,18,Vocational / ITI,2-5 LPA,0,68.3,72.8,1,1,0.52,59.0,71.1,0,5,Bihar,BR,61.8,51.5,14.5,21.4,Katihar,48.7,1,91.1,44.3,0.4344,0
HSC_2026_0964,HIGHER_SECONDARY,Male,16,Vocational / ITI,2-5 LPA,0,66.5,73.9,1,0,0.77,31.1,81.1,0,3,Karnataka,KA,75.4,68.1,36.2,12.0,Bengaluru Urban,1.8,0,9.1,18.2,0.7064,1
HSC_2026_0965,HIGHER_SECONDARY,Female,18,Vocational / ITI,2-5 LPA,0,77.0,97.4,0,1,0.76,61.5,100.0,1,5,Madhya Pradesh,MP,69.3,59.2,24.8,18.5,Alirajpur,52.0,1,92.2,39.5,0.3864,0
HSC_2026_0966,HIGHER_SECONDARY,Male,16,Science (PCM),<2 LPA,1,72.5,74.4,1,1,0.67,52.8,66.9,0,2,Rajasthan,RJ,66.1,52.1,26.0,17.2,Jaipur,6.9,0,47.6,22.5,0.3001,0
HSC_2026_0967,HIGHER_SECONDARY,Female,17,Commerce,<2 LPA,0,84.6,63.1,1,0,0.55,48.5,53.5,1,6,Kerala,KL,94.0,92.1,43.2,3.2,Thiruvananthapuram,0.9,0,46.2,15.2,0.7958,1
HSC_2026_0968,HIGHER_SECONDARY,Female,18,Science (PCM),<2 LPA,1,72.2,85.2,0,1,0.91,55.3,89.0,1,3,Gujarat,GJ,78.0,69.7,21.3,17.9,Ahmedabad,3.8,0,15.9,20.2,0.3761,0
HSC_2026_0969,HIGHER_SECONDARY,Male,18,Science (PCM),2-5 LPA,0,82.1,83.7,0,1,0.75,65.7,88.6,0,1,Kerala,KL,94.0,92.1,43.2,3.2,Ernakulam,0.6,0,31.9,14.8,0.1387,0
HSC_2026_0970,HIGHER_SECONDARY,Female,17,Commerce,5-10 LPA,1,77.8,89.9,0,1,0.32,54.0,100.0,0,3,Gujarat,GJ,78.0,69.7,21.3,17.9,Narmada,32.4,1,89.5,30.5,0.2121,0
HSC_2026_0971,HIGHER_SECONDARY,Male,18,Arts / Humanities,2-5 LPA,1,51.4,66.3,1,0,0.58,15.0,70.2,0,6,Bihar,BR,61.8,51.5,14.5,21.4,Katihar,48.7,1,91.1,44.3,0.9306,1
HSC_2026_0972,HIGHER_SECONDARY,Female,16,Commerce,<2 LPA,1,58.6,40.9,1,0,0.56,15.0,35.7,1,3,Kerala,KL,94.0,92.1,43.2,3.2,Ernakulam,0.6,0,31.9,14.8,0.9637,1
HSC_2026_0973,HIGHER_SECONDARY,Male,16,Commerce,2-5 LPA,1,74.7,89.4,0,1,0.93,66.4,90.0,0,1,Karnataka,KA,75.4,68.1,36.2,12.0,Raichur,36.8,1,74.6,34.0,0.1975,0
HSC_2026_0974,HIGHER_SECONDARY,Male,18,Commerce,<2 LPA,1,83.3,77.7,0,1,0.6,69.7,69.0,0,2,Bihar,BR,61.8,51.5,14.5,21.4,Purnia,50.4,1,89.2,42.1,0.2654,0
HSC_2026_0975,HIGHER_SECONDARY,Female,17,Science (PCB),<2 LPA,1,84.4,52.1,1,1,0.76,59.3,54.3,1,3,Uttar Pradesh,UP,67.7,57.2,23.2,16.8,Bahraich,54.4,1,92.1,46.5,0.7873,1
HSC_2026_0976,HIGHER_SECONDARY,Female,18,Science (PCM),<2 LPA,1,54.4,81.4,0,1,0.48,46.3,77.0,1,2,Uttar Pradesh,UP,67.7,57.2,23.2,16.8,Bahraich,54.4,1,92.1,46.5,0.5847,1
HSC_2026_0977,HIGHER_SECONDARY,Female,17,Vocational / ITI,<2 LPA,1,60.7,71.2,1,1,0.57,46.1,72.4,1,3,Tamil Nadu,TN,80.1,73.4,51.4,8.1,Coimbatore,2.1,0,24.2,18.9,0.53,1
HSC_2026_0978,HIGHER_SECONDARY,Male,16,Science (PCM),2-5 LPA,0,55.1,90.6,0,1,0.57,34.5,80.9,0,1,Haryana,HR,75.6,65.9,29.8,12.5,Gurugram,2.5,0,31.2,20.5,0.2648,0
HSC_2026_0979,HIGHER_SECONDARY,Male,16,Arts / Humanities,2-5 LPA,0,70.2,85.2,0,1,0.57,69.6,85.0,0,0,Rajasthan,RJ,66.1,52.1,26.0,17.2,Barmer,34.2,1,93.0,35.8,0.1494,0
HSC_2026_0980,HIGHER_SECONDARY,Male,16,Science (PCB),<2 LPA,0,77.4,74.4,1,1,0.77,71.3,59.4,0,4,Karnataka,KA,75.4,68.1,36.2,12.0,Bengaluru Urban,1.8,0,9.1,18.2,0.1992,0
HSC_2026_0981,HIGHER_SECONDARY,Female,18,Science (PCB),>10 LPA,0,68.8,64.2,1,1,0.28,66.1,73.0,0,0,Kerala,KL,94.0,92.1,43.2,3.2,Thiruvananthapuram,0.9,0,46.2,15.2,0.1846,0
HSC_2026_0982,HIGHER_SECONDARY,Male,17,Commerce,2-5 LPA,1,56.4,100.0,0,1,0.3,42.7,89.0,0,3,Gujarat,GJ,78.0,69.7,21.3,17.9,Dahod,40.5,1,88.0,38.1,0.235,0
HSC_2026_0983,HIGHER_SECONDARY,Female,17,Science (PCB),<2 LPA,1,68.1,94.6,0,1,0.62,55.2,91.0,0,3,Karnataka,KA,75.4,68.1,36.2,12.0,Raichur,36.8,1,74.6,34.0,0.2219,1
HSC_2026_0984,HIGHER_SECONDARY,Male,16,Vocational / ITI,2-5 LPA,0,38.0,79.5,0,1,0.35,47.2,91.9,0,5,Kerala,KL,94.0,92.1,43.2,3.2,Thiruvananthapuram,0.9,0,46.2,15.2,0.2833,0
HSC_2026_0985,HIGHER_SECONDARY,Female,17,Science (PCM),<2 LPA,0,92.8,53.2,1,0,0.28,60.4,56.0,0,2,Maharashtra,MH,82.3,75.9,32.3,11.2,Nandurbar,33.1,1,83.3,32.4,0.6492,0
HSC_2026_0986,HIGHER_SECONDARY,Female,17,Science (PCM),2-5 LPA,1,58.9,61.5,1,1,0.39,56.2,58.9,0,2,Gujarat,GJ,78.0,69.7,21.3,17.9,Ahmedabad,3.8,0,15.9,20.2,0.3285,0
HSC_2026_0987,HIGHER_SECONDARY,Female,16,Arts / Humanities,2-5 LPA,1,82.5,81.1,0,1,0.43,61.5,84.5,0,3,Gujarat,GJ,78.0,69.7,21.3,17.9,Ahmedabad,3.8,0,15.9,20.2,0.1694,0
HSC_2026_0988,HIGHER_SECONDARY,Male,16,Science (PCB),<2 LPA,0,74.3,100.0,0,1,0.55,38.2,100.0,0,3,Gujarat,GJ,78.0,69.7,21.3,17.9,Ahmedabad,3.8,0,15.9,20.2,0.2027,0
HSC_2026_0989,HIGHER_SECONDARY,Female,16,Science (PCM),2-5 LPA,0,71.3,71.2,1,1,0.81,64.5,72.8,0,0,Haryana,HR,75.6,65.9,29.8,12.5,Nuh / Mewat,44.8,1,88.6,47.0,0.3425,0
HSC_2026_0990,HIGHER_SECONDARY,Male,17,Science (PCB),<2 LPA,1,75.5,80.3,0,1,0.42,67.2,83.5,0,1,Karnataka,KA,75.4,68.1,36.2,12.0,Raichur,36.8,1,74.6,34.0,0.1899,0
HSC_2026_0991,HIGHER_SECONDARY,Female,17,Commerce,2-5 LPA,0,63.4,68.3,1,1,0.71,48.1,95.8,0,2,Rajasthan,RJ,66.1,52.1,26.0,17.2,Barmer,34.2,1,93.0,35.8,0.5046,1
HSC_2026_0992,HIGHER_SECONDARY,Female,16,Science (PCM),5-10 LPA,1,71.6,79.7,0,1,0.6,57.1,81.8,0,2,Maharashtra,MH,82.3,75.9,32.3,11.2,Gadchiroli,28.5,1,89.0,28.9,0.2785,0
HSC_2026_0993,HIGHER_SECONDARY,Female,17,Science (PCB),2-5 LPA,0,72.5,79.7,0,1,0.89,50.5,87.1,0,1,Gujarat,GJ,78.0,69.7,21.3,17.9,Narmada,32.4,1,89.5,30.5,0.378,0
HSC_2026_0994,HIGHER_SECONDARY,Male,18,Commerce,2-5 LPA,0,71.5,72.8,1,1,0.35,60.1,68.1,0,4,Haryana,HR,75.6,65.9,29.8,12.5,Gurugram,2.5,0,31.2,20.5,0.2307,0
HSC_2026_0995,HIGHER_SECONDARY,Male,16,Arts / Humanities,2-5 LPA,1,75.8,50.3,1,1,0.56,47.6,44.9,0,3,Tamil Nadu,TN,80.1,73.4,51.4,8.1,Chennai,1.2,0,0.0,17.5,0.5579,1
HSC_2026_0996,HIGHER_SECONDARY,Female,18,Science (PCB),2-5 LPA,0,92.4,91.2,0,1,0.55,89.1,91.3,0,0,Gujarat,GJ,78.0,69.7,21.3,17.9,Dahod,40.5,1,88.0,38.1,0.0665,1
HSC_2026_0997,HIGHER_SECONDARY,Female,18,Science (PCM),2-5 LPA,0,68.7,79.5,0,1,0.64,47.0,83.2,0,5,Tamil Nadu,TN,80.1,73.4,51.4,8.1,Ramanathapuram,7.8,1,69.7,22.1,0.3547,0
HSC_2026_0998,HIGHER_SECONDARY,Female,16,Arts / Humanities,5-10 LPA,1,80.1,83.4,0,1,0.09,65.6,97.9,0,3,Karnataka,KA,75.4,68.1,36.2,12.0,Bengaluru Urban,1.8,0,9.1,18.2,0.1069,0
HSC_2026_0999,HIGHER_SECONDARY,Female,17,Science (PCM),<2 LPA,0,61.7,77.8,0,1,0.81,43.4,68.2,1,4,Uttar Pradesh,UP,67.7,57.2,23.2,16.8,Bahraich,54.4,1,92.1,46.5,0.731,1
HSC_2026_1000,HIGHER_SECONDARY,Female,18,Vocational / ITI,<2 LPA,1,70.3,75.8,0,1,0.35,61.6,75.9,0,3,Rajasthan,RJ,66.1,52.1,26.0,17.2,Jaisalmer,31.8,1,86.7,33.2,0.2641,0
HSC_2026_1001,HIGHER_SECONDARY,Male,18,Science (PCB),>10 LPA,1,71.2,87.0,0,1,0.29,74.3,78.9,1,2,Bihar,BR,61.8,51.5,14.5,21.4,Katihar,48.7,1,91.1,44.3,0.2359,0
HSC_2026_1002,HIGHER_SECONDARY,Female,17,Vocational / ITI,2-5 LPA,1,84.3,82.0,0,1,0.66,77.1,86.3,0,1,Haryana,HR,75.6,65.9,29.8,12.5,Gurugram,2.5,0,31.2,20.5,0.0971,0
HSC_2026_1003,HIGHER_SECONDARY,Male,17,Science (PCM),5-10 LPA,0,84.7,76.4,0,0,0.17,55.4,70.0,1,9,Bihar,BR,61.8,51.5,14.5,21.4,Katihar,48.7,1,91.1,44.3,0.7744,1
HSC_2026_1004,HIGHER_SECONDARY,Male,17,Science (PCM),5-10 LPA,1,72.8,45.0,1,0,0.55,52.8,34.0,1,6,Tamil Nadu,TN,80.1,73.4,51.4,8.1,Coimbatore,2.1,0,24.2,18.9,0.8739,1
HSC_2026_1005,HIGHER_SECONDARY,Male,18,Commerce,<2 LPA,0,83.1,97.0,0,1,0.67,56.0,85.8,0,3,Rajasthan,RJ,66.1,52.1,26.0,17.2,Jaipur,6.9,0,47.6,22.5,0.1428,0
HSC_2026_1006,HIGHER_SECONDARY,Female,18,Commerce,<2 LPA,0,75.0,81.3,0,1,0.62,62.7,76.9,0,1,Madhya Pradesh,MP,69.3,59.2,24.8,18.5,Alirajpur,52.0,1,92.2,39.5,0.2809,0
HSC_2026_1007,HIGHER_SECONDARY,Female,18,Science (PCM),2-5 LPA,1,81.7,60.0,1,0,0.98,50.7,61.7,0,4,Rajasthan,RJ,66.1,52.1,26.0,17.2,Jaipur,6.9,0,47.6,22.5,0.731,1
HSC_2026_1008,HIGHER_SECONDARY,Male,17,Commerce,<2 LPA,0,76.8,39.5,1,1,0.32,62.6,37.4,0,1,Bihar,BR,61.8,51.5,14.5,21.4,Katihar,48.7,1,91.1,44.3,0.6129,1
HSC_2026_1009,HIGHER_SECONDARY,Female,17,Arts / Humanities,2-5 LPA,1,97.4,70.3,1,1,0.29,66.1,68.7,0,5,Haryana,HR,75.6,65.9,29.8,12.5,Gurugram,2.5,0,31.2,20.5,0.2138,0
HSC_2026_1010,HIGHER_SECONDARY,Male,16,Science (PCB),<2 LPA,0,50.2,77.5,0,0,0.59,37.9,79.7,0,5,Tamil Nadu,TN,80.1,73.4,51.4,8.1,Ramanathapuram,7.8,1,69.7,22.1,0.643,1
HSC_2026_1011,HIGHER_SECONDARY,Female,17,Vocational / ITI,<2 LPA,0,64.1,61.8,1,0,0.73,45.3,65.6,1,5,Bihar,BR,61.8,51.5,14.5,21.4,Katihar,48.7,1,91.1,44.3,0.9091,1
HSC_2026_1012,HIGHER_SECONDARY,Female,16,Vocational / ITI,>10 LPA,0,62.3,76.7,0,1,0.22,43.2,88.8,0,2,Bihar,BR,61.8,51.5,14.5,21.4,Muzaffarpur,35.1,1,90.3,38.0,0.3799,0
HSC_2026_1013,HIGHER_SECONDARY,Male,17,Arts / Humanities,<2 LPA,0,57.4,77.4,0,1,0.77,49.0,83.0,0,1,Bihar,BR,61.8,51.5,14.5,21.4,Muzaffarpur,35.1,1,90.3,38.0,0.4009,1
HSC_2026_1014,HIGHER_SECONDARY,Male,18,Vocational / ITI,<2 LPA,0,49.6,71.4,1,1,0.77,28.2,96.4,1,2,Maharashtra,MH,82.3,75.9,32.3,11.2,Nandurbar,33.1,1,83.3,32.4,0.7902,1
HSC_2026_1015,HIGHER_SECONDARY,Female,16,Commerce,<2 LPA,1,81.9,54.3,1,0,0.69,41.5,54.3,0,7,Haryana,HR,75.6,65.9,29.8,12.5,Gurugram,2.5,0,31.2,20.5,0.8232,1
HSC_2026_1016,HIGHER_SECONDARY,Female,16,Commerce,5-10 LPA,1,62.9,62.6,1,1,0.9,33.2,55.5,0,0,Tamil Nadu,TN,80.1,73.4,51.4,8.1,Ramanathapuram,7.8,1,69.7,22.1,0.5984,1
HSC_2026_1017,HIGHER_SECONDARY,Female,16,Science (PCM),2-5 LPA,0,89.7,68.6,1,1,0.93,77.5,54.6,0,3,Uttar Pradesh,UP,67.7,57.2,23.2,16.8,Lucknow,8.5,0,33.8,24.1,0.2229,0
HSC_2026_1018,HIGHER_SECONDARY,Male,16,Commerce,5-10 LPA,1,62.3,45.4,1,0,0.23,36.4,37.9,0,9,Haryana,HR,75.6,65.9,29.8,12.5,Nuh / Mewat,44.8,1,88.6,47.0,0.9263,1
HSC_2026_1019,HIGHER_SECONDARY,Female,16,Arts / Humanities,2-5 LPA,1,69.8,75.0,1,1,0.74,57.2,65.6,0,0,Uttar Pradesh,UP,67.7,57.2,23.2,16.8,Balrampur,47.9,1,92.3,45.0,0.3717,1
HSC_2026_1020,HIGHER_SECONDARY,Male,16,Commerce,2-5 LPA,1,40.9,84.4,0,1,0.48,24.2,95.2,0,1,Haryana,HR,75.6,65.9,29.8,12.5,Gurugram,2.5,0,31.2,20.5,0.3895,0
HSC_2026_1021,HIGHER_SECONDARY,Female,18,Arts / Humanities,<2 LPA,0,73.7,82.0,0,1,0.78,51.2,85.4,1,0,Tamil Nadu,TN,80.1,73.4,51.4,8.1,Chennai,1.2,0,0.0,17.5,0.3549,0
HSC_2026_1022,HIGHER_SECONDARY,Female,17,Arts / Humanities,<2 LPA,1,62.4,72.5,1,1,0.65,45.2,85.9,0,2,Haryana,HR,75.6,65.9,29.8,12.5,Nuh / Mewat,44.8,1,88.6,47.0,0.5187,1
HSC_2026_1023,HIGHER_SECONDARY,Male,17,Vocational / ITI,>10 LPA,0,65.7,60.2,1,0,0.17,25.7,71.5,0,5,Kerala,KL,94.0,92.1,43.2,3.2,Ernakulam,0.6,0,31.9,14.8,0.7898,1
HSC_2026_1024,HIGHER_SECONDARY,Male,16,Science (PCB),5-10 LPA,0,84.4,70.2,1,0,0.56,51.6,66.3,0,5,Madhya Pradesh,MP,69.3,59.2,24.8,18.5,Alirajpur,52.0,1,92.2,39.5,0.7313,1
HSC_2026_1025,HIGHER_SECONDARY,Male,16,Science (PCB),5-10 LPA,0,58.7,80.4,0,1,0.29,47.6,72.9,0,3,Maharashtra,MH,82.3,75.9,32.3,11.2,Gadchiroli,28.5,1,89.0,28.9,0.3164,0
HSC_2026_1026,HIGHER_SECONDARY,Female,16,Vocational / ITI,<2 LPA,0,79.7,83.1,0,0,0.69,49.4,81.5,0,9,Maharashtra,MH,82.3,75.9,32.3,11.2,Pune,3.9,0,39.1,21.0,0.5659,1
HSC_2026_1027,HIGHER_SECONDARY,Male,17,Science (PCB),2-5 LPA,0,79.8,93.1,0,1,0.82,68.3,81.9,0,4,Madhya Pradesh,MP,69.3,59.2,24.8,18.5,Indore,6.8,0,25.9,21.8,0.1288,0
HSC_2026_1028,HIGHER_SECONDARY,Female,16,Science (PCB),2-5 LPA,0,78.1,77.3,0,1,0.68,74.9,82.3,0,3,Tamil Nadu,TN,80.1,73.4,51.4,8.1,Chennai,1.2,0,0.0,17.5,0.1415,0
HSC_2026_1029,HIGHER_SECONDARY,Male,17,Science (PCM),2-5 LPA,0,49.4,78.5,0,0,0.51,15.0,74.1,0,6,Gujarat,GJ,78.0,69.7,21.3,17.9,Ahmedabad,3.8,0,15.9,20.2,0.7989,1
HSC_2026_1030,HIGHER_SECONDARY,Male,17,Commerce,5-10 LPA,1,85.0,68.2,1,1,0.08,59.5,60.7,0,8,Tamil Nadu,TN,80.1,73.4,51.4,8.1,Ramanathapuram,7.8,1,69.7,22.1,0.3103,0
HSC_2026_1031,HIGHER_SECONDARY,Male,17,Science (PCM),2-5 LPA,1,74.3,67.9,1,1,0.5,51.5,69.1,0,1,Bihar,BR,61.8,51.5,14.5,21.4,Patna,18.2,0,56.4,28.5,0.3606,0
HSC_2026_1032,HIGHER_SECONDARY,Female,18,Commerce,5-10 LPA,0,96.8,46.7,1,1,0.56,87.1,24.3,0,1,Maharashtra,MH,82.3,75.9,32.3,11.2,Nandurbar,33.1,1,83.3,32.4,0.3075,0
HSC_2026_1033,HIGHER_SECONDARY,Male,16,Commerce,<2 LPA,0,90.7,100.0,0,1,0.34,79.0,100.0,0,2,Haryana,HR,75.6,65.9,29.8,12.5,Gurugram,2.5,0,31.2,20.5,0.0399,0
HSC_2026_1034,HIGHER_SECONDARY,Female,18,Arts / Humanities,2-5 LPA,1,39.9,73.8,1,1,0.75,28.8,68.4,0,2,Haryana,HR,75.6,65.9,29.8,12.5,Gurugram,2.5,0,31.2,20.5,0.5216,1
HSC_2026_1035,HIGHER_SECONDARY,Female,18,Arts / Humanities,5-10 LPA,1,79.1,65.6,1,1,0.57,70.9,66.2,0,3,Maharashtra,MH,82.3,75.9,32.3,11.2,Gadchiroli,28.5,1,89.0,28.9,0.299,0
HSC_2026_1036,HIGHER_SECONDARY,Female,17,Science (PCM),2-5 LPA,0,66.4,34.7,1,0,0.29,52.2,43.5,0,5,Maharashtra,MH,82.3,75.9,32.3,11.2,Pune,3.9,0,39.1,21.0,0.8141,1
HSC_2026_1037,HIGHER_SECONDARY,Female,16,Science (PCM),<2 LPA,0,89.9,92.4,0,1,0.56,75.5,100.0,0,3,Uttar Pradesh,UP,67.7,57.2,23.2,16.8,Shravasti,49.6,1,96.5,48.2,0.143,0
HSC_2026_1038,HIGHER_SECONDARY,Female,16,Arts / Humanities,5-10 LPA,1,86.9,56.3,1,1,0.25,54.2,47.1,0,3,Karnataka,KA,75.4,68.1,36.2,12.0,Yadgir,39.4,1,81.2,36.5,0.5198,1
HSC_2026_1039,HIGHER_SECONDARY,Female,18,Vocational / ITI,2-5 LPA,0,92.7,68.2,1,0,0.73,57.1,65.3,0,4,Karnataka,KA,75.4,68.1,36.2,12.0,Bengaluru Urban,1.8,0,9.1,18.2,0.5415,1
HSC_2026_1040,HIGHER_SECONDARY,Female,16,Science (PCM),<2 LPA,1,61.8,86.6,0,1,0.76,70.7,86.0,0,2,Karnataka,KA,75.4,68.1,36.2,12.0,Raichur,36.8,1,74.6,34.0,0.1834,0
HSC_2026_1041,HIGHER_SECONDARY,Female,18,Arts / Humanities,<2 LPA,0,73.4,91.2,0,1,0.9,62.3,96.8,0,1,Madhya Pradesh,MP,69.3,59.2,24.8,18.5,Bhopal,9.4,0,19.1,23.4,0.1486,0
HSC_2026_1042,HIGHER_SECONDARY,Female,18,Science (PCM),<2 LPA,1,53.1,87.0,0,0,0.69,28.6,80.2,0,6,Madhya Pradesh,MP,69.3,59.2,24.8,18.5,Barwani,46.1,1,85.5,37.1,0.7845,1
HSC_2026_1043,HIGHER_SECONDARY,Female,18,Arts / Humanities,>10 LPA,0,70.9,65.7,1,1,0.35,37.8,62.7,0,4,Kerala,KL,94.0,92.1,43.2,3.2,Wayanad,4.1,1,96.1,18.0,0.4864,1
HSC_2026_1044,HIGHER_SECONDARY,Male,17,Commerce,2-5 LPA,0,96.1,89.0,0,1,0.57,70.8,88.0,0,3,Gujarat,GJ,78.0,69.7,21.3,17.9,Ahmedabad,3.8,0,15.9,20.2,0.1037,0
HSC_2026_1045,HIGHER_SECONDARY,Female,18,Vocational / ITI,<2 LPA,0,73.6,89.3,0,1,0.42,69.4,93.6,0,1,Karnataka,KA,75.4,68.1,36.2,12.0,Bengaluru Urban,1.8,0,9.1,18.2,0.0817,1
HSC_2026_1046,HIGHER_SECONDARY,Female,18,Vocational / ITI,<2 LPA,1,69.5,67.8,1,0,0.41,38.2,68.2,1,10,Tamil Nadu,TN,80.1,73.4,51.4,8.1,Coimbatore,2.1,0,24.2,18.9,0.8577,1
HSC_2026_1047,HIGHER_SECONDARY,Male,17,Arts / Humanities,2-5 LPA,1,78.0,69.1,1,0,0.61,54.7,74.8,0,4,Karnataka,KA,75.4,68.1,36.2,12.0,Raichur,36.8,1,74.6,34.0,0.6584,1
HSC_2026_1048,HIGHER_SECONDARY,Male,17,Science (PCM),<2 LPA,0,81.9,78.4,0,1,0.61,69.4,80.4,1,0,Maharashtra,MH,82.3,75.9,32.3,11.2,Pune,3.9,0,39.1,21.0,0.2247,0
HSC_2026_1049,HIGHER_SECONDARY,Female,16,Science (PCM),>10 LPA,0,77.4,72.2,1,1,0.32,64.1,77.6,0,1,Haryana,HR,75.6,65.9,29.8,12.5,Gurugram,2.5,0,31.2,20.5,0.1679,0
HSC_2026_1050,HIGHER_SECONDARY,Female,17,Science (PCM),5-10 LPA,1,75.8,47.3,1,0,0.12,51.9,42.2,0,4,Maharashtra,MH,82.3,75.9,32.3,11.2,Pune,3.9,0,39.1,21.0,0.6836,1
HSC_2026_1051,HIGHER_SECONDARY,Female,16,Science (PCB),2-5 LPA,1,75.9,91.1,0,1,0.29,58.3,91.5,0,1,Maharashtra,MH,82.3,75.9,32.3,11.2,Mumbai,2.1,0,0.0,19.5,0.1033,0
HSC_2026_1052,HIGHER_SECONDARY,Female,18,Commerce,<2 LPA,1,78.2,64.7,1,1,0.85,65.9,56.2,1,1,Tamil Nadu,TN,80.1,73.4,51.4,8.1,Ramanathapuram,7.8,1,69.7,22.1,0.4396,1
HSC_2026_1053,HIGHER_SECONDARY,Male,16,Commerce,<2 LPA,0,66.8,53.2,1,0,0.7,29.0,47.8,1,6,Gujarat,GJ,78.0,69.7,21.3,17.9,Ahmedabad,3.8,0,15.9,20.2,0.9338,1
HSC_2026_1054,HIGHER_SECONDARY,Female,16,Arts / Humanities,5-10 LPA,1,79.4,90.9,0,1,0.29,86.5,89.8,0,1,Bihar,BR,61.8,51.5,14.5,21.4,Katihar,48.7,1,91.1,44.3,0.0739,0
HSC_2026_1055,HIGHER_SECONDARY,Female,17,Science (PCM),<2 LPA,0,81.2,62.8,1,1,0.65,74.9,66.7,1,1,Bihar,BR,61.8,51.5,14.5,21.4,Purnia,50.4,1,89.2,42.1,0.4965,0
HSC_2026_1056,HIGHER_SECONDARY,Male,17,Science (PCM),<2 LPA,0,73.7,65.7,1,0,0.74,50.4,59.6,0,4,Haryana,HR,75.6,65.9,29.8,12.5,Gurugram,2.5,0,31.2,20.5,0.6312,1
HSC_2026_1057,HIGHER_SECONDARY,Female,18,Commerce,2-5 LPA,1,82.4,73.4,1,1,0.48,71.2,72.3,0,2,Gujarat,GJ,78.0,69.7,21.3,17.9,Dahod,40.5,1,88.0,38.1,0.2411,0
HSC_2026_1058,HIGHER_SECONDARY,Female,17,Arts / Humanities,2-5 LPA,1,66.2,72.6,1,1,0.86,48.8,81.7,0,3,Uttar Pradesh,UP,67.7,57.2,23.2,16.8,Lucknow,8.5,0,33.8,24.1,0.4059,0
HSC_2026_1059,HIGHER_SECONDARY,Female,17,Vocational / ITI,2-5 LPA,1,77.7,51.4,1,0,0.83,46.9,58.1,0,5,Uttar Pradesh,UP,67.7,57.2,23.2,16.8,Lucknow,8.5,0,33.8,24.1,0.8142,1
HSC_2026_1060,HIGHER_SECONDARY,Male,17,Science (PCB),<2 LPA,1,78.2,92.1,0,1,0.94,64.6,84.4,0,2,Kerala,KL,94.0,92.1,43.2,3.2,Wayanad,4.1,1,96.1,18.0,0.1361,0
HSC_2026_1061,HIGHER_SECONDARY,Male,16,Vocational / ITI,<2 LPA,0,79.9,89.9,0,1,0.77,62.1,93.5,1,1,Tamil Nadu,TN,80.1,73.4,51.4,8.1,Coimbatore,2.1,0,24.2,18.9,0.2234,0
HSC_2026_1062,HIGHER_SECONDARY,Male,16,Vocational / ITI,2-5 LPA,1,73.7,73.6,1,1,0.66,64.9,65.1,0,3,Karnataka,KA,75.4,68.1,36.2,12.0,Bengaluru Urban,1.8,0,9.1,18.2,0.2177,0
HSC_2026_1063,HIGHER_SECONDARY,Male,17,Commerce,<2 LPA,0,77.6,81.7,0,1,0.8,62.7,74.6,0,4,Madhya Pradesh,MP,69.3,59.2,24.8,18.5,Bhopal,9.4,0,19.1,23.4,0.2277,0
HSC_2026_1064,HIGHER_SECONDARY,Male,16,Commerce,<2 LPA,1,78.7,45.0,1,0,0.96,55.1,42.2,0,4,Karnataka,KA,75.4,68.1,36.2,12.0,Yadgir,39.4,1,81.2,36.5,0.8708,1
HSC_2026_1065,HIGHER_SECONDARY,Female,18,Arts / Humanities,<2 LPA,1,60.0,69.8,1,1,0.71,39.1,75.7,0,4,Uttar Pradesh,UP,67.7,57.2,23.2,16.8,Balrampur,47.9,1,92.3,45.0,0.6611,1
HSC_2026_1066,HIGHER_SECONDARY,Male,17,Vocational / ITI,<2 LPA,0,55.9,78.8,0,1,0.89,42.9,86.0,0,2,Kerala,KL,94.0,92.1,43.2,3.2,Ernakulam,0.6,0,31.9,14.8,0.361,0
HSC_2026_1067,HIGHER_SECONDARY,Male,17,Vocational / ITI,<2 LPA,0,73.2,78.7,0,1,0.56,65.8,71.8,0,5,Kerala,KL,94.0,92.1,43.2,3.2,Ernakulam,0.6,0,31.9,14.8,0.1904,0
HSC_2026_1068,HIGHER_SECONDARY,Male,17,Science (PCM),5-10 LPA,0,84.3,80.6,0,0,0.11,48.9,67.0,0,5,Rajasthan,RJ,66.1,52.1,26.0,17.2,Jaipur,6.9,0,47.6,22.5,0.4197,0
HSC_2026_1069,HIGHER_SECONDARY,Female,18,Arts / Humanities,5-10 LPA,0,75.3,84.3,0,1,0.1,42.5,86.4,0,1,Haryana,HR,75.6,65.9,29.8,12.5,Gurugram,2.5,0,31.2,20.5,0.1935,0
HSC_2026_1070,HIGHER_SECONDARY,Male,17,Science (PCB),2-5 LPA,0,66.4,69.7,1,0,0.67,47.0,49.0,0,4,Madhya Pradesh,MP,69.3,59.2,24.8,18.5,Indore,6.8,0,25.9,21.8,0.6285,1
HSC_2026_1071,HIGHER_SECONDARY,Female,17,Science (PCM),2-5 LPA,0,73.3,65.6,1,1,0.78,55.4,56.3,0,1,Haryana,HR,75.6,65.9,29.8,12.5,Nuh / Mewat,44.8,1,88.6,47.0,0.4941,0
HSC_2026_1072,HIGHER_SECONDARY,Female,16,Science (PCB),5-10 LPA,1,80.7,77.3,0,1,0.73,76.0,65.2,0,3,Tamil Nadu,TN,80.1,73.4,51.4,8.1,Chennai,1.2,0,0.0,17.5,0.1413,0
HSC_2026_1073,HIGHER_SECONDARY,Female,17,Vocational / ITI,<2 LPA,1,79.3,60.6,1,0,0.65,54.8,49.7,0,5,Maharashtra,MH,82.3,75.9,32.3,11.2,Mumbai,2.1,0,0.0,19.5,0.6423,1
HSC_2026_1074,HIGHER_SECONDARY,Male,18,Science (PCB),<2 LPA,1,92.9,70.3,1,1,0.69,96.0,72.4,1,3,Maharashtra,MH,82.3,75.9,32.3,11.2,Nandurbar,33.1,1,83.3,32.4,0.2334,0
HSC_2026_1075,HIGHER_SECONDARY,Male,16,Vocational / ITI,2-5 LPA,0,61.5,69.1,1,1,0.86,51.0,88.1,0,2,Kerala,KL,94.0,92.1,43.2,3.2,Wayanad,4.1,1,96.1,18.0,0.3859,0
HSC_2026_1076,HIGHER_SECONDARY,Female,16,Commerce,<2 LPA,1,75.4,85.4,0,1,0.81,68.9,77.0,1,1,Karnataka,KA,75.4,68.1,36.2,12.0,Yadgir,39.4,1,81.2,36.5,0.3249,0
HSC_2026_1077,HIGHER_SECONDARY,Female,18,Science (PCB),<2 LPA,1,68.8,85.0,0,1,0.61,51.6,80.8,1,1,Karnataka,KA,75.4,68.1,36.2,12.0,Bengaluru Urban,1.8,0,9.1,18.2,0.3162,0
HSC_2026_1078,HIGHER_SECONDARY,Female,16,Commerce,2-5 LPA,1,69.6,81.6,0,1,0.6,54.5,70.8,0,3,Rajasthan,RJ,66.1,52.1,26.0,17.2,Jaisalmer,31.8,1,86.7,33.2,0.3107,0
HSC_2026_1079,HIGHER_SECONDARY,Male,16,Science (PCB),<2 LPA,1,65.3,96.7,0,1,0.7,47.4,82.0,0,3,Rajasthan,RJ,66.1,52.1,26.0,17.2,Jaisalmer,31.8,1,86.7,33.2,0.258,0
HSC_2026_1080,HIGHER_SECONDARY,Female,16,Commerce,>10 LPA,0,68.4,73.1,1,1,0.22,73.2,68.0,0,4,Kerala,KL,94.0,92.1,43.2,3.2,Wayanad,4.1,1,96.1,18.0,0.1431,1
HSC_2026_1081,HIGHER_SECONDARY,Male,16,Science (PCB),<2 LPA,1,44.8,65.9,1,1,0.78,27.3,72.6,0,0,Gujarat,GJ,78.0,69.7,21.3,17.9,Ahmedabad,3.8,0,15.9,20.2,0.5838,1
HSC_2026_1082,HIGHER_SECONDARY,Female,16,Science (PCB),<2 LPA,0,58.2,55.8,1,0,0.56,37.5,45.2,1,8,Tamil Nadu,TN,80.1,73.4,51.4,8.1,Chennai,1.2,0,0.0,17.5,0.9034,0
HSC_2026_1083,HIGHER_SECONDARY,Male,18,Science (PCB),2-5 LPA,0,62.6,61.0,1,0,0.81,29.9,66.0,0,2,Gujarat,GJ,78.0,69.7,21.3,17.9,Narmada,32.4,1,89.5,30.5,0.8639,1
HSC_2026_1084,HIGHER_SECONDARY,Female,18,Commerce,<2 LPA,0,52.6,60.0,1,1,0.96,29.9,58.8,0,2,Maharashtra,MH,82.3,75.9,32.3,11.2,Pune,3.9,0,39.1,21.0,0.6838,1
HSC_2026_1085,HIGHER_SECONDARY,Female,17,Science (PCB),2-5 LPA,0,67.2,63.2,1,0,0.67,49.2,55.5,0,6,Gujarat,GJ,78.0,69.7,21.3,17.9,Dahod,40.5,1,88.0,38.1,0.7963,1
HSC_2026_1086,HIGHER_SECONDARY,Male,17,Arts / Humanities,5-10 LPA,0,72.7,80.0,0,1,0.07,53.5,82.4,0,3,Uttar Pradesh,UP,67.7,57.2,23.2,16.8,Lucknow,8.5,0,33.8,24.1,0.1908,0
HSC_2026_1087,HIGHER_SECONDARY,Female,16,Science (PCM),<2 LPA,1,64.1,66.6,1,0,0.57,52.4,63.2,0,5,Uttar Pradesh,UP,67.7,57.2,23.2,16.8,Varanasi,16.3,0,56.6,29.4,0.6424,1
HSC_2026_1088,HIGHER_SECONDARY,Female,17,Commerce,2-5 LPA,0,69.8,92.0,0,1,0.25,76.5,99.1,0,0,Gujarat,GJ,78.0,69.7,21.3,17.9,Narmada,32.4,1,89.5,30.5,0.0728,1
HSC_2026_1089,HIGHER_SECONDARY,Female,17,Vocational / ITI,2-5 LPA,0,95.2,65.8,1,0,0.57,77.4,67.3,1,4,Rajasthan,RJ,66.1,52.1,26.0,17.2,Jaipur,6.9,0,47.6,22.5,0.5252,1
HSC_2026_1090,HIGHER_SECONDARY,Male,16,Commerce,5-10 LPA,0,66.1,88.1,0,0,0.59,53.0,83.1,0,6,Madhya Pradesh,MP,69.3,59.2,24.8,18.5,Indore,6.8,0,25.9,21.8,0.4146,0
HSC_2026_1091,HIGHER_SECONDARY,Male,18,Science (PCB),5-10 LPA,1,78.5,60.6,1,0,0.22,47.6,61.5,1,7,Tamil Nadu,TN,80.1,73.4,51.4,8.1,Coimbatore,2.1,0,24.2,18.9,0.7928,1
HSC_2026_1092,HIGHER_SECONDARY,Male,17,Commerce,2-5 LPA,1,71.4,100.0,0,1,0.79,52.4,91.6,0,2,Haryana,HR,75.6,65.9,29.8,12.5,Nuh / Mewat,44.8,1,88.6,47.0,0.2316,0
HSC_2026_1093,HIGHER_SECONDARY,Male,17,Science (PCM),<2 LPA,0,57.0,66.0,1,1,0.82,44.5,54.8,1,0,Uttar Pradesh,UP,67.7,57.2,23.2,16.8,Balrampur,47.9,1,92.3,45.0,0.7352,1
HSC_2026_1094,HIGHER_SECONDARY,Male,18,Vocational / ITI,<2 LPA,0,88.3,59.8,1,1,0.8,56.4,69.0,0,2,Kerala,KL,94.0,92.1,43.2,3.2,Thiruvananthapuram,0.9,0,46.2,15.2,0.4032,0
HSC_2026_1095,HIGHER_SECONDARY,Male,18,Commerce,<2 LPA,0,69.7,67.6,1,1,0.82,55.1,80.5,0,2,Gujarat,GJ,78.0,69.7,21.3,17.9,Narmada,32.4,1,89.5,30.5,0.4579,0
HSC_2026_1096,HIGHER_SECONDARY,Male,18,Arts / Humanities,<2 LPA,0,60.4,86.8,0,1,0.45,66.0,95.8,1,1,Karnataka,KA,75.4,68.1,36.2,12.0,Bengaluru Urban,1.8,0,9.1,18.2,0.1799,0
HSC_2026_1097,HIGHER_SECONDARY,Male,18,Commerce,<2 LPA,0,67.2,89.5,0,1,0.58,60.7,94.7,0,4,Gujarat,GJ,78.0,69.7,21.3,17.9,Dahod,40.5,1,88.0,38.1,0.2407,0
HSC_2026_1098,HIGHER_SECONDARY,Male,16,Vocational / ITI,5-10 LPA,1,80.6,100.0,0,1,0.36,69.3,100.0,0,4,Maharashtra,MH,82.3,75.9,32.3,11.2,Nandurbar,33.1,1,83.3,32.4,0.102,0
HSC_2026_1099,HIGHER_SECONDARY,Male,18,Science (PCB),2-5 LPA,0,86.6,76.3,0,1,0.8,46.7,83.7,0,2,Tamil Nadu,TN,80.1,73.4,51.4,8.1,Coimbatore,2.1,0,24.2,18.9,0.3398,0
HSC_2026_1100,HIGHER_SECONDARY,Female,16,Arts / Humanities,2-5 LPA,1,72.4,89.5,0,1,0.36,50.6,86.3,0,1,Haryana,HR,75.6,65.9,29.8,12.5,Nuh / Mewat,44.8,1,88.6,47.0,0.2477,0
HSC_2026_1101,HIGHER_SECONDARY,Male,16,Commerce,2-5 LPA,1,83.7,74.9,1,1,0.72,63.9,77.7,0,3,Karnataka,KA,75.4,68.1,36.2,12.0,Raichur,36.8,1,74.6,34.0,0.328,0
HSC_2026_1102,HIGHER_SECONDARY,Male,16,Arts / Humanities,<2 LPA,0,79.1,36.7,1,0,0.82,52.0,48.8,1,6,Madhya Pradesh,MP,69.3,59.2,24.8,18.5,Barwani,46.1,1,85.5,37.1,0.9592,1
HSC_2026_1103,HIGHER_SECONDARY,Female,17,Science (PCB),<2 LPA,0,66.7,69.0,1,1,0.54,44.5,69.7,0,3,Rajasthan,RJ,66.1,52.1,26.0,17.2,Kota,8.2,0,39.7,21.0,0.4235,0
HSC_2026_1104,HIGHER_SECONDARY,Female,18,Science (PCB),<2 LPA,1,60.7,62.7,1,0,0.22,37.9,67.4,1,6,Madhya Pradesh,MP,69.3,59.2,24.8,18.5,Alirajpur,52.0,1,92.2,39.5,0.9088,1
HSC_2026_1105,HIGHER_SECONDARY,Female,17,Science (PCB),2-5 LPA,1,76.4,65.3,1,1,0.46,72.1,54.7,1,5,Karnataka,KA,75.4,68.1,36.2,12.0,Yadgir,39.4,1,81.2,36.5,0.5003,1
HSC_2026_1106,HIGHER_SECONDARY,Male,16,Science (PCM),2-5 LPA,0,82.7,41.0,1,0,0.57,29.1,46.2,0,5,Gujarat,GJ,78.0,69.7,21.3,17.9,Dahod,40.5,1,88.0,38.1,0.9458,1
HSC_2026_1107,HIGHER_SECONDARY,Female,18,Science (PCB),5-10 LPA,1,81.2,54.9,1,0,0.26,40.7,58.2,0,8,Gujarat,GJ,78.0,69.7,21.3,17.9,Narmada,32.4,1,89.5,30.5,0.8518,1
HSC_2026_1108,HIGHER_SECONDARY,Female,16,Science (PCM),2-5 LPA,1,82.7,80.0,0,1,0.4,61.7,82.9,0,1,Rajasthan,RJ,66.1,52.1,26.0,17.2,Jaipur,6.9,0,47.6,22.5,0.1561,0
HSC_2026_1109,HIGHER_SECONDARY,Female,18,Science (PCM),<2 LPA,0,71.6,76.3,0,1,0.91,67.8,77.2,0,3,Madhya Pradesh,MP,69.3,59.2,24.8,18.5,Alirajpur,52.0,1,92.2,39.5,0.3648,0
HSC_2026_1110,HIGHER_SECONDARY,Male,17,Arts / Humanities,2-5 LPA,1,68.7,72.1,1,1,0.59,83.9,87.2,1,2,Gujarat,GJ,78.0,69.7,21.3,17.9,Dahod,40.5,1,88.0,38.1,0.3013,0
HSC_2026_1111,HIGHER_SECONDARY,Male,18,Vocational / ITI,<2 LPA,1,67.3,43.1,1,1,0.46,50.2,29.2,0,1,Uttar Pradesh,UP,67.7,57.2,23.2,16.8,Shravasti,49.6,1,96.5,48.2,0.7132,1
HSC_2026_1112,HIGHER_SECONDARY,Male,17,Arts / Humanities,<2 LPA,1,71.5,90.0,0,1,0.44,56.7,98.3,0,5,Karnataka,KA,75.4,68.1,36.2,12.0,Yadgir,39.4,1,81.2,36.5,0.2566,0
HSC_2026_1113,HIGHER_SECONDARY,Female,17,Commerce,<2 LPA,0,75.3,52.4,1,1,0.26,54.9,53.5,0,4,Bihar,BR,61.8,51.5,14.5,21.4,Patna,18.2,0,56.4,28.5,0.4935,0
HSC_2026_1114,HIGHER_SECONDARY,Female,18,Arts / Humanities,<2 LPA,1,76.0,54.5,1,1,0.86,58.1,41.5,0,5,Tamil Nadu,TN,80.1,73.4,51.4,8.1,Coimbatore,2.1,0,24.2,18.9,0.5145,1
HSC_2026_1115,HIGHER_SECONDARY,Female,16,Commerce,2-5 LPA,0,60.7,64.9,1,0,0.76,37.4,67.1,0,6,Karnataka,KA,75.4,68.1,36.2,12.0,Yadgir,39.4,1,81.2,36.5,0.8569,1
HSC_2026_1116,HIGHER_SECONDARY,Female,16,Science (PCB),2-5 LPA,0,85.5,68.9,1,1,0.93,72.8,54.5,0,1,Bihar,BR,61.8,51.5,14.5,21.4,Muzaffarpur,35.1,1,90.3,38.0,0.2989,0
HSC_2026_1117,HIGHER_SECONDARY,Female,18,Arts / Humanities,2-5 LPA,0,88.3,91.8,0,1,0.94,65.0,92.9,0,1,Kerala,KL,94.0,92.1,43.2,3.2,Thiruvananthapuram,0.9,0,46.2,15.2,0.1221,0
HSC_2026_1118,HIGHER_SECONDARY,Female,17,Vocational / ITI,2-5 LPA,0,58.2,96.6,0,1,0.5,21.2,90.0,0,3,Kerala,KL,94.0,92.1,43.2,3.2,Wayanad,4.1,1,96.1,18.0,0.3487,0
HSC_2026_1119,HIGHER_SECONDARY,Male,16,Arts / Humanities,<2 LPA,0,74.9,92.5,0,1,0.87,62.1,86.6,0,0,Gujarat,GJ,78.0,69.7,21.3,17.9,Narmada,32.4,1,89.5,30.5,0.1747,0
HSC_2026_1120,HIGHER_SECONDARY,Male,17,Science (PCM),2-5 LPA,0,82.3,52.9,1,0,0.79,33.4,61.9,0,6,Haryana,HR,75.6,65.9,29.8,12.5,Nuh / Mewat,44.8,1,88.6,47.0,0.9262,1
HSC_2026_1121,HIGHER_SECONDARY,Female,16,Science (PCM),<2 LPA,1,75.3,85.6,0,1,0.75,68.7,59.0,0,2,Uttar Pradesh,UP,67.7,57.2,23.2,16.8,Balrampur,47.9,1,92.3,45.0,0.228,0
HSC_2026_1122,HIGHER_SECONDARY,Female,18,Vocational / ITI,2-5 LPA,1,85.9,62.6,1,1,0.78,63.2,64.0,0,3,Karnataka,KA,75.4,68.1,36.2,12.0,Bengaluru Urban,1.8,0,9.1,18.2,0.3357,0
HSC_2026_1123,HIGHER_SECONDARY,Female,16,Commerce,<2 LPA,1,62.0,81.8,0,1,0.78,40.0,74.1,0,3,Haryana,HR,75.6,65.9,29.8,12.5,Gurugram,2.5,0,31.2,20.5,0.3642,0
HSC_2026_1124,HIGHER_SECONDARY,Male,17,Vocational / ITI,2-5 LPA,0,79.4,74.0,1,1,0.68,55.3,69.0,0,3,Gujarat,GJ,78.0,69.7,21.3,17.9,Ahmedabad,3.8,0,15.9,20.2,0.2926,0
HSC_2026_1125,HIGHER_SECONDARY,Male,18,Commerce,<2 LPA,0,74.6,79.2,0,1,0.36,59.4,89.2,1,4,Maharashtra,MH,82.3,75.9,32.3,11.2,Nandurbar,33.1,1,83.3,32.4,0.4212,0
HSC_2026_1126,HIGHER_SECONDARY,Female,17,Science (PCB),<2 LPA,0,61.3,90.6,0,1,0.77,50.7,89.3,0,4,Rajasthan,RJ,66.1,52.1,26.0,17.2,Jaisalmer,31.8,1,86.7,33.2,0.3087,0
HSC_2026_1127,HIGHER_SECONDARY,Female,18,Arts / Humanities,<2 LPA,0,69.1,85.5,0,0,0.94,40.6,96.1,0,2,Kerala,KL,94.0,92.1,43.2,3.2,Thiruvananthapuram,0.9,0,46.2,15.2,0.5209,1
HSC_2026_1128,HIGHER_SECONDARY,Female,16,Science (PCB),2-5 LPA,0,63.5,85.6,0,1,0.81,57.2,93.8,0,0,Karnataka,KA,75.4,68.1,36.2,12.0,Raichur,36.8,1,74.6,34.0,0.2563,0
HSC_2026_1129,HIGHER_SECONDARY,Female,17,Commerce,<2 LPA,1,73.2,46.7,1,0,0.8,53.4,52.4,1,8,Kerala,KL,94.0,92.1,43.2,3.2,Wayanad,4.1,1,96.1,18.0,0.9022,0
HSC_2026_1130,HIGHER_SECONDARY,Female,16,Arts / Humanities,<2 LPA,0,64.5,63.2,1,0,0.75,38.4,49.1,0,11,Maharashtra,MH,82.3,75.9,32.3,11.2,Gadchiroli,28.5,1,89.0,28.9,0.8862,1
HSC_2026_1131,HIGHER_SECONDARY,Female,16,Commerce,<2 LPA,0,83.5,67.2,1,1,0.54,57.8,72.2,0,7,Madhya Pradesh,MP,69.3,59.2,24.8,18.5,Bhopal,9.4,0,19.1,23.4,0.3995,0
HSC_2026_1132,HIGHER_SECONDARY,Female,18,Vocational / ITI,2-5 LPA,0,53.6,49.8,1,1,0.6,50.7,55.7,0,3,Gujarat,GJ,78.0,69.7,21.3,17.9,Ahmedabad,3.8,0,15.9,20.2,0.5499,1
HSC_2026_1133,HIGHER_SECONDARY,Female,16,Science (PCM),2-5 LPA,0,73.4,95.7,0,1,0.79,60.7,86.2,0,0,Madhya Pradesh,MP,69.3,59.2,24.8,18.5,Indore,6.8,0,25.9,21.8,0.112,1
HSC_2026_1134,HIGHER_SECONDARY,Female,17,Commerce,2-5 LPA,0,49.5,51.3,1,0,0.89,26.9,54.0,0,7,Karnataka,KA,75.4,68.1,36.2,12.0,Raichur,36.8,1,74.6,34.0,0.9467,1
HSC_2026_1135,HIGHER_SECONDARY,Male,16,Arts / Humanities,2-5 LPA,1,73.1,82.3,0,1,0.51,52.3,100.0,0,2,Rajasthan,RJ,66.1,52.1,26.0,17.2,Kota,8.2,0,39.7,21.0,0.2232,0
HSC_2026_1136,HIGHER_SECONDARY,Male,17,Arts / Humanities,2-5 LPA,0,73.5,81.9,0,1,0.69,64.2,81.9,0,4,Rajasthan,RJ,66.1,52.1,26.0,17.2,Jaipur,6.9,0,47.6,22.5,0.1975,0
HSC_2026_1137,HIGHER_SECONDARY,Female,17,Arts / Humanities,<2 LPA,0,71.3,59.3,1,1,0.45,63.1,67.8,0,4,Madhya Pradesh,MP,69.3,59.2,24.8,18.5,Bhopal,9.4,0,19.1,23.4,0.3547,0
HSC_2026_1138,HIGHER_SECONDARY,Female,16,Vocational / ITI,<2 LPA,0,47.3,52.6,1,0,0.7,37.2,52.0,0,4,Madhya Pradesh,MP,69.3,59.2,24.8,18.5,Bhopal,9.4,0,19.1,23.4,0.837,1
HSC_2026_1139,HIGHER_SECONDARY,Male,16,Arts / Humanities,<2 LPA,1,70.2,89.9,0,1,0.75,65.0,80.7,1,4,Madhya Pradesh,MP,69.3,59.2,24.8,18.5,Indore,6.8,0,25.9,21.8,0.2575,0
HSC_2026_1140,HIGHER_SECONDARY,Male,18,Commerce,<2 LPA,1,83.4,84.0,0,1,0.57,65.5,79.7,0,4,Uttar Pradesh,UP,67.7,57.2,23.2,16.8,Varanasi,16.3,0,56.6,29.4,0.1846,0
HSC_2026_1141,HIGHER_SECONDARY,Female,17,Arts / Humanities,5-10 LPA,0,63.8,55.3,1,1,0.4,23.9,66.2,0,4,Karnataka,KA,75.4,68.1,36.2,12.0,Bengaluru Urban,1.8,0,9.1,18.2,0.7104,1
HSC_2026_1142,HIGHER_SECONDARY,Female,16,Vocational / ITI,5-10 LPA,0,87.7,88.8,0,1,0.77,87.6,100.0,0,5,Maharashtra,MH,82.3,75.9,32.3,11.2,Pune,3.9,0,39.1,21.0,0.0775,0
HSC_2026_1143,HIGHER_SECONDARY,Male,17,Science (PCM),<2 LPA,0,53.6,100.0,0,1,0.32,41.1,100.0,0,2,Gujarat,GJ,78.0,69.7,21.3,17.9,Narmada,32.4,1,89.5,30.5,0.2126,0
HSC_2026_1144,HIGHER_SECONDARY,Male,17,Science (PCB),5-10 LPA,1,63.0,97.5,0,1,0.33,58.7,85.3,0,3,Tamil Nadu,TN,80.1,73.4,51.4,8.1,Chennai,1.2,0,0.0,17.5,0.0946,0
HSC_2026_1145,HIGHER_SECONDARY,Female,16,Arts / Humanities,>10 LPA,1,81.5,72.7,1,1,0.52,65.6,71.6,0,0,Uttar Pradesh,UP,67.7,57.2,23.2,16.8,Noida / Gautam Buddha Nagar,7.1,0,40.9,22.0,0.1775,0
HSC_2026_1146,HIGHER_SECONDARY,Female,17,Commerce,2-5 LPA,0,65.5,47.1,1,0,0.33,34.3,48.3,1,6,Kerala,KL,94.0,92.1,43.2,3.2,Wayanad,4.1,1,96.1,18.0,0.9183,1
HSC_2026_1147,HIGHER_SECONDARY,Male,16,Science (PCM),<2 LPA,1,72.2,86.5,0,1,0.61,60.4,88.8,0,2,Karnataka,KA,75.4,68.1,36.2,12.0,Raichur,36.8,1,74.6,34.0,0.2292,0
HSC_2026_1148,HIGHER_SECONDARY,Male,18,Vocational / ITI,2-5 LPA,0,68.5,100.0,0,1,0.9,54.5,93.9,0,3,Karnataka,KA,75.4,68.1,36.2,12.0,Bengaluru Urban,1.8,0,9.1,18.2,0.1468,0
HSC_2026_1149,HIGHER_SECONDARY,Female,18,Commerce,<2 LPA,0,53.1,70.4,1,0,0.81,30.0,61.6,1,1,Bihar,BR,61.8,51.5,14.5,21.4,Gaya,38.6,1,86.8,36.2,0.894,1
HSC_2026_1150,HIGHER_SECONDARY,Female,16,Science (PCB),5-10 LPA,0,91.1,100.0,0,1,0.44,71.0,92.7,0,2,Karnataka,KA,75.4,68.1,36.2,12.0,Bengaluru Urban,1.8,0,9.1,18.2,0.0567,0
HSC_2026_1151,HIGHER_SECONDARY,Female,16,Commerce,5-10 LPA,1,56.8,72.3,1,1,0.2,44.9,77.8,0,2,Uttar Pradesh,UP,67.7,57.2,23.2,16.8,Lucknow,8.5,0,33.8,24.1,0.312,0
HSC_2026_1152,HIGHER_SECONDARY,Male,16,Commerce,<2 LPA,1,77.1,82.5,0,1,0.84,68.1,100.0,1,5,Gujarat,GJ,78.0,69.7,21.3,17.9,Ahmedabad,3.8,0,15.9,20.2,0.3144,0
HSC_2026_1153,HIGHER_SECONDARY,Male,16,Commerce,2-5 LPA,0,88.3,73.5,1,1,0.82,65.3,76.8,0,4,Kerala,KL,94.0,92.1,43.2,3.2,Ernakulam,0.6,0,31.9,14.8,0.2486,0
HSC_2026_1154,HIGHER_SECONDARY,Male,17,Vocational / ITI,2-5 LPA,1,54.6,92.1,0,1,0.63,46.7,91.9,0,4,Tamil Nadu,TN,80.1,73.4,51.4,8.1,Chennai,1.2,0,0.0,17.5,0.218,0
HSC_2026_1155,HIGHER_SECONDARY,Male,16,Vocational / ITI,5-10 LPA,1,83.7,72.8,1,1,0.63,80.0,68.7,1,3,Gujarat,GJ,78.0,69.7,21.3,17.9,Narmada,32.4,1,89.5,30.5,0.3239,0
HSC_2026_1156,HIGHER_SECONDARY,Male,16,Science (PCM),2-5 LPA,0,72.8,98.4,0,1,0.49,50.5,100.0,0,7,Madhya Pradesh,MP,69.3,59.2,24.8,18.5,Alirajpur,52.0,1,92.2,39.5,0.3142,0
HSC_2026_1157,HIGHER_SECONDARY,Female,16,Commerce,2-5 LPA,0,88.7,76.6,0,1,0.23,58.4,73.7,0,4,Haryana,HR,75.6,65.9,29.8,12.5,Nuh / Mewat,44.8,1,88.6,47.0,0.322,0
HSC_2026_1158,HIGHER_SECONDARY,Male,16,Vocational / ITI,<2 LPA,1,82.6,95.2,0,1,0.78,55.2,89.6,0,7,Bihar,BR,61.8,51.5,14.5,21.4,Purnia,50.4,1,89.2,42.1,0.3453,0
HSC_2026_1159,HIGHER_SECONDARY,Female,18,Vocational / ITI,<2 LPA,1,77.7,69.9,1,0,0.58,50.4,74.0,0,5,Gujarat,GJ,78.0,69.7,21.3,17.9,Dahod,40.5,1,88.0,38.1,0.7112,1
HSC_2026_1160,HIGHER_SECONDARY,Male,17,Vocational / ITI,>10 LPA,0,64.8,61.6,1,0,0.07,38.9,65.1,0,11,Tamil Nadu,TN,80.1,73.4,51.4,8.1,Chennai,1.2,0,0.0,17.5,0.7654,1
HSC_2026_1161,HIGHER_SECONDARY,Female,18,Vocational / ITI,2-5 LPA,0,77.2,64.3,1,1,0.85,61.9,56.1,0,2,Haryana,HR,75.6,65.9,29.8,12.5,Gurugram,2.5,0,31.2,20.5,0.3279,0
HSC_2026_1162,HIGHER_SECONDARY,Female,16,Arts / Humanities,2-5 LPA,0,61.2,100.0,0,1,0.66,67.1,99.3,0,2,Kerala,KL,94.0,92.1,43.2,3.2,Thiruvananthapuram,0.9,0,46.2,15.2,0.0753,0
HSC_2026_1163,HIGHER_SECONDARY,Male,18,Science (PCM),<2 LPA,1,72.3,41.1,1,0,0.76,56.1,43.4,0,6,Tamil Nadu,TN,80.1,73.4,51.4,8.1,Ramanathapuram,7.8,1,69.7,22.1,0.8259,1
HSC_2026_1164,HIGHER_SECONDARY,Male,18,Science (PCB),5-10 LPA,1,58.3,58.8,1,1,0.11,52.7,67.4,0,2,Maharashtra,MH,82.3,75.9,32.3,11.2,Nandurbar,33.1,1,83.3,32.4,0.4394,0
HSC_2026_1165,HIGHER_SECONDARY,Female,16,Vocational / ITI,2-5 LPA,0,80.4,64.0,1,0,0.74,64.6,62.4,0,5,Maharashtra,MH,82.3,75.9,32.3,11.2,Nandurbar,33.1,1,83.3,32.4,0.6461,1
HSC_2026_1166,HIGHER_SECONDARY,Female,17,Vocational / ITI,2-5 LPA,1,80.1,65.7,1,0,0.58,39.1,79.2,0,8,Tamil Nadu,TN,80.1,73.4,51.4,8.1,Ramanathapuram,7.8,1,69.7,22.1,0.7773,1
HSC_2026_1167,HIGHER_SECONDARY,Female,17,Commerce,2-5 LPA,0,56.2,100.0,0,1,0.88,27.1,85.1,0,1,Madhya Pradesh,MP,69.3,59.2,24.8,18.5,Barwani,46.1,1,85.5,37.1,0.4433,0
HSC_2026_1168,HIGHER_SECONDARY,Male,18,Vocational / ITI,2-5 LPA,1,85.2,40.2,1,0,0.78,48.5,45.7,0,7,Rajasthan,RJ,66.1,52.1,26.0,17.2,Kota,8.2,0,39.7,21.0,0.8791,1
HSC_2026_1169,HIGHER_SECONDARY,Female,17,Commerce,5-10 LPA,0,83.2,100.0,0,1,0.34,68.6,99.0,0,3,Tamil Nadu,TN,80.1,73.4,51.4,8.1,Ramanathapuram,7.8,1,69.7,22.1,0.0676,0
HSC_2026_1170,HIGHER_SECONDARY,Female,16,Arts / Humanities,<2 LPA,1,87.3,56.7,1,1,0.76,48.9,50.2,0,2,Uttar Pradesh,UP,67.7,57.2,23.2,16.8,Lucknow,8.5,0,33.8,24.1,0.5252,1
HSC_2026_1171,HIGHER_SECONDARY,Female,18,Vocational / ITI,>10 LPA,0,66.9,93.0,0,1,0.64,59.0,100.0,0,0,Tamil Nadu,TN,80.1,73.4,51.4,8.1,Ramanathapuram,7.8,1,69.7,22.1,0.1197,0
HSC_2026_1172,HIGHER_SECONDARY,Male,18,Science (PCB),<2 LPA,0,64.3,57.2,1,1,0.33,47.7,63.2,0,1,Kerala,KL,94.0,92.1,43.2,3.2,Thiruvananthapuram,0.9,0,46.2,15.2,0.4025,0
HSC_2026_1173,HIGHER_SECONDARY,Male,17,Science (PCB),2-5 LPA,1,60.5,65.1,1,0,0.81,18.1,69.5,0,4,Gujarat,GJ,78.0,69.7,21.3,17.9,Narmada,32.4,1,89.5,30.5,0.9084,1
HSC_2026_1174,HIGHER_SECONDARY,Male,17,Arts / Humanities,<2 LPA,0,63.1,76.1,0,1,0.45,25.9,70.0,0,1,Uttar Pradesh,UP,67.7,57.2,23.2,16.8,Noida / Gautam Buddha Nagar,7.1,0,40.9,22.0,0.4664,0
HSC_2026_1175,HIGHER_SECONDARY,Female,16,Science (PCB),2-5 LPA,1,69.3,85.2,0,1,0.94,58.1,83.5,0,1,Maharashtra,MH,82.3,75.9,32.3,11.2,Nandurbar,33.1,1,83.3,32.4,0.2766,0
HSC_2026_1176,HIGHER_SECONDARY,Female,18,Arts / Humanities,>10 LPA,1,51.7,43.9,1,0,0.34,36.9,39.1,1,6,Gujarat,GJ,78.0,69.7,21.3,17.9,Dahod,40.5,1,88.0,38.1,0.9526,1
HSC_2026_1177,HIGHER_SECONDARY,Male,16,Arts / Humanities,<2 LPA,0,60.5,61.7,1,1,0.84,46.3,67.3,0,2,Rajasthan,RJ,66.1,52.1,26.0,17.2,Jaisalmer,31.8,1,86.7,33.2,0.6022,1
HSC_2026_1178,HIGHER_SECONDARY,Male,16,Science (PCM),<2 LPA,0,68.8,51.8,1,1,0.48,64.6,51.8,0,2,Haryana,HR,75.6,65.9,29.8,12.5,Nuh / Mewat,44.8,1,88.6,47.0,0.5086,1
HSC_2026_1179,HIGHER_SECONDARY,Female,18,Commerce,<2 LPA,1,92.0,85.8,0,1,0.87,88.1,89.7,0,4,Bihar,BR,61.8,51.5,14.5,21.4,Patna,18.2,0,56.4,28.5,0.1031,0
HSC_2026_1180,HIGHER_SECONDARY,Female,17,Commerce,5-10 LPA,1,61.8,65.8,1,1,0.07,47.7,63.6,0,4,Haryana,HR,75.6,65.9,29.8,12.5,Nuh / Mewat,44.8,1,88.6,47.0,0.4939,0
HSC_2026_1181,HIGHER_SECONDARY,Male,16,Science (PCB),2-5 LPA,0,75.6,85.0,0,1,0.9,57.0,87.7,0,4,Kerala,KL,94.0,92.1,43.2,3.2,Wayanad,4.1,1,96.1,18.0,0.2423,0
HSC_2026_1182,HIGHER_SECONDARY,Male,16,Commerce,5-10 LPA,0,77.2,72.4,1,0,0.15,57.3,78.8,0,3,Madhya Pradesh,MP,69.3,59.2,24.8,18.5,Indore,6.8,0,25.9,21.8,0.3897,0
HSC_2026_1183,HIGHER_SECONDARY,Male,17,Commerce,5-10 LPA,1,83.8,64.9,1,1,0.08,72.1,56.1,1,1,Kerala,KL,94.0,92.1,43.2,3.2,Wayanad,4.1,1,96.1,18.0,0.247,0
HSC_2026_1184,HIGHER_SECONDARY,Male,18,Science (PCB),2-5 LPA,0,76.7,72.6,1,1,0.7,54.6,59.1,1,3,Haryana,HR,75.6,65.9,29.8,12.5,Nuh / Mewat,44.8,1,88.6,47.0,0.6172,1
HSC_2026_1185,HIGHER_SECONDARY,Female,18,Science (PCM),<2 LPA,0,80.9,100.0,0,1,0.85,58.8,94.3,1,2,Uttar Pradesh,UP,67.7,57.2,23.2,16.8,Noida / Gautam Buddha Nagar,7.1,0,40.9,22.0,0.2122,0
HSC_2026_1186,HIGHER_SECONDARY,Female,18,Science (PCM),2-5 LPA,1,76.6,88.1,0,1,0.49,61.2,74.5,0,2,Uttar Pradesh,UP,67.7,57.2,23.2,16.8,Varanasi,16.3,0,56.6,29.4,0.1528,0
HSC_2026_1187,HIGHER_SECONDARY,Male,17,Science (PCB),<2 LPA,0,55.8,84.3,0,1,0.92,49.5,93.6,1,5,Haryana,HR,75.6,65.9,29.8,12.5,Gurugram,2.5,0,31.2,20.5,0.4737,0
HSC_2026_1188,HIGHER_SECONDARY,Male,18,Vocational / ITI,2-5 LPA,0,80.6,61.9,1,1,0.63,67.9,49.1,0,4,Tamil Nadu,TN,80.1,73.4,51.4,8.1,Coimbatore,2.1,0,24.2,18.9,0.2968,0
HSC_2026_1189,HIGHER_SECONDARY,Male,16,Science (PCB),2-5 LPA,0,51.8,72.4,1,1,0.44,39.1,75.7,0,2,Bihar,BR,61.8,51.5,14.5,21.4,Gaya,38.6,1,86.8,36.2,0.5141,1
HSC_2026_1190,HIGHER_SECONDARY,Female,18,Arts / Humanities,<2 LPA,1,76.4,64.0,1,1,0.52,65.1,77.7,0,2,Karnataka,KA,75.4,68.1,36.2,12.0,Raichur,36.8,1,74.6,34.0,0.364,0
HSC_2026_1191,HIGHER_SECONDARY,Male,18,Commerce,2-5 LPA,0,58.6,73.2,1,1,0.88,47.0,73.6,0,1,Haryana,HR,75.6,65.9,29.8,12.5,Nuh / Mewat,44.8,1,88.6,47.0,0.5177,1
HSC_2026_1192,HIGHER_SECONDARY,Male,16,Vocational / ITI,<2 LPA,1,67.6,44.7,1,0,0.64,37.3,43.2,1,3,Maharashtra,MH,82.3,75.9,32.3,11.2,Pune,3.9,0,39.1,21.0,0.9165,1
HSC_2026_1193,HIGHER_SECONDARY,Female,17,Commerce,2-5 LPA,1,60.4,89.6,0,1,0.6,57.0,81.2,0,1,Haryana,HR,75.6,65.9,29.8,12.5,Gurugram,2.5,0,31.2,20.5,0.1403,0
HSC_2026_1194,HIGHER_SECONDARY,Male,16,Science (PCM),2-5 LPA,0,75.9,44.6,1,0,0.86,53.2,51.8,0,2,Rajasthan,RJ,66.1,52.1,26.0,17.2,Jaisalmer,31.8,1,86.7,33.2,0.8386,1
HSC_2026_1195,HIGHER_SECONDARY,Female,16,Science (PCM),2-5 LPA,1,92.1,100.0,0,1,0.78,69.5,100.0,0,1,Tamil Nadu,TN,80.1,73.4,51.4,8.1,Ramanathapuram,7.8,1,69.7,22.1,0.0765,0
HSC_2026_1196,HIGHER_SECONDARY,Male,17,Science (PCB),2-5 LPA,1,77.9,69.8,1,1,0.68,57.4,65.2,0,3,Karnataka,KA,75.4,68.1,36.2,12.0,Raichur,36.8,1,74.6,34.0,0.425,0
HSC_2026_1197,HIGHER_SECONDARY,Male,16,Science (PCB),<2 LPA,0,75.1,93.4,0,1,0.74,48.3,96.7,0,3,Maharashtra,MH,82.3,75.9,32.3,11.2,Nandurbar,33.1,1,83.3,32.4,0.2873,0
HSC_2026_1198,HIGHER_SECONDARY,Female,16,Vocational / ITI,2-5 LPA,0,59.4,70.3,1,1,0.83,62.1,71.5,0,0,Gujarat,GJ,78.0,69.7,21.3,17.9,Dahod,40.5,1,88.0,38.1,0.3604,0
HSC_2026_1199,HIGHER_SECONDARY,Male,17,Arts / Humanities,<2 LPA,1,61.2,39.0,1,0,0.41,50.0,39.6,1,7,Haryana,HR,75.6,65.9,29.8,12.5,Nuh / Mewat,44.8,1,88.6,47.0,0.9477,1
HSC_2026_1200,HIGHER_SECONDARY,Male,16,Commerce,2-5 LPA,1,85.9,89.2,0,1,0.86,81.1,93.6,1,4,Kerala,KL,94.0,92.1,43.2,3.2,Wayanad,4.1,1,96.1,18.0,0.1669,0
HSC_2026_1201,HIGHER_SECONDARY,Male,18,Arts / Humanities,<2 LPA,0,77.8,72.5,1,1,0.48,60.2,66.3,0,1,Gujarat,GJ,78.0,69.7,21.3,17.9,Narmada,32.4,1,89.5,30.5,0.2911,0
HSC_2026_1202,HIGHER_SECONDARY,Male,16,Vocational / ITI,<2 LPA,0,69.7,83.1,0,1,0.63,68.0,87.5,0,1,Uttar Pradesh,UP,67.7,57.2,23.2,16.8,Noida / Gautam Buddha Nagar,7.1,0,40.9,22.0,0.1328,0
HSC_2026_1203,HIGHER_SECONDARY,Male,16,Science (PCB),2-5 LPA,0,56.7,79.6,0,1,0.79,60.6,92.9,0,1,Madhya Pradesh,MP,69.3,59.2,24.8,18.5,Bhopal,9.4,0,19.1,23.4,0.2147,0
HSC_2026_1204,HIGHER_SECONDARY,Male,16,Arts / Humanities,<2 LPA,0,66.8,72.0,1,0,0.73,30.8,78.3,1,5,Tamil Nadu,TN,80.1,73.4,51.4,8.1,Ramanathapuram,7.8,1,69.7,22.1,0.8619,1
HSC_2026_1205,HIGHER_SECONDARY,Female,18,Science (PCB),5-10 LPA,0,70.7,73.7,1,1,0.35,42.9,80.8,0,5,Maharashtra,MH,82.3,75.9,32.3,11.2,Gadchiroli,28.5,1,89.0,28.9,0.4706,0
HSC_2026_1206,HIGHER_SECONDARY,Male,18,Vocational / ITI,2-5 LPA,1,53.5,76.8,0,1,0.5,47.0,79.7,0,1,Haryana,HR,75.6,65.9,29.8,12.5,Gurugram,2.5,0,31.2,20.5,0.2698,1
HSC_2026_1207,HIGHER_SECONDARY,Male,17,Science (PCB),2-5 LPA,0,79.4,100.0,0,1,0.87,47.7,100.0,0,3,Rajasthan,RJ,66.1,52.1,26.0,17.2,Jaisalmer,31.8,1,86.7,33.2,0.2546,0
HSC_2026_1208,HIGHER_SECONDARY,Male,17,Vocational / ITI,5-10 LPA,1,70.7,54.7,1,0,0.47,45.6,47.8,0,8,Tamil Nadu,TN,80.1,73.4,51.4,8.1,Chennai,1.2,0,0.0,17.5,0.7794,1
HSC_2026_1209,HIGHER_SECONDARY,Female,18,Arts / Humanities,5-10 LPA,0,65.4,100.0,0,1,0.53,27.5,92.7,1,1,Bihar,BR,61.8,51.5,14.5,21.4,Patna,18.2,0,56.4,28.5,0.4308,0
HSC_2026_1210,HIGHER_SECONDARY,Male,18,Science (PCM),<2 LPA,0,61.9,74.5,1,1,0.71,48.2,71.8,0,5,Bihar,BR,61.8,51.5,14.5,21.4,Katihar,48.7,1,91.1,44.3,0.5544,1
HSC_2026_1211,HIGHER_SECONDARY,Female,16,Science (PCM),2-5 LPA,1,62.8,82.3,0,1,0.92,32.7,85.5,0,3,Haryana,HR,75.6,65.9,29.8,12.5,Gurugram,2.5,0,31.2,20.5,0.4511,0
HSC_2026_1212,HIGHER_SECONDARY,Female,16,Commerce,5-10 LPA,1,83.3,61.0,1,0,0.07,51.7,56.9,0,1,Rajasthan,RJ,66.1,52.1,26.0,17.2,Jaipur,6.9,0,47.6,22.5,0.5002,1
HSC_2026_1213,HIGHER_SECONDARY,Female,16,Science (PCM),5-10 LPA,0,93.2,94.3,0,1,0.58,79.0,100.0,0,2,Uttar Pradesh,UP,67.7,57.2,23.2,16.8,Shravasti,49.6,1,96.5,48.2,0.1122,0
HSC_2026_1214,HIGHER_SECONDARY,Female,18,Science (PCB),2-5 LPA,1,78.5,65.5,1,1,0.49,65.1,69.4,0,3,Bihar,BR,61.8,51.5,14.5,21.4,Gaya,38.6,1,86.8,36.2,0.369,0
HSC_2026_1215,HIGHER_SECONDARY,Female,16,Arts / Humanities,<2 LPA,0,55.1,36.6,1,0,0.77,25.1,40.8,0,5,Uttar Pradesh,UP,67.7,57.2,23.2,16.8,Noida / Gautam Buddha Nagar,7.1,0,40.9,22.0,0.9448,1
HSC_2026_1216,HIGHER_SECONDARY,Female,16,Science (PCB),<2 LPA,0,84.5,86.8,0,1,0.59,63.5,93.4,0,4,Uttar Pradesh,UP,67.7,57.2,23.2,16.8,Shravasti,49.6,1,96.5,48.2,0.2675,0
HSC_2026_1217,HIGHER_SECONDARY,Male,16,Science (PCB),2-5 LPA,1,79.0,64.4,1,1,0.46,55.1,66.3,0,3,Karnataka,KA,75.4,68.1,36.2,12.0,Bengaluru Urban,1.8,0,9.1,18.2,0.3341,0
HSC_2026_1218,HIGHER_SECONDARY,Female,17,Arts / Humanities,2-5 LPA,0,76.6,97.5,0,1,0.65,76.1,84.3,0,2,Tamil Nadu,TN,80.1,73.4,51.4,8.1,Chennai,1.2,0,0.0,17.5,0.0598,0
HSC_2026_1219,HIGHER_SECONDARY,Male,18,Science (PCB),2-5 LPA,1,51.0,99.5,0,1,0.63,39.0,100.0,0,2,Tamil Nadu,TN,80.1,73.4,51.4,8.1,Chennai,1.2,0,0.0,17.5,0.1906,1
HSC_2026_1220,HIGHER_SECONDARY,Male,18,Commerce,2-5 LPA,0,68.6,100.0,0,1,0.87,65.5,93.1,0,6,Haryana,HR,75.6,65.9,29.8,12.5,Gurugram,2.5,0,31.2,20.5,0.1249,0
HSC_2026_1221,HIGHER_SECONDARY,Male,17,Vocational / ITI,>10 LPA,0,45.2,70.2,1,0,0.32,16.9,65.3,0,9,Madhya Pradesh,MP,69.3,59.2,24.8,18.5,Bhopal,9.4,0,19.1,23.4,0.8603,1
HSC_2026_1222,HIGHER_SECONDARY,Male,16,Arts / Humanities,<2 LPA,0,76.3,78.8,0,1,0.31,56.3,78.9,0,2,Haryana,HR,75.6,65.9,29.8,12.5,Gurugram,2.5,0,31.2,20.5,0.1842,0
HSC_2026_1223,HIGHER_SECONDARY,Female,18,Arts / Humanities,2-5 LPA,0,65.1,41.8,1,0,0.59,41.9,36.0,0,6,Gujarat,GJ,78.0,69.7,21.3,17.9,Ahmedabad,3.8,0,15.9,20.2,0.8682,1
HSC_2026_1224,HIGHER_SECONDARY,Male,17,Arts / Humanities,5-10 LPA,0,64.4,75.2,0,0,0.2,35.6,70.3,0,5,Kerala,KL,94.0,92.1,43.2,3.2,Wayanad,4.1,1,96.1,18.0,0.603,1
HSC_2026_1225,HIGHER_SECONDARY,Male,17,Science (PCM),5-10 LPA,0,57.5,68.2,1,0,0.14,45.7,70.2,0,8,Maharashtra,MH,82.3,75.9,32.3,11.2,Mumbai,2.1,0,0.0,19.5,0.6182,1
HSC_2026_1226,HIGHER_SECONDARY,Female,17,Science (PCB),<2 LPA,0,71.1,71.4,1,1,0.98,63.9,80.3,0,4,Maharashtra,MH,82.3,75.9,32.3,11.2,Mumbai,2.1,0,0.0,19.5,0.3039,0
HSC_2026_1227,HIGHER_SECONDARY,Female,18,Arts / Humanities,2-5 LPA,1,75.2,96.2,0,1,0.58,64.5,89.3,0,1,Tamil Nadu,TN,80.1,73.4,51.4,8.1,Chennai,1.2,0,0.0,17.5,0.0836,0
HSC_2026_1228,HIGHER_SECONDARY,Male,16,Vocational / ITI,>10 LPA,0,75.3,66.3,1,0,0.45,44.4,57.2,0,6,Uttar Pradesh,UP,67.7,57.2,23.2,16.8,Varanasi,16.3,0,56.6,29.4,0.7095,1
HSC_2026_1229,HIGHER_SECONDARY,Male,18,Vocational / ITI,2-5 LPA,0,81.6,86.4,0,1,0.93,72.0,91.7,0,1,Kerala,KL,94.0,92.1,43.2,3.2,Thiruvananthapuram,0.9,0,46.2,15.2,0.1159,0
HSC_2026_1230,HIGHER_SECONDARY,Female,17,Vocational / ITI,2-5 LPA,1,73.8,100.0,0,1,0.71,49.4,89.8,1,1,Uttar Pradesh,UP,67.7,57.2,23.2,16.8,Noida / Gautam Buddha Nagar,7.1,0,40.9,22.0,0.2423,0
HSC_2026_1231,HIGHER_SECONDARY,Male,17,Commerce,5-10 LPA,0,64.1,41.5,1,0,0.47,43.5,38.7,0,4,Bihar,BR,61.8,51.5,14.5,21.4,Purnia,50.4,1,89.2,42.1,0.9081,1
HSC_2026_1232,HIGHER_SECONDARY,Female,18,Vocational / ITI,2-5 LPA,0,68.3,75.3,0,1,0.8,51.5,95.3,0,1,Maharashtra,MH,82.3,75.9,32.3,11.2,Gadchiroli,28.5,1,89.0,28.9,0.3787,0
HSC_2026_1233,HIGHER_SECONDARY,Male,17,Arts / Humanities,2-5 LPA,0,50.6,72.0,1,0,0.68,18.4,73.8,0,3,Madhya Pradesh,MP,69.3,59.2,24.8,18.5,Barwani,46.1,1,85.5,37.1,0.8848,0
HSC_2026_1234,HIGHER_SECONDARY,Male,16,Vocational / ITI,2-5 LPA,0,60.4,95.7,0,1,0.45,37.9,95.0,0,2,Gujarat,GJ,78.0,69.7,21.3,17.9,Dahod,40.5,1,88.0,38.1,0.3121,0
HSC_2026_1235,HIGHER_SECONDARY,Female,17,Science (PCM),5-10 LPA,0,70.9,77.1,0,1,0.66,48.0,77.0,0,3,Maharashtra,MH,82.3,75.9,32.3,11.2,Nandurbar,33.1,1,83.3,32.4,0.4247,0
HSC_2026_1236,HIGHER_SECONDARY,Female,17,Arts / Humanities,<2 LPA,1,70.8,85.1,0,1,0.72,50.1,86.8,1,3,Maharashtra,MH,82.3,75.9,32.3,11.2,Pune,3.9,0,39.1,21.0,0.39,1
HSC_2026_1237,HIGHER_SECONDARY,Female,16,Science (PCB),<2 LPA,1,94.5,73.2,1,1,0.87,87.0,58.6,1,1,Gujarat,GJ,78.0,69.7,21.3,17.9,Dahod,40.5,1,88.0,38.1,0.2937,0
HSC_2026_1238,HIGHER_SECONDARY,Female,17,Commerce,5-10 LPA,0,66.5,49.0,1,0,0.54,53.6,58.7,0,5,Tamil Nadu,TN,80.1,73.4,51.4,8.1,Ramanathapuram,7.8,1,69.7,22.1,0.75,1
HSC_2026_1239,HIGHER_SECONDARY,Female,17,Vocational / ITI,<2 LPA,1,57.8,37.3,1,0,0.8,55.4,47.0,0,7,Haryana,HR,75.6,65.9,29.8,12.5,Nuh / Mewat,44.8,1,88.6,47.0,0.9174,1
HSC_2026_1240,HIGHER_SECONDARY,Male,18,Arts / Humanities,2-5 LPA,0,61.2,88.1,0,1,0.82,39.7,80.6,0,4,Uttar Pradesh,UP,67.7,57.2,23.2,16.8,Balrampur,47.9,1,92.3,45.0,0.4978,0
HSC_2026_1241,HIGHER_SECONDARY,Female,16,Science (PCB),2-5 LPA,1,59.1,61.8,1,1,0.78,56.1,61.3,0,4,Gujarat,GJ,78.0,69.7,21.3,17.9,Ahmedabad,3.8,0,15.9,20.2,0.4322,0
HSC_2026_1242,HIGHER_SECONDARY,Female,16,Science (PCB),<2 LPA,0,76.4,40.5,1,0,0.52,34.1,47.9,1,5,Haryana,HR,75.6,65.9,29.8,12.5,Nuh / Mewat,44.8,1,88.6,47.0,0.9667,1
HSC_2026_1243,HIGHER_SECONDARY,Male,18,Science (PCM),<2 LPA,0,56.9,69.8,1,1,0.45,36.9,60.4,0,5,Maharashtra,MH,82.3,75.9,32.3,11.2,Pune,3.9,0,39.1,21.0,0.4925,0
HSC_2026_1244,HIGHER_SECONDARY,Male,16,Arts / Humanities,>10 LPA,0,64.1,76.5,0,0,0.12,29.4,90.5,0,8,Bihar,BR,61.8,51.5,14.5,21.4,Patna,18.2,0,56.4,28.5,0.7297,1
HSC_2026_1245,HIGHER_SECONDARY,Male,18,Science (PCM),2-5 LPA,1,64.2,50.6,1,0,0.85,35.6,58.3,0,6,Karnataka,KA,75.4,68.1,36.2,12.0,Raichur,36.8,1,74.6,34.0,0.9214,1
HSC_2026_1246,HIGHER_SECONDARY,Female,16,Vocational / ITI,<2 LPA,0,52.0,56.1,1,1,0.9,43.9,44.3,1,1,Uttar Pradesh,UP,67.7,57.2,23.2,16.8,Shravasti,49.6,1,96.5,48.2,0.8329,1
HSC_2026_1247,HIGHER_SECONDARY,Female,16,Science (PCM),<2 LPA,1,59.6,84.0,0,1,0.74,44.1,85.0,0,0,Uttar Pradesh,UP,67.7,57.2,23.2,16.8,Varanasi,16.3,0,56.6,29.4,0.2964,0
HSC_2026_1248,HIGHER_SECONDARY,Male,18,Commerce,2-5 LPA,0,65.2,66.5,1,1,0.93,52.9,75.4,0,2,Haryana,HR,75.6,65.9,29.8,12.5,Gurugram,2.5,0,31.2,20.5,0.3997,0
HSC_2026_1249,HIGHER_SECONDARY,Female,17,Science (PCM),>10 LPA,0,73.0,64.7,1,1,0.52,45.8,49.6,1,4,Madhya Pradesh,MP,69.3,59.2,24.8,18.5,Alirajpur,52.0,1,92.2,39.5,0.7657,1
HSC_2026_1250,HIGHER_SECONDARY,Female,17,Science (PCB),<2 LPA,1,90.0,66.4,1,1,0.89,68.9,68.5,0,3,Kerala,KL,94.0,92.1,43.2,3.2,Ernakulam,0.6,0,31.9,14.8,0.2717,0
HSC_2026_1251,HIGHER_SECONDARY,Male,18,Vocational / ITI,2-5 LPA,1,39.5,90.2,0,1,0.61,27.4,90.4,0,0,Madhya Pradesh,MP,69.3,59.2,24.8,18.5,Alirajpur,52.0,1,92.2,39.5,0.49,0
HSC_2026_1252,HIGHER_SECONDARY,Female,17,Science (PCB),2-5 LPA,1,69.7,55.8,1,1,0.66,58.4,52.8,0,1,Bihar,BR,61.8,51.5,14.5,21.4,Gaya,38.6,1,86.8,36.2,0.5176,1
HSC_2026_1253,HIGHER_SECONDARY,Female,18,Vocational / ITI,<2 LPA,0,74.9,78.4,0,0,0.47,52.7,69.4,0,7,Madhya Pradesh,MP,69.3,59.2,24.8,18.5,Indore,6.8,0,25.9,21.8,0.5105,1
HSC_2026_1254,HIGHER_SECONDARY,Male,18,Arts / Humanities,<2 LPA,0,50.0,78.4,0,1,0.71,51.6,73.0,0,3,Madhya Pradesh,MP,69.3,59.2,24.8,18.5,Indore,6.8,0,25.9,21.8,0.299,0
HSC_2026_1255,HIGHER_SECONDARY,Male,17,Science (PCB),<2 LPA,0,82.5,90.9,0,1,0.45,57.3,87.7,1,3,Maharashtra,MH,82.3,75.9,32.3,11.2,Nandurbar,33.1,1,83.3,32.4,0.3277,0
HSC_2026_1256,HIGHER_SECONDARY,Female,16,Commerce,>10 LPA,0,61.5,43.0,1,0,0.66,30.0,35.3,0,7,Maharashtra,MH,82.3,75.9,32.3,11.2,Nandurbar,33.1,1,83.3,32.4,0.9461,1
HSC_2026_1257,HIGHER_SECONDARY,Female,16,Arts / Humanities,2-5 LPA,1,79.8,69.4,1,1,0.7,62.1,70.9,0,2,Kerala,KL,94.0,92.1,43.2,3.2,Thiruvananthapuram,0.9,0,46.2,15.2,0.2568,0
HSC_2026_1258,HIGHER_SECONDARY,Male,16,Science (PCM),<2 LPA,0,73.7,46.0,1,0,0.67,34.6,54.8,0,6,Gujarat,GJ,78.0,69.7,21.3,17.9,Ahmedabad,3.8,0,15.9,20.2,0.8863,1
HSC_2026_1259,HIGHER_SECONDARY,Female,16,Science (PCM),2-5 LPA,1,67.1,88.6,0,1,0.45,65.0,100.0,1,3,Tamil Nadu,TN,80.1,73.4,51.4,8.1,Chennai,1.2,0,0.0,17.5,0.1978,0
HSC_2026_1260,HIGHER_SECONDARY,Male,18,Science (PCM),2-5 LPA,1,58.7,86.4,0,1,0.5,47.0,75.6,0,3,Maharashtra,MH,82.3,75.9,32.3,11.2,Mumbai,2.1,0,0.0,19.5,0.227,0
HSC_2026_1261,HIGHER_SECONDARY,Male,18,Arts / Humanities,<2 LPA,0,80.4,99.3,0,1,0.55,78.3,100.0,1,0,Madhya Pradesh,MP,69.3,59.2,24.8,18.5,Alirajpur,52.0,1,92.2,39.5,0.1498,0
HSC_2026_1262,HIGHER_SECONDARY,Female,17,Science (PCM),2-5 LPA,1,57.4,53.9,1,1,0.43,47.7,55.0,0,3,Tamil Nadu,TN,80.1,73.4,51.4,8.1,Ramanathapuram,7.8,1,69.7,22.1,0.5198,1
HSC_2026_1263,HIGHER_SECONDARY,Male,16,Science (PCB),2-5 LPA,0,66.8,100.0,0,1,0.89,61.3,100.0,1,1,Tamil Nadu,TN,80.1,73.4,51.4,8.1,Chennai,1.2,0,0.0,17.5,0.1754,0
HSC_2026_1264,HIGHER_SECONDARY,Male,16,Commerce,<2 LPA,0,84.7,84.9,0,1,0.74,53.9,72.1,0,2,Uttar Pradesh,UP,67.7,57.2,23.2,16.8,Shravasti,49.6,1,96.5,48.2,0.351,0
HSC_2026_1265,HIGHER_SECONDARY,Male,16,Arts / Humanities,5-10 LPA,0,66.8,71.7,1,1,0.05,68.8,82.3,0,3,Kerala,KL,94.0,92.1,43.2,3.2,Thiruvananthapuram,0.9,0,46.2,15.2,0.1392,0
HSC_2026_1266,HIGHER_SECONDARY,Female,17,Science (PCB),<2 LPA,0,74.7,57.9,1,1,0.9,42.0,65.0,0,8,Bihar,BR,61.8,51.5,14.5,21.4,Katihar,48.7,1,91.1,44.3,0.8181,1
HSC_2026_1267,HIGHER_SECONDARY,Female,18,Vocational / ITI,<2 LPA,0,76.6,77.4,0,1,0.86,57.8,81.8,0,1,Maharashtra,MH,82.3,75.9,32.3,11.2,Pune,3.9,0,39.1,21.0,0.2425,0
HSC_2026_1268,HIGHER_SECONDARY,Male,18,Arts / Humanities,2-5 LPA,0,55.2,51.7,1,1,0.74,23.0,63.1,0,1,Tamil Nadu,TN,80.1,73.4,51.4,8.1,Coimbatore,2.1,0,24.2,18.9,0.7488,1
HSC_2026_1269,HIGHER_SECONDARY,Male,16,Commerce,5-10 LPA,0,82.6,73.5,1,1,0.35,63.7,71.7,0,6,Gujarat,GJ,78.0,69.7,21.3,17.9,Dahod,40.5,1,88.0,38.1,0.3452,0
HSC_2026_1270,HIGHER_SECONDARY,Male,18,Vocational / ITI,2-5 LPA,0,79.9,85.2,0,1,0.69,74.3,72.3,0,3,Kerala,KL,94.0,92.1,43.2,3.2,Thiruvananthapuram,0.9,0,46.2,15.2,0.1101,0
HSC_2026_1271,HIGHER_SECONDARY,Male,18,Science (PCB),2-5 LPA,0,75.0,94.8,0,1,0.96,54.2,89.8,0,1,Gujarat,GJ,78.0,69.7,21.3,17.9,Narmada,32.4,1,89.5,30.5,0.2326,0
HSC_2026_1272,HIGHER_SECONDARY,Male,17,Commerce,5-10 LPA,1,87.8,66.5,1,1,0.21,59.9,66.4,0,1,Madhya Pradesh,MP,69.3,59.2,24.8,18.5,Indore,6.8,0,25.9,21.8,0.2275,0
HSC_2026_1273,HIGHER_SECONDARY,Male,18,Science (PCB),<2 LPA,1,66.8,70.6,1,1,0.72,68.0,76.0,0,1,Gujarat,GJ,78.0,69.7,21.3,17.9,Dahod,40.5,1,88.0,38.1,0.3081,0
HSC_2026_1274,HIGHER_SECONDARY,Male,17,Arts / Humanities,<2 LPA,0,77.4,50.9,1,1,0.54,57.7,49.7,0,3,Madhya Pradesh,MP,69.3,59.2,24.8,18.5,Indore,6.8,0,25.9,21.8,0.4716,0
HSC_2026_1275,HIGHER_SECONDARY,Female,18,Science (PCB),2-5 LPA,0,73.0,94.6,0,1,0.37,50.2,97.4,0,3,Rajasthan,RJ,66.1,52.1,26.0,17.2,Jaipur,6.9,0,47.6,22.5,0.1544,0
HSC_2026_1276,HIGHER_SECONDARY,Female,16,Science (PCM),2-5 LPA,0,72.7,73.4,1,1,0.66,70.1,72.7,0,2,Rajasthan,RJ,66.1,52.1,26.0,17.2,Kota,8.2,0,39.7,21.0,0.1904,0
HSC_2026_1277,HIGHER_SECONDARY,Female,18,Science (PCM),2-5 LPA,0,60.3,55.9,1,0,0.28,26.0,56.5,0,3,Rajasthan,RJ,66.1,52.1,26.0,17.2,Jaisalmer,31.8,1,86.7,33.2,0.8665,1
HSC_2026_1278,HIGHER_SECONDARY,Female,18,Commerce,2-5 LPA,0,51.8,54.7,1,0,0.68,37.7,46.8,0,3,Gujarat,GJ,78.0,69.7,21.3,17.9,Ahmedabad,3.8,0,15.9,20.2,0.795,1
HSC_2026_1279,HIGHER_SECONDARY,Female,18,Science (PCB),2-5 LPA,0,51.9,36.7,1,0,0.83,49.5,48.9,0,6,Kerala,KL,94.0,92.1,43.2,3.2,Thiruvananthapuram,0.9,0,46.2,15.2,0.8741,1
HSC_2026_1280,HIGHER_SECONDARY,Male,17,Vocational / ITI,<2 LPA,0,54.3,84.4,0,1,0.52,56.0,84.0,0,0,Rajasthan,RJ,66.1,52.1,26.0,17.2,Kota,8.2,0,39.7,21.0,0.1654,0
HSC_2026_1281,HIGHER_SECONDARY,Female,18,Science (PCM),>10 LPA,0,68.1,88.0,0,1,0.43,62.0,85.9,0,2,Karnataka,KA,75.4,68.1,36.2,12.0,Bengaluru Urban,1.8,0,9.1,18.2,0.1194,0
HSC_2026_1282,HIGHER_SECONDARY,Male,17,Science (PCM),<2 LPA,0,81.5,61.9,1,1,0.54,61.6,67.5,0,6,Tamil Nadu,TN,80.1,73.4,51.4,8.1,Chennai,1.2,0,0.0,17.5,0.3675,0
HSC_2026_1283,HIGHER_SECONDARY,Male,18,Science (PCM),2-5 LPA,1,76.1,91.7,0,1,0.86,55.0,85.6,0,1,Rajasthan,RJ,66.1,52.1,26.0,17.2,Jaipur,6.9,0,47.6,22.5,0.1744,0
HSC_2026_1284,HIGHER_SECONDARY,Female,18,Science (PCM),<2 LPA,0,69.1,83.6,0,1,0.35,62.1,79.1,0,3,Uttar Pradesh,UP,67.7,57.2,23.2,16.8,Noida / Gautam Buddha Nagar,7.1,0,40.9,22.0,0.1517,1
HSC_2026_1285,HIGHER_SECONDARY,Female,16,Commerce,2-5 LPA,0,65.4,82.1,0,1,0.67,52.6,93.1,0,6,Tamil Nadu,TN,80.1,73.4,51.4,8.1,Ramanathapuram,7.8,1,69.7,22.1,0.3076,0
HSC_2026_1286,HIGHER_SECONDARY,Female,16,Arts / Humanities,2-5 LPA,1,72.6,98.0,0,1,0.35,73.3,100.0,0,3,Gujarat,GJ,78.0,69.7,21.3,17.9,Dahod,40.5,1,88.0,38.1,0.0976,0
HSC_2026_1287,HIGHER_SECONDARY,Male,18,Science (PCM),<2 LPA,0,83.6,88.6,0,1,0.42,74.3,91.2,0,4,Rajasthan,RJ,66.1,52.1,26.0,17.2,Jaisalmer,31.8,1,86.7,33.2,0.1313,0
HSC_2026_1288,HIGHER_SECONDARY,Male,16,Science (PCM),<2 LPA,0,74.9,96.1,0,1,0.57,67.9,95.8,0,4,Karnataka,KA,75.4,68.1,36.2,12.0,Raichur,36.8,1,74.6,34.0,0.1475,0
HSC_2026_1289,HIGHER_SECONDARY,Female,18,Arts / Humanities,2-5 LPA,0,72.3,67.6,1,1,0.7,59.6,70.0,0,3,Karnataka,KA,75.4,68.1,36.2,12.0,Bengaluru Urban,1.8,0,9.1,18.2,0.3077,1
HSC_2026_1290,HIGHER_SECONDARY,Male,18,Arts / Humanities,>10 LPA,1,77.4,82.1,0,1,0.44,59.2,84.8,0,5,Uttar Pradesh,UP,67.7,57.2,23.2,16.8,Lucknow,8.5,0,33.8,24.1,0.213,1
HSC_2026_1291,HIGHER_SECONDARY,Female,18,Vocational / ITI,2-5 LPA,1,86.2,51.3,1,1,0.77,78.9,62.3,0,3,Uttar Pradesh,UP,67.7,57.2,23.2,16.8,Noida / Gautam Buddha Nagar,7.1,0,40.9,22.0,0.3189,0
HSC_2026_1292,HIGHER_SECONDARY,Female,17,Commerce,<2 LPA,0,67.6,87.9,0,1,0.56,58.0,90.2,0,1,Gujarat,GJ,78.0,69.7,21.3,17.9,Dahod,40.5,1,88.0,38.1,0.2235,0
HSC_2026_1293,HIGHER_SECONDARY,Male,16,Vocational / ITI,2-5 LPA,1,68.1,79.6,0,1,0.74,30.0,76.3,0,3,Madhya Pradesh,MP,69.3,59.2,24.8,18.5,Indore,6.8,0,25.9,21.8,0.486,0
HSC_2026_1294,HIGHER_SECONDARY,Female,17,Science (PCB),2-5 LPA,0,72.2,31.6,1,0,0.8,44.0,41.8,1,8,Haryana,HR,75.6,65.9,29.8,12.5,Nuh / Mewat,44.8,1,88.6,47.0,0.978,1
HSC_2026_1295,HIGHER_SECONDARY,Male,16,Vocational / ITI,<2 LPA,0,73.9,80.3,0,1,0.8,55.3,78.0,1,4,Tamil Nadu,TN,80.1,73.4,51.4,8.1,Ramanathapuram,7.8,1,69.7,22.1,0.4356,0
HSC_2026_1296,HIGHER_SECONDARY,Male,17,Science (PCB),5-10 LPA,1,78.2,61.1,1,1,0.08,74.4,59.7,0,5,Maharashtra,MH,82.3,75.9,32.3,11.2,Pune,3.9,0,39.1,21.0,0.2002,0
HSC_2026_1297,HIGHER_SECONDARY,Male,17,Arts / Humanities,<2 LPA,0,69.1,89.7,0,1,0.92,61.9,89.6,0,1,Bihar,BR,61.8,51.5,14.5,21.4,Katihar,48.7,1,91.1,44.3,0.2563,0
HSC_2026_1298,HIGHER_SECONDARY,Female,18,Science (PCB),<2 LPA,0,72.0,73.1,1,1,0.83,53.3,79.8,1,1,Kerala,KL,94.0,92.1,43.2,3.2,Thiruvananthapuram,0.9,0,46.2,15.2,0.4473,0
HSC_2026_1299,HIGHER_SECONDARY,Male,17,Science (PCB),2-5 LPA,0,67.1,72.7,1,1,0.87,31.1,67.8,0,3,Madhya Pradesh,MP,69.3,59.2,24.8,18.5,Alirajpur,52.0,1,92.2,39.5,0.722,1
HSC_2026_1300,HIGHER_SECONDARY,Male,18,Vocational / ITI,2-5 LPA,1,73.6,75.9,0,1,0.76,51.0,73.2,0,2,Bihar,BR,61.8,51.5,14.5,21.4,Gaya,38.6,1,86.8,36.2,0.426,0
HSC_2026_1301,HIGHER_SECONDARY,Male,17,Commerce,2-5 LPA,1,60.6,65.0,1,0,0.97,31.7,64.9,1,5,Rajasthan,RJ,66.1,52.1,26.0,17.2,Kota,8.2,0,39.7,21.0,0.9063,1
HSC_2026_1302,HIGHER_SECONDARY,Female,18,Science (PCM),2-5 LPA,1,80.2,93.8,0,1,0.62,66.8,92.8,0,5,Uttar Pradesh,UP,67.7,57.2,23.2,16.8,Lucknow,8.5,0,33.8,24.1,0.1274,0
HSC_2026_1303,HIGHER_SECONDARY,Female,17,Science (PCB),<2 LPA,0,80.5,42.8,1,0,0.75,48.5,48.9,1,7,Bihar,BR,61.8,51.5,14.5,21.4,Patna,18.2,0,56.4,28.5,0.9347,1
HSC_2026_1304,HIGHER_SECONDARY,Male,16,Commerce,2-5 LPA,0,80.1,62.2,1,1,0.46,63.8,59.0,0,1,Madhya Pradesh,MP,69.3,59.2,24.8,18.5,Bhopal,9.4,0,19.1,23.4,0.2737,0
HSC_2026_1305,HIGHER_SECONDARY,Female,18,Commerce,2-5 LPA,0,85.7,50.2,1,0,0.76,65.4,54.4,0,6,Tamil Nadu,TN,80.1,73.4,51.4,8.1,Ramanathapuram,7.8,1,69.7,22.1,0.6992,1
HSC_2026_1306,HIGHER_SECONDARY,Male,18,Commerce,2-5 LPA,1,95.7,47.4,1,1,0.84,84.4,39.0,0,2,Madhya Pradesh,MP,69.3,59.2,24.8,18.5,Indore,6.8,0,25.9,21.8,0.3023,0
HSC_2026_1307,HIGHER_SECONDARY,Female,17,Science (PCM),2-5 LPA,1,64.7,64.3,1,0,0.28,24.5,64.9,0,10,Maharashtra,MH,82.3,75.9,32.3,11.2,Nandurbar,33.1,1,83.3,32.4,0.8975,1
HSC_2026_1308,HIGHER_SECONDARY,Female,18,Arts / Humanities,<2 LPA,0,66.2,55.7,1,1,0.65,42.7,49.4,0,1,Gujarat,GJ,78.0,69.7,21.3,17.9,Ahmedabad,3.8,0,15.9,20.2,0.5363,1
HSC_2026_1309,HIGHER_SECONDARY,Female,18,Science (PCM),<2 LPA,0,78.1,76.3,0,1,0.41,65.0,87.4,1,1,Bihar,BR,61.8,51.5,14.5,21.4,Muzaffarpur,35.1,1,90.3,38.0,0.357,0
HSC_2026_1310,HIGHER_SECONDARY,Male,18,Vocational / ITI,<2 LPA,1,81.5,61.4,1,1,0.87,68.9,78.0,0,4,Kerala,KL,94.0,92.1,43.2,3.2,Wayanad,4.1,1,96.1,18.0,0.3382,0
HSC_2026_1311,HIGHER_SECONDARY,Female,17,Commerce,5-10 LPA,0,50.9,62.3,1,1,0.23,45.2,67.4,0,1,Gujarat,GJ,78.0,69.7,21.3,17.9,Dahod,40.5,1,88.0,38.1,0.5067,1
HSC_2026_1312,HIGHER_SECONDARY,Male,16,Commerce,5-10 LPA,0,70.2,61.2,1,1,0.16,46.2,51.2,0,4,Karnataka,KA,75.4,68.1,36.2,12.0,Raichur,36.8,1,74.6,34.0,0.5402,1
HSC_2026_1313,HIGHER_SECONDARY,Female,17,Science (PCB),<2 LPA,0,80.4,86.1,0,1,0.67,59.5,76.7,0,3,Gujarat,GJ,78.0,69.7,21.3,17.9,Ahmedabad,3.8,0,15.9,20.2,0.1774,0
HSC_2026_1314,HIGHER_SECONDARY,Male,17,Arts / Humanities,2-5 LPA,0,70.3,54.1,1,1,0.34,52.2,56.8,0,1,Maharashtra,MH,82.3,75.9,32.3,11.2,Mumbai,2.1,0,0.0,19.5,0.3992,0
HSC_2026_1315,HIGHER_SECONDARY,Female,16,Science (PCB),5-10 LPA,0,75.3,86.1,0,1,0.15,57.0,85.0,0,4,Tamil Nadu,TN,80.1,73.4,51.4,8.1,Ramanathapuram,7.8,1,69.7,22.1,0.1552,0
HSC_2026_1316,HIGHER_SECONDARY,Male,16,Arts / Humanities,5-10 LPA,0,63.3,36.8,1,0,0.36,32.7,40.2,0,3,Maharashtra,MH,82.3,75.9,32.3,11.2,Mumbai,2.1,0,0.0,19.5,0.8803,1
HSC_2026_1317,HIGHER_SECONDARY,Male,18,Vocational / ITI,2-5 LPA,1,60.5,84.7,0,1,0.62,27.0,84.4,0,3,Gujarat,GJ,78.0,69.7,21.3,17.9,Narmada,32.4,1,89.5,30.5,0.5374,1
HSC_2026_1318,HIGHER_SECONDARY,Male,17,Science (PCB),>10 LPA,0,78.2,61.0,1,1,0.05,55.8,56.2,0,0,Haryana,HR,75.6,65.9,29.8,12.5,Nuh / Mewat,44.8,1,88.6,47.0,0.382,0
HSC_2026_1319,HIGHER_SECONDARY,Female,16,Science (PCB),<2 LPA,1,39.4,86.8,0,1,0.63,33.8,82.4,0,1,Haryana,HR,75.6,65.9,29.8,12.5,Gurugram,2.5,0,31.2,20.5,0.3108,0
HSC_2026_1320,HIGHER_SECONDARY,Male,16,Science (PCB),<2 LPA,0,72.8,64.8,1,0,0.5,44.8,65.7,0,6,Gujarat,GJ,78.0,69.7,21.3,17.9,Narmada,32.4,1,89.5,30.5,0.7716,1
HSC_2026_1321,HIGHER_SECONDARY,Female,16,Arts / Humanities,<2 LPA,1,61.7,51.8,1,0,0.34,34.1,50.8,0,8,Bihar,BR,61.8,51.5,14.5,21.4,Muzaffarpur,35.1,1,90.3,38.0,0.9024,1
HSC_2026_1322,HIGHER_SECONDARY,Female,18,Commerce,<2 LPA,0,73.7,54.5,1,0,0.76,35.4,48.0,0,6,Rajasthan,RJ,66.1,52.1,26.0,17.2,Kota,8.2,0,39.7,21.0,0.8609,1
HSC_2026_1323,HIGHER_SECONDARY,Male,16,Commerce,<2 LPA,0,94.0,62.1,1,1,0.76,67.9,66.6,0,3,Rajasthan,RJ,66.1,52.1,26.0,17.2,Jaisalmer,31.8,1,86.7,33.2,0.4005,0
HSC_2026_1324,HIGHER_SECONDARY,Male,16,Science (PCM),<2 LPA,0,83.2,83.8,0,0,0.88,59.6,93.3,0,5,Maharashtra,MH,82.3,75.9,32.3,11.2,Nandurbar,33.1,1,83.3,32.4,0.5285,1
HSC_2026_1325,HIGHER_SECONDARY,Male,18,Arts / Humanities,5-10 LPA,1,78.1,100.0,0,1,0.05,60.4,99.6,0,4,Uttar Pradesh,UP,67.7,57.2,23.2,16.8,Shravasti,49.6,1,96.5,48.2,0.1392,0
HSC_2026_1326,HIGHER_SECONDARY,Male,18,Science (PCB),5-10 LPA,1,95.2,82.1,0,1,0.5,80.7,87.8,0,1,Haryana,HR,75.6,65.9,29.8,12.5,Nuh / Mewat,44.8,1,88.6,47.0,0.1358,0
HSC_2026_1327,HIGHER_SECONDARY,Female,16,Vocational / ITI,5-10 LPA,1,69.1,52.3,1,0,0.1,35.7,56.2,0,7,Haryana,HR,75.6,65.9,29.8,12.5,Nuh / Mewat,44.8,1,88.6,47.0,0.8836,1
HSC_2026_1328,HIGHER_SECONDARY,Male,17,Commerce,<2 LPA,1,75.5,70.9,1,0,0.48,55.5,73.6,0,4,Kerala,KL,94.0,92.1,43.2,3.2,Thiruvananthapuram,0.9,0,46.2,15.2,0.4789,0
HSC_2026_1329,HIGHER_SECONDARY,Female,18,Arts / Humanities,2-5 LPA,0,70.1,71.6,1,0,0.66,48.5,81.8,0,6,Haryana,HR,75.6,65.9,29.8,12.5,Nuh / Mewat,44.8,1,88.6,47.0,0.7516,1
HSC_2026_1330,HIGHER_SECONDARY,Male,17,Science (PCM),<2 LPA,1,56.5,76.8,0,1,0.91,47.7,79.5,0,0,Madhya Pradesh,MP,69.3,59.2,24.8,18.5,Barwani,46.1,1,85.5,37.1,0.4661,0
HSC_2026_1331,HIGHER_SECONDARY,Female,16,Science (PCM),5-10 LPA,0,67.4,57.6,1,1,0.36,28.3,47.4,0,1,Maharashtra,MH,82.3,75.9,32.3,11.2,Pune,3.9,0,39.1,21.0,0.5982,1
HSC_2026_1332,HIGHER_SECONDARY,Male,18,Science (PCM),2-5 LPA,0,66.3,58.1,1,0,0.38,25.4,61.6,0,4,Tamil Nadu,TN,80.1,73.4,51.4,8.1,Chennai,1.2,0,0.0,17.5,0.8179,1
HSC_2026_1333,HIGHER_SECONDARY,Female,18,Commerce,<2 LPA,0,82.8,73.9,1,1,0.42,82.9,76.2,0,2,Uttar Pradesh,UP,67.7,57.2,23.2,16.8,Shravasti,49.6,1,96.5,48.2,0.1792,0
HSC_2026_1334,HIGHER_SECONDARY,Female,18,Science (PCB),2-5 LPA,1,82.6,53.2,1,0,0.76,58.9,55.6,0,3,Madhya Pradesh,MP,69.3,59.2,24.8,18.5,Alirajpur,52.0,1,92.2,39.5,0.8016,1
HSC_2026_1335,HIGHER_SECONDARY,Male,16,Arts / Humanities,<2 LPA,1,63.8,53.9,1,1,0.62,52.7,79.2,0,2,Gujarat,GJ,78.0,69.7,21.3,17.9,Dahod,40.5,1,88.0,38.1,0.6093,1
HSC_2026_1336,HIGHER_SECONDARY,Male,17,Science (PCM),<2 LPA,0,67.1,66.6,1,1,0.98,55.3,62.4,0,1,Rajasthan,RJ,66.1,52.1,26.0,17.2,Jaipur,6.9,0,47.6,22.5,0.3834,0
HSC_2026_1337,HIGHER_SECONDARY,Female,18,Arts / Humanities,<2 LPA,1,76.9,95.2,0,1,0.69,66.4,100.0,0,1,Rajasthan,RJ,66.1,52.1,26.0,17.2,Kota,8.2,0,39.7,21.0,0.0963,0
HSC_2026_1338,HIGHER_SECONDARY,Female,18,Vocational / ITI,<2 LPA,1,78.3,59.5,1,0,0.77,46.4,65.4,1,6,Tamil Nadu,TN,80.1,73.4,51.4,8.1,Coimbatore,2.1,0,24.2,18.9,0.8538,1
HSC_2026_1339,HIGHER_SECONDARY,Male,16,Arts / Humanities,2-5 LPA,0,71.9,78.8,0,1,0.52,61.3,71.2,0,5,Tamil Nadu,TN,80.1,73.4,51.4,8.1,Coimbatore,2.1,0,24.2,18.9,0.2162,0
HSC_2026_1340,HIGHER_SECONDARY,Male,17,Science (PCM),2-5 LPA,0,65.2,76.3,0,1,0.71,52.7,90.0,0,2,Rajasthan,RJ,66.1,52.1,26.0,17.2,Jaisalmer,31.8,1,86.7,33.2,0.3738,0
HSC_2026_1341,HIGHER_SECONDARY,Male,17,Science (PCB),<2 LPA,0,57.8,73.7,1,1,0.52,38.2,75.9,0,4,Rajasthan,RJ,66.1,52.1,26.0,17.2,Jaisalmer,31.8,1,86.7,33.2,0.539,1
HSC_2026_1342,HIGHER_SECONDARY,Male,18,Arts / Humanities,<2 LPA,0,62.1,67.7,1,1,0.9,53.1,59.1,0,2,Tamil Nadu,TN,80.1,73.4,51.4,8.1,Coimbatore,2.1,0,24.2,18.9,0.38,0
HSC_2026_1343,HIGHER_SECONDARY,Male,17,Commerce,2-5 LPA,1,73.7,37.2,1,0,0.52,59.6,22.0,0,7,Madhya Pradesh,MP,69.3,59.2,24.8,18.5,Indore,6.8,0,25.9,21.8,0.8132,1
HSC_2026_1344,HIGHER_SECONDARY,Female,16,Science (PCM),5-10 LPA,0,58.8,76.4,0,1,0.11,22.8,75.2,0,2,Uttar Pradesh,UP,67.7,57.2,23.2,16.8,Varanasi,16.3,0,56.6,29.4,0.483,0
HSC_2026_1345,HIGHER_SECONDARY,Female,16,Science (PCB),2-5 LPA,0,74.6,87.0,0,1,0.71,60.1,91.9,1,6,Gujarat,GJ,78.0,69.7,21.3,17.9,Dahod,40.5,1,88.0,38.1,0.4682,0
HSC_2026_1346,HIGHER_SECONDARY,Female,18,Science (PCM),>10 LPA,1,79.5,61.0,1,0,0.4,48.1,62.0,0,1,Kerala,KL,94.0,92.1,43.2,3.2,Wayanad,4.1,1,96.1,18.0,0.5859,0
HSC_2026_1347,HIGHER_SECONDARY,Female,18,Commerce,2-5 LPA,0,58.5,80.8,0,1,0.33,35.7,80.8,0,1,Kerala,KL,94.0,92.1,43.2,3.2,Wayanad,4.1,1,96.1,18.0,0.3032,0
HSC_2026_1348,HIGHER_SECONDARY,Male,16,Commerce,2-5 LPA,0,90.5,82.4,0,1,0.92,71.5,95.2,1,2,Rajasthan,RJ,66.1,52.1,26.0,17.2,Jaipur,6.9,0,47.6,22.5,0.2619,0
HSC_2026_1349,HIGHER_SECONDARY,Female,18,Science (PCM),2-5 LPA,0,73.0,72.5,1,1,0.76,67.7,76.5,0,1,Kerala,KL,94.0,92.1,43.2,3.2,Wayanad,4.1,1,96.1,18.0,0.1989,0
HSC_2026_1350,HIGHER_SECONDARY,Male,17,Science (PCM),<2 LPA,1,58.4,78.1,0,1,0.77,51.6,64.7,0,4,Maharashtra,MH,82.3,75.9,32.3,11.2,Gadchiroli,28.5,1,89.0,28.9,0.4041,0
HSC_2026_1351,HIGHER_SECONDARY,Female,16,Commerce,5-10 LPA,0,75.8,79.6,0,1,0.4,64.5,75.8,0,1,Tamil Nadu,TN,80.1,73.4,51.4,8.1,Chennai,1.2,0,0.0,17.5,0.1341,1
HSC_2026_1352,HIGHER_SECONDARY,Male,18,Vocational / ITI,2-5 LPA,0,80.8,82.0,0,1,0.75,61.0,95.6,0,4,Madhya Pradesh,MP,69.3,59.2,24.8,18.5,Alirajpur,52.0,1,92.2,39.5,0.3616,0
HSC_2026_1353,HIGHER_SECONDARY,Female,17,Vocational / ITI,<2 LPA,0,77.8,48.1,1,0,0.81,43.9,43.0,0,9,Karnataka,KA,75.4,68.1,36.2,12.0,Yadgir,39.4,1,81.2,36.5,0.9239,1
HSC_2026_1354,HIGHER_SECONDARY,Female,17,Arts / Humanities,2-5 LPA,1,68.5,97.2,0,1,0.91,40.4,100.0,0,1,Haryana,HR,75.6,65.9,29.8,12.5,Nuh / Mewat,44.8,1,88.6,47.0,0.3499,0
HSC_2026_1355,HIGHER_SECONDARY,Female,18,Science (PCM),<2 LPA,0,87.7,82.8,0,1,0.61,72.6,70.4,0,0,Tamil Nadu,TN,80.1,73.4,51.4,8.1,Coimbatore,2.1,0,24.2,18.9,0.0983,1
HSC_2026_1356,HIGHER_SECONDARY,Female,16,Science (PCM),<2 LPA,0,78.1,72.4,1,1,0.73,65.2,61.6,0,1,Kerala,KL,94.0,92.1,43.2,3.2,Thiruvananthapuram,0.9,0,46.2,15.2,0.2042,0
HSC_2026_1357,HIGHER_SECONDARY,Male,18,Science (PCB),<2 LPA,0,78.0,88.7,0,1,0.47,52.1,100.0,0,4,Haryana,HR,75.6,65.9,29.8,12.5,Gurugram,2.5,0,31.2,20.5,0.1908,0
HSC_2026_1358,HIGHER_SECONDARY,Male,16,Commerce,5-10 LPA,0,76.0,69.3,1,1,0.24,60.0,70.9,0,1,Bihar,BR,61.8,51.5,14.5,21.4,Muzaffarpur,35.1,1,90.3,38.0,0.2908,0
HSC_2026_1359,HIGHER_SECONDARY,Female,18,Science (PCB),<2 LPA,1,84.5,61.3,1,1,0.65,63.4,54.3,1,0,Madhya Pradesh,MP,69.3,59.2,24.8,18.5,Barwani,46.1,1,85.5,37.1,0.5827,1
HSC_2026_1360,HIGHER_SECONDARY,Male,16,Arts / Humanities,>10 LPA,0,72.3,89.0,0,0,0.24,38.4,93.0,1,5,Haryana,HR,75.6,65.9,29.8,12.5,Nuh / Mewat,44.8,1,88.6,47.0,0.7414,1
HSC_2026_1361,HIGHER_SECONDARY,Female,18,Commerce,<2 LPA,0,56.9,20.0,1,0,0.37,33.4,29.7,0,10,Kerala,KL,94.0,92.1,43.2,3.2,Wayanad,4.1,1,96.1,18.0,0.9622,1
HSC_2026_1362,HIGHER_SECONDARY,Male,17,Vocational / ITI,2-5 LPA,1,67.9,67.1,1,1,0.77,53.6,70.4,0,1,Rajasthan,RJ,66.1,52.1,26.0,17.2,Barmer,34.2,1,93.0,35.8,0.455,0
HSC_2026_1363,HIGHER_SECONDARY,Male,16,Commerce,2-5 LPA,0,55.4,75.2,0,1,0.88,50.3,67.9,0,1,Tamil Nadu,TN,80.1,73.4,51.4,8.1,Chennai,1.2,0,0.0,17.5,0.3122,0
HSC_2026_1364,HIGHER_SECONDARY,Male,18,Science (PCB),<2 LPA,1,72.4,100.0,0,1,0.9,64.1,88.4,1,1,Gujarat,GJ,78.0,69.7,21.3,17.9,Narmada,32.4,1,89.5,30.5,0.2361,0
HSC_2026_1365,HIGHER_SECONDARY,Male,17,Science (PCM),<2 LPA,0,71.9,53.6,1,0,0.85,30.5,51.7,0,6,Bihar,BR,61.8,51.5,14.5,21.4,Gaya,38.6,1,86.8,36.2,0.9289,1
HSC_2026_1366,HIGHER_SECONDARY,Male,17,Arts / Humanities,2-5 LPA,1,65.7,83.2,0,0,0.69,64.7,79.7,0,4,Rajasthan,RJ,66.1,52.1,26.0,17.2,Barmer,34.2,1,93.0,35.8,0.4341,0
HSC_2026_1367,HIGHER_SECONDARY,Female,17,Science (PCM),2-5 LPA,0,68.6,59.2,1,0,0.64,47.3,49.4,0,5,Madhya Pradesh,MP,69.3,59.2,24.8,18.5,Indore,6.8,0,25.9,21.8,0.7284,1
HSC_2026_1368,HIGHER_SECONDARY,Female,18,Vocational / ITI,<2 LPA,1,62.8,81.6,0,1,0.72,59.9,80.2,0,6,Madhya Pradesh,MP,69.3,59.2,24.8,18.5,Indore,6.8,0,25.9,21.8,0.2594,1
HSC_2026_1369,HIGHER_SECONDARY,Female,18,Vocational / ITI,2-5 LPA,0,80.6,100.0,0,1,0.77,60.6,100.0,0,3,Tamil Nadu,TN,80.1,73.4,51.4,8.1,Chennai,1.2,0,0.0,17.5,0.1095,0
HSC_2026_1370,HIGHER_SECONDARY,Male,16,Vocational / ITI,<2 LPA,0,83.3,47.9,1,0,0.44,45.3,55.9,0,2,Kerala,KL,94.0,92.1,43.2,3.2,Wayanad,4.1,1,96.1,18.0,0.7482,1
HSC_2026_1371,HIGHER_SECONDARY,Female,16,Commerce,2-5 LPA,0,47.5,47.1,1,1,0.69,39.0,56.6,0,2,Gujarat,GJ,78.0,69.7,21.3,17.9,Dahod,40.5,1,88.0,38.1,0.783,1
HSC_2026_1372,HIGHER_SECONDARY,Male,18,Commerce,<2 LPA,1,57.8,76.0,0,0,0.51,29.3,63.2,0,7,Madhya Pradesh,MP,69.3,59.2,24.8,18.5,Indore,6.8,0,25.9,21.8,0.7435,1
HSC_2026_1373,HIGHER_SECONDARY,Male,17,Commerce,<2 LPA,1,70.8,41.8,1,1,0.74,61.4,42.5,0,2,Karnataka,KA,75.4,68.1,36.2,12.0,Yadgir,39.4,1,81.2,36.5,0.6613,1
HSC_2026_1374,HIGHER_SECONDARY,Female,16,Science (PCM),<2 LPA,1,98.0,77.2,0,1,0.76,66.0,78.7,0,2,Karnataka,KA,75.4,68.1,36.2,12.0,Raichur,36.8,1,74.6,34.0,0.2808,0
HSC_2026_1375,HIGHER_SECONDARY,Female,17,Vocational / ITI,5-10 LPA,0,69.4,68.0,1,1,0.27,38.7,79.9,0,1,Madhya Pradesh,MP,69.3,59.2,24.8,18.5,Bhopal,9.4,0,19.1,23.4,0.4021,0
HSC_2026_1376,HIGHER_SECONDARY,Male,16,Vocational / ITI,2-5 LPA,1,82.9,71.7,1,1,0.33,68.0,76.0,0,4,Gujarat,GJ,78.0,69.7,21.3,17.9,Ahmedabad,3.8,0,15.9,20.2,0.1887,0
HSC_2026_1377,HIGHER_SECONDARY,Male,17,Science (PCM),2-5 LPA,0,66.6,81.0,0,1,0.39,56.9,56.4,0,2,Maharashtra,MH,82.3,75.9,32.3,11.2,Nandurbar,33.1,1,83.3,32.4,0.2529,0
HSC_2026_1378,HIGHER_SECONDARY,Male,16,Science (PCB),2-5 LPA,0,39.7,82.8,0,1,0.73,38.7,80.2,0,8,Rajasthan,RJ,66.1,52.1,26.0,17.2,Kota,8.2,0,39.7,21.0,0.4732,1
HSC_2026_1379,HIGHER_SECONDARY,Male,17,Arts / Humanities,2-5 LPA,0,65.9,66.2,1,0,0.65,27.5,63.4,0,2,Bihar,BR,61.8,51.5,14.5,21.4,Purnia,50.4,1,89.2,42.1,0.8673,1
HSC_2026_1380,HIGHER_SECONDARY,Male,16,Commerce,2-5 LPA,1,96.9,54.5,1,0,0.47,60.9,55.0,0,4,Kerala,KL,94.0,92.1,43.2,3.2,Wayanad,4.1,1,96.1,18.0,0.6015,1
HSC_2026_1381,HIGHER_SECONDARY,Female,18,Vocational / ITI,2-5 LPA,0,81.7,61.2,1,1,0.69,73.2,70.1,0,2,Tamil Nadu,TN,80.1,73.4,51.4,8.1,Ramanathapuram,7.8,1,69.7,22.1,0.2566,0
HSC_2026_1382,HIGHER_SECONDARY,Male,17,Science (PCB),2-5 LPA,0,73.5,75.0,1,1,0.71,70.4,94.6,0,0,Tamil Nadu,TN,80.1,73.4,51.4,8.1,Chennai,1.2,0,0.0,17.5,0.1477,0
HSC_2026_1383,HIGHER_SECONDARY,Male,18,Science (PCB),<2 LPA,0,86.4,67.0,1,1,0.77,74.3,63.0,0,1,Rajasthan,RJ,66.1,52.1,26.0,17.2,Kota,8.2,0,39.7,21.0,0.2057,0
HSC_2026_1384,HIGHER_SECONDARY,Male,17,Commerce,<2 LPA,0,61.4,73.2,1,0,0.43,27.9,63.9,0,3,Haryana,HR,75.6,65.9,29.8,12.5,Nuh / Mewat,44.8,1,88.6,47.0,0.8047,1
HSC_2026_1385,HIGHER_SECONDARY,Male,16,Vocational / ITI,>10 LPA,1,94.4,87.8,0,1,0.65,65.6,93.8,0,1,Kerala,KL,94.0,92.1,43.2,3.2,Ernakulam,0.6,0,31.9,14.8,0.1136,0
HSC_2026_1386,HIGHER_SECONDARY,Male,17,Arts / Humanities,<2 LPA,0,79.0,99.5,0,1,0.69,66.0,96.2,0,3,Tamil Nadu,TN,80.1,73.4,51.4,8.1,Chennai,1.2,0,0.0,17.5,0.0879,0
HSC_2026_1387,HIGHER_SECONDARY,Male,18,Science (PCB),<2 LPA,0,89.0,78.8,0,1,0.64,73.6,83.6,1,4,Uttar Pradesh,UP,67.7,57.2,23.2,16.8,Varanasi,16.3,0,56.6,29.4,0.2928,0
HSC_2026_1388,HIGHER_SECONDARY,Male,18,Science (PCM),<2 LPA,0,59.8,54.5,1,0,0.83,48.4,47.7,0,6,Rajasthan,RJ,66.1,52.1,26.0,17.2,Barmer,34.2,1,93.0,35.8,0.8534,1
HSC_2026_1389,HIGHER_SECONDARY,Male,17,Science (PCB),2-5 LPA,0,76.9,82.3,0,1,0.42,70.3,75.6,0,5,Kerala,KL,94.0,92.1,43.2,3.2,Ernakulam,0.6,0,31.9,14.8,0.134,0
HSC_2026_1390,HIGHER_SECONDARY,Male,18,Commerce,5-10 LPA,0,81.5,72.5,1,1,0.62,69.6,72.4,0,2,Karnataka,KA,75.4,68.1,36.2,12.0,Yadgir,39.4,1,81.2,36.5,0.2769,0
HSC_2026_1391,HIGHER_SECONDARY,Female,16,Arts / Humanities,2-5 LPA,0,72.0,57.4,1,1,0.8,49.5,59.6,0,1,Haryana,HR,75.6,65.9,29.8,12.5,Gurugram,2.5,0,31.2,20.5,0.4778,0
HSC_2026_1392,HIGHER_SECONDARY,Female,17,Arts / Humanities,2-5 LPA,1,83.8,88.4,0,1,0.55,71.9,93.6,0,1,Bihar,BR,61.8,51.5,14.5,21.4,Gaya,38.6,1,86.8,36.2,0.1384,0
HSC_2026_1393,HIGHER_SECONDARY,Female,17,Science (PCM),>10 LPA,0,64.9,69.2,1,1,0.75,40.3,61.0,0,1,Madhya Pradesh,MP,69.3,59.2,24.8,18.5,Barwani,46.1,1,85.5,37.1,0.5993,1
HSC_2026_1394,HIGHER_SECONDARY,Female,18,Science (PCM),<2 LPA,0,63.9,70.0,1,1,0.49,49.5,77.5,0,4,Rajasthan,RJ,66.1,52.1,26.0,17.2,Jaipur,6.9,0,47.6,22.5,0.3726,0
HSC_2026_1395,HIGHER_SECONDARY,Male,18,Science (PCB),2-5 LPA,0,59.5,60.2,1,0,0.47,32.1,52.8,0,6,Maharashtra,MH,82.3,75.9,32.3,11.2,Nandurbar,33.1,1,83.3,32.4,0.8669,1
HSC_2026_1396,HIGHER_SECONDARY,Male,16,Arts / Humanities,<2 LPA,0,82.8,67.5,1,1,0.65,62.8,65.5,0,4,Bihar,BR,61.8,51.5,14.5,21.4,Muzaffarpur,35.1,1,90.3,38.0,0.405,1
HSC_2026_1397,HIGHER_SECONDARY,Male,17,Science (PCM),2-5 LPA,0,71.4,64.8,1,1,0.59,41.5,55.9,0,1,Tamil Nadu,TN,80.1,73.4,51.4,8.1,Chennai,1.2,0,0.0,17.5,0.4367,0
HSC_2026_1398,HIGHER_SECONDARY,Female,17,Science (PCB),<2 LPA,0,70.0,98.8,0,1,0.86,62.6,88.3,0,5,Haryana,HR,75.6,65.9,29.8,12.5,Gurugram,2.5,0,31.2,20.5,0.1323,0
HSC_2026_1399,HIGHER_SECONDARY,Female,18,Arts / Humanities,2-5 LPA,1,79.7,81.1,0,1,0.35,63.1,91.0,0,3,Kerala,KL,94.0,92.1,43.2,3.2,Thiruvananthapuram,0.9,0,46.2,15.2,0.1473,0
HSC_2026_1400,HIGHER_SECONDARY,Male,16,Commerce,5-10 LPA,0,65.9,64.9,1,1,0.3,44.8,60.8,0,5,Uttar Pradesh,UP,67.7,57.2,23.2,16.8,Bahraich,54.4,1,92.1,46.5,0.6246,1
HSC_2026_1401,HIGHER_SECONDARY,Male,16,Arts / Humanities,2-5 LPA,0,69.4,83.4,0,1,0.5,67.3,93.0,0,1,Uttar Pradesh,UP,67.7,57.2,23.2,16.8,Balrampur,47.9,1,92.3,45.0,0.2059,0
HSC_2026_1402,HIGHER_SECONDARY,Female,16,Science (PCB),>10 LPA,1,77.5,52.5,1,0,0.25,47.5,56.5,0,5,Karnataka,KA,75.4,68.1,36.2,12.0,Raichur,36.8,1,74.6,34.0,0.8024,1
HSC_2026_1403,HIGHER_SECONDARY,Male,17,Science (PCB),5-10 LPA,0,56.4,62.3,1,1,0.32,35.9,63.4,0,2,Rajasthan,RJ,66.1,52.1,26.0,17.2,Jaisalmer,31.8,1,86.7,33.2,0.5963,1
HSC_2026_1404,HIGHER_SECONDARY,Female,17,Arts / Humanities,2-5 LPA,1,87.1,92.4,0,1,0.63,78.2,92.3,0,3,Maharashtra,MH,82.3,75.9,32.3,11.2,Gadchiroli,28.5,1,89.0,28.9,0.1039,0
HSC_2026_1405,HIGHER_SECONDARY,Female,17,Vocational / ITI,<2 LPA,1,88.2,77.6,0,1,0.83,77.3,72.9,0,2,Tamil Nadu,TN,80.1,73.4,51.4,8.1,Chennai,1.2,0,0.0,17.5,0.1332,0
HSC_2026_1406,HIGHER_SECONDARY,Female,18,Science (PCM),2-5 LPA,0,79.7,65.3,1,1,0.83,52.1,62.6,0,0,Karnataka,KA,75.4,68.1,36.2,12.0,Raichur,36.8,1,74.6,34.0,0.4879,0
HSC_2026_1407,HIGHER_SECONDARY,Male,18,Arts / Humanities,2-5 LPA,0,81.7,70.2,1,1,0.9,69.9,65.1,0,1,Haryana,HR,75.6,65.9,29.8,12.5,Nuh / Mewat,44.8,1,88.6,47.0,0.3391,1
HSC_2026_1408,HIGHER_SECONDARY,Female,17,Vocational / ITI,2-5 LPA,0,71.1,80.0,0,0,0.53,34.0,82.6,0,8,Rajasthan,RJ,66.1,52.1,26.0,17.2,Barmer,34.2,1,93.0,35.8,0.7731,1
HSC_2026_1409,HIGHER_SECONDARY,Male,16,Vocational / ITI,2-5 LPA,0,64.2,84.6,0,1,0.5,64.7,94.0,0,2,Madhya Pradesh,MP,69.3,59.2,24.8,18.5,Indore,6.8,0,25.9,21.8,0.1377,0
HSC_2026_1410,HIGHER_SECONDARY,Female,17,Vocational / ITI,2-5 LPA,0,79.6,89.3,0,1,0.78,73.8,89.6,0,1,Tamil Nadu,TN,80.1,73.4,51.4,8.1,Ramanathapuram,7.8,1,69.7,22.1,0.0978,0
HSC_2026_1411,HIGHER_SECONDARY,Male,17,Science (PCB),2-5 LPA,1,70.0,68.4,1,1,0.77,58.5,70.8,0,1,Kerala,KL,94.0,92.1,43.2,3.2,Thiruvananthapuram,0.9,0,46.2,15.2,0.2847,0
HSC_2026_1412,HIGHER_SECONDARY,Female,16,Commerce,5-10 LPA,0,84.0,97.0,0,1,0.27,67.3,100.0,0,3,Gujarat,GJ,78.0,69.7,21.3,17.9,Narmada,32.4,1,89.5,30.5,0.1051,0
HSC_2026_1413,HIGHER_SECONDARY,Male,16,Arts / Humanities,<2 LPA,0,71.5,60.9,1,0,0.53,34.8,59.5,1,3,Haryana,HR,75.6,65.9,29.8,12.5,Nuh / Mewat,44.8,1,88.6,47.0,0.9148,1
HSC_2026_1414,HIGHER_SECONDARY,Male,17,Commerce,2-5 LPA,1,68.6,60.7,1,0,0.79,43.3,62.6,1,5,Uttar Pradesh,UP,67.7,57.2,23.2,16.8,Shravasti,49.6,1,96.5,48.2,0.9231,1
HSC_2026_1415,HIGHER_SECONDARY,Male,17,Commerce,<2 LPA,1,82.8,54.4,1,1,0.77,67.4,40.4,0,2,Madhya Pradesh,MP,69.3,59.2,24.8,18.5,Alirajpur,52.0,1,92.2,39.5,0.5386,1
HSC_2026_1416,HIGHER_SECONDARY,Female,16,Arts / Humanities,5-10 LPA,1,77.6,53.5,1,0,0.14,42.9,51.8,0,6,Bihar,BR,61.8,51.5,14.5,21.4,Muzaffarpur,35.1,1,90.3,38.0,0.8185,1
HSC_2026_1417,HIGHER_SECONDARY,Female,17,Vocational / ITI,2-5 LPA,0,84.0,91.9,0,1,0.7,86.5,95.0,0,1,Maharashtra,MH,82.3,75.9,32.3,11.2,Pune,3.9,0,39.1,21.0,0.0507,0
HSC_2026_1418,HIGHER_SECONDARY,Female,17,Vocational / ITI,2-5 LPA,0,79.4,83.2,0,1,0.9,71.3,87.3,0,2,Kerala,KL,94.0,92.1,43.2,3.2,Thiruvananthapuram,0.9,0,46.2,15.2,0.1397,0
HSC_2026_1419,HIGHER_SECONDARY,Male,17,Commerce,<2 LPA,0,84.5,82.6,0,1,0.71,64.4,92.4,0,0,Uttar Pradesh,UP,67.7,57.2,23.2,16.8,Varanasi,16.3,0,56.6,29.4,0.1678,0
HSC_2026_1420,HIGHER_SECONDARY,Male,17,Science (PCB),<2 LPA,0,61.6,72.1,1,0,0.93,35.4,88.6,0,5,Kerala,KL,94.0,92.1,43.2,3.2,Wayanad,4.1,1,96.1,18.0,0.7513,1
HSC_2026_1421,HIGHER_SECONDARY,Male,17,Science (PCM),<2 LPA,0,77.7,73.3,1,0,0.22,42.3,87.7,1,3,Bihar,BR,61.8,51.5,14.5,21.4,Purnia,50.4,1,89.2,42.1,0.8087,1
HSC_2026_1422,HIGHER_SECONDARY,Male,18,Science (PCM),2-5 LPA,0,53.9,100.0,0,1,0.67,39.5,100.0,0,4,Karnataka,KA,75.4,68.1,36.2,12.0,Raichur,36.8,1,74.6,34.0,0.32,0
HSC_2026_1423,HIGHER_SECONDARY,Male,16,Vocational / ITI,2-5 LPA,0,66.5,99.8,0,1,0.42,56.5,100.0,0,4,Rajasthan,RJ,66.1,52.1,26.0,17.2,Kota,8.2,0,39.7,21.0,0.1185,0
HSC_2026_1424,HIGHER_SECONDARY,Male,17,Vocational / ITI,<2 LPA,0,78.8,82.4,0,1,0.74,48.0,79.0,0,2,Maharashtra,MH,82.3,75.9,32.3,11.2,Gadchiroli,28.5,1,89.0,28.9,0.3531,0
HSC_2026_1425,HIGHER_SECONDARY,Female,18,Science (PCB),5-10 LPA,1,74.7,72.5,1,1,0.26,72.2,75.4,0,2,Karnataka,KA,75.4,68.1,36.2,12.0,Raichur,36.8,1,74.6,34.0,0.2034,0
HSC_2026_1426,HIGHER_SECONDARY,Female,18,Commerce,2-5 LPA,0,64.4,95.0,0,1,0.93,35.8,92.7,0,1,Rajasthan,RJ,66.1,52.1,26.0,17.2,Kota,8.2,0,39.7,21.0,0.2903,0
HSC_2026_1427,HIGHER_SECONDARY,Male,17,Science (PCB),2-5 LPA,0,59.5,66.3,1,0,0.6,34.7,59.2,0,4,Kerala,KL,94.0,92.1,43.2,3.2,Ernakulam,0.6,0,31.9,14.8,0.7256,1
HSC_2026_1428,HIGHER_SECONDARY,Male,16,Science (PCB),5-10 LPA,0,72.7,74.6,1,1,0.17,56.0,69.0,0,4,Gujarat,GJ,78.0,69.7,21.3,17.9,Narmada,32.4,1,89.5,30.5,0.3082,1
HSC_2026_1429,HIGHER_SECONDARY,Female,18,Arts / Humanities,2-5 LPA,1,89.4,77.9,0,1,0.69,75.5,69.4,1,2,Bihar,BR,61.8,51.5,14.5,21.4,Patna,18.2,0,56.4,28.5,0.2674,0
HSC_2026_1430,HIGHER_SECONDARY,Male,17,Vocational / ITI,2-5 LPA,0,88.2,100.0,0,1,0.73,65.9,97.8,0,2,Tamil Nadu,TN,80.1,73.4,51.4,8.1,Coimbatore,2.1,0,24.2,18.9,0.0835,0
HSC_2026_1431,HIGHER_SECONDARY,Male,18,Arts / Humanities,2-5 LPA,1,53.5,91.2,0,1,0.93,61.6,89.2,0,4,Tamil Nadu,TN,80.1,73.4,51.4,8.1,Chennai,1.2,0,0.0,17.5,0.1701,0
HSC_2026_1432,HIGHER_SECONDARY,Male,16,Science (PCB),<2 LPA,1,88.0,82.9,0,1,0.68,60.5,91.8,0,5,Haryana,HR,75.6,65.9,29.8,12.5,Nuh / Mewat,44.8,1,88.6,47.0,0.3402,0
HSC_2026_1433,HIGHER_SECONDARY,Female,16,Arts / Humanities,<2 LPA,0,56.0,68.9,1,1,0.94,60.2,68.9,0,0,Gujarat,GJ,78.0,69.7,21.3,17.9,Dahod,40.5,1,88.0,38.1,0.4096,0
HSC_2026_1434,HIGHER_SECONDARY,Male,16,Commerce,2-5 LPA,0,96.1,71.9,1,0,0.86,59.6,84.5,0,7,Uttar Pradesh,UP,67.7,57.2,23.2,16.8,Varanasi,16.3,0,56.6,29.4,0.6168,1
HSC_2026_1435,HIGHER_SECONDARY,Male,18,Science (PCM),<2 LPA,0,53.5,73.7,1,1,0.79,48.4,64.9,0,3,Madhya Pradesh,MP,69.3,59.2,24.8,18.5,Indore,6.8,0,25.9,21.8,0.3816,0
HSC_2026_1436,HIGHER_SECONDARY,Male,17,Science (PCM),<2 LPA,0,80.7,83.4,0,1,0.91,70.2,80.2,0,5,Uttar Pradesh,UP,67.7,57.2,23.2,16.8,Shravasti,49.6,1,96.5,48.2,0.3083,0
HSC_2026_1437,HIGHER_SECONDARY,Male,17,Science (PCB),5-10 LPA,1,74.4,64.9,1,1,0.35,59.9,58.2,0,3,Rajasthan,RJ,66.1,52.1,26.0,17.2,Jaipur,6.9,0,47.6,22.5,0.2891,0
HSC_2026_1438,HIGHER_SECONDARY,Female,17,Science (PCB),>10 LPA,0,72.1,74.5,1,0,0.31,43.5,81.3,0,6,Maharashtra,MH,82.3,75.9,32.3,11.2,Nandurbar,33.1,1,83.3,32.4,0.6788,1
HSC_2026_1439,HIGHER_SECONDARY,Female,17,Vocational / ITI,<2 LPA,0,71.3,46.3,1,0,0.51,51.2,40.8,0,9,Bihar,BR,61.8,51.5,14.5,21.4,Purnia,50.4,1,89.2,42.1,0.9031,1
HSC_2026_1440,HIGHER_SECONDARY,Female,17,Science (PCM),5-10 LPA,1,71.8,84.5,0,1,0.34,63.7,79.3,0,3,Tamil Nadu,TN,80.1,73.4,51.4,8.1,Ramanathapuram,7.8,1,69.7,22.1,0.1397,0
HSC_2026_1441,HIGHER_SECONDARY,Female,16,Science (PCM),>10 LPA,1,70.6,63.2,1,0,0.11,52.0,59.9,0,5,Madhya Pradesh,MP,69.3,59.2,24.8,18.5,Alirajpur,52.0,1,92.2,39.5,0.7159,1
HSC_2026_1442,HIGHER_SECONDARY,Male,17,Commerce,2-5 LPA,1,64.3,70.8,1,1,0.59,56.7,70.2,0,2,Maharashtra,MH,82.3,75.9,32.3,11.2,Pune,3.9,0,39.1,21.0,0.278,0
HSC_2026_1443,HIGHER_SECONDARY,Male,17,Commerce,<2 LPA,0,59.7,69.6,1,1,0.73,48.0,77.0,0,3,Bihar,BR,61.8,51.5,14.5,21.4,Muzaffarpur,35.1,1,90.3,38.0,0.5193,1
HSC_2026_1444,HIGHER_SECONDARY,Male,16,Science (PCM),2-5 LPA,0,78.6,83.1,0,1,0.93,69.1,87.3,0,2,Gujarat,GJ,78.0,69.7,21.3,17.9,Ahmedabad,3.8,0,15.9,20.2,0.1587,0
HSC_2026_1445,HIGHER_SECONDARY,Female,16,Science (PCB),<2 LPA,0,65.1,65.3,1,0,0.72,51.1,74.0,0,0,Kerala,KL,94.0,92.1,43.2,3.2,Wayanad,4.1,1,96.1,18.0,0.5536,1
HSC_2026_1446,HIGHER_SECONDARY,Male,18,Science (PCB),<2 LPA,1,60.5,82.1,0,1,0.68,29.9,80.3,0,3,Haryana,HR,75.6,65.9,29.8,12.5,Nuh / Mewat,44.8,1,88.6,47.0,0.5918,1
HSC_2026_1447,HIGHER_SECONDARY,Female,16,Science (PCB),2-5 LPA,1,93.8,65.1,1,1,0.88,66.0,68.4,0,3,Tamil Nadu,TN,80.1,73.4,51.4,8.1,Ramanathapuram,7.8,1,69.7,22.1,0.3272,1
HSC_2026_1448,HIGHER_SECONDARY,Male,16,Commerce,2-5 LPA,1,70.5,71.6,1,0,0.78,46.9,79.1,0,4,Madhya Pradesh,MP,69.3,59.2,24.8,18.5,Bhopal,9.4,0,19.1,23.4,0.6387,1
HSC_2026_1449,HIGHER_SECONDARY,Female,16,Commerce,<2 LPA,1,84.1,66.5,1,1,0.91,59.0,61.0,1,4,Kerala,KL,94.0,92.1,43.2,3.2,Ernakulam,0.6,0,31.9,14.8,0.5334,1
HSC_2026_1450,HIGHER_SECONDARY,Female,17,Science (PCB),<2 LPA,1,83.4,77.6,0,0,0.62,52.7,78.6,0,3,Kerala,KL,94.0,92.1,43.2,3.2,Thiruvananthapuram,0.9,0,46.2,15.2,0.4456,0
HSC_2026_1451,HIGHER_SECONDARY,Female,17,Commerce,2-5 LPA,0,85.3,64.1,1,1,0.88,74.4,61.0,0,5,Madhya Pradesh,MP,69.3,59.2,24.8,18.5,Indore,6.8,0,25.9,21.8,0.2972,0
HSC_2026_1452,HIGHER_SECONDARY,Male,17,Arts / Humanities,5-10 LPA,1,78.6,74.6,1,1,0.15,39.8,67.5,0,5,Gujarat,GJ,78.0,69.7,21.3,17.9,Narmada,32.4,1,89.5,30.5,0.4679,0
HSC_2026_1453,HIGHER_SECONDARY,Male,18,Science (PCM),<2 LPA,1,66.0,83.9,0,1,0.62,64.0,85.3,1,1,Madhya Pradesh,MP,69.3,59.2,24.8,18.5,Alirajpur,52.0,1,92.2,39.5,0.3917,0
HSC_2026_1454,HIGHER_SECONDARY,Male,16,Science (PCM),2-5 LPA,0,55.6,78.1,0,1,0.67,44.6,76.3,0,3,Maharashtra,MH,82.3,75.9,32.3,11.2,Pune,3.9,0,39.1,21.0,0.3435,1
HSC_2026_1455,HIGHER_SECONDARY,Male,16,Science (PCB),5-10 LPA,0,96.3,87.2,0,1,0.69,75.2,81.1,0,1,Maharashtra,MH,82.3,75.9,32.3,11.2,Nandurbar,33.1,1,83.3,32.4,0.1321,0
HSC_2026_1456,HIGHER_SECONDARY,Male,17,Vocational / ITI,<2 LPA,0,78.8,73.8,1,1,0.57,78.7,72.0,0,3,Gujarat,GJ,78.0,69.7,21.3,17.9,Ahmedabad,3.8,0,15.9,20.2,0.1361,0
HSC_2026_1457,HIGHER_SECONDARY,Female,17,Arts / Humanities,2-5 LPA,0,63.1,74.8,1,1,0.42,58.0,72.9,0,0,Uttar Pradesh,UP,67.7,57.2,23.2,16.8,Lucknow,8.5,0,33.8,24.1,0.1999,0
HSC_2026_1458,HIGHER_SECONDARY,Female,16,Science (PCM),2-5 LPA,0,69.7,100.0,0,1,0.88,71.6,92.7,0,0,Karnataka,KA,75.4,68.1,36.2,12.0,Raichur,36.8,1,74.6,34.0,0.1052,0
HSC_2026_1459,HIGHER_SECONDARY,Female,17,Science (PCB),2-5 LPA,1,78.4,95.8,0,1,0.7,44.3,81.8,0,3,Bihar,BR,61.8,51.5,14.5,21.4,Purnia,50.4,1,89.2,42.1,0.3486,0
HSC_2026_1460,HIGHER_SECONDARY,Female,16,Science (PCB),2-5 LPA,0,73.3,76.6,0,1,0.9,59.6,80.8,0,3,Uttar Pradesh,UP,67.7,57.2,23.2,16.8,Noida / Gautam Buddha Nagar,7.1,0,40.9,22.0,0.2823,0
HSC_2026_1461,HIGHER_SECONDARY,Female,18,Science (PCB),2-5 LPA,1,63.5,59.4,1,0,0.78,38.9,61.7,1,4,Bihar,BR,61.8,51.5,14.5,21.4,Patna,18.2,0,56.4,28.5,0.8951,1
HSC_2026_1462,HIGHER_SECONDARY,Female,18,Arts / Humanities,<2 LPA,1,61.3,52.6,1,0,0.7,46.2,45.7,0,1,Maharashtra,MH,82.3,75.9,32.3,11.2,Pune,3.9,0,39.1,21.0,0.7264,1
HSC_2026_1463,HIGHER_SECONDARY,Female,16,Science (PCM),<2 LPA,0,61.4,83.2,0,1,0.35,33.8,84.7,1,4,Karnataka,KA,75.4,68.1,36.2,12.0,Yadgir,39.4,1,81.2,36.5,0.6416,1
HSC_2026_1464,HIGHER_SECONDARY,Male,18,Vocational / ITI,2-5 LPA,1,55.9,57.3,1,0,0.59,26.6,59.1,0,3,Madhya Pradesh,MP,69.3,59.2,24.8,18.5,Indore,6.8,0,25.9,21.8,0.8395,1
HSC_2026_1465,HIGHER_SECONDARY,Female,18,Vocational / ITI,<2 LPA,0,54.7,94.9,0,1,0.6,49.9,100.0,1,1,Kerala,KL,94.0,92.1,43.2,3.2,Thiruvananthapuram,0.9,0,46.2,15.2,0.2442,0
HSC_2026_1466,HIGHER_SECONDARY,Male,17,Science (PCM),2-5 LPA,1,63.7,81.2,0,1,0.85,46.5,67.9,0,3,Karnataka,KA,75.4,68.1,36.2,12.0,Bengaluru Urban,1.8,0,9.1,18.2,0.3229,1
HSC_2026_1467,HIGHER_SECONDARY,Female,16,Commerce,<2 LPA,0,90.7,55.0,1,0,0.44,55.7,49.8,1,4,Haryana,HR,75.6,65.9,29.8,12.5,Nuh / Mewat,44.8,1,88.6,47.0,0.8615,1
HSC_2026_1468,HIGHER_SECONDARY,Male,18,Arts / Humanities,<2 LPA,1,65.9,69.7,1,1,0.62,54.3,73.8,0,2,Haryana,HR,75.6,65.9,29.8,12.5,Nuh / Mewat,44.8,1,88.6,47.0,0.4544,0
HSC_2026_1469,HIGHER_SECONDARY,Female,18,Science (PCB),<2 LPA,1,88.7,76.2,0,1,0.66,76.7,63.1,0,3,Bihar,BR,61.8,51.5,14.5,21.4,Katihar,48.7,1,91.1,44.3,0.2445,0
HSC_2026_1470,HIGHER_SECONDARY,Female,17,Arts / Humanities,<2 LPA,0,66.4,100.0,0,1,0.75,68.6,100.0,0,2,Madhya Pradesh,MP,69.3,59.2,24.8,18.5,Indore,6.8,0,25.9,21.8,0.0822,1
HSC_2026_1471,HIGHER_SECONDARY,Male,17,Science (PCB),<2 LPA,0,87.6,71.8,1,1,0.2,70.5,68.9,0,3,Maharashtra,MH,82.3,75.9,32.3,11.2,Nandurbar,33.1,1,83.3,32.4,0.2153,0
HSC_2026_1472,HIGHER_SECONDARY,Male,17,Science (PCM),<2 LPA,0,72.1,73.5,1,1,0.24,62.0,75.5,1,4,Tamil Nadu,TN,80.1,73.4,51.4,8.1,Coimbatore,2.1,0,24.2,18.9,0.3215,0
HSC_2026_1473,HIGHER_SECONDARY,Female,16,Science (PCM),<2 LPA,0,81.9,45.1,1,0,0.88,52.9,39.2,1,5,Madhya Pradesh,MP,69.3,59.2,24.8,18.5,Bhopal,9.4,0,19.1,23.4,0.901,1
HSC_2026_1474,HIGHER_SECONDARY,Female,17,Commerce,5-10 LPA,1,72.8,83.0,0,1,0.71,79.9,81.4,0,4,Maharashtra,MH,82.3,75.9,32.3,11.2,Pune,3.9,0,39.1,21.0,0.1118,0
HSC_2026_1475,HIGHER_SECONDARY,Female,16,Vocational / ITI,2-5 LPA,1,63.9,84.7,0,1,0.79,44.2,81.8,0,4,Karnataka,KA,75.4,68.1,36.2,12.0,Bengaluru Urban,1.8,0,9.1,18.2,0.3183,0
HSC_2026_1476,HIGHER_SECONDARY,Female,18,Commerce,5-10 LPA,1,70.4,72.7,1,1,0.3,55.6,67.5,0,3,Haryana,HR,75.6,65.9,29.8,12.5,Nuh / Mewat,44.8,1,88.6,47.0,0.375,0
HSC_2026_1477,HIGHER_SECONDARY,Female,16,Science (PCB),2-5 LPA,0,53.7,68.2,1,1,0.82,60.0,69.1,0,1,Tamil Nadu,TN,80.1,73.4,51.4,8.1,Ramanathapuram,7.8,1,69.7,22.1,0.3056,0
HSC_2026_1478,HIGHER_SECONDARY,Female,17,Science (PCB),<2 LPA,1,64.5,74.6,1,0,0.86,27.3,86.4,1,10,Maharashtra,MH,82.3,75.9,32.3,11.2,Mumbai,2.1,0,0.0,19.5,0.9066,1
HSC_2026_1479,HIGHER_SECONDARY,Female,18,Science (PCB),<2 LPA,1,78.2,50.2,1,0,0.42,39.5,50.9,1,6,Tamil Nadu,TN,80.1,73.4,51.4,8.1,Coimbatore,2.1,0,24.2,18.9,0.8947,1
HSC_2026_1480,HIGHER_SECONDARY,Female,17,Arts / Humanities,2-5 LPA,1,59.4,100.0,0,1,0.55,56.5,84.4,0,1,Rajasthan,RJ,66.1,52.1,26.0,17.2,Jaisalmer,31.8,1,86.7,33.2,0.141,0
HSC_2026_1481,HIGHER_SECONDARY,Female,17,Arts / Humanities,2-5 LPA,0,65.1,91.0,0,1,0.66,58.0,100.0,0,1,Karnataka,KA,75.4,68.1,36.2,12.0,Yadgir,39.4,1,81.2,36.5,0.2129,0
HSC_2026_1482,HIGHER_SECONDARY,Male,18,Arts / Humanities,<2 LPA,1,53.1,70.6,1,0,0.56,15.0,72.5,0,2,Karnataka,KA,75.4,68.1,36.2,12.0,Raichur,36.8,1,74.6,34.0,0.8706,1
HSC_2026_1483,HIGHER_SECONDARY,Female,16,Science (PCB),<2 LPA,1,92.6,69.3,1,1,0.89,74.8,74.6,0,1,Rajasthan,RJ,66.1,52.1,26.0,17.2,Jaipur,6.9,0,47.6,22.5,0.1979,0
HSC_2026_1484,HIGHER_SECONDARY,Female,16,Commerce,2-5 LPA,0,71.0,30.5,1,0,0.46,49.2,27.8,0,7,Kerala,KL,94.0,92.1,43.2,3.2,Wayanad,4.1,1,96.1,18.0,0.8855,1
HSC_2026_1485,HIGHER_SECONDARY,Female,16,Commerce,<2 LPA,0,85.5,64.1,1,1,0.81,70.8,67.6,1,5,Madhya Pradesh,MP,69.3,59.2,24.8,18.5,Barwani,46.1,1,85.5,37.1,0.6135,1
HSC_2026_1486,HIGHER_SECONDARY,Male,16,Arts / Humanities,>10 LPA,0,75.9,52.4,1,0,0.18,39.7,57.1,0,8,Madhya Pradesh,MP,69.3,59.2,24.8,18.5,Alirajpur,52.0,1,92.2,39.5,0.8931,1
HSC_2026_1487,HIGHER_SECONDARY,Male,17,Science (PCM),2-5 LPA,0,67.0,78.1,0,1,0.53,42.5,79.2,0,0,Gujarat,GJ,78.0,69.7,21.3,17.9,Narmada,32.4,1,89.5,30.5,0.3808,0
HSC_2026_1488,HIGHER_SECONDARY,Female,17,Science (PCB),>10 LPA,1,71.9,82.8,0,1,0.67,52.2,64.0,0,2,Kerala,KL,94.0,92.1,43.2,3.2,Thiruvananthapuram,0.9,0,46.2,15.2,0.2238,1
HSC_2026_1489,HIGHER_SECONDARY,Female,16,Science (PCB),2-5 LPA,0,85.8,85.8,0,1,0.73,60.2,80.2,0,2,Karnataka,KA,75.4,68.1,36.2,12.0,Bengaluru Urban,1.8,0,9.1,18.2,0.1663,0
HSC_2026_1490,HIGHER_SECONDARY,Male,16,Arts / Humanities,<2 LPA,0,93.5,73.6,1,1,0.84,83.2,82.7,0,1,Bihar,BR,61.8,51.5,14.5,21.4,Purnia,50.4,1,89.2,42.1,0.2198,0
HSC_2026_1491,HIGHER_SECONDARY,Male,16,Commerce,5-10 LPA,0,55.0,62.0,1,0,0.38,40.6,61.5,0,6,Tamil Nadu,TN,80.1,73.4,51.4,8.1,Chennai,1.2,0,0.0,17.5,0.7174,1
HSC_2026_1492,HIGHER_SECONDARY,Female,16,Vocational / ITI,<2 LPA,0,81.8,52.5,1,1,0.62,58.8,65.2,0,1,Tamil Nadu,TN,80.1,73.4,51.4,8.1,Coimbatore,2.1,0,24.2,18.9,0.405,0
HSC_2026_1493,HIGHER_SECONDARY,Male,17,Science (PCB),<2 LPA,1,79.2,83.9,0,1,0.85,46.9,89.9,1,0,Tamil Nadu,TN,80.1,73.4,51.4,8.1,Chennai,1.2,0,0.0,17.5,0.3869,0
HSC_2026_1494,HIGHER_SECONDARY,Male,17,Science (PCB),<2 LPA,0,75.5,96.8,0,1,0.64,64.8,83.8,1,4,Rajasthan,RJ,66.1,52.1,26.0,17.2,Barmer,34.2,1,93.0,35.8,0.268,0
HSC_2026_1495,HIGHER_SECONDARY,Male,18,Vocational / ITI,<2 LPA,0,69.8,64.5,1,1,0.46,40.8,55.5,1,2,Tamil Nadu,TN,80.1,73.4,51.4,8.1,Coimbatore,2.1,0,24.2,18.9,0.6045,1
HSC_2026_1496,HIGHER_SECONDARY,Female,18,Science (PCM),5-10 LPA,0,81.9,31.1,1,0,0.36,49.0,28.6,0,6,Uttar Pradesh,UP,67.7,57.2,23.2,16.8,Noida / Gautam Buddha Nagar,7.1,0,40.9,22.0,0.8727,1
HSC_2026_1497,HIGHER_SECONDARY,Male,18,Vocational / ITI,<2 LPA,0,60.0,66.9,1,1,0.61,45.3,66.5,1,1,Bihar,BR,61.8,51.5,14.5,21.4,Katihar,48.7,1,91.1,44.3,0.7091,1
HSC_2026_1498,HIGHER_SECONDARY,Male,18,Vocational / ITI,<2 LPA,0,61.3,89.1,0,1,0.42,36.4,91.9,1,3,Maharashtra,MH,82.3,75.9,32.3,11.2,Pune,3.9,0,39.1,21.0,0.4214,1
HSC_2026_1499,HIGHER_SECONDARY,Male,16,Science (PCB),5-10 LPA,0,80.7,43.2,1,0,0.31,48.6,47.2,0,6,Gujarat,GJ,78.0,69.7,21.3,17.9,Narmada,32.4,1,89.5,30.5,0.8571,0
HSC_2026_1500,HIGHER_SECONDARY,Female,18,Vocational / ITI,2-5 LPA,0,83.3,58.9,1,1,0.78,70.7,49.6,0,2,Madhya Pradesh,MP,69.3,59.2,24.8,18.5,Bhopal,9.4,0,19.1,23.4,0.3134,0
HSC_2026_1501,HIGHER_SECONDARY,Female,18,Arts / Humanities,2-5 LPA,0,77.6,65.1,1,0,0.75,52.1,47.0,0,6,Kerala,KL,94.0,92.1,43.2,3.2,Wayanad,4.1,1,96.1,18.0,0.6663,1
HSC_2026_1502,HIGHER_SECONDARY,Female,16,Vocational / ITI,<2 LPA,1,77.9,64.7,1,1,0.66,83.6,73.8,1,3,Maharashtra,MH,82.3,75.9,32.3,11.2,Gadchiroli,28.5,1,89.0,28.9,0.3578,0
HSC_2026_1503,HIGHER_SECONDARY,Male,16,Arts / Humanities,2-5 LPA,1,74.3,68.8,1,1,0.75,69.3,79.3,0,3,Uttar Pradesh,UP,67.7,57.2,23.2,16.8,Noida / Gautam Buddha Nagar,7.1,0,40.9,22.0,0.2477,0
HSC_2026_1504,HIGHER_SECONDARY,Female,18,Science (PCM),5-10 LPA,0,53.4,62.8,1,1,0.17,44.2,69.9,0,0,Haryana,HR,75.6,65.9,29.8,12.5,Nuh / Mewat,44.8,1,88.6,47.0,0.4946,0
HSC_2026_1505,HIGHER_SECONDARY,Male,16,Commerce,<2 LPA,1,64.7,39.5,1,0,0.82,30.5,34.3,0,7,Tamil Nadu,TN,80.1,73.4,51.4,8.1,Coimbatore,2.1,0,24.2,18.9,0.933,1
HSC_2026_1506,HIGHER_SECONDARY,Male,17,Science (PCM),<2 LPA,0,86.2,77.1,0,1,0.84,68.4,90.1,0,2,Madhya Pradesh,MP,69.3,59.2,24.8,18.5,Alirajpur,52.0,1,92.2,39.5,0.3224,0
HSC_2026_1507,HIGHER_SECONDARY,Female,18,Commerce,<2 LPA,1,85.4,44.6,1,0,0.42,52.6,35.5,0,8,Kerala,KL,94.0,92.1,43.2,3.2,Wayanad,4.1,1,96.1,18.0,0.8031,1
HSC_2026_1508,HIGHER_SECONDARY,Female,17,Science (PCB),<2 LPA,0,87.1,80.7,0,1,0.82,56.4,71.2,1,1,Gujarat,GJ,78.0,69.7,21.3,17.9,Ahmedabad,3.8,0,15.9,20.2,0.3546,0
HSC_2026_1509,HIGHER_SECONDARY,Male,17,Vocational / ITI,2-5 LPA,1,75.3,47.4,1,1,0.42,47.7,54.9,0,1,Karnataka,KA,75.4,68.1,36.2,12.0,Raichur,36.8,1,74.6,34.0,0.6472,0
HSC_2026_1510,HIGHER_SECONDARY,Male,18,Arts / Humanities,2-5 LPA,0,78.0,77.0,0,1,0.73,60.4,73.2,0,5,Gujarat,GJ,78.0,69.7,21.3,17.9,Ahmedabad,3.8,0,15.9,20.2,0.2694,1
HSC_2026_1511,HIGHER_SECONDARY,Female,18,Science (PCM),<2 LPA,0,84.2,53.6,1,0,0.42,47.2,61.5,1,10,Gujarat,GJ,78.0,69.7,21.3,17.9,Dahod,40.5,1,88.0,38.1,0.9311,1
HSC_2026_1512,HIGHER_SECONDARY,Female,18,Science (PCB),>10 LPA,1,84.4,74.3,1,1,0.5,57.2,65.3,0,0,Tamil Nadu,TN,80.1,73.4,51.4,8.1,Ramanathapuram,7.8,1,69.7,22.1,0.2172,0
HSC_2026_1513,HIGHER_SECONDARY,Female,17,Science (PCB),<2 LPA,0,92.5,67.6,1,1,0.48,87.7,69.5,1,4,Tamil Nadu,TN,80.1,73.4,51.4,8.1,Ramanathapuram,7.8,1,69.7,22.1,0.2277,0
HSC_2026_1514,HIGHER_SECONDARY,Male,17,Science (PCB),<2 LPA,0,56.0,83.1,0,1,0.75,47.7,85.4,0,1,Bihar,BR,61.8,51.5,14.5,21.4,Muzaffarpur,35.1,1,90.3,38.0,0.3549,0
HSC_2026_1515,HIGHER_SECONDARY,Female,16,Science (PCM),<2 LPA,1,79.2,70.4,1,1,0.83,66.7,75.8,0,1,Tamil Nadu,TN,80.1,73.4,51.4,8.1,Coimbatore,2.1,0,24.2,18.9,0.2241,0
HSC_2026_1516,HIGHER_SECONDARY,Female,17,Commerce,<2 LPA,1,82.2,69.4,1,0,0.5,53.6,66.9,1,4,Bihar,BR,61.8,51.5,14.5,21.4,Gaya,38.6,1,86.8,36.2,0.7822,1
HSC_2026_1517,HIGHER_SECONDARY,Female,18,Commerce,2-5 LPA,1,66.5,50.7,1,0,0.82,53.1,47.9,0,2,Madhya Pradesh,MP,69.3,59.2,24.8,18.5,Bhopal,9.4,0,19.1,23.4,0.7389,0
HSC_2026_1518,HIGHER_SECONDARY,Female,17,Vocational / ITI,5-10 LPA,1,75.0,54.4,1,0,0.15,57.8,68.9,0,7,Maharashtra,MH,82.3,75.9,32.3,11.2,Pune,3.9,0,39.1,21.0,0.6281,1
HSC_2026_1519,HIGHER_SECONDARY,Female,16,Commerce,2-5 LPA,0,60.9,78.1,0,1,0.95,47.1,89.1,0,4,Haryana,HR,75.6,65.9,29.8,12.5,Gurugram,2.5,0,31.2,20.5,0.384,0
HSC_2026_1520,HIGHER_SECONDARY,Male,18,Vocational / ITI,2-5 LPA,0,63.0,93.2,0,1,0.45,39.5,100.0,0,2,Karnataka,KA,75.4,68.1,36.2,12.0,Raichur,36.8,1,74.6,34.0,0.3077,1
HSC_2026_1521,HIGHER_SECONDARY,Female,18,Science (PCM),2-5 LPA,1,71.5,85.5,0,1,0.92,58.6,93.0,0,2,Tamil Nadu,TN,80.1,73.4,51.4,8.1,Ramanathapuram,7.8,1,69.7,22.1,0.213,0
HSC_2026_1522,HIGHER_SECONDARY,Male,18,Science (PCM),<2 LPA,0,73.9,53.7,1,1,0.86,50.3,50.3,0,3,Kerala,KL,94.0,92.1,43.2,3.2,Ernakulam,0.6,0,31.9,14.8,0.5504,1
HSC_2026_1523,HIGHER_SECONDARY,Male,18,Science (PCB),2-5 LPA,1,53.4,48.0,1,0,0.87,27.5,36.5,0,8,Rajasthan,RJ,66.1,52.1,26.0,17.2,Kota,8.2,0,39.7,21.0,0.932,1
HSC_2026_1524,HIGHER_SECONDARY,Female,16,Science (PCB),>10 LPA,1,98.0,47.0,1,1,0.53,84.9,38.5,0,0,Haryana,HR,75.6,65.9,29.8,12.5,Nuh / Mewat,44.8,1,88.6,47.0,0.3386,0
HSC_2026_1525,HIGHER_SECONDARY,Female,16,Vocational / ITI,>10 LPA,0,74.4,100.0,0,1,0.06,62.3,100.0,0,2,Uttar Pradesh,UP,67.7,57.2,23.2,16.8,Balrampur,47.9,1,92.3,45.0,0.1118,1
HSC_2026_1526,HIGHER_SECONDARY,Male,18,Science (PCB),2-5 LPA,1,62.1,92.6,0,1,0.71,67.7,86.5,0,3,Haryana,HR,75.6,65.9,29.8,12.5,Gurugram,2.5,0,31.2,20.5,0.1095,0
HSC_2026_1527,HIGHER_SECONDARY,Female,16,Arts / Humanities,2-5 LPA,0,53.0,75.9,0,1,0.28,47.9,76.2,0,2,Uttar Pradesh,UP,67.7,57.2,23.2,16.8,Lucknow,8.5,0,33.8,24.1,0.2715,0
HSC_2026_1528,HIGHER_SECONDARY,Male,17,Science (PCM),2-5 LPA,0,82.2,54.4,1,0,0.27,37.3,51.8,0,6,Uttar Pradesh,UP,67.7,57.2,23.2,16.8,Lucknow,8.5,0,33.8,24.1,0.8005,0
HSC_2026_1529,HIGHER_SECONDARY,Male,18,Science (PCM),2-5 LPA,0,65.2,76.8,0,1,0.79,50.2,78.2,0,0,Gujarat,GJ,78.0,69.7,21.3,17.9,Narmada,32.4,1,89.5,30.5,0.37,0
HSC_2026_1530,HIGHER_SECONDARY,Female,17,Science (PCM),<2 LPA,0,98.0,87.4,0,1,0.74,65.5,92.7,0,2,Maharashtra,MH,82.3,75.9,32.3,11.2,Mumbai,2.1,0,0.0,19.5,0.1343,0
HSC_2026_1531,HIGHER_SECONDARY,Male,18,Vocational / ITI,2-5 LPA,1,59.7,83.5,0,1,0.58,42.9,71.1,0,2,Uttar Pradesh,UP,67.7,57.2,23.2,16.8,Varanasi,16.3,0,56.6,29.4,0.3191,0
HSC_2026_1532,HIGHER_SECONDARY,Male,18,Arts / Humanities,2-5 LPA,1,66.0,95.0,0,1,0.28,38.3,87.7,0,0,Madhya Pradesh,MP,69.3,59.2,24.8,18.5,Alirajpur,52.0,1,92.2,39.5,0.2903,0
HSC_2026_1533,HIGHER_SECONDARY,Male,16,Commerce,2-5 LPA,0,70.4,82.0,0,1,0.57,54.7,75.6,0,2,Kerala,KL,94.0,92.1,43.2,3.2,Thiruvananthapuram,0.9,0,46.2,15.2,0.1996,0
HSC_2026_1534,HIGHER_SECONDARY,Male,16,Arts / Humanities,2-5 LPA,1,49.2,63.2,1,1,0.44,38.4,63.7,0,4,Uttar Pradesh,UP,67.7,57.2,23.2,16.8,Varanasi,16.3,0,56.6,29.4,0.5692,1
HSC_2026_1535,HIGHER_SECONDARY,Male,17,Arts / Humanities,2-5 LPA,1,79.5,66.9,1,0,0.58,61.5,65.9,0,9,Kerala,KL,94.0,92.1,43.2,3.2,Ernakulam,0.6,0,31.9,14.8,0.5806,1
HSC_2026_1536,HIGHER_SECONDARY,Female,18,Science (PCM),<2 LPA,1,61.2,62.0,1,1,0.44,51.2,66.0,0,0,Karnataka,KA,75.4,68.1,36.2,12.0,Raichur,36.8,1,74.6,34.0,0.4565,0
HSC_2026_1537,HIGHER_SECONDARY,Female,17,Arts / Humanities,5-10 LPA,0,73.2,80.2,0,1,0.45,56.2,69.0,0,1,Haryana,HR,75.6,65.9,29.8,12.5,Gurugram,2.5,0,31.2,20.5,0.1795,0
HSC_2026_1538,HIGHER_SECONDARY,Female,17,Vocational / ITI,5-10 LPA,1,73.0,42.6,1,0,0.53,43.3,49.8,0,10,Gujarat,GJ,78.0,69.7,21.3,17.9,Ahmedabad,3.8,0,15.9,20.2,0.8885,1
HSC_2026_1539,HIGHER_SECONDARY,Female,16,Vocational / ITI,2-5 LPA,0,89.1,71.2,1,1,0.43,73.9,71.0,0,1,Haryana,HR,75.6,65.9,29.8,12.5,Nuh / Mewat,44.8,1,88.6,47.0,0.2305,1
HSC_2026_1540,HIGHER_SECONDARY,Female,18,Science (PCB),2-5 LPA,1,59.7,89.9,0,1,0.86,46.3,88.3,0,2,Kerala,KL,94.0,92.1,43.2,3.2,Wayanad,4.1,1,96.1,18.0,0.2452,0
HSC_2026_1541,HIGHER_SECONDARY,Female,16,Vocational / ITI,2-5 LPA,0,89.5,65.7,1,0,0.84,63.4,71.0,0,2,Karnataka,KA,75.4,68.1,36.2,12.0,Bengaluru Urban,1.8,0,9.1,18.2,0.4877,0
HSC_2026_1542,HIGHER_SECONDARY,Female,18,Science (PCM),2-5 LPA,1,81.5,52.2,1,0,0.52,46.0,61.4,0,4,Tamil Nadu,TN,80.1,73.4,51.4,8.1,Coimbatore,2.1,0,24.2,18.9,0.7453,1
HSC_2026_1543,HIGHER_SECONDARY,Female,17,Arts / Humanities,<2 LPA,0,72.5,83.0,0,1,0.87,46.8,74.6,0,5,Haryana,HR,75.6,65.9,29.8,12.5,Gurugram,2.5,0,31.2,20.5,0.3465,0
HSC_2026_1544,HIGHER_SECONDARY,Male,16,Vocational / ITI,5-10 LPA,0,73.0,69.6,1,1,0.15,73.6,78.4,0,1,Haryana,HR,75.6,65.9,29.8,12.5,Gurugram,2.5,0,31.2,20.5,0.1217,0
HSC_2026_1545,HIGHER_SECONDARY,Male,16,Arts / Humanities,<2 LPA,1,66.8,72.0,1,1,0.77,79.9,75.7,1,5,Maharashtra,MH,82.3,75.9,32.3,11.2,Nandurbar,33.1,1,83.3,32.4,0.3958,0
HSC_2026_1546,HIGHER_SECONDARY,Female,18,Science (PCM),>10 LPA,0,80.6,88.0,0,1,0.18,68.3,77.1,1,2,Gujarat,GJ,78.0,69.7,21.3,17.9,Ahmedabad,3.8,0,15.9,20.2,0.1486,0
HSC_2026_1547,HIGHER_SECONDARY,Female,17,Vocational / ITI,2-5 LPA,1,65.0,65.4,1,0,0.6,42.2,63.3,0,6,Madhya Pradesh,MP,69.3,59.2,24.8,18.5,Bhopal,9.4,0,19.1,23.4,0.7362,1
HSC_2026_1548,HIGHER_SECONDARY,Male,18,Commerce,>10 LPA,0,89.9,83.4,0,1,0.41,85.7,90.9,0,6,Kerala,KL,94.0,92.1,43.2,3.2,Ernakulam,0.6,0,31.9,14.8,0.0817,0
HSC_2026_1549,HIGHER_SECONDARY,Female,16,Arts / Humanities,<2 LPA,1,76.5,58.0,1,0,0.5,45.0,54.9,0,5,Karnataka,KA,75.4,68.1,36.2,12.0,Bengaluru Urban,1.8,0,9.1,18.2,0.7191,1
HSC_2026_1550,HIGHER_SECONDARY,Female,18,Science (PCB),2-5 LPA,0,63.7,88.2,0,0,0.67,49.8,95.5,0,3,Tamil Nadu,TN,80.1,73.4,51.4,8.1,Coimbatore,2.1,0,24.2,18.9,0.3839,0
HSC_2026_1551,HIGHER_SECONDARY,Male,16,Commerce,5-10 LPA,0,59.8,80.7,0,1,0.16,56.7,95.2,1,2,Gujarat,GJ,78.0,69.7,21.3,17.9,Narmada,32.4,1,89.5,30.5,0.3556,0
HSC_2026_1552,HIGHER_SECONDARY,Female,17,Vocational / ITI,5-10 LPA,0,73.8,61.6,1,0,0.57,51.5,78.2,0,4,Haryana,HR,75.6,65.9,29.8,12.5,Gurugram,2.5,0,31.2,20.5,0.6304,1
HSC_2026_1553,HIGHER_SECONDARY,Female,16,Arts / Humanities,2-5 LPA,0,89.8,88.1,0,1,0.45,78.9,98.5,0,3,Bihar,BR,61.8,51.5,14.5,21.4,Gaya,38.6,1,86.8,36.2,0.12,0
HSC_2026_1554,HIGHER_SECONDARY,Female,18,Science (PCB),<2 LPA,1,89.9,55.7,1,1,0.54,72.1,51.1,1,3,Rajasthan,RJ,66.1,52.1,26.0,17.2,Jaisalmer,31.8,1,86.7,33.2,0.5431,1
HSC_2026_1555,HIGHER_SECONDARY,Male,18,Commerce,<2 LPA,1,70.4,77.9,0,1,0.95,62.1,80.0,1,2,Bihar,BR,61.8,51.5,14.5,21.4,Muzaffarpur,35.1,1,90.3,38.0,0.4861,1
HSC_2026_1556,HIGHER_SECONDARY,Female,16,Arts / Humanities,>10 LPA,0,65.3,81.3,0,1,0.19,55.0,80.7,0,5,Madhya Pradesh,MP,69.3,59.2,24.8,18.5,Bhopal,9.4,0,19.1,23.4,0.216,0
HSC_2026_1557,HIGHER_SECONDARY,Male,17,Commerce,<2 LPA,0,75.4,82.6,0,1,0.52,64.6,76.7,0,1,Maharashtra,MH,82.3,75.9,32.3,11.2,Nandurbar,33.1,1,83.3,32.4,0.1937,0
HSC_2026_1558,HIGHER_SECONDARY,Male,17,Commerce,<2 LPA,1,72.7,88.1,0,1,0.85,52.8,100.0,1,5,Kerala,KL,94.0,92.1,43.2,3.2,Ernakulam,0.6,0,31.9,14.8,0.3867,0
HSC_2026_1559,HIGHER_SECONDARY,Male,18,Arts / Humanities,<2 LPA,1,46.8,67.3,1,0,0.76,45.2,69.7,0,5,Bihar,BR,61.8,51.5,14.5,21.4,Katihar,48.7,1,91.1,44.3,0.8112,1
HSC_2026_1560,HIGHER_SECONDARY,Female,18,Commerce,2-5 LPA,0,68.4,73.1,1,1,0.69,56.8,64.9,0,6,Uttar Pradesh,UP,67.7,57.2,23.2,16.8,Varanasi,16.3,0,56.6,29.4,0.385,0
HSC_2026_1561,HIGHER_SECONDARY,Female,16,Science (PCB),2-5 LPA,0,66.7,81.7,0,1,0.8,46.8,77.4,0,2,Karnataka,KA,75.4,68.1,36.2,12.0,Raichur,36.8,1,74.6,34.0,0.4094,0
HSC_2026_1562,HIGHER_SECONDARY,Male,17,Commerce,<2 LPA,0,76.6,84.0,0,0,0.72,42.3,79.8,1,2,Karnataka,KA,75.4,68.1,36.2,12.0,Raichur,36.8,1,74.6,34.0,0.7517,1
HSC_2026_1563,HIGHER_SECONDARY,Female,16,Commerce,<2 LPA,0,77.2,66.4,1,0,0.7,46.7,67.8,0,7,Gujarat,GJ,78.0,69.7,21.3,17.9,Narmada,32.4,1,89.5,30.5,0.7874,1
HSC_2026_1564,HIGHER_SECONDARY,Female,17,Arts / Humanities,5-10 LPA,0,74.2,96.2,0,1,0.21,71.5,100.0,0,2,Bihar,BR,61.8,51.5,14.5,21.4,Katihar,48.7,1,91.1,44.3,0.1045,0
HSC_2026_1565,HIGHER_SECONDARY,Male,17,Science (PCB),<2 LPA,0,82.7,38.8,1,0,0.76,54.8,36.3,1,4,Karnataka,KA,75.4,68.1,36.2,12.0,Raichur,36.8,1,74.6,34.0,0.9326,1
HSC_2026_1566,HIGHER_SECONDARY,Female,18,Science (PCB),2-5 LPA,1,59.4,84.5,0,1,0.24,40.1,80.7,0,0,Maharashtra,MH,82.3,75.9,32.3,11.2,Gadchiroli,28.5,1,89.0,28.9,0.2841,0
HSC_2026_1567,HIGHER_SECONDARY,Female,18,Vocational / ITI,2-5 LPA,1,57.6,76.3,0,1,0.75,60.7,79.8,0,5,Gujarat,GJ,78.0,69.7,21.3,17.9,Ahmedabad,3.8,0,15.9,20.2,0.2751,0
HSC_2026_1568,HIGHER_SECONDARY,Male,18,Science (PCB),2-5 LPA,1,98.0,98.8,0,1,0.75,83.4,94.2,0,3,Madhya Pradesh,MP,69.3,59.2,24.8,18.5,Indore,6.8,0,25.9,21.8,0.0549,0
HSC_2026_1569,HIGHER_SECONDARY,Male,18,Commerce,2-5 LPA,1,76.6,63.6,1,1,0.65,49.7,65.5,0,3,Karnataka,KA,75.4,68.1,36.2,12.0,Yadgir,39.4,1,81.2,36.5,0.5643,1
HSC_2026_1570,HIGHER_SECONDARY,Male,17,Commerce,5-10 LPA,1,73.9,79.2,0,1,0.14,54.1,75.7,0,4,Uttar Pradesh,UP,67.7,57.2,23.2,16.8,Varanasi,16.3,0,56.6,29.4,0.2342,0
HSC_2026_1571,HIGHER_SECONDARY,Female,18,Vocational / ITI,2-5 LPA,1,57.7,71.4,1,1,0.49,38.9,69.6,0,0,Tamil Nadu,TN,80.1,73.4,51.4,8.1,Ramanathapuram,7.8,1,69.7,22.1,0.382,0
HSC_2026_1572,HIGHER_SECONDARY,Female,18,Arts / Humanities,2-5 LPA,0,58.5,80.0,0,1,0.35,50.4,98.6,0,4,Gujarat,GJ,78.0,69.7,21.3,17.9,Narmada,32.4,1,89.5,30.5,0.3372,0
HSC_2026_1573,HIGHER_SECONDARY,Female,18,Vocational / ITI,5-10 LPA,0,60.3,77.4,0,1,0.48,37.6,66.3,0,5,Uttar Pradesh,UP,67.7,57.2,23.2,16.8,Noida / Gautam Buddha Nagar,7.1,0,40.9,22.0,0.4274,0
HSC_2026_1574,HIGHER_SECONDARY,Male,18,Vocational / ITI,2-5 LPA,1,71.1,89.1,0,1,0.84,61.7,82.0,0,0,Madhya Pradesh,MP,69.3,59.2,24.8,18.5,Alirajpur,52.0,1,92.2,39.5,0.2441,1
HSC_2026_1575,HIGHER_SECONDARY,Male,16,Science (PCM),<2 LPA,1,76.6,85.6,0,1,0.73,48.7,87.3,0,1,Rajasthan,RJ,66.1,52.1,26.0,17.2,Kota,8.2,0,39.7,21.0,0.2395,0
HSC_2026_1576,HIGHER_SECONDARY,Male,17,Arts / Humanities,2-5 LPA,1,77.3,67.8,1,1,0.57,62.6,80.2,0,2,Maharashtra,MH,82.3,75.9,32.3,11.2,Mumbai,2.1,0,0.0,19.5,0.2497,0
HSC_2026_1577,HIGHER_SECONDARY,Male,17,Science (PCB),2-5 LPA,0,71.7,90.6,0,0,0.67,63.3,86.3,1,8,Uttar Pradesh,UP,67.7,57.2,23.2,16.8,Bahraich,54.4,1,92.1,46.5,0.6785,1
HSC_2026_1578,HIGHER_SECONDARY,Female,18,Commerce,<2 LPA,0,73.1,83.3,0,1,0.5,62.7,77.9,1,2,Maharashtra,MH,82.3,75.9,32.3,11.2,Pune,3.9,0,39.1,21.0,0.25,0
HSC_2026_1579,HIGHER_SECONDARY,Female,16,Science (PCM),<2 LPA,1,92.5,68.0,1,1,0.78,64.9,79.2,0,3,Gujarat,GJ,78.0,69.7,21.3,17.9,Narmada,32.4,1,89.5,30.5,0.3773,0
HSC_2026_1580,HIGHER_SECONDARY,Female,16,Science (PCB),<2 LPA,0,55.2,62.2,1,1,0.81,19.3,59.4,1,1,Kerala,KL,94.0,92.1,43.2,3.2,Wayanad,4.1,1,96.1,18.0,0.8248,1
HSC_2026_1581,HIGHER_SECONDARY,Female,17,Commerce,2-5 LPA,1,38.5,50.5,1,0,0.33,15.0,57.0,0,4,Haryana,HR,75.6,65.9,29.8,12.5,Nuh / Mewat,44.8,1,88.6,47.0,0.9436,1
HSC_2026_1582,HIGHER_SECONDARY,Female,16,Vocational / ITI,<2 LPA,1,72.1,99.2,0,1,0.88,61.9,100.0,0,2,Tamil Nadu,TN,80.1,73.4,51.4,8.1,Coimbatore,2.1,0,24.2,18.9,0.1092,0
HSC_2026_1583,HIGHER_SECONDARY,Female,17,Science (PCM),5-10 LPA,0,62.9,99.3,0,1,0.39,42.3,100.0,0,0,Kerala,KL,94.0,92.1,43.2,3.2,Wayanad,4.1,1,96.1,18.0,0.1351,0
HSC_2026_1584,HIGHER_SECONDARY,Female,18,Vocational / ITI,2-5 LPA,1,72.5,75.1,0,1,0.92,62.9,83.0,1,3,Rajasthan,RJ,66.1,52.1,26.0,17.2,Kota,8.2,0,39.7,21.0,0.4196,0
HSC_2026_1585,HIGHER_SECONDARY,Female,18,Vocational / ITI,<2 LPA,1,43.0,64.2,1,0,0.6,15.0,76.9,0,5,Haryana,HR,75.6,65.9,29.8,12.5,Gurugram,2.5,0,31.2,20.5,0.8719,1
HSC_2026_1586,HIGHER_SECONDARY,Male,17,Vocational / ITI,5-10 LPA,1,65.4,85.1,0,1,0.09,48.8,70.8,0,3,Bihar,BR,61.8,51.5,14.5,21.4,Purnia,50.4,1,89.2,42.1,0.3039,0
HSC_2026_1587,HIGHER_SECONDARY,Female,17,Arts / Humanities,>10 LPA,1,81.1,85.8,0,1,0.26,54.7,80.8,0,0,Haryana,HR,75.6,65.9,29.8,12.5,Nuh / Mewat,44.8,1,88.6,47.0,0.2186,0
HSC_2026_1588,HIGHER_SECONDARY,Female,17,Vocational / ITI,2-5 LPA,0,65.5,82.8,0,1,0.81,41.5,89.7,0,2,Madhya Pradesh,MP,69.3,59.2,24.8,18.5,Indore,6.8,0,25.9,21.8,0.3424,0
HSC_2026_1589,HIGHER_SECONDARY,Female,18,Commerce,<2 LPA,1,87.6,45.6,1,1,0.78,69.4,38.9,0,3,Uttar Pradesh,UP,67.7,57.2,23.2,16.8,Bahraich,54.4,1,92.1,46.5,0.6326,1
HSC_2026_1590,HIGHER_SECONDARY,Male,18,Science (PCM),<2 LPA,0,57.6,64.9,1,0,0.48,31.8,53.6,0,6,Maharashtra,MH,82.3,75.9,32.3,11.2,Mumbai,2.1,0,0.0,19.5,0.775,1
HSC_2026_1591,HIGHER_SECONDARY,Female,16,Vocational / ITI,2-5 LPA,1,78.5,46.1,1,1,0.72,69.0,45.2,0,4,Haryana,HR,75.6,65.9,29.8,12.5,Nuh / Mewat,44.8,1,88.6,47.0,0.6072,1
HSC_2026_1592,HIGHER_SECONDARY,Female,16,Commerce,2-5 LPA,0,90.4,68.5,1,1,0.64,84.6,74.8,0,4,Rajasthan,RJ,66.1,52.1,26.0,17.2,Kota,8.2,0,39.7,21.0,0.1599,1
HSC_2026_1593,HIGHER_SECONDARY,Female,16,Arts / Humanities,2-5 LPA,0,79.7,100.0,0,1,0.55,43.7,94.8,0,2,Bihar,BR,61.8,51.5,14.5,21.4,Gaya,38.6,1,86.8,36.2,0.2427,0
HSC_2026_1594,HIGHER_SECONDARY,Female,18,Commerce,<2 LPA,0,82.8,46.3,1,0,0.78,54.3,44.3,0,4,Kerala,KL,94.0,92.1,43.2,3.2,Wayanad,4.1,1,96.1,18.0,0.7722,1
HSC_2026_1595,HIGHER_SECONDARY,Female,16,Science (PCB),<2 LPA,1,77.4,90.3,0,1,0.58,64.5,91.3,1,3,Karnataka,KA,75.4,68.1,36.2,12.0,Yadgir,39.4,1,81.2,36.5,0.3144,0
HSC_2026_1596,HIGHER_SECONDARY,Female,18,Arts / Humanities,5-10 LPA,1,84.1,69.0,1,1,0.32,63.6,64.2,0,0,Haryana,HR,75.6,65.9,29.8,12.5,Nuh / Mewat,44.8,1,88.6,47.0,0.2907,0
HSC_2026_1597,HIGHER_SECONDARY,Female,18,Commerce,<2 LPA,1,54.2,72.1,1,1,0.78,39.4,72.7,0,2,Kerala,KL,94.0,92.1,43.2,3.2,Thiruvananthapuram,0.9,0,46.2,15.2,0.4362,0
HSC_2026_1598,HIGHER_SECONDARY,Female,18,Science (PCM),2-5 LPA,1,62.2,93.9,0,1,0.65,46.9,88.2,0,3,Tamil Nadu,TN,80.1,73.4,51.4,8.1,Ramanathapuram,7.8,1,69.7,22.1,0.2106,0
HSC_2026_1599,HIGHER_SECONDARY,Male,18,Commerce,5-10 LPA,0,64.2,67.5,1,1,0.18,58.2,63.3,0,4,Maharashtra,MH,82.3,75.9,32.3,11.2,Nandurbar,33.1,1,83.3,32.4,0.3555,0
HSC_2026_1600,HIGHER_SECONDARY,Male,17,Vocational / ITI,<2 LPA,0,88.3,75.5,0,1,0.73,83.2,83.9,1,3,Rajasthan,RJ,66.1,52.1,26.0,17.2,Jaipur,6.9,0,47.6,22.5,0.2192,0
HSC_2026_1601,HIGHER_SECONDARY,Male,18,Arts / Humanities,>10 LPA,0,70.9,47.3,1,0,0.49,38.2,39.5,0,8,Madhya Pradesh,MP,69.3,59.2,24.8,18.5,Bhopal,9.4,0,19.1,23.4,0.8784,1
HSC_2026_1602,HIGHER_SECONDARY,Male,18,Arts / Humanities,5-10 LPA,1,77.5,67.2,1,1,0.47,66.2,70.9,0,3,Bihar,BR,61.8,51.5,14.5,21.4,Gaya,38.6,1,86.8,36.2,0.3405,1
HSC_2026_1603,HIGHER_SECONDARY,Female,16,Science (PCB),2-5 LPA,0,59.0,87.7,0,1,0.55,41.1,77.3,0,2,Uttar Pradesh,UP,67.7,57.2,23.2,16.8,Bahraich,54.4,1,92.1,46.5,0.4236,0
HSC_2026_1604,HIGHER_SECONDARY,Female,18,Science (PCM),<2 LPA,0,56.2,49.9,1,0,0.97,29.8,55.7,0,5,Madhya Pradesh,MP,69.3,59.2,24.8,18.5,Alirajpur,52.0,1,92.2,39.5,0.9503,1
HSC_2026_1605,HIGHER_SECONDARY,Female,18,Arts / Humanities,2-5 LPA,0,62.0,66.1,1,0,0.75,31.4,72.0,0,5,Gujarat,GJ,78.0,69.7,21.3,17.9,Dahod,40.5,1,88.0,38.1,0.8695,0
HSC_2026_1606,HIGHER_SECONDARY,Female,16,Vocational / ITI,2-5 LPA,1,81.9,65.4,1,0,0.68,45.5,67.8,0,9,Tamil Nadu,TN,80.1,73.4,51.4,8.1,Ramanathapuram,7.8,1,69.7,22.1,0.7638,1
HSC_2026_1607,HIGHER_SECONDARY,Female,16,Vocational / ITI,2-5 LPA,0,83.5,72.7,1,1,0.41,63.6,73.4,0,3,Tamil Nadu,TN,80.1,73.4,51.4,8.1,Coimbatore,2.1,0,24.2,18.9,0.202,0
HSC_2026_1608,HIGHER_SECONDARY,Female,18,Vocational / ITI,2-5 LPA,0,73.0,82.4,0,1,0.87,60.0,76.8,0,3,Gujarat,GJ,78.0,69.7,21.3,17.9,Dahod,40.5,1,88.0,38.1,0.3308,0
HSC_2026_1609,HIGHER_SECONDARY,Female,18,Vocational / ITI,5-10 LPA,0,64.8,75.5,0,0,0.05,38.6,70.0,0,6,Rajasthan,RJ,66.1,52.1,26.0,17.2,Barmer,34.2,1,93.0,35.8,0.6707,1
HSC_2026_1610,HIGHER_SECONDARY,Female,18,Commerce,5-10 LPA,0,85.6,59.5,1,1,0.55,53.6,58.9,0,2,Haryana,HR,75.6,65.9,29.8,12.5,Gurugram,2.5,0,31.2,20.5,0.3931,0
HSC_2026_1611,HIGHER_SECONDARY,Male,18,Vocational / ITI,<2 LPA,1,82.0,79.3,0,1,0.76,51.6,82.6,1,3,Tamil Nadu,TN,80.1,73.4,51.4,8.1,Ramanathapuram,7.8,1,69.7,22.1,0.4545,0
HSC_2026_1612,HIGHER_SECONDARY,Male,18,Science (PCM),2-5 LPA,0,69.3,97.1,0,1,0.61,67.3,92.6,0,4,Uttar Pradesh,UP,67.7,57.2,23.2,16.8,Balrampur,47.9,1,92.3,45.0,0.1714,0
HSC_2026_1613,HIGHER_SECONDARY,Male,17,Arts / Humanities,<2 LPA,1,82.1,90.2,0,1,0.96,77.8,82.3,0,2,Uttar Pradesh,UP,67.7,57.2,23.2,16.8,Noida / Gautam Buddha Nagar,7.1,0,40.9,22.0,0.0985,1
HSC_2026_1614,HIGHER_SECONDARY,Female,17,Arts / Humanities,2-5 LPA,0,54.1,100.0,0,1,0.71,44.5,99.8,0,5,Gujarat,GJ,78.0,69.7,21.3,17.9,Narmada,32.4,1,89.5,30.5,0.288,0
HSC_2026_1615,HIGHER_SECONDARY,Male,16,Science (PCB),<2 LPA,1,87.0,59.9,1,1,0.61,62.1,62.0,0,1,Haryana,HR,75.6,65.9,29.8,12.5,Gurugram,2.5,0,31.2,20.5,0.3078,0
HSC_2026_1616,HIGHER_SECONDARY,Female,16,Commerce,2-5 LPA,0,94.5,52.3,1,0,0.92,55.3,48.0,1,11,Karnataka,KA,75.4,68.1,36.2,12.0,Raichur,36.8,1,74.6,34.0,0.9397,1
HSC_2026_1617,HIGHER_SECONDARY,Female,16,Vocational / ITI,2-5 LPA,1,64.1,47.7,1,0,0.78,53.0,54.5,0,4,Kerala,KL,94.0,92.1,43.2,3.2,Ernakulam,0.6,0,31.9,14.8,0.7617,1
HSC_2026_1618,HIGHER_SECONDARY,Female,16,Vocational / ITI,5-10 LPA,1,64.9,75.9,0,1,0.14,58.1,71.4,0,7,Gujarat,GJ,78.0,69.7,21.3,17.9,Ahmedabad,3.8,0,15.9,20.2,0.2401,1
HSC_2026_1619,HIGHER_SECONDARY,Female,18,Arts / Humanities,<2 LPA,0,93.9,60.9,1,0,0.77,69.7,52.1,0,3,Madhya Pradesh,MP,69.3,59.2,24.8,18.5,Barwani,46.1,1,85.5,37.1,0.6452,1
HSC_2026_1620,HIGHER_SECONDARY,Female,16,Arts / Humanities,5-10 LPA,0,65.5,59.0,1,1,0.42,51.9,55.9,1,2,Kerala,KL,94.0,92.1,43.2,3.2,Wayanad,4.1,1,96.1,18.0,0.5566,0
HSC_2026_1621,HIGHER_SECONDARY,Female,17,Arts / Humanities,2-5 LPA,0,86.6,100.0,0,1,0.35,46.2,97.8,0,4,Uttar Pradesh,UP,67.7,57.2,23.2,16.8,Shravasti,49.6,1,96.5,48.2,0.2572,0
HSC_2026_1622,HIGHER_SECONDARY,Female,16,Science (PCB),5-10 LPA,1,61.5,100.0,0,1,0.46,64.5,100.0,0,1,Tamil Nadu,TN,80.1,73.4,51.4,8.1,Chennai,1.2,0,0.0,17.5,0.0668,0
HSC_2026_1623,HIGHER_SECONDARY,Female,17,Science (PCM),2-5 LPA,1,92.4,93.2,0,1,0.32,67.5,82.6,0,1,Haryana,HR,75.6,65.9,29.8,12.5,Gurugram,2.5,0,31.2,20.5,0.0716,0
HSC_2026_1624,HIGHER_SECONDARY,Female,18,Commerce,2-5 LPA,1,77.5,46.7,1,0,0.75,46.6,25.1,0,4,Karnataka,KA,75.4,68.1,36.2,12.0,Yadgir,39.4,1,81.2,36.5,0.8816,1
HSC_2026_1625,HIGHER_SECONDARY,Female,17,Science (PCM),2-5 LPA,0,81.6,54.7,1,1,0.68,68.4,69.4,0,4,Uttar Pradesh,UP,67.7,57.2,23.2,16.8,Lucknow,8.5,0,33.8,24.1,0.3882,0
HSC_2026_1626,HIGHER_SECONDARY,Male,17,Commerce,<2 LPA,1,84.7,41.9,1,0,0.77,51.8,38.6,0,4,Gujarat,GJ,78.0,69.7,21.3,17.9,Narmada,32.4,1,89.5,30.5,0.8711,1
HSC_2026_1627,HIGHER_SECONDARY,Male,18,Science (PCM),2-5 LPA,0,64.3,76.5,0,0,0.59,26.3,88.5,0,3,Maharashtra,MH,82.3,75.9,32.3,11.2,Mumbai,2.1,0,0.0,19.5,0.6959,1
HSC_2026_1628,HIGHER_SECONDARY,Female,16,Science (PCM),<2 LPA,1,54.4,44.1,1,0,0.46,34.8,47.2,1,6,Madhya Pradesh,MP,69.3,59.2,24.8,18.5,Indore,6.8,0,25.9,21.8,0.9349,1
HSC_2026_1629,HIGHER_SECONDARY,Female,18,Vocational / ITI,5-10 LPA,1,92.6,85.0,0,1,0.09,76.1,87.8,0,2,Karnataka,KA,75.4,68.1,36.2,12.0,Yadgir,39.4,1,81.2,36.5,0.1087,0
HSC_2026_1630,HIGHER_SECONDARY,Male,17,Arts / Humanities,2-5 LPA,1,70.2,72.0,1,0,0.55,35.0,86.2,0,8,Madhya Pradesh,MP,69.3,59.2,24.8,18.5,Bhopal,9.4,0,19.1,23.4,0.7597,1
HSC_2026_1631,HIGHER_SECONDARY,Female,16,Commerce,>10 LPA,0,61.1,69.3,1,1,0.56,60.1,74.2,0,1,Bihar,BR,61.8,51.5,14.5,21.4,Purnia,50.4,1,89.2,42.1,0.3934,0
HSC_2026_1632,HIGHER_SECONDARY,Male,18,Arts / Humanities,2-5 LPA,0,82.6,70.7,1,1,0.84,67.3,67.9,0,2,Rajasthan,RJ,66.1,52.1,26.0,17.2,Jaipur,6.9,0,47.6,22.5,0.2459,0
HSC_2026_1633,HIGHER_SECONDARY,Male,17,Science (PCM),<2 LPA,0,84.4,92.3,0,1,0.94,62.9,100.0,0,0,Bihar,BR,61.8,51.5,14.5,21.4,Muzaffarpur,35.1,1,90.3,38.0,0.1857,0
HSC_2026_1634,HIGHER_SECONDARY,Female,16,Commerce,2-5 LPA,1,51.8,37.2,1,0,0.44,29.0,35.2,0,9,Bihar,BR,61.8,51.5,14.5,21.4,Muzaffarpur,35.1,1,90.3,38.0,0.9591,1
HSC_2026_1635,HIGHER_SECONDARY,Female,17,Arts / Humanities,<2 LPA,0,61.6,93.5,0,1,0.89,37.8,95.5,0,3,Karnataka,KA,75.4,68.1,36.2,12.0,Yadgir,39.4,1,81.2,36.5,0.4246,0
HSC_2026_1636,HIGHER_SECONDARY,Female,16,Science (PCB),<2 LPA,0,83.2,60.4,1,0,0.7,33.0,49.2,1,2,Madhya Pradesh,MP,69.3,59.2,24.8,18.5,Bhopal,9.4,0,19.1,23.4,0.8786,1
HSC_2026_1637,HIGHER_SECONDARY,Female,18,Science (PCB),2-5 LPA,0,63.7,100.0,0,1,0.77,54.7,92.9,0,1,Bihar,BR,61.8,51.5,14.5,21.4,Gaya,38.6,1,86.8,36.2,0.1867,1
HSC_2026_1638,HIGHER_SECONDARY,Male,18,Science (PCM),<2 LPA,1,76.2,91.1,0,1,0.56,57.3,100.0,0,3,Gujarat,GJ,78.0,69.7,21.3,17.9,Ahmedabad,3.8,0,15.9,20.2,0.1506,0
HSC_2026_1639,HIGHER_SECONDARY,Male,17,Science (PCB),<2 LPA,0,59.2,49.6,1,0,0.78,20.7,42.2,0,7,Bihar,BR,61.8,51.5,14.5,21.4,Gaya,38.6,1,86.8,36.2,0.9579,0
HSC_2026_1640,HIGHER_SECONDARY,Female,17,Science (PCB),>10 LPA,0,69.9,79.6,0,0,0.29,30.4,80.4,0,3,Tamil Nadu,TN,80.1,73.4,51.4,8.1,Coimbatore,2.1,0,24.2,18.9,0.5798,1
HSC_2026_1641,HIGHER_SECONDARY,Female,18,Vocational / ITI,<2 LPA,1,59.9,99.8,0,1,0.87,30.6,100.0,0,3,Maharashtra,MH,82.3,75.9,32.3,11.2,Gadchiroli,28.5,1,89.0,28.9,0.3851,0
HSC_2026_1642,HIGHER_SECONDARY,Male,18,Science (PCM),<2 LPA,1,63.2,49.4,1,0,0.8,38.5,37.1,1,5,Bihar,BR,61.8,51.5,14.5,21.4,Purnia,50.4,1,89.2,42.1,0.9584,1
HSC_2026_1643,HIGHER_SECONDARY,Male,16,Commerce,<2 LPA,1,78.5,61.9,1,0,0.57,62.2,61.3,0,1,Kerala,KL,94.0,92.1,43.2,3.2,Wayanad,4.1,1,96.1,18.0,0.4753,0
HSC_2026_1644,HIGHER_SECONDARY,Female,18,Science (PCB),2-5 LPA,1,68.0,62.7,1,0,0.89,44.6,64.5,0,4,Uttar Pradesh,UP,67.7,57.2,23.2,16.8,Balrampur,47.9,1,92.3,45.0,0.8413,1
HSC_2026_1645,HIGHER_SECONDARY,Female,17,Science (PCB),<2 LPA,0,67.3,70.7,1,1,0.6,55.4,58.2,0,3,Kerala,KL,94.0,92.1,43.2,3.2,Wayanad,4.1,1,96.1,18.0,0.3074,0
HSC_2026_1646,HIGHER_SECONDARY,Female,16,Science (PCM),2-5 LPA,1,65.7,65.9,1,1,0.72,53.2,68.1,0,1,Kerala,KL,94.0,92.1,43.2,3.2,Ernakulam,0.6,0,31.9,14.8,0.3405,0
HSC_2026_1647,HIGHER_SECONDARY,Female,18,Science (PCB),>10 LPA,1,69.6,80.5,0,0,0.09,45.3,78.8,0,7,Haryana,HR,75.6,65.9,29.8,12.5,Nuh / Mewat,44.8,1,88.6,47.0,0.6287,1
HSC_2026_1648,HIGHER_SECONDARY,Male,18,Science (PCB),2-5 LPA,1,46.4,63.8,1,0,0.63,30.3,74.9,0,4,Madhya Pradesh,MP,69.3,59.2,24.8,18.5,Barwani,46.1,1,85.5,37.1,0.8761,1
HSC_2026_1649,HIGHER_SECONDARY,Female,18,Commerce,<2 LPA,1,73.2,63.2,1,0,0.94,28.0,73.9,0,5,Tamil Nadu,TN,80.1,73.4,51.4,8.1,Ramanathapuram,7.8,1,69.7,22.1,0.8581,1
HSC_2026_1650,HIGHER_SECONDARY,Female,16,Commerce,2-5 LPA,1,65.8,100.0,0,1,0.95,46.3,100.0,0,1,Bihar,BR,61.8,51.5,14.5,21.4,Purnia,50.4,1,89.2,42.1,0.3017,0
HSC_2026_1651,HIGHER_SECONDARY,Male,17,Commerce,2-5 LPA,0,81.4,49.4,1,0,0.83,35.6,48.7,0,11,Rajasthan,RJ,66.1,52.1,26.0,17.2,Kota,8.2,0,39.7,21.0,0.9218,1
HSC_2026_1652,HIGHER_SECONDARY,Female,17,Science (PCM),<2 LPA,1,93.6,70.1,1,1,0.52,76.6,75.5,0,7,Haryana,HR,75.6,65.9,29.8,12.5,Nuh / Mewat,44.8,1,88.6,47.0,0.3274,0
HSC_2026_1653,HIGHER_SECONDARY,Male,17,Vocational / ITI,>10 LPA,0,69.8,54.1,1,1,0.28,66.4,53.2,0,5,Kerala,KL,94.0,92.1,43.2,3.2,Thiruvananthapuram,0.9,0,46.2,15.2,0.3336,0
HSC_2026_1654,HIGHER_SECONDARY,Male,16,Science (PCB),5-10 LPA,0,75.1,47.5,1,1,0.65,51.9,37.5,0,1,Bihar,BR,61.8,51.5,14.5,21.4,Purnia,50.4,1,89.2,42.1,0.6949,1
HSC_2026_1655,HIGHER_SECONDARY,Female,17,Arts / Humanities,2-5 LPA,1,67.8,63.8,1,1,0.75,69.6,56.9,0,3,Karnataka,KA,75.4,68.1,36.2,12.0,Yadgir,39.4,1,81.2,36.5,0.3938,0
HSC_2026_1656,HIGHER_SECONDARY,Male,17,Science (PCB),<2 LPA,1,91.7,82.1,0,1,0.58,96.0,89.5,0,5,Karnataka,KA,75.4,68.1,36.2,12.0,Yadgir,39.4,1,81.2,36.5,0.1056,0
HSC_2026_1657,HIGHER_SECONDARY,Male,17,Vocational / ITI,2-5 LPA,0,83.0,69.9,1,1,0.37,41.7,68.7,0,6,Bihar,BR,61.8,51.5,14.5,21.4,Muzaffarpur,35.1,1,90.3,38.0,0.5686,1
HSC_2026_1658,HIGHER_SECONDARY,Male,17,Vocational / ITI,<2 LPA,1,61.1,49.6,1,0,0.62,36.9,63.8,0,6,Bihar,BR,61.8,51.5,14.5,21.4,Muzaffarpur,35.1,1,90.3,38.0,0.9049,1
HSC_2026_1659,HIGHER_SECONDARY,Male,18,Commerce,5-10 LPA,1,80.7,84.9,0,1,0.29,59.6,85.0,0,0,Karnataka,KA,75.4,68.1,36.2,12.0,Yadgir,39.4,1,81.2,36.5,0.1849,0
HSC_2026_1660,HIGHER_SECONDARY,Female,16,Vocational / ITI,2-5 LPA,1,75.4,64.2,1,1,0.91,68.7,65.5,0,1,Karnataka,KA,75.4,68.1,36.2,12.0,Yadgir,39.4,1,81.2,36.5,0.3881,0
HSC_2026_1661,HIGHER_SECONDARY,Male,18,Arts / Humanities,5-10 LPA,1,49.9,85.0,0,1,0.31,42.3,74.9,0,1,Madhya Pradesh,MP,69.3,59.2,24.8,18.5,Bhopal,9.4,0,19.1,23.4,0.2343,0
HSC_2026_1662,HIGHER_SECONDARY,Female,16,Arts / Humanities,<2 LPA,0,81.6,79.5,0,1,0.93,65.8,98.1,0,2,Maharashtra,MH,82.3,75.9,32.3,11.2,Pune,3.9,0,39.1,21.0,0.1995,0
HSC_2026_1663,HIGHER_SECONDARY,Male,17,Arts / Humanities,<2 LPA,0,78.4,79.4,0,1,0.73,55.1,83.5,0,3,Tamil Nadu,TN,80.1,73.4,51.4,8.1,Chennai,1.2,0,0.0,17.5,0.2505,0
HSC_2026_1664,HIGHER_SECONDARY,Female,18,Arts / Humanities,5-10 LPA,1,72.0,79.2,0,1,0.52,63.7,83.6,0,1,Madhya Pradesh,MP,69.3,59.2,24.8,18.5,Bhopal,9.4,0,19.1,23.4,0.1664,0
HSC_2026_1665,HIGHER_SECONDARY,Male,17,Science (PCM),<2 LPA,1,66.6,82.9,0,1,0.61,63.8,83.0,0,4,Karnataka,KA,75.4,68.1,36.2,12.0,Raichur,36.8,1,74.6,34.0,0.2604,0
HSC_2026_1666,HIGHER_SECONDARY,Male,16,Science (PCM),2-5 LPA,1,80.9,76.4,0,0,0.7,51.1,85.5,0,8,Gujarat,GJ,78.0,69.7,21.3,17.9,Narmada,32.4,1,89.5,30.5,0.6956,1
HSC_2026_1667,HIGHER_SECONDARY,Male,16,Commerce,<2 LPA,1,63.7,93.8,0,1,0.7,53.0,94.5,1,4,Karnataka,KA,75.4,68.1,36.2,12.0,Raichur,36.8,1,74.6,34.0,0.4137,0
HSC_2026_1668,HIGHER_SECONDARY,Male,17,Commerce,5-10 LPA,0,60.6,100.0,0,1,0.41,32.6,97.6,0,2,Tamil Nadu,TN,80.1,73.4,51.4,8.1,Chennai,1.2,0,0.0,17.5,0.2004,0
HSC_2026_1669,HIGHER_SECONDARY,Male,16,Science (PCM),2-5 LPA,0,91.9,84.8,0,1,0.86,65.7,77.6,0,2,Bihar,BR,61.8,51.5,14.5,21.4,Purnia,50.4,1,89.2,42.1,0.2779,0
HSC_2026_1670,HIGHER_SECONDARY,Female,18,Arts / Humanities,>10 LPA,1,70.9,61.8,1,1,0.11,73.8,58.4,0,2,Uttar Pradesh,UP,67.7,57.2,23.2,16.8,Noida / Gautam Buddha Nagar,7.1,0,40.9,22.0,0.1737,0
HSC_2026_1671,HIGHER_SECONDARY,Female,18,Science (PCB),<2 LPA,1,84.5,77.1,0,1,0.49,65.5,85.3,0,2,Haryana,HR,75.6,65.9,29.8,12.5,Gurugram,2.5,0,31.2,20.5,0.1624,0
HSC_2026_1672,HIGHER_SECONDARY,Female,17,Science (PCM),<2 LPA,1,61.3,72.2,1,0,0.93,28.9,81.7,0,3,Kerala,KL,94.0,92.1,43.2,3.2,Ernakulam,0.6,0,31.9,14.8,0.7553,1
HSC_2026_1673,HIGHER_SECONDARY,Female,17,Arts / Humanities,<2 LPA,0,67.2,73.4,1,1,0.84,57.5,59.8,1,2,Rajasthan,RJ,66.1,52.1,26.0,17.2,Barmer,34.2,1,93.0,35.8,0.5498,1
HSC_2026_1674,HIGHER_SECONDARY,Male,16,Vocational / ITI,2-5 LPA,1,70.2,76.9,0,1,0.71,54.2,88.1,0,3,Kerala,KL,94.0,92.1,43.2,3.2,Thiruvananthapuram,0.9,0,46.2,15.2,0.2735,0
HSC_2026_1675,HIGHER_SECONDARY,Female,17,Arts / Humanities,2-5 LPA,0,65.9,68.3,1,1,0.52,49.0,65.4,0,3,Maharashtra,MH,82.3,75.9,32.3,11.2,Mumbai,2.1,0,0.0,19.5,0.3622,0
HSC_2026_1676,HIGHER_SECONDARY,Male,17,Arts / Humanities,2-5 LPA,1,82.9,84.0,0,1,0.87,68.7,80.6,0,2,Uttar Pradesh,UP,67.7,57.2,23.2,16.8,Lucknow,8.5,0,33.8,24.1,0.1599,0
HSC_2026_1677,HIGHER_SECONDARY,Female,18,Commerce,5-10 LPA,0,85.0,78.9,0,1,0.26,54.0,84.1,0,2,Rajasthan,RJ,66.1,52.1,26.0,17.2,Kota,8.2,0,39.7,21.0,0.2043,0
HSC_2026_1678,HIGHER_SECONDARY,Male,17,Science (PCB),2-5 LPA,1,91.1,83.5,0,1,0.86,67.8,88.8,0,4,Madhya Pradesh,MP,69.3,59.2,24.8,18.5,Indore,6.8,0,25.9,21.8,0.1855,0
HSC_2026_1679,HIGHER_SECONDARY,Male,16,Science (PCB),2-5 LPA,0,77.1,59.2,1,0,0.88,62.7,59.1,0,4,Madhya Pradesh,MP,69.3,59.2,24.8,18.5,Indore,6.8,0,25.9,21.8,0.6233,1
HSC_2026_1680,HIGHER_SECONDARY,Male,18,Commerce,2-5 LPA,1,69.6,44.3,1,0,0.81,33.3,42.1,0,3,Tamil Nadu,TN,80.1,73.4,51.4,8.1,Ramanathapuram,7.8,1,69.7,22.1,0.8905,1
HSC_2026_1681,HIGHER_SECONDARY,Female,17,Arts / Humanities,2-5 LPA,1,79.0,65.4,1,1,0.92,57.1,73.1,0,2,Bihar,BR,61.8,51.5,14.5,21.4,Gaya,38.6,1,86.8,36.2,0.5031,1
HSC_2026_1682,HIGHER_SECONDARY,Male,17,Science (PCM),<2 LPA,1,55.3,59.5,1,0,0.38,26.6,62.4,1,4,Tamil Nadu,TN,80.1,73.4,51.4,8.1,Chennai,1.2,0,0.0,17.5,0.8863,1
HSC_2026_1683,HIGHER_SECONDARY,Male,16,Science (PCB),2-5 LPA,0,60.0,79.9,0,1,0.98,48.7,64.5,0,1,Karnataka,KA,75.4,68.1,36.2,12.0,Yadgir,39.4,1,81.2,36.5,0.4326,0
HSC_2026_1684,HIGHER_SECONDARY,Male,17,Commerce,2-5 LPA,0,73.5,100.0,0,1,0.84,49.4,94.6,0,1,Rajasthan,RJ,66.1,52.1,26.0,17.2,Jaipur,6.9,0,47.6,22.5,0.155,0
HSC_2026_1685,HIGHER_SECONDARY,Female,18,Science (PCM),2-5 LPA,1,76.6,63.9,1,1,0.28,77.7,73.9,0,2,Uttar Pradesh,UP,67.7,57.2,23.2,16.8,Varanasi,16.3,0,56.6,29.4,0.1788,0
HSC_2026_1686,HIGHER_SECONDARY,Male,17,Commerce,2-5 LPA,0,64.7,65.8,1,0,0.38,31.3,59.4,0,1,Tamil Nadu,TN,80.1,73.4,51.4,8.1,Coimbatore,2.1,0,24.2,18.9,0.6781,1
HSC_2026_1687,HIGHER_SECONDARY,Male,16,Commerce,5-10 LPA,1,83.6,45.1,1,0,0.36,58.4,54.5,0,5,Bihar,BR,61.8,51.5,14.5,21.4,Katihar,48.7,1,91.1,44.3,0.8246,1
HSC_2026_1688,HIGHER_SECONDARY,Female,18,Commerce,<2 LPA,0,80.9,93.5,0,1,0.8,61.5,98.4,0,3,Gujarat,GJ,78.0,69.7,21.3,17.9,Dahod,40.5,1,88.0,38.1,0.2215,0
HSC_2026_1689,HIGHER_SECONDARY,Male,17,Science (PCM),<2 LPA,1,63.0,48.6,1,1,0.4,44.4,46.8,0,2,Maharashtra,MH,82.3,75.9,32.3,11.2,Pune,3.9,0,39.1,21.0,0.5628,1
HSC_2026_1690,HIGHER_SECONDARY,Female,18,Science (PCM),<2 LPA,1,56.0,65.4,1,1,0.74,54.7,56.8,0,2,Karnataka,KA,75.4,68.1,36.2,12.0,Yadgir,39.4,1,81.2,36.5,0.4959,0
HSC_2026_1691,HIGHER_SECONDARY,Female,18,Science (PCM),2-5 LPA,0,87.2,44.2,1,0,0.19,40.8,43.0,0,4,Uttar Pradesh,UP,67.7,57.2,23.2,16.8,Lucknow,8.5,0,33.8,24.1,0.8092,1
HSC_2026_1692,HIGHER_SECONDARY,Male,18,Science (PCM),5-10 LPA,0,80.8,71.6,1,1,0.22,64.9,72.3,0,3,Madhya Pradesh,MP,69.3,59.2,24.8,18.5,Bhopal,9.4,0,19.1,23.4,0.1953,0
HSC_2026_1693,HIGHER_SECONDARY,Female,16,Commerce,<2 LPA,0,76.2,85.4,0,1,0.91,60.4,86.5,0,1,Madhya Pradesh,MP,69.3,59.2,24.8,18.5,Barwani,46.1,1,85.5,37.1,0.2917,0
HSC_2026_1694,HIGHER_SECONDARY,Female,17,Vocational / ITI,<2 LPA,1,84.9,61.1,1,0,0.7,61.3,64.2,0,5,Karnataka,KA,75.4,68.1,36.2,12.0,Yadgir,39.4,1,81.2,36.5,0.7139,0
HSC_2026_1695,HIGHER_SECONDARY,Female,17,Science (PCB),<2 LPA,1,79.0,88.8,0,1,0.51,67.3,88.7,1,1,Rajasthan,RJ,66.1,52.1,26.0,17.2,Kota,8.2,0,39.7,21.0,0.1821,1
HSC_2026_1696,HIGHER_SECONDARY,Female,17,Arts / Humanities,<2 LPA,0,64.4,82.0,0,1,0.82,51.1,84.3,1,4,Rajasthan,RJ,66.1,52.1,26.0,17.2,Jaipur,6.9,0,47.6,22.5,0.4598,0
HSC_2026_1697,HIGHER_SECONDARY,Male,17,Vocational / ITI,5-10 LPA,1,81.3,68.3,1,1,0.51,66.9,71.0,0,2,Haryana,HR,75.6,65.9,29.8,12.5,Nuh / Mewat,44.8,1,88.6,47.0,0.3337,0
HSC_2026_1698,HIGHER_SECONDARY,Female,17,Science (PCM),<2 LPA,0,74.6,75.2,0,1,0.49,58.5,72.1,0,5,Haryana,HR,75.6,65.9,29.8,12.5,Nuh / Mewat,44.8,1,88.6,47.0,0.3962,0
HSC_2026_1699,HIGHER_SECONDARY,Female,17,Vocational / ITI,<2 LPA,1,69.7,70.8,1,0,0.84,35.4,85.3,1,6,Gujarat,GJ,78.0,69.7,21.3,17.9,Narmada,32.4,1,89.5,30.5,0.9036,1
HSC_2026_1700,HIGHER_SECONDARY,Female,16,Science (PCM),<2 LPA,1,85.0,75.9,0,1,0.61,61.0,68.7,0,3,Gujarat,GJ,78.0,69.7,21.3,17.9,Ahmedabad,3.8,0,15.9,20.2,0.2259,0
HSC_2026_1701,HIGHER_SECONDARY,Female,16,Commerce,<2 LPA,1,98.0,74.8,1,0,0.72,53.7,66.7,1,7,Uttar Pradesh,UP,67.7,57.2,23.2,16.8,Lucknow,8.5,0,33.8,24.1,0.7341,1
HSC_2026_1702,HIGHER_SECONDARY,Male,18,Science (PCB),<2 LPA,0,86.0,44.1,1,0,0.49,65.8,39.5,0,6,Uttar Pradesh,UP,67.7,57.2,23.2,16.8,Shravasti,49.6,1,96.5,48.2,0.8173,1
HSC_2026_1703,HIGHER_SECONDARY,Female,17,Arts / Humanities,2-5 LPA,1,55.6,81.9,0,1,0.62,54.3,87.3,0,1,Kerala,KL,94.0,92.1,43.2,3.2,Thiruvananthapuram,0.9,0,46.2,15.2,0.195,0
HSC_2026_1704,HIGHER_SECONDARY,Male,18,Vocational / ITI,<2 LPA,1,89.6,47.8,1,0,0.85,70.7,46.1,0,9,Uttar Pradesh,UP,67.7,57.2,23.2,16.8,Shravasti,49.6,1,96.5,48.2,0.8419,1
HSC_2026_1705,HIGHER_SECONDARY,Female,18,Science (PCB),<2 LPA,1,61.6,100.0,0,1,0.75,39.7,100.0,0,3,Tamil Nadu,TN,80.1,73.4,51.4,8.1,Chennai,1.2,0,0.0,17.5,0.2113,0
HSC_2026_1706,HIGHER_SECONDARY,Female,17,Vocational / ITI,2-5 LPA,0,64.3,73.2,1,1,0.57,56.7,78.7,0,3,Uttar Pradesh,UP,67.7,57.2,23.2,16.8,Balrampur,47.9,1,92.3,45.0,0.4195,0
HSC_2026_1707,HIGHER_SECONDARY,Male,18,Commerce,2-5 LPA,1,77.5,81.2,0,1,0.62,49.5,95.3,0,4,Tamil Nadu,TN,80.1,73.4,51.4,8.1,Coimbatore,2.1,0,24.2,18.9,0.2802,0
HSC_2026_1708,HIGHER_SECONDARY,Female,17,Commerce,2-5 LPA,1,68.8,53.1,1,1,0.9,56.9,57.4,0,4,Bihar,BR,61.8,51.5,14.5,21.4,Purnia,50.4,1,89.2,42.1,0.6976,1
HSC_2026_1709,HIGHER_SECONDARY,Male,17,Science (PCB),2-5 LPA,0,66.8,79.2,0,1,0.62,46.6,80.9,0,2,Madhya Pradesh,MP,69.3,59.2,24.8,18.5,Indore,6.8,0,25.9,21.8,0.3022,0
HSC_2026_1710,HIGHER_SECONDARY,Female,17,Commerce,<2 LPA,1,75.9,60.7,1,1,0.61,81.8,70.6,0,3,Maharashtra,MH,82.3,75.9,32.3,11.2,Mumbai,2.1,0,0.0,19.5,0.1913,1
HSC_2026_1711,HIGHER_SECONDARY,Male,17,Science (PCB),>10 LPA,0,81.0,63.4,1,0,0.3,49.2,75.2,1,8,Uttar Pradesh,UP,67.7,57.2,23.2,16.8,Balrampur,47.9,1,92.3,45.0,0.8805,1
HSC_2026_1712,HIGHER_SECONDARY,Male,18,Science (PCB),<2 LPA,0,58.9,94.3,0,1,0.49,37.7,94.9,0,2,Madhya Pradesh,MP,69.3,59.2,24.8,18.5,Bhopal,9.4,0,19.1,23.4,0.2384,0
HSC_2026_1713,HIGHER_SECONDARY,Male,18,Vocational / ITI,<2 LPA,0,71.1,46.1,1,0,0.45,39.7,52.2,1,6,Tamil Nadu,TN,80.1,73.4,51.4,8.1,Ramanathapuram,7.8,1,69.7,22.1,0.9168,1
HSC_2026_1714,HIGHER_SECONDARY,Female,16,Vocational / ITI,2-5 LPA,0,81.6,90.9,0,1,0.79,53.1,86.5,0,5,Rajasthan,RJ,66.1,52.1,26.0,17.2,Jaipur,6.9,0,47.6,22.5,0.2328,0
HSC_2026_1715,HIGHER_SECONDARY,Male,18,Arts / Humanities,<2 LPA,1,77.6,82.6,0,1,0.78,54.0,79.8,0,1,Maharashtra,MH,82.3,75.9,32.3,11.2,Pune,3.9,0,39.1,21.0,0.2204,0
HSC_2026_1716,HIGHER_SECONDARY,Female,18,Science (PCM),2-5 LPA,0,63.6,54.1,1,0,0.88,42.7,51.2,0,4,Maharashtra,MH,82.3,75.9,32.3,11.2,Mumbai,2.1,0,0.0,19.5,0.8011,1
HSC_2026_1717,HIGHER_SECONDARY,Female,18,Vocational / ITI,<2 LPA,1,80.5,78.3,0,1,0.55,69.6,67.1,0,2,Gujarat,GJ,78.0,69.7,21.3,17.9,Ahmedabad,3.8,0,15.9,20.2,0.1447,1
HSC_2026_1718,HIGHER_SECONDARY,Male,17,Science (PCM),2-5 LPA,0,65.6,32.2,1,0,0.97,15.3,35.4,0,5,Rajasthan,RJ,66.1,52.1,26.0,17.2,Jaisalmer,31.8,1,86.7,33.2,0.9802,1
HSC_2026_1719,HIGHER_SECONDARY,Male,16,Science (PCB),>10 LPA,0,67.6,54.1,1,0,0.16,23.5,59.4,0,4,Gujarat,GJ,78.0,69.7,21.3,17.9,Dahod,40.5,1,88.0,38.1,0.8964,1
HSC_2026_1720,HIGHER_SECONDARY,Male,18,Science (PCB),2-5 LPA,0,62.9,49.2,1,0,0.76,27.1,34.4,0,9,Maharashtra,MH,82.3,75.9,32.3,11.2,Nandurbar,33.1,1,83.3,32.4,0.9507,0
HSC_2026_1721,HIGHER_SECONDARY,Male,16,Science (PCB),<2 LPA,1,54.9,66.3,1,0,0.88,41.1,60.2,1,3,Madhya Pradesh,MP,69.3,59.2,24.8,18.5,Bhopal,9.4,0,19.1,23.4,0.8385,1
HSC_2026_1722,HIGHER_SECONDARY,Male,16,Science (PCM),<2 LPA,1,63.2,91.0,0,1,0.67,44.2,82.5,1,5,Tamil Nadu,TN,80.1,73.4,51.4,8.1,Chennai,1.2,0,0.0,17.5,0.4069,0
HSC_2026_1723,HIGHER_SECONDARY,Male,16,Science (PCM),5-10 LPA,0,62.3,84.4,0,1,0.62,64.7,97.1,0,5,Haryana,HR,75.6,65.9,29.8,12.5,Gurugram,2.5,0,31.2,20.5,0.1726,1
HSC_2026_1724,HIGHER_SECONDARY,Male,17,Science (PCM),<2 LPA,1,90.9,54.7,1,1,0.73,83.9,53.1,0,1,Gujarat,GJ,78.0,69.7,21.3,17.9,Narmada,32.4,1,89.5,30.5,0.2912,0
HSC_2026_1725,HIGHER_SECONDARY,Male,16,Science (PCM),<2 LPA,1,81.5,57.6,1,1,0.6,62.7,51.1,0,3,Bihar,BR,61.8,51.5,14.5,21.4,Muzaffarpur,35.1,1,90.3,38.0,0.4743,0
HSC_2026_1726,HIGHER_SECONDARY,Male,17,Science (PCB),2-5 LPA,1,71.4,90.4,0,1,0.63,66.1,90.2,0,1,Maharashtra,MH,82.3,75.9,32.3,11.2,Gadchiroli,28.5,1,89.0,28.9,0.1449,0
HSC_2026_1727,HIGHER_SECONDARY,Male,17,Commerce,2-5 LPA,1,67.2,88.9,0,1,0.71,58.2,93.6,0,6,Haryana,HR,75.6,65.9,29.8,12.5,Nuh / Mewat,44.8,1,88.6,47.0,0.3288,0
HSC_2026_1728,HIGHER_SECONDARY,Male,17,Science (PCB),2-5 LPA,0,78.7,71.6,1,1,0.7,62.8,63.0,0,3,Gujarat,GJ,78.0,69.7,21.3,17.9,Ahmedabad,3.8,0,15.9,20.2,0.258,0
HSC_2026_1729,HIGHER_SECONDARY,Female,17,Commerce,<2 LPA,1,73.0,65.5,1,1,0.38,48.4,74.5,1,3,Karnataka,KA,75.4,68.1,36.2,12.0,Yadgir,39.4,1,81.2,36.5,0.6632,0
HSC_2026_1730,HIGHER_SECONDARY,Female,17,Science (PCM),<2 LPA,1,58.7,81.2,0,1,0.61,43.0,82.6,0,3,Maharashtra,MH,82.3,75.9,32.3,11.2,Mumbai,2.1,0,0.0,19.5,0.3144,0
HSC_2026_1731,HIGHER_SECONDARY,Female,17,Science (PCB),<2 LPA,1,72.1,44.5,1,0,0.66,45.9,50.4,1,9,Bihar,BR,61.8,51.5,14.5,21.4,Katihar,48.7,1,91.1,44.3,0.9623,1
HSC_2026_1732,HIGHER_SECONDARY,Male,16,Commerce,<2 LPA,0,77.2,78.6,0,1,0.46,47.3,78.6,1,3,Maharashtra,MH,82.3,75.9,32.3,11.2,Gadchiroli,28.5,1,89.0,28.9,0.5227,1
HSC_2026_1733,HIGHER_SECONDARY,Male,18,Commerce,2-5 LPA,0,53.7,62.7,1,1,0.7,50.9,72.7,0,3,Maharashtra,MH,82.3,75.9,32.3,11.2,Pune,3.9,0,39.1,21.0,0.4383,1
HSC_2026_1734,HIGHER_SECONDARY,Female,16,Arts / Humanities,<2 LPA,0,57.1,100.0,0,1,0.56,52.6,99.1,0,3,Tamil Nadu,TN,80.1,73.4,51.4,8.1,Coimbatore,2.1,0,24.2,18.9,0.126,0
HSC_2026_1735,HIGHER_SECONDARY,Female,17,Science (PCB),5-10 LPA,0,81.7,77.8,0,1,0.21,74.3,83.3,0,2,Bihar,BR,61.8,51.5,14.5,21.4,Patna,18.2,0,56.4,28.5,0.122,0
HSC_2026_1736,HIGHER_SECONDARY,Female,17,Vocational / ITI,<2 LPA,0,78.5,91.5,0,1,0.84,72.4,89.5,0,3,Kerala,KL,94.0,92.1,43.2,3.2,Ernakulam,0.6,0,31.9,14.8,0.1029,0
HSC_2026_1737,HIGHER_SECONDARY,Female,16,Vocational / ITI,5-10 LPA,0,62.8,69.5,1,1,0.45,45.6,69.8,0,2,Rajasthan,RJ,66.1,52.1,26.0,17.2,Jaisalmer,31.8,1,86.7,33.2,0.4575,0
HSC_2026_1738,HIGHER_SECONDARY,Female,16,Vocational / ITI,<2 LPA,1,76.9,63.6,1,0,0.67,43.1,51.9,0,3,Tamil Nadu,TN,80.1,73.4,51.4,8.1,Coimbatore,2.1,0,24.2,18.9,0.6816,1
HSC_2026_1739,HIGHER_SECONDARY,Male,18,Commerce,2-5 LPA,1,52.4,71.2,1,1,0.77,53.9,71.1,0,4,Madhya Pradesh,MP,69.3,59.2,24.8,18.5,Bhopal,9.4,0,19.1,23.4,0.3797,0
HSC_2026_1740,HIGHER_SECONDARY,Female,17,Science (PCB),<2 LPA,1,80.2,84.8,0,1,0.27,84.5,90.4,1,1,Kerala,KL,94.0,92.1,43.2,3.2,Ernakulam,0.6,0,31.9,14.8,0.0916,0
HSC_2026_1741,HIGHER_SECONDARY,Female,17,Vocational / ITI,<2 LPA,1,66.7,45.4,1,1,0.81,52.7,28.7,0,1,Haryana,HR,75.6,65.9,29.8,12.5,Nuh / Mewat,44.8,1,88.6,47.0,0.714,1
HSC_2026_1742,HIGHER_SECONDARY,Male,18,Commerce,2-5 LPA,1,69.4,56.7,1,1,0.45,76.7,63.2,0,4,Karnataka,KA,75.4,68.1,36.2,12.0,Raichur,36.8,1,74.6,34.0,0.3536,0
HSC_2026_1743,HIGHER_SECONDARY,Female,18,Science (PCB),2-5 LPA,1,73.4,92.9,0,1,0.63,59.9,98.8,0,1,Tamil Nadu,TN,80.1,73.4,51.4,8.1,Coimbatore,2.1,0,24.2,18.9,0.1157,0
HSC_2026_1744,HIGHER_SECONDARY,Male,18,Vocational / ITI,2-5 LPA,1,80.9,76.9,0,1,0.87,85.4,85.2,0,1,Haryana,HR,75.6,65.9,29.8,12.5,Nuh / Mewat,44.8,1,88.6,47.0,0.176,1
HSC_2026_1745,HIGHER_SECONDARY,Female,18,Science (PCM),2-5 LPA,1,79.9,69.9,1,1,0.72,71.7,73.9,0,1,Madhya Pradesh,MP,69.3,59.2,24.8,18.5,Indore,6.8,0,25.9,21.8,0.1939,0
HSC_2026_1746,HIGHER_SECONDARY,Female,18,Science (PCB),5-10 LPA,1,46.8,60.8,1,1,0.79,20.6,61.3,0,4,Maharashtra,MH,82.3,75.9,32.3,11.2,Gadchiroli,28.5,1,89.0,28.9,0.8163,1
HSC_2026_1747,HIGHER_SECONDARY,Male,17,Science (PCM),2-5 LPA,0,78.9,72.5,1,0,0.88,50.1,73.4,0,5,Rajasthan,RJ,66.1,52.1,26.0,17.2,Barmer,34.2,1,93.0,35.8,0.7194,1
HSC_2026_1748,HIGHER_SECONDARY,Male,18,Science (PCB),>10 LPA,0,58.8,67.1,1,1,0.26,47.4,66.1,0,5,Gujarat,GJ,78.0,69.7,21.3,17.9,Narmada,32.4,1,89.5,30.5,0.4916,0
HSC_2026_1749,HIGHER_SECONDARY,Female,18,Science (PCB),2-5 LPA,0,73.1,69.1,1,1,0.66,36.3,77.4,0,2,Rajasthan,RJ,66.1,52.1,26.0,17.2,Kota,8.2,0,39.7,21.0,0.5008,1
HSC_2026_1750,HIGHER_SECONDARY,Male,17,Commerce,>10 LPA,1,64.7,48.9,1,0,0.57,36.8,42.5,0,2,Uttar Pradesh,UP,67.7,57.2,23.2,16.8,Balrampur,47.9,1,92.3,45.0,0.8926,1
HSC_2026_1751,HIGHER_SECONDARY,Male,17,Arts / Humanities,2-5 LPA,0,64.5,99.1,0,1,0.66,42.3,92.8,0,3,Maharashtra,MH,82.3,75.9,32.3,11.2,Pune,3.9,0,39.1,21.0,0.1965,0
HSC_2026_1752,HIGHER_SECONDARY,Female,16,Science (PCB),2-5 LPA,0,76.3,61.0,1,0,0.55,48.9,57.3,0,5,Madhya Pradesh,MP,69.3,59.2,24.8,18.5,Bhopal,9.4,0,19.1,23.4,0.696,1
HSC_2026_1753,HIGHER_SECONDARY,Female,17,Science (PCB),<2 LPA,1,72.8,62.5,1,0,0.56,46.8,55.8,0,5,Rajasthan,RJ,66.1,52.1,26.0,17.2,Kota,8.2,0,39.7,21.0,0.6975,1
HSC_2026_1754,HIGHER_SECONDARY,Female,18,Science (PCM),<2 LPA,1,63.4,74.5,1,0,0.69,23.8,71.1,0,9,Bihar,BR,61.8,51.5,14.5,21.4,Muzaffarpur,35.1,1,90.3,38.0,0.8855,0
HSC_2026_1755,HIGHER_SECONDARY,Female,18,Commerce,<2 LPA,0,66.7,81.2,0,1,0.62,49.2,90.1,0,5,Uttar Pradesh,UP,67.7,57.2,23.2,16.8,Shravasti,49.6,1,96.5,48.2,0.4659,0
HSC_2026_1756,HIGHER_SECONDARY,Female,18,Vocational / ITI,5-10 LPA,1,76.3,66.7,1,1,0.38,53.0,60.5,0,3,Bihar,BR,61.8,51.5,14.5,21.4,Muzaffarpur,35.1,1,90.3,38.0,0.4357,0
HSC_2026_1757,HIGHER_SECONDARY,Male,17,Science (PCM),<2 LPA,1,64.2,75.7,0,0,0.79,36.6,71.3,0,8,Madhya Pradesh,MP,69.3,59.2,24.8,18.5,Alirajpur,52.0,1,92.2,39.5,0.8533,1
HSC_2026_1758,HIGHER_SECONDARY,Female,18,Vocational / ITI,<2 LPA,1,98.0,49.6,1,0,0.78,48.8,51.2,1,1,Tamil Nadu,TN,80.1,73.4,51.4,8.1,Chennai,1.2,0,0.0,17.5,0.8407,1
HSC_2026_1759,HIGHER_SECONDARY,Male,16,Commerce,<2 LPA,1,66.5,85.3,0,1,0.89,54.8,77.5,0,0,Kerala,KL,94.0,92.1,43.2,3.2,Thiruvananthapuram,0.9,0,46.2,15.2,0.1912,0
HSC_2026_1760,HIGHER_SECONDARY,Male,18,Commerce,2-5 LPA,0,74.3,85.7,0,1,0.49,55.6,100.0,0,0,Kerala,KL,94.0,92.1,43.2,3.2,Ernakulam,0.6,0,31.9,14.8,0.1421,1
HSC_2026_1761,HIGHER_SECONDARY,Male,16,Commerce,<2 LPA,0,70.1,67.7,1,1,0.81,60.0,82.7,0,3,Kerala,KL,94.0,92.1,43.2,3.2,Wayanad,4.1,1,96.1,18.0,0.3294,0
HSC_2026_1762,HIGHER_SECONDARY,Male,17,Science (PCB),>10 LPA,1,81.9,63.0,1,1,0.3,64.9,69.1,0,3,Uttar Pradesh,UP,67.7,57.2,23.2,16.8,Noida / Gautam Buddha Nagar,7.1,0,40.9,22.0,0.2603,0
HSC_2026_1763,HIGHER_SECONDARY,Female,18,Science (PCM),5-10 LPA,1,72.2,38.0,1,0,0.32,62.4,48.5,0,6,Kerala,KL,94.0,92.1,43.2,3.2,Ernakulam,0.6,0,31.9,14.8,0.7321,1
HSC_2026_1764,HIGHER_SECONDARY,Female,17,Commerce,2-5 LPA,0,75.1,74.3,1,1,0.74,67.1,88.8,0,0,Uttar Pradesh,UP,67.7,57.2,23.2,16.8,Balrampur,47.9,1,92.3,45.0,0.2938,0
HSC_2026_1765,HIGHER_SECONDARY,Female,16,Science (PCM),2-5 LPA,1,66.3,67.1,1,1,0.71,47.0,68.9,0,2,Bihar,BR,61.8,51.5,14.5,21.4,Purnia,50.4,1,89.2,42.1,0.5867,1
HSC_2026_1766,HIGHER_SECONDARY,Female,16,Arts / Humanities,<2 LPA,0,55.1,92.3,0,0,0.46,45.7,100.0,0,4,Rajasthan,RJ,66.1,52.1,26.0,17.2,Barmer,34.2,1,93.0,35.8,0.4801,0
HSC_2026_1767,HIGHER_SECONDARY,Male,18,Science (PCB),2-5 LPA,0,70.7,65.8,1,0,0.67,29.3,70.1,0,2,Karnataka,KA,75.4,68.1,36.2,12.0,Raichur,36.8,1,74.6,34.0,0.8379,1
HSC_2026_1768,HIGHER_SECONDARY,Female,18,Commerce,2-5 LPA,1,60.2,100.0,0,1,0.69,33.1,92.2,1,2,Haryana,HR,75.6,65.9,29.8,12.5,Nuh / Mewat,44.8,1,88.6,47.0,0.5277,1
HSC_2026_1769,HIGHER_SECONDARY,Female,16,Vocational / ITI,2-5 LPA,1,60.1,60.2,1,0,0.83,39.5,56.7,1,11,Karnataka,KA,75.4,68.1,36.2,12.0,Yadgir,39.4,1,81.2,36.5,0.9529,1
HSC_2026_1770,HIGHER_SECONDARY,Male,17,Science (PCM),2-5 LPA,1,87.0,81.9,0,1,0.58,61.1,77.9,0,3,Maharashtra,MH,82.3,75.9,32.3,11.2,Gadchiroli,28.5,1,89.0,28.9,0.2452,0
HSC_2026_1771,HIGHER_SECONDARY,Female,16,Arts / Humanities,>10 LPA,1,67.9,83.0,0,1,0.49,53.3,90.7,1,3,Tamil Nadu,TN,80.1,73.4,51.4,8.1,Ramanathapuram,7.8,1,69.7,22.1,0.3529,0
HSC_2026_1772,HIGHER_SECONDARY,Male,16,Vocational / ITI,<2 LPA,1,59.9,85.6,0,1,0.55,37.4,82.3,0,2,Gujarat,GJ,78.0,69.7,21.3,17.9,Dahod,40.5,1,88.0,38.1,0.4265,0
HSC_2026_1773,HIGHER_SECONDARY,Male,17,Science (PCB),2-5 LPA,1,56.9,40.5,1,0,0.56,33.2,52.1,0,7,Maharashtra,MH,82.3,75.9,32.3,11.2,Mumbai,2.1,0,0.0,19.5,0.9091,1
HSC_2026_1774,HIGHER_SECONDARY,Male,17,Science (PCB),<2 LPA,0,67.4,63.9,1,1,0.69,69.5,65.3,0,1,Uttar Pradesh,UP,67.7,57.2,23.2,16.8,Bahraich,54.4,1,92.1,46.5,0.3984,0
HSC_2026_1775,HIGHER_SECONDARY,Male,18,Science (PCB),<2 LPA,1,85.3,70.9,1,1,0.25,70.3,87.1,1,1,Uttar Pradesh,UP,67.7,57.2,23.2,16.8,Bahraich,54.4,1,92.1,46.5,0.4005,1
HSC_2026_1776,HIGHER_SECONDARY,Female,17,Arts / Humanities,2-5 LPA,0,52.9,83.9,0,1,0.83,45.7,79.4,1,1,Maharashtra,MH,82.3,75.9,32.3,11.2,Mumbai,2.1,0,0.0,19.5,0.4167,0
HSC_2026_1777,HIGHER_SECONDARY,Male,18,Vocational / ITI,5-10 LPA,1,80.7,100.0,0,1,0.35,55.6,96.5,0,0,Haryana,HR,75.6,65.9,29.8,12.5,Gurugram,2.5,0,31.2,20.5,0.0802,0
HSC_2026_1778,HIGHER_SECONDARY,Male,17,Commerce,>10 LPA,1,49.8,76.3,0,1,0.52,26.3,76.9,0,1,Kerala,KL,94.0,92.1,43.2,3.2,Ernakulam,0.6,0,31.9,14.8,0.449,0
HSC_2026_1779,HIGHER_SECONDARY,Male,17,Arts / Humanities,2-5 LPA,1,68.7,69.6,1,0,0.78,51.5,57.8,0,4,Karnataka,KA,75.4,68.1,36.2,12.0,Raichur,36.8,1,74.6,34.0,0.7084,1
HSC_2026_1780,HIGHER_SECONDARY,Male,17,Science (PCB),>10 LPA,0,58.7,80.5,0,1,0.12,37.4,79.3,1,2,Rajasthan,RJ,66.1,52.1,26.0,17.2,Jaipur,6.9,0,47.6,22.5,0.4335,0
HSC_2026_1781,HIGHER_SECONDARY,Male,18,Science (PCM),<2 LPA,0,72.5,76.2,0,1,0.82,61.0,79.3,1,1,Karnataka,KA,75.4,68.1,36.2,12.0,Bengaluru Urban,1.8,0,9.1,18.2,0.349,0
HSC_2026_1782,HIGHER_SECONDARY,Female,18,Arts / Humanities,2-5 LPA,1,84.4,33.0,1,0,0.91,59.9,29.6,1,5,Madhya Pradesh,MP,69.3,59.2,24.8,18.5,Alirajpur,52.0,1,92.2,39.5,0.9564,1
HSC_2026_1783,HIGHER_SECONDARY,Female,18,Vocational / ITI,5-10 LPA,0,58.3,75.1,0,1,0.29,43.9,71.1,0,2,Tamil Nadu,TN,80.1,73.4,51.4,8.1,Chennai,1.2,0,0.0,17.5,0.2867,0
HSC_2026_1784,HIGHER_SECONDARY,Male,16,Arts / Humanities,5-10 LPA,0,74.1,85.3,0,1,0.31,57.0,93.3,0,0,Uttar Pradesh,UP,67.7,57.2,23.2,16.8,Varanasi,16.3,0,56.6,29.4,0.1508,1
HSC_2026_1785,HIGHER_SECONDARY,Male,17,Science (PCB),2-5 LPA,0,60.7,100.0,0,1,0.86,45.8,83.5,0,3,Karnataka,KA,75.4,68.1,36.2,12.0,Bengaluru Urban,1.8,0,9.1,18.2,0.1893,1
HSC_2026_1786,HIGHER_SECONDARY,Male,16,Science (PCB),2-5 LPA,0,85.1,69.7,1,1,0.49,75.9,67.6,0,2,Uttar Pradesh,UP,67.7,57.2,23.2,16.8,Varanasi,16.3,0,56.6,29.4,0.1777,0
HSC_2026_1787,HIGHER_SECONDARY,Male,16,Science (PCM),2-5 LPA,1,75.2,76.4,0,1,0.71,75.1,80.8,0,6,Madhya Pradesh,MP,69.3,59.2,24.8,18.5,Alirajpur,52.0,1,92.2,39.5,0.3218,0
HSC_2026_1788,HIGHER_SECONDARY,Male,17,Commerce,<2 LPA,0,98.0,81.9,0,1,0.66,65.0,84.8,0,1,Tamil Nadu,TN,80.1,73.4,51.4,8.1,Coimbatore,2.1,0,24.2,18.9,0.1464,0
HSC_2026_1789,HIGHER_SECONDARY,Male,16,Commerce,<2 LPA,1,54.5,99.3,0,1,0.79,49.1,100.0,1,3,Madhya Pradesh,MP,69.3,59.2,24.8,18.5,Alirajpur,52.0,1,92.2,39.5,0.4485,0
HSC_2026_1790,HIGHER_SECONDARY,Female,18,Science (PCB),<2 LPA,0,79.8,47.0,1,1,0.6,76.1,44.2,1,2,Maharashtra,MH,82.3,75.9,32.3,11.2,Gadchiroli,28.5,1,89.0,28.9,0.5713,1
HSC_2026_1791,HIGHER_SECONDARY,Female,16,Commerce,2-5 LPA,0,61.3,95.1,0,1,0.73,42.9,99.6,0,0,Madhya Pradesh,MP,69.3,59.2,24.8,18.5,Indore,6.8,0,25.9,21.8,0.1951,1
HSC_2026_1792,HIGHER_SECONDARY,Female,16,Arts / Humanities,5-10 LPA,0,69.1,59.0,1,1,0.28,70.1,58.6,0,4,Maharashtra,MH,82.3,75.9,32.3,11.2,Mumbai,2.1,0,0.0,19.5,0.2504,0
HSC_2026_1793,HIGHER_SECONDARY,Female,18,Commerce,>10 LPA,0,84.7,74.1,1,1,0.2,57.8,67.0,0,0,Rajasthan,RJ,66.1,52.1,26.0,17.2,Jaipur,6.9,0,47.6,22.5,0.1775,1
HSC_2026_1794,HIGHER_SECONDARY,Male,18,Arts / Humanities,2-5 LPA,0,73.8,77.3,0,0,0.88,23.2,62.4,1,3,Tamil Nadu,TN,80.1,73.4,51.4,8.1,Ramanathapuram,7.8,1,69.7,22.1,0.8655,1
HSC_2026_1795,HIGHER_SECONDARY,Male,17,Vocational / ITI,2-5 LPA,1,72.8,97.3,0,1,0.89,57.5,93.1,0,2,Haryana,HR,75.6,65.9,29.8,12.5,Nuh / Mewat,44.8,1,88.6,47.0,0.2302,0
HSC_2026_1796,HIGHER_SECONDARY,Male,18,Science (PCB),<2 LPA,0,98.0,68.1,1,1,0.61,55.9,58.2,1,3,Uttar Pradesh,UP,67.7,57.2,23.2,16.8,Bahraich,54.4,1,92.1,46.5,0.6649,1
HSC_2026_1797,HIGHER_SECONDARY,Male,18,Science (PCB),>10 LPA,0,82.4,91.1,0,1,0.5,53.5,98.8,0,4,Uttar Pradesh,UP,67.7,57.2,23.2,16.8,Balrampur,47.9,1,92.3,45.0,0.2896,0
HSC_2026_1798,HIGHER_SECONDARY,Male,18,Commerce,<2 LPA,1,64.6,91.6,0,1,0.79,56.3,100.0,0,1,Bihar,BR,61.8,51.5,14.5,21.4,Purnia,50.4,1,89.2,42.1,0.2679,0
HSC_2026_1799,HIGHER_SECONDARY,Male,16,Vocational / ITI,2-5 LPA,0,68.5,65.3,1,1,0.55,40.7,61.5,0,2,Madhya Pradesh,MP,69.3,59.2,24.8,18.5,Indore,6.8,0,25.9,21.8,0.4712,0
HSC_2026_1800,HIGHER_SECONDARY,Female,18,Science (PCM),<2 LPA,0,75.2,69.4,1,1,0.83,57.8,84.7,0,2,Uttar Pradesh,UP,67.7,57.2,23.2,16.8,Lucknow,8.5,0,33.8,24.1,0.3328,0
HSC_2026_1801,HIGHER_SECONDARY,Male,17,Vocational / ITI,<2 LPA,0,75.9,86.8,0,1,0.78,66.3,92.0,1,2,Gujarat,GJ,78.0,69.7,21.3,17.9,Ahmedabad,3.8,0,15.9,20.2,0.236,1
HSC_2026_1802,HIGHER_SECONDARY,Male,17,Arts / Humanities,2-5 LPA,1,73.2,86.6,0,1,0.58,64.7,88.9,0,5,Uttar Pradesh,UP,67.7,57.2,23.2,16.8,Noida / Gautam Buddha Nagar,7.1,0,40.9,22.0,0.1668,0
HSC_2026_1803,HIGHER_SECONDARY,Female,17,Commerce,2-5 LPA,1,73.8,33.2,1,0,0.78,35.0,35.5,0,8,Karnataka,KA,75.4,68.1,36.2,12.0,Bengaluru Urban,1.8,0,9.1,18.2,0.9406,1
HSC_2026_1804,HIGHER_SECONDARY,Male,17,Commerce,<2 LPA,1,55.5,42.4,1,0,0.68,38.2,53.4,0,2,Uttar Pradesh,UP,67.7,57.2,23.2,16.8,Noida / Gautam Buddha Nagar,7.1,0,40.9,22.0,0.858,1
HSC_2026_1805,HIGHER_SECONDARY,Male,17,Arts / Humanities,5-10 LPA,1,53.9,100.0,0,1,0.12,29.3,98.3,0,2,Tamil Nadu,TN,80.1,73.4,51.4,8.1,Chennai,1.2,0,0.0,17.5,0.1862,0
HSC_2026_1806,HIGHER_SECONDARY,Male,16,Vocational / ITI,5-10 LPA,1,66.0,67.0,1,1,0.47,46.0,70.1,0,1,Karnataka,KA,75.4,68.1,36.2,12.0,Raichur,36.8,1,74.6,34.0,0.4818,0
HSC_2026_1807,HIGHER_SECONDARY,Female,18,Vocational / ITI,<2 LPA,0,56.4,80.4,0,0,0.87,18.1,97.2,0,6,Madhya Pradesh,MP,69.3,59.2,24.8,18.5,Bhopal,9.4,0,19.1,23.4,0.8242,1
HSC_2026_1808,HIGHER_SECONDARY,Male,17,Science (PCM),<2 LPA,0,83.6,61.5,1,1,0.73,71.2,65.1,0,3,Uttar Pradesh,UP,67.7,57.2,23.2,16.8,Noida / Gautam Buddha Nagar,7.1,0,40.9,22.0,0.2882,1
HSC_2026_1809,HIGHER_SECONDARY,Female,17,Commerce,<2 LPA,0,75.3,74.9,1,1,0.52,55.2,68.6,0,0,Bihar,BR,61.8,51.5,14.5,21.4,Purnia,50.4,1,89.2,42.1,0.3595,0
HSC_2026_1810,HIGHER_SECONDARY,Male,16,Commerce,<2 LPA,0,72.3,75.6,0,1,0.94,62.9,93.5,0,3,Tamil Nadu,TN,80.1,73.4,51.4,8.1,Ramanathapuram,7.8,1,69.7,22.1,0.2727,0
HSC_2026_1811,HIGHER_SECONDARY,Female,16,Commerce,<2 LPA,0,73.7,84.8,0,0,0.46,47.9,81.2,0,5,Kerala,KL,94.0,92.1,43.2,3.2,Thiruvananthapuram,0.9,0,46.2,15.2,0.4297,0
HSC_2026_1812,HIGHER_SECONDARY,Female,18,Science (PCB),<2 LPA,0,52.1,71.3,1,1,0.85,44.5,64.9,0,4,Tamil Nadu,TN,80.1,73.4,51.4,8.1,Ramanathapuram,7.8,1,69.7,22.1,0.4753,0
HSC_2026_1813,HIGHER_SECONDARY,Male,16,Science (PCB),<2 LPA,1,57.1,100.0,0,1,0.81,37.1,97.2,0,3,Karnataka,KA,75.4,68.1,36.2,12.0,Bengaluru Urban,1.8,0,9.1,18.2,0.2375,0
HSC_2026_1814,HIGHER_SECONDARY,Male,18,Science (PCM),5-10 LPA,0,81.2,60.8,1,0,0.63,49.0,58.4,0,2,Maharashtra,MH,82.3,75.9,32.3,11.2,Nandurbar,33.1,1,83.3,32.4,0.7319,1
HSC_2026_1815,HIGHER_SECONDARY,Female,17,Science (PCB),2-5 LPA,1,75.9,84.5,0,1,0.71,70.8,94.5,0,1,Haryana,HR,75.6,65.9,29.8,12.5,Gurugram,2.5,0,31.2,20.5,0.1144,0
HSC_2026_1816,HIGHER_SECONDARY,Male,17,Science (PCM),2-5 LPA,0,60.5,60.0,1,1,0.46,44.2,63.8,0,5,Gujarat,GJ,78.0,69.7,21.3,17.9,Narmada,32.4,1,89.5,30.5,0.6277,1
HSC_2026_1817,HIGHER_SECONDARY,Male,17,Science (PCB),<2 LPA,0,77.2,100.0,0,1,0.74,71.0,90.9,0,3,Kerala,KL,94.0,92.1,43.2,3.2,Thiruvananthapuram,0.9,0,46.2,15.2,0.0744,0
HSC_2026_1818,HIGHER_SECONDARY,Male,18,Science (PCB),<2 LPA,0,76.1,72.7,1,1,0.81,53.8,72.6,0,1,Haryana,HR,75.6,65.9,29.8,12.5,Gurugram,2.5,0,31.2,20.5,0.2978,0
HSC_2026_1819,HIGHER_SECONDARY,Male,18,Science (PCM),2-5 LPA,0,93.5,95.6,0,1,0.91,46.2,93.4,0,1,Kerala,KL,94.0,92.1,43.2,3.2,Thiruvananthapuram,0.9,0,46.2,15.2,0.1927,0
HSC_2026_1820,HIGHER_SECONDARY,Female,16,Commerce,<2 LPA,0,72.5,83.5,0,1,0.74,55.3,81.7,1,3,Karnataka,KA,75.4,68.1,36.2,12.0,Yadgir,39.4,1,81.2,36.5,0.4915,0
HSC_2026_1821,HIGHER_SECONDARY,Male,16,Science (PCM),2-5 LPA,0,63.9,44.3,1,0,0.33,41.7,39.8,0,5,Uttar Pradesh,UP,67.7,57.2,23.2,16.8,Lucknow,8.5,0,33.8,24.1,0.8307,1
HSC_2026_1822,HIGHER_SECONDARY,Male,18,Science (PCM),<2 LPA,1,61.3,42.3,1,1,0.47,52.4,37.5,1,3,Uttar Pradesh,UP,67.7,57.2,23.2,16.8,Noida / Gautam Buddha Nagar,7.1,0,40.9,22.0,0.7386,1
HSC_2026_1823,HIGHER_SECONDARY,Male,17,Commerce,2-5 LPA,0,66.8,58.5,1,1,0.81,45.9,48.3,1,4,Rajasthan,RJ,66.1,52.1,26.0,17.2,Barmer,34.2,1,93.0,35.8,0.7987,1
HSC_2026_1824,HIGHER_SECONDARY,Female,16,Commerce,2-5 LPA,1,65.0,71.3,1,1,0.56,51.5,59.8,0,4,Madhya Pradesh,MP,69.3,59.2,24.8,18.5,Bhopal,9.4,0,19.1,23.4,0.3648,0
HSC_2026_1825,HIGHER_SECONDARY,Female,17,Arts / Humanities,5-10 LPA,1,75.8,99.5,0,1,0.13,60.3,100.0,0,5,Tamil Nadu,TN,80.1,73.4,51.4,8.1,Coimbatore,2.1,0,24.2,18.9,0.0855,0
HSC_2026_1826,HIGHER_SECONDARY,Female,17,Science (PCB),>10 LPA,0,77.5,85.1,0,1,0.12,54.2,81.7,0,4,Gujarat,GJ,78.0,69.7,21.3,17.9,Dahod,40.5,1,88.0,38.1,0.2544,0
HSC_2026_1827,HIGHER_SECONDARY,Male,18,Science (PCB),2-5 LPA,1,78.1,62.2,1,1,0.6,70.4,65.5,0,2,Rajasthan,RJ,66.1,52.1,26.0,17.2,Kota,8.2,0,39.7,21.0,0.2574,0
HSC_2026_1828,HIGHER_SECONDARY,Female,18,Science (PCB),5-10 LPA,0,70.6,82.9,0,1,0.42,58.4,83.1,0,2,Rajasthan,RJ,66.1,52.1,26.0,17.2,Jaisalmer,31.8,1,86.7,33.2,0.2286,0
HSC_2026_1829,HIGHER_SECONDARY,Female,16,Commerce,<2 LPA,1,66.8,77.3,0,1,0.42,81.7,95.5,1,5,Kerala,KL,94.0,92.1,43.2,3.2,Thiruvananthapuram,0.9,0,46.2,15.2,0.1905,0
HSC_2026_1830,HIGHER_SECONDARY,Male,17,Science (PCB),2-5 LPA,1,85.1,79.6,0,1,0.51,69.9,69.3,0,1,Tamil Nadu,TN,80.1,73.4,51.4,8.1,Ramanathapuram,7.8,1,69.7,22.1,0.1316,0
HSC_2026_1831,HIGHER_SECONDARY,Female,18,Vocational / ITI,<2 LPA,0,62.9,63.7,1,1,0.84,40.8,64.6,1,2,Tamil Nadu,TN,80.1,73.4,51.4,8.1,Ramanathapuram,7.8,1,69.7,22.1,0.696,1
HSC_2026_1832,HIGHER_SECONDARY,Female,18,Science (PCM),<2 LPA,0,64.8,30.8,1,0,0.84,30.9,25.8,0,3,Maharashtra,MH,82.3,75.9,32.3,11.2,Nandurbar,33.1,1,83.3,32.4,0.9583,1
HSC_2026_1833,HIGHER_SECONDARY,Male,18,Science (PCM),2-5 LPA,0,95.1,75.2,0,1,0.57,80.1,69.1,0,1,Maharashtra,MH,82.3,75.9,32.3,11.2,Mumbai,2.1,0,0.0,19.5,0.105,0
HSC_2026_1834,HIGHER_SECONDARY,Female,16,Science (PCB),<2 LPA,0,75.5,72.0,1,1,0.63,66.1,70.4,0,4,Rajasthan,RJ,66.1,52.1,26.0,17.2,Barmer,34.2,1,93.0,35.8,0.328,0
HSC_2026_1835,HIGHER_SECONDARY,Female,16,Science (PCB),2-5 LPA,1,57.1,70.1,1,1,0.52,51.8,75.9,0,1,Tamil Nadu,TN,80.1,73.4,51.4,8.1,Chennai,1.2,0,0.0,17.5,0.2865,0
HSC_2026_1836,HIGHER_SECONDARY,Male,17,Commerce,2-5 LPA,0,74.4,58.1,1,0,0.72,47.4,54.2,0,3,Madhya Pradesh,MP,69.3,59.2,24.8,18.5,Alirajpur,52.0,1,92.2,39.5,0.8331,1
HSC_2026_1837,HIGHER_SECONDARY,Male,17,Science (PCM),5-10 LPA,0,66.6,45.4,1,0,0.42,53.2,46.6,1,4,Bihar,BR,61.8,51.5,14.5,21.4,Muzaffarpur,35.1,1,90.3,38.0,0.8952,1
HSC_2026_1838,HIGHER_SECONDARY,Female,18,Arts / Humanities,2-5 LPA,1,51.5,70.7,1,1,0.51,43.3,65.5,0,1,Madhya Pradesh,MP,69.3,59.2,24.8,18.5,Indore,6.8,0,25.9,21.8,0.3697,0
HSC_2026_1839,HIGHER_SECONDARY,Male,16,Science (PCB),<2 LPA,0,50.8,73.7,1,0,0.51,15.0,87.5,1,5,Gujarat,GJ,78.0,69.7,21.3,17.9,Ahmedabad,3.8,0,15.9,20.2,0.8947,0
HSC_2026_1840,HIGHER_SECONDARY,Female,18,Vocational / ITI,<2 LPA,1,74.7,69.0,1,1,0.96,65.1,52.3,0,2,Uttar Pradesh,UP,67.7,57.2,23.2,16.8,Balrampur,47.9,1,92.3,45.0,0.4339,0
HSC_2026_1841,HIGHER_SECONDARY,Female,16,Vocational / ITI,<2 LPA,1,70.9,61.4,1,0,0.57,43.2,66.5,0,5,Kerala,KL,94.0,92.1,43.2,3.2,Ernakulam,0.6,0,31.9,14.8,0.7117,1
HSC_2026_1842,HIGHER_SECONDARY,Male,16,Science (PCM),2-5 LPA,0,80.9,51.7,1,0,0.62,47.2,47.8,0,2,Tamil Nadu,TN,80.1,73.4,51.4,8.1,Chennai,1.2,0,0.0,17.5,0.7222,1
HSC_2026_1843,HIGHER_SECONDARY,Female,17,Vocational / ITI,>10 LPA,0,70.9,84.6,0,1,0.58,48.2,85.1,0,6,Rajasthan,RJ,66.1,52.1,26.0,17.2,Jaisalmer,31.8,1,86.7,33.2,0.3876,0
HSC_2026_1844,HIGHER_SECONDARY,Female,16,Vocational / ITI,2-5 LPA,1,66.8,90.7,0,1,0.7,68.2,86.5,0,4,Karnataka,KA,75.4,68.1,36.2,12.0,Bengaluru Urban,1.8,0,9.1,18.2,0.121,0
HSC_2026_1845,HIGHER_SECONDARY,Male,17,Vocational / ITI,2-5 LPA,0,77.7,60.1,1,0,0.27,59.9,69.9,0,3,Maharashtra,MH,82.3,75.9,32.3,11.2,Gadchiroli,28.5,1,89.0,28.9,0.5886,1
HSC_2026_1846,HIGHER_SECONDARY,Male,18,Science (PCB),2-5 LPA,0,83.0,82.2,0,1,0.68,45.3,78.8,0,2,Rajasthan,RJ,66.1,52.1,26.0,17.2,Jaipur,6.9,0,47.6,22.5,0.2959,0
HSC_2026_1847,HIGHER_SECONDARY,Male,18,Science (PCB),2-5 LPA,1,79.9,81.1,0,1,0.85,46.0,78.6,0,1,Rajasthan,RJ,66.1,52.1,26.0,17.2,Kota,8.2,0,39.7,21.0,0.3146,0
HSC_2026_1848,HIGHER_SECONDARY,Female,17,Vocational / ITI,2-5 LPA,0,79.7,63.6,1,0,0.45,53.2,61.3,0,13,Bihar,BR,61.8,51.5,14.5,21.4,Katihar,48.7,1,91.1,44.3,0.8474,1
HSC_2026_1849,HIGHER_SECONDARY,Female,18,Science (PCM),2-5 LPA,1,76.9,98.0,0,1,0.43,72.1,100.0,0,5,Karnataka,KA,75.4,68.1,36.2,12.0,Raichur,36.8,1,74.6,34.0,0.1178,0
HSC_2026_1850,HIGHER_SECONDARY,Male,18,Science (PCM),2-5 LPA,0,76.8,40.9,1,0,0.7,56.9,49.2,1,7,Madhya Pradesh,MP,69.3,59.2,24.8,18.5,Barwani,46.1,1,85.5,37.1,0.9427,1
HSC_2026_1851,HIGHER_SECONDARY,Female,18,Science (PCM),<2 LPA,1,81.9,64.9,1,0,0.89,43.9,67.5,1,3,Uttar Pradesh,UP,67.7,57.2,23.2,16.8,Bahraich,54.4,1,92.1,46.5,0.9072,1
HSC_2026_1852,HIGHER_SECONDARY,Male,18,Commerce,<2 LPA,0,60.5,62.3,1,1,0.47,40.3,47.9,1,3,Gujarat,GJ,78.0,69.7,21.3,17.9,Narmada,32.4,1,89.5,30.5,0.7451,1
HSC_2026_1853,HIGHER_SECONDARY,Female,16,Arts / Humanities,<2 LPA,0,54.9,93.0,0,1,0.56,52.7,92.9,0,7,Kerala,KL,94.0,92.1,43.2,3.2,Ernakulam,0.6,0,31.9,14.8,0.204,0
HSC_2026_1854,HIGHER_SECONDARY,Male,17,Science (PCM),2-5 LPA,1,75.0,62.1,1,1,0.76,51.1,51.1,0,4,Tamil Nadu,TN,80.1,73.4,51.4,8.1,Coimbatore,2.1,0,24.2,18.9,0.4658,0
HSC_2026_1855,HIGHER_SECONDARY,Female,18,Science (PCB),<2 LPA,0,66.9,98.1,0,1,0.48,52.5,96.6,0,4,Haryana,HR,75.6,65.9,29.8,12.5,Nuh / Mewat,44.8,1,88.6,47.0,0.2317,0
HSC_2026_1856,HIGHER_SECONDARY,Male,18,Science (PCM),2-5 LPA,0,66.4,77.9,0,0,0.61,37.1,65.0,0,4,Haryana,HR,75.6,65.9,29.8,12.5,Gurugram,2.5,0,31.2,20.5,0.614,1
HSC_2026_1857,HIGHER_SECONDARY,Male,17,Commerce,5-10 LPA,0,58.5,81.3,0,1,0.6,50.2,83.3,0,3,Karnataka,KA,75.4,68.1,36.2,12.0,Bengaluru Urban,1.8,0,9.1,18.2,0.2543,0
HSC_2026_1858,HIGHER_SECONDARY,Male,16,Arts / Humanities,5-10 LPA,0,74.6,53.2,1,0,0.46,29.6,42.4,0,3,Maharashtra,MH,82.3,75.9,32.3,11.2,Mumbai,2.1,0,0.0,19.5,0.8222,1
HSC_2026_1859,HIGHER_SECONDARY,Female,16,Commerce,2-5 LPA,0,57.9,75.1,0,1,0.64,42.4,71.0,0,5,Madhya Pradesh,MP,69.3,59.2,24.8,18.5,Alirajpur,52.0,1,92.2,39.5,0.6034,1
HSC_2026_1860,HIGHER_SECONDARY,Female,18,Vocational / ITI,<2 LPA,0,69.2,47.9,1,1,0.58,64.7,44.9,0,3,Rajasthan,RJ,66.1,52.1,26.0,17.2,Kota,8.2,0,39.7,21.0,0.4485,0
HSC_2026_1861,HIGHER_SECONDARY,Female,16,Science (PCM),2-5 LPA,0,38.1,62.6,1,1,0.58,40.8,71.7,0,3,Madhya Pradesh,MP,69.3,59.2,24.8,18.5,Indore,6.8,0,25.9,21.8,0.5222,1
HSC_2026_1862,HIGHER_SECONDARY,Male,16,Science (PCB),2-5 LPA,0,56.3,59.0,1,1,0.48,36.9,58.1,0,3,Bihar,BR,61.8,51.5,14.5,21.4,Purnia,50.4,1,89.2,42.1,0.724,0
HSC_2026_1863,HIGHER_SECONDARY,Male,17,Vocational / ITI,2-5 LPA,0,60.6,47.3,1,0,0.38,39.1,41.7,0,12,Bihar,BR,61.8,51.5,14.5,21.4,Muzaffarpur,35.1,1,90.3,38.0,0.9286,1
HSC_2026_1864,HIGHER_SECONDARY,Male,18,Vocational / ITI,2-5 LPA,1,70.4,52.2,1,0,0.75,55.0,61.9,0,11,Gujarat,GJ,78.0,69.7,21.3,17.9,Dahod,40.5,1,88.0,38.1,0.885,1
HSC_2026_1865,HIGHER_SECONDARY,Male,16,Arts / Humanities,2-5 LPA,0,84.4,58.2,1,1,0.88,52.9,55.6,0,1,Tamil Nadu,TN,80.1,73.4,51.4,8.1,Chennai,1.2,0,0.0,17.5,0.4466,0
HSC_2026_1866,HIGHER_SECONDARY,Female,18,Vocational / ITI,5-10 LPA,0,91.4,70.6,1,0,0.25,63.1,69.0,0,3,Bihar,BR,61.8,51.5,14.5,21.4,Muzaffarpur,35.1,1,90.3,38.0,0.4761,0
HSC_2026_1867,HIGHER_SECONDARY,Male,16,Arts / Humanities,<2 LPA,0,80.2,62.9,1,1,0.63,55.8,51.2,0,2,Maharashtra,MH,82.3,75.9,32.3,11.2,Nandurbar,33.1,1,83.3,32.4,0.4665,0
HSC_2026_1868,HIGHER_SECONDARY,Female,18,Commerce,5-10 LPA,1,69.1,77.3,0,1,0.16,54.1,73.0,1,3,Tamil Nadu,TN,80.1,73.4,51.4,8.1,Ramanathapuram,7.8,1,69.7,22.1,0.3421,0
HSC_2026_1869,HIGHER_SECONDARY,Female,18,Science (PCB),<2 LPA,1,71.1,61.3,1,0,0.69,40.4,53.1,1,11,Bihar,BR,61.8,51.5,14.5,21.4,Katihar,48.7,1,91.1,44.3,0.9508,1
HSC_2026_1870,HIGHER_SECONDARY,Female,16,Science (PCB),2-5 LPA,0,91.7,77.6,0,1,0.66,89.7,78.0,0,5,Haryana,HR,75.6,65.9,29.8,12.5,Nuh / Mewat,44.8,1,88.6,47.0,0.1712,0
HSC_2026_1871,HIGHER_SECONDARY,Male,17,Vocational / ITI,2-5 LPA,0,69.8,42.2,1,0,0.72,33.4,46.3,0,7,Madhya Pradesh,MP,69.3,59.2,24.8,18.5,Barwani,46.1,1,85.5,37.1,0.9528,1
HSC_2026_1872,HIGHER_SECONDARY,Female,17,Arts / Humanities,2-5 LPA,0,74.6,63.3,1,1,0.75,65.0,74.3,0,2,Madhya Pradesh,MP,69.3,59.2,24.8,18.5,Bhopal,9.4,0,19.1,23.4,0.3177,0
HSC_2026_1873,HIGHER_SECONDARY,Male,16,Science (PCB),<2 LPA,0,85.2,58.3,1,1,0.37,81.7,58.6,1,6,Kerala,KL,94.0,92.1,43.2,3.2,Wayanad,4.1,1,96.1,18.0,0.3548,0
HSC_2026_1874,HIGHER_SECONDARY,Male,17,Arts / Humanities,5-10 LPA,1,65.2,63.2,1,0,0.34,34.9,57.2,0,4,Bihar,BR,61.8,51.5,14.5,21.4,Purnia,50.4,1,89.2,42.1,0.8388,0
HSC_2026_1875,HIGHER_SECONDARY,Male,18,Vocational / ITI,5-10 LPA,0,78.0,76.1,0,1,0.12,62.3,73.9,0,1,Karnataka,KA,75.4,68.1,36.2,12.0,Raichur,36.8,1,74.6,34.0,0.2098,0
HSC_2026_1876,HIGHER_SECONDARY,Female,16,Arts / Humanities,<2 LPA,0,77.8,100.0,0,1,0.53,63.8,100.0,0,3,Tamil Nadu,TN,80.1,73.4,51.4,8.1,Ramanathapuram,7.8,1,69.7,22.1,0.091,0
HSC_2026_1877,HIGHER_SECONDARY,Female,18,Science (PCB),2-5 LPA,0,78.7,48.2,1,0,0.91,55.8,40.8,0,4,Bihar,BR,61.8,51.5,14.5,21.4,Muzaffarpur,35.1,1,90.3,38.0,0.8387,1
HSC_2026_1878,HIGHER_SECONDARY,Female,18,Arts / Humanities,2-5 LPA,1,71.5,94.4,0,1,0.98,38.3,98.6,0,1,Bihar,BR,61.8,51.5,14.5,21.4,Gaya,38.6,1,86.8,36.2,0.3852,0
HSC_2026_1879,HIGHER_SECONDARY,Female,17,Arts / Humanities,<2 LPA,1,53.4,45.0,1,0,0.56,29.3,32.3,0,1,Karnataka,KA,75.4,68.1,36.2,12.0,Yadgir,39.4,1,81.2,36.5,0.9129,1
HSC_2026_1880,HIGHER_SECONDARY,Male,18,Science (PCB),5-10 LPA,1,68.0,80.7,0,1,0.5,52.0,80.5,0,4,Haryana,HR,75.6,65.9,29.8,12.5,Nuh / Mewat,44.8,1,88.6,47.0,0.385,0
HSC_2026_1881,HIGHER_SECONDARY,Male,16,Commerce,2-5 LPA,0,74.9,86.0,0,1,0.9,75.7,82.8,0,4,Rajasthan,RJ,66.1,52.1,26.0,17.2,Kota,8.2,0,39.7,21.0,0.1386,0
HSC_2026_1882,HIGHER_SECONDARY,Male,18,Commerce,<2 LPA,1,55.1,67.9,1,1,0.31,53.5,60.7,1,2,Kerala,KL,94.0,92.1,43.2,3.2,Thiruvananthapuram,0.9,0,46.2,15.2,0.4191,0
HSC_2026_1883,HIGHER_SECONDARY,Female,18,Commerce,2-5 LPA,0,66.4,85.5,0,1,0.86,47.1,83.8,0,2,Kerala,KL,94.0,92.1,43.2,3.2,Thiruvananthapuram,0.9,0,46.2,15.2,0.2646,0
HSC_2026_1884,HIGHER_SECONDARY,Female,16,Science (PCB),5-10 LPA,1,63.2,94.3,0,1,0.57,55.5,86.6,0,1,Gujarat,GJ,78.0,69.7,21.3,17.9,Dahod,40.5,1,88.0,38.1,0.1979,0
HSC_2026_1885,HIGHER_SECONDARY,Male,18,Arts / Humanities,5-10 LPA,1,79.6,92.2,0,1,0.39,36.0,91.8,1,2,Kerala,KL,94.0,92.1,43.2,3.2,Thiruvananthapuram,0.9,0,46.2,15.2,0.3624,0
HSC_2026_1886,HIGHER_SECONDARY,Female,18,Science (PCB),<2 LPA,1,73.8,92.3,0,1,0.63,51.4,100.0,0,4,Haryana,HR,75.6,65.9,29.8,12.5,Nuh / Mewat,44.8,1,88.6,47.0,0.3068,0
HSC_2026_1887,HIGHER_SECONDARY,Female,18,Science (PCB),<2 LPA,1,62.5,84.8,0,1,0.65,55.5,89.4,0,5,Uttar Pradesh,UP,67.7,57.2,23.2,16.8,Shravasti,49.6,1,96.5,48.2,0.3775,0
HSC_2026_1888,HIGHER_SECONDARY,Male,18,Arts / Humanities,2-5 LPA,0,68.4,87.8,0,1,0.71,58.9,79.6,0,2,Tamil Nadu,TN,80.1,73.4,51.4,8.1,Coimbatore,2.1,0,24.2,18.9,0.1606,0
HSC_2026_1889,HIGHER_SECONDARY,Female,17,Vocational / ITI,5-10 LPA,0,67.9,77.2,0,1,0.37,68.7,76.2,0,3,Bihar,BR,61.8,51.5,14.5,21.4,Katihar,48.7,1,91.1,44.3,0.2529,0
HSC_2026_1890,HIGHER_SECONDARY,Male,16,Science (PCB),<2 LPA,0,60.0,91.3,0,1,0.61,40.6,94.2,0,4,Kerala,KL,94.0,92.1,43.2,3.2,Wayanad,4.1,1,96.1,18.0,0.2716,0
HSC_2026_1891,HIGHER_SECONDARY,Female,18,Vocational / ITI,<2 LPA,0,76.4,91.6,0,1,0.89,58.9,91.5,0,7,Rajasthan,RJ,66.1,52.1,26.0,17.2,Jaisalmer,31.8,1,86.7,33.2,0.3053,0
HSC_2026_1892,HIGHER_SECONDARY,Female,18,Science (PCM),2-5 LPA,1,66.3,61.8,1,1,0.9,50.4,65.8,0,4,Gujarat,GJ,78.0,69.7,21.3,17.9,Narmada,32.4,1,89.5,30.5,0.6135,1
HSC_2026_1893,HIGHER_SECONDARY,Male,17,Commerce,2-5 LPA,0,73.4,45.3,1,0,0.52,41.5,53.3,0,7,Madhya Pradesh,MP,69.3,59.2,24.8,18.5,Bhopal,9.4,0,19.1,23.4,0.8664,1
HSC_2026_1894,HIGHER_SECONDARY,Male,18,Vocational / ITI,2-5 LPA,1,64.5,86.5,0,1,0.83,38.5,60.7,0,3,Madhya Pradesh,MP,69.3,59.2,24.8,18.5,Indore,6.8,0,25.9,21.8,0.3575,0
HSC_2026_1895,HIGHER_SECONDARY,Male,16,Science (PCM),<2 LPA,1,93.7,91.3,0,1,0.94,62.2,100.0,1,4,Rajasthan,RJ,66.1,52.1,26.0,17.2,Jaisalmer,31.8,1,86.7,33.2,0.3801,0
HSC_2026_1896,HIGHER_SECONDARY,Male,18,Science (PCB),5-10 LPA,0,71.5,41.8,1,1,0.36,51.6,32.6,0,3,Gujarat,GJ,78.0,69.7,21.3,17.9,Ahmedabad,3.8,0,15.9,20.2,0.5752,1
HSC_2026_1897,HIGHER_SECONDARY,Female,18,Science (PCB),>10 LPA,1,74.1,73.4,1,1,0.28,64.0,69.2,0,3,Madhya Pradesh,MP,69.3,59.2,24.8,18.5,Bhopal,9.4,0,19.1,23.4,0.1963,0
HSC_2026_1898,HIGHER_SECONDARY,Female,18,Commerce,2-5 LPA,0,75.1,83.2,0,0,0.62,52.5,71.6,0,3,Madhya Pradesh,MP,69.3,59.2,24.8,18.5,Alirajpur,52.0,1,92.2,39.5,0.5832,0
HSC_2026_1899,HIGHER_SECONDARY,Male,16,Vocational / ITI,<2 LPA,1,79.4,53.0,1,0,0.45,45.1,48.6,0,2,Maharashtra,MH,82.3,75.9,32.3,11.2,Gadchiroli,28.5,1,89.0,28.9,0.7793,1
HSC_2026_1900,HIGHER_SECONDARY,Female,16,Commerce,<2 LPA,0,78.3,68.8,1,1,0.59,74.8,68.8,1,2,Haryana,HR,75.6,65.9,29.8,12.5,Gurugram,2.5,0,31.2,20.5,0.2824,0
HSC_2026_1901,HIGHER_SECONDARY,Male,17,Arts / Humanities,2-5 LPA,1,80.8,69.0,1,1,0.69,45.5,73.6,0,3,Uttar Pradesh,UP,67.7,57.2,23.2,16.8,Lucknow,8.5,0,33.8,24.1,0.4416,0
HSC_2026_1902,HIGHER_SECONDARY,Female,16,Commerce,>10 LPA,1,65.4,87.2,0,1,0.11,58.1,89.5,0,3,Karnataka,KA,75.4,68.1,36.2,12.0,Bengaluru Urban,1.8,0,9.1,18.2,0.1219,0
HSC_2026_1903,HIGHER_SECONDARY,Female,16,Science (PCM),2-5 LPA,0,61.0,98.7,0,1,0.84,43.8,90.5,0,2,Gujarat,GJ,78.0,69.7,21.3,17.9,Ahmedabad,3.8,0,15.9,20.2,0.1989,0
HSC_2026_1904,HIGHER_SECONDARY,Male,17,Commerce,2-5 LPA,1,56.6,62.3,1,1,0.3,41.7,60.2,0,3,Haryana,HR,75.6,65.9,29.8,12.5,Gurugram,2.5,0,31.2,20.5,0.4484,0
HSC_2026_1905,HIGHER_SECONDARY,Female,17,Arts / Humanities,2-5 LPA,1,71.1,79.7,0,1,0.91,47.3,74.5,0,3,Karnataka,KA,75.4,68.1,36.2,12.0,Yadgir,39.4,1,81.2,36.5,0.4745,0
HSC_2026_1906,HIGHER_SECONDARY,Male,17,Science (PCB),2-5 LPA,0,48.7,37.1,1,0,0.48,20.4,35.8,0,4,Bihar,BR,61.8,51.5,14.5,21.4,Gaya,38.6,1,86.8,36.2,0.9596,1
HSC_2026_1907,HIGHER_SECONDARY,Male,17,Vocational / ITI,<2 LPA,1,78.3,100.0,0,1,0.91,52.2,77.0,1,1,Madhya Pradesh,MP,69.3,59.2,24.8,18.5,Alirajpur,52.0,1,92.2,39.5,0.3969,0
HSC_2026_1908,HIGHER_SECONDARY,Male,17,Vocational / ITI,<2 LPA,0,62.0,74.8,1,1,0.89,50.8,65.2,0,1,Tamil Nadu,TN,80.1,73.4,51.4,8.1,Ramanathapuram,7.8,1,69.7,22.1,0.3351,0
HSC_2026_1909,HIGHER_SECONDARY,Male,17,Vocational / ITI,<2 LPA,1,65.2,59.2,1,0,0.6,39.6,67.5,0,6,Kerala,KL,94.0,92.1,43.2,3.2,Ernakulam,0.6,0,31.9,14.8,0.7745,0
HSC_2026_1910,HIGHER_SECONDARY,Female,18,Science (PCM),2-5 LPA,1,65.2,86.6,0,1,0.72,50.6,89.0,0,3,Bihar,BR,61.8,51.5,14.5,21.4,Muzaffarpur,35.1,1,90.3,38.0,0.3294,0
HSC_2026_1911,HIGHER_SECONDARY,Female,17,Arts / Humanities,5-10 LPA,0,52.1,89.0,0,1,0.76,31.8,82.9,0,0,Bihar,BR,61.8,51.5,14.5,21.4,Purnia,50.4,1,89.2,42.1,0.4821,0
HSC_2026_1912,HIGHER_SECONDARY,Male,16,Science (PCM),<2 LPA,0,54.6,63.2,1,1,0.88,26.1,69.1,0,1,Karnataka,KA,75.4,68.1,36.2,12.0,Raichur,36.8,1,74.6,34.0,0.757,1
HSC_2026_1913,HIGHER_SECONDARY,Female,17,Science (PCM),>10 LPA,1,84.3,60.7,1,0,0.34,54.6,63.0,0,9,Maharashtra,MH,82.3,75.9,32.3,11.2,Nandurbar,33.1,1,83.3,32.4,0.7576,1
HSC_2026_1914,HIGHER_SECONDARY,Male,16,Science (PCB),5-10 LPA,0,70.3,74.1,1,1,0.05,54.3,73.2,0,2,Kerala,KL,94.0,92.1,43.2,3.2,Wayanad,4.1,1,96.1,18.0,0.1981,0
HSC_2026_1915,HIGHER_SECONDARY,Female,18,Science (PCM),2-5 LPA,1,59.5,80.1,0,1,0.62,23.8,72.0,0,6,Karnataka,KA,75.4,68.1,36.2,12.0,Raichur,36.8,1,74.6,34.0,0.6809,1
HSC_2026_1916,HIGHER_SECONDARY,Female,17,Vocational / ITI,5-10 LPA,1,67.3,35.4,1,1,0.23,69.6,30.6,0,0,Madhya Pradesh,MP,69.3,59.2,24.8,18.5,Barwani,46.1,1,85.5,37.1,0.5428,1
HSC_2026_1917,HIGHER_SECONDARY,Female,16,Vocational / ITI,2-5 LPA,0,72.7,41.2,1,0,0.36,50.4,43.5,0,6,Rajasthan,RJ,66.1,52.1,26.0,17.2,Jaipur,6.9,0,47.6,22.5,0.8108,1
HSC_2026_1918,HIGHER_SECONDARY,Female,18,Science (PCB),<2 LPA,0,64.6,56.2,1,0,0.62,35.4,53.5,0,2,Kerala,KL,94.0,92.1,43.2,3.2,Thiruvananthapuram,0.9,0,46.2,15.2,0.7709,1
HSC_2026_1919,HIGHER_SECONDARY,Male,18,Science (PCM),2-5 LPA,0,43.5,86.7,0,1,0.66,44.1,91.8,0,0,Madhya Pradesh,MP,69.3,59.2,24.8,18.5,Barwani,46.1,1,85.5,37.1,0.3579,0
HSC_2026_1920,HIGHER_SECONDARY,Female,18,Science (PCB),5-10 LPA,0,84.2,51.3,1,0,0.11,50.4,39.5,0,3,Kerala,KL,94.0,92.1,43.2,3.2,Thiruvananthapuram,0.9,0,46.2,15.2,0.6324,1
HSC_2026_1921,HIGHER_SECONDARY,Male,18,Science (PCM),<2 LPA,1,65.7,81.6,0,1,0.96,55.9,88.6,1,1,Maharashtra,MH,82.3,75.9,32.3,11.2,Pune,3.9,0,39.1,21.0,0.3746,0
HSC_2026_1922,HIGHER_SECONDARY,Male,18,Science (PCB),<2 LPA,1,77.2,58.6,1,1,0.65,61.8,73.8,0,4,Tamil Nadu,TN,80.1,73.4,51.4,8.1,Coimbatore,2.1,0,24.2,18.9,0.3817,0
HSC_2026_1923,HIGHER_SECONDARY,Female,16,Science (PCM),<2 LPA,0,63.8,77.2,0,1,0.92,59.6,80.3,1,5,Rajasthan,RJ,66.1,52.1,26.0,17.2,Jaisalmer,31.8,1,86.7,33.2,0.5587,1
HSC_2026_1924,HIGHER_SECONDARY,Female,17,Arts / Humanities,<2 LPA,0,75.6,97.2,0,1,0.62,51.3,100.0,1,0,Maharashtra,MH,82.3,75.9,32.3,11.2,Mumbai,2.1,0,0.0,19.5,0.2104,0
HSC_2026_1925,HIGHER_SECONDARY,Female,18,Commerce,5-10 LPA,0,65.3,43.8,1,1,0.43,57.7,35.7,0,2,Haryana,HR,75.6,65.9,29.8,12.5,Nuh / Mewat,44.8,1,88.6,47.0,0.642,1
HSC_2026_1926,HIGHER_SECONDARY,Male,18,Commerce,5-10 LPA,0,93.7,52.1,1,0,0.16,57.3,33.4,1,4,Kerala,KL,94.0,92.1,43.2,3.2,Wayanad,4.1,1,96.1,18.0,0.7425,1
HSC_2026_1927,HIGHER_SECONDARY,Female,17,Commerce,<2 LPA,0,77.9,74.2,1,1,0.93,60.1,78.9,0,3,Gujarat,GJ,78.0,69.7,21.3,17.9,Narmada,32.4,1,89.5,30.5,0.388,0
HSC_2026_1928,HIGHER_SECONDARY,Male,18,Arts / Humanities,5-10 LPA,1,81.2,46.0,1,0,0.13,49.3,44.2,0,2,Gujarat,GJ,78.0,69.7,21.3,17.9,Narmada,32.4,1,89.5,30.5,0.7675,1
HSC_2026_1929,HIGHER_SECONDARY,Male,16,Arts / Humanities,5-10 LPA,0,75.5,65.5,1,1,0.6,39.2,63.7,0,2,Rajasthan,RJ,66.1,52.1,26.0,17.2,Barmer,34.2,1,93.0,35.8,0.596,1
HSC_2026_1930,HIGHER_SECONDARY,Male,16,Science (PCB),2-5 LPA,1,91.9,76.0,0,0,0.6,60.1,76.9,0,4,Gujarat,GJ,78.0,69.7,21.3,17.9,Dahod,40.5,1,88.0,38.1,0.5549,1
HSC_2026_1931,HIGHER_SECONDARY,Male,16,Arts / Humanities,<2 LPA,0,62.5,64.3,1,1,0.48,44.6,64.4,0,2,Karnataka,KA,75.4,68.1,36.2,12.0,Raichur,36.8,1,74.6,34.0,0.5444,1
HSC_2026_1932,HIGHER_SECONDARY,Female,18,Science (PCB),<2 LPA,0,71.4,80.3,0,1,0.46,54.4,95.7,0,1,Madhya Pradesh,MP,69.3,59.2,24.8,18.5,Alirajpur,52.0,1,92.2,39.5,0.3305,0
HSC_2026_1933,HIGHER_SECONDARY,Male,16,Arts / Humanities,2-5 LPA,0,66.6,81.5,0,1,0.7,21.6,63.4,0,6,Karnataka,KA,75.4,68.1,36.2,12.0,Yadgir,39.4,1,81.2,36.5,0.7091,1
HSC_2026_1934,HIGHER_SECONDARY,Male,18,Vocational / ITI,2-5 LPA,0,60.6,67.6,1,1,0.51,58.5,58.4,0,0,Maharashtra,MH,82.3,75.9,32.3,11.2,Pune,3.9,0,39.1,21.0,0.2474,0
HSC_2026_1935,HIGHER_SECONDARY,Male,18,Arts / Humanities,<2 LPA,0,82.7,72.7,1,1,0.69,65.1,76.1,1,3,Haryana,HR,75.6,65.9,29.8,12.5,Nuh / Mewat,44.8,1,88.6,47.0,0.5158,1
HSC_2026_1936,HIGHER_SECONDARY,Female,18,Science (PCB),2-5 LPA,0,69.4,48.9,1,1,0.64,54.2,45.6,1,0,Uttar Pradesh,UP,67.7,57.2,23.2,16.8,Bahraich,54.4,1,92.1,46.5,0.7865,0
HSC_2026_1937,HIGHER_SECONDARY,Male,18,Commerce,2-5 LPA,0,63.3,59.7,1,1,0.74,62.1,68.6,0,2,Gujarat,GJ,78.0,69.7,21.3,17.9,Dahod,40.5,1,88.0,38.1,0.4865,0
HSC_2026_1938,HIGHER_SECONDARY,Female,18,Arts / Humanities,<2 LPA,1,85.5,85.5,0,0,0.77,49.1,73.7,0,8,Gujarat,GJ,78.0,69.7,21.3,17.9,Narmada,32.4,1,89.5,30.5,0.6427,1
HSC_2026_1939,HIGHER_SECONDARY,Male,16,Science (PCM),>10 LPA,0,49.4,94.2,0,1,0.1,37.3,100.0,0,3,Madhya Pradesh,MP,69.3,59.2,24.8,18.5,Bhopal,9.4,0,19.1,23.4,0.2044,0
HSC_2026_1940,HIGHER_SECONDARY,Male,17,Commerce,2-5 LPA,0,83.8,72.8,1,1,0.4,54.7,70.1,0,0,Rajasthan,RJ,66.1,52.1,26.0,17.2,Jaipur,6.9,0,47.6,22.5,0.2283,0
HSC_2026_1941,HIGHER_SECONDARY,Female,18,Vocational / ITI,2-5 LPA,0,75.5,77.9,0,1,0.4,56.2,77.0,0,4,Maharashtra,MH,82.3,75.9,32.3,11.2,Mumbai,2.1,0,0.0,19.5,0.2263,0
HSC_2026_1942,HIGHER_SECONDARY,Male,16,Vocational / ITI,2-5 LPA,0,73.0,66.7,1,1,0.56,48.3,70.4,0,1,Gujarat,GJ,78.0,69.7,21.3,17.9,Dahod,40.5,1,88.0,38.1,0.4942,0
HSC_2026_1943,HIGHER_SECONDARY,Male,17,Arts / Humanities,<2 LPA,0,86.5,41.6,1,1,0.71,67.4,32.5,1,2,Madhya Pradesh,MP,69.3,59.2,24.8,18.5,Barwani,46.1,1,85.5,37.1,0.7653,0
HSC_2026_1944,HIGHER_SECONDARY,Male,16,Science (PCM),<2 LPA,0,58.7,77.9,0,1,0.81,49.3,89.0,0,1,Madhya Pradesh,MP,69.3,59.2,24.8,18.5,Barwani,46.1,1,85.5,37.1,0.4413,0
HSC_2026_1945,HIGHER_SECONDARY,Female,17,Vocational / ITI,5-10 LPA,0,55.3,84.6,0,1,0.59,43.0,79.3,1,3,Bihar,BR,61.8,51.5,14.5,21.4,Purnia,50.4,1,89.2,42.1,0.6085,1
HSC_2026_1946,HIGHER_SECONDARY,Male,16,Science (PCB),<2 LPA,1,77.2,94.2,0,1,0.7,80.1,100.0,1,1,Gujarat,GJ,78.0,69.7,21.3,17.9,Dahod,40.5,1,88.0,38.1,0.1713,0
HSC_2026_1947,HIGHER_SECONDARY,Female,18,Science (PCM),<2 LPA,1,54.0,50.7,1,0,0.71,33.7,46.0,0,4,Bihar,BR,61.8,51.5,14.5,21.4,Muzaffarpur,35.1,1,90.3,38.0,0.9038,1
HSC_2026_1948,HIGHER_SECONDARY,Female,18,Arts / Humanities,<2 LPA,0,56.8,76.1,0,1,0.54,18.0,70.8,1,3,Karnataka,KA,75.4,68.1,36.2,12.0,Raichur,36.8,1,74.6,34.0,0.816,1
HSC_2026_1949,HIGHER_SECONDARY,Male,16,Science (PCB),2-5 LPA,0,84.8,50.6,1,1,0.75,66.3,46.2,0,3,Maharashtra,MH,82.3,75.9,32.3,11.2,Pune,3.9,0,39.1,21.0,0.4221,0
HSC_2026_1950,HIGHER_SECONDARY,Male,17,Science (PCB),<2 LPA,1,64.0,78.5,0,1,0.56,50.5,74.6,0,5,Karnataka,KA,75.4,68.1,36.2,12.0,Raichur,36.8,1,74.6,34.0,0.4208,0
HSC_2026_1951,HIGHER_SECONDARY,Female,16,Vocational / ITI,2-5 LPA,1,76.7,68.3,1,0,0.97,40.7,73.5,0,11,Maharashtra,MH,82.3,75.9,32.3,11.2,Nandurbar,33.1,1,83.3,32.4,0.8809,0
HSC_2026_1952,HIGHER_SECONDARY,Male,17,Science (PCB),<2 LPA,0,79.0,75.4,0,1,0.63,78.6,57.2,1,0,Uttar Pradesh,UP,67.7,57.2,23.2,16.8,Shravasti,49.6,1,96.5,48.2,0.317,0
HSC_2026_1953,HIGHER_SECONDARY,Female,17,Arts / Humanities,5-10 LPA,0,60.5,55.8,1,1,0.26,48.6,55.1,0,2,Maharashtra,MH,82.3,75.9,32.3,11.2,Pune,3.9,0,39.1,21.0,0.4275,0
HSC_2026_1954,HIGHER_SECONDARY,Male,17,Vocational / ITI,<2 LPA,1,68.3,64.5,1,1,0.59,47.2,71.5,0,3,Karnataka,KA,75.4,68.1,36.2,12.0,Yadgir,39.4,1,81.2,36.5,0.5682,1
HSC_2026_1955,HIGHER_SECONDARY,Female,17,Arts / Humanities,<2 LPA,0,69.9,87.7,0,1,0.69,59.7,92.8,0,2,Rajasthan,RJ,66.1,52.1,26.0,17.2,Jaisalmer,31.8,1,86.7,33.2,0.2224,0
HSC_2026_1956,HIGHER_SECONDARY,Female,18,Arts / Humanities,2-5 LPA,0,56.4,59.0,1,1,0.94,63.8,61.6,0,1,Karnataka,KA,75.4,68.1,36.2,12.0,Raichur,36.8,1,74.6,34.0,0.48,0
HSC_2026_1957,HIGHER_SECONDARY,Female,18,Science (PCB),<2 LPA,1,74.4,77.9,0,1,0.91,43.6,67.1,1,3,Madhya Pradesh,MP,69.3,59.2,24.8,18.5,Alirajpur,52.0,1,92.2,39.5,0.722,1
HSC_2026_1958,HIGHER_SECONDARY,Male,17,Science (PCM),<2 LPA,1,61.4,88.1,0,1,0.37,47.7,89.6,1,0,Karnataka,KA,75.4,68.1,36.2,12.0,Raichur,36.8,1,74.6,34.0,0.381,0
HSC_2026_1959,HIGHER_SECONDARY,Female,17,Arts / Humanities,<2 LPA,1,81.1,96.0,0,1,0.82,57.1,89.6,1,1,Gujarat,GJ,78.0,69.7,21.3,17.9,Ahmedabad,3.8,0,15.9,20.2,0.2255,0
HSC_2026_1960,HIGHER_SECONDARY,Male,17,Arts / Humanities,2-5 LPA,1,73.0,83.6,0,1,0.66,57.7,71.8,0,1,Bihar,BR,61.8,51.5,14.5,21.4,Patna,18.2,0,56.4,28.5,0.2107,0
HSC_2026_1961,HIGHER_SECONDARY,Male,16,Arts / Humanities,2-5 LPA,0,62.3,63.3,1,0,0.27,52.8,53.2,0,9,Haryana,HR,75.6,65.9,29.8,12.5,Nuh / Mewat,44.8,1,88.6,47.0,0.7734,1
HSC_2026_1962,HIGHER_SECONDARY,Female,16,Science (PCB),2-5 LPA,0,78.8,73.8,1,1,0.56,78.4,66.5,0,2,Haryana,HR,75.6,65.9,29.8,12.5,Nuh / Mewat,44.8,1,88.6,47.0,0.2124,0
HSC_2026_1963,HIGHER_SECONDARY,Male,16,Commerce,5-10 LPA,1,82.8,76.4,0,1,0.31,79.1,93.9,0,1,Haryana,HR,75.6,65.9,29.8,12.5,Gurugram,2.5,0,31.2,20.5,0.0877,0
HSC_2026_1964,HIGHER_SECONDARY,Female,16,Arts / Humanities,2-5 LPA,1,88.1,69.2,1,1,0.6,77.3,78.6,0,3,Uttar Pradesh,UP,67.7,57.2,23.2,16.8,Balrampur,47.9,1,92.3,45.0,0.2836,1
HSC_2026_1965,HIGHER_SECONDARY,Male,18,Science (PCM),2-5 LPA,0,79.3,75.9,0,1,0.65,59.2,82.9,0,5,Bihar,BR,61.8,51.5,14.5,21.4,Muzaffarpur,35.1,1,90.3,38.0,0.3772,0
HSC_2026_1966,HIGHER_SECONDARY,Female,16,Science (PCB),5-10 LPA,0,73.2,78.2,0,1,0.29,57.4,73.5,1,2,Kerala,KL,94.0,92.1,43.2,3.2,Ernakulam,0.6,0,31.9,14.8,0.2882,0
HSC_2026_1967,HIGHER_SECONDARY,Female,17,Science (PCB),5-10 LPA,1,53.9,63.7,1,1,0.12,47.7,50.1,0,3,Rajasthan,RJ,66.1,52.1,26.0,17.2,Jaipur,6.9,0,47.6,22.5,0.3638,0
HSC_2026_1968,HIGHER_SECONDARY,Female,16,Arts / Humanities,2-5 LPA,0,45.9,78.7,0,0,0.63,16.3,90.8,0,6,Maharashtra,MH,82.3,75.9,32.3,11.2,Mumbai,2.1,0,0.0,19.5,0.8,1
HSC_2026_1969,HIGHER_SECONDARY,Male,17,Science (PCM),2-5 LPA,1,55.8,56.0,1,1,0.59,67.1,59.3,0,3,Haryana,HR,75.6,65.9,29.8,12.5,Gurugram,2.5,0,31.2,20.5,0.3314,0
HSC_2026_1970,HIGHER_SECONDARY,Female,16,Science (PCM),2-5 LPA,1,79.6,88.4,0,1,0.65,62.6,91.4,0,3,Tamil Nadu,TN,80.1,73.4,51.4,8.1,Coimbatore,2.1,0,24.2,18.9,0.1432,0
HSC_2026_1971,HIGHER_SECONDARY,Male,17,Science (PCB),<2 LPA,0,58.0,92.8,0,1,0.34,29.6,96.5,0,2,Kerala,KL,94.0,92.1,43.2,3.2,Ernakulam,0.6,0,31.9,14.8,0.2607,0
HSC_2026_1972,HIGHER_SECONDARY,Male,18,Arts / Humanities,2-5 LPA,0,55.8,67.7,1,1,0.77,49.9,75.5,0,1,Rajasthan,RJ,66.1,52.1,26.0,17.2,Jaipur,6.9,0,47.6,22.5,0.3833,0
HSC_2026_1973,HIGHER_SECONDARY,Male,18,Science (PCB),5-10 LPA,0,69.0,69.7,1,1,0.26,39.3,63.6,0,1,Tamil Nadu,TN,80.1,73.4,51.4,8.1,Coimbatore,2.1,0,24.2,18.9,0.3529,0
HSC_2026_1974,HIGHER_SECONDARY,Male,16,Vocational / ITI,2-5 LPA,1,71.0,82.1,0,0,0.84,52.7,71.2,0,0,Haryana,HR,75.6,65.9,29.8,12.5,Nuh / Mewat,44.8,1,88.6,47.0,0.5472,1
HSC_2026_1975,HIGHER_SECONDARY,Female,16,Science (PCM),5-10 LPA,0,75.2,79.0,0,1,0.58,63.5,85.1,0,3,Rajasthan,RJ,66.1,52.1,26.0,17.2,Kota,8.2,0,39.7,21.0,0.1978,0
HSC_2026_1976,HIGHER_SECONDARY,Male,17,Vocational / ITI,2-5 LPA,1,61.7,81.3,0,0,0.56,51.8,72.2,0,8,Gujarat,GJ,78.0,69.7,21.3,17.9,Ahmedabad,3.8,0,15.9,20.2,0.5164,1
HSC_2026_1977,HIGHER_SECONDARY,Male,16,Commerce,2-5 LPA,0,38.2,75.5,0,1,0.8,41.0,84.7,1,0,Maharashtra,MH,82.3,75.9,32.3,11.2,Nandurbar,33.1,1,83.3,32.4,0.6315,1
HSC_2026_1978,HIGHER_SECONDARY,Male,16,Vocational / ITI,<2 LPA,1,75.4,67.4,1,1,0.91,62.3,77.4,1,1,Uttar Pradesh,UP,67.7,57.2,23.2,16.8,Noida / Gautam Buddha Nagar,7.1,0,40.9,22.0,0.4567,0
HSC_2026_1979,HIGHER_SECONDARY,Male,16,Commerce,<2 LPA,1,62.2,93.0,0,1,0.68,47.1,97.4,0,2,Gujarat,GJ,78.0,69.7,21.3,17.9,Ahmedabad,3.8,0,15.9,20.2,0.1961,0
HSC_2026_1980,HIGHER_SECONDARY,Male,17,Commerce,>10 LPA,0,84.4,62.3,1,1,0.59,79.1,58.6,0,1,Haryana,HR,75.6,65.9,29.8,12.5,Nuh / Mewat,44.8,1,88.6,47.0,0.2826,1
HSC_2026_1981,HIGHER_SECONDARY,Male,17,Commerce,>10 LPA,0,64.5,50.3,1,0,0.27,45.8,33.8,0,3,Maharashtra,MH,82.3,75.9,32.3,11.2,Nandurbar,33.1,1,83.3,32.4,0.7956,1
HSC_2026_1982,HIGHER_SECONDARY,Female,16,Arts / Humanities,<2 LPA,0,88.5,51.3,1,0,0.57,48.5,31.2,0,7,Uttar Pradesh,UP,67.7,57.2,23.2,16.8,Lucknow,8.5,0,33.8,24.1,0.8008,0
HSC_2026_1983,HIGHER_SECONDARY,Female,18,Commerce,<2 LPA,1,70.4,48.3,1,1,0.63,56.1,55.8,0,1,Gujarat,GJ,78.0,69.7,21.3,17.9,Narmada,32.4,1,89.5,30.5,0.5853,1
HSC_2026_1984,HIGHER_SECONDARY,Male,16,Vocational / ITI,5-10 LPA,1,85.9,78.1,0,1,0.21,68.4,69.3,0,2,Haryana,HR,75.6,65.9,29.8,12.5,Nuh / Mewat,44.8,1,88.6,47.0,0.2043,0
HSC_2026_1985,HIGHER_SECONDARY,Male,17,Commerce,5-10 LPA,0,65.6,100.0,0,1,0.05,77.9,90.6,0,1,Tamil Nadu,TN,80.1,73.4,51.4,8.1,Ramanathapuram,7.8,1,69.7,22.1,0.0337,0
HSC_2026_1986,HIGHER_SECONDARY,Male,17,Science (PCM),5-10 LPA,0,71.3,61.3,1,0,0.17,38.9,63.2,0,9,Karnataka,KA,75.4,68.1,36.2,12.0,Yadgir,39.4,1,81.2,36.5,0.8429,1
HSC_2026_1987,HIGHER_SECONDARY,Male,16,Vocational / ITI,2-5 LPA,0,72.8,96.7,0,1,0.69,50.9,98.8,0,0,Gujarat,GJ,78.0,69.7,21.3,17.9,Narmada,32.4,1,89.5,30.5,0.1928,0
HSC_2026_1988,HIGHER_SECONDARY,Male,17,Arts / Humanities,2-5 LPA,1,89.2,93.6,0,1,0.69,82.2,100.0,0,3,Uttar Pradesh,UP,67.7,57.2,23.2,16.8,Varanasi,16.3,0,56.6,29.4,0.0763,0
HSC_2026_1989,HIGHER_SECONDARY,Male,16,Science (PCM),2-5 LPA,0,81.6,86.8,0,1,0.31,51.7,96.3,0,2,Gujarat,GJ,78.0,69.7,21.3,17.9,Narmada,32.4,1,89.5,30.5,0.2332,0
HSC_2026_1990,HIGHER_SECONDARY,Male,18,Science (PCM),2-5 LPA,1,74.8,85.7,0,1,0.22,47.1,88.2,0,1,Uttar Pradesh,UP,67.7,57.2,23.2,16.8,Shravasti,49.6,1,96.5,48.2,0.2985,0
HSC_2026_1991,HIGHER_SECONDARY,Male,16,Vocational / ITI,<2 LPA,0,61.3,79.5,0,0,0.68,38.7,83.9,0,2,Madhya Pradesh,MP,69.3,59.2,24.8,18.5,Alirajpur,52.0,1,92.2,39.5,0.7248,1
HSC_2026_1992,HIGHER_SECONDARY,Male,16,Arts / Humanities,2-5 LPA,0,84.6,88.2,0,1,0.74,75.8,79.4,0,3,Tamil Nadu,TN,80.1,73.4,51.4,8.1,Coimbatore,2.1,0,24.2,18.9,0.0991,1
HSC_2026_1993,HIGHER_SECONDARY,Female,17,Commerce,2-5 LPA,1,80.0,78.7,0,1,0.96,75.8,67.1,1,2,Haryana,HR,75.6,65.9,29.8,12.5,Nuh / Mewat,44.8,1,88.6,47.0,0.3877,1
HSC_2026_1994,HIGHER_SECONDARY,Male,18,Commerce,>10 LPA,0,67.1,50.6,1,0,0.17,61.4,50.4,0,5,Rajasthan,RJ,66.1,52.1,26.0,17.2,Barmer,34.2,1,93.0,35.8,0.7012,1
HSC_2026_1995,HIGHER_SECONDARY,Male,16,Arts / Humanities,2-5 LPA,0,82.6,75.4,0,0,0.5,53.2,74.4,0,6,Tamil Nadu,TN,80.1,73.4,51.4,8.1,Chennai,1.2,0,0.0,17.5,0.5008,1
HSC_2026_1996,HIGHER_SECONDARY,Male,16,Science (PCB),2-5 LPA,0,59.1,72.2,1,1,0.72,43.4,58.5,1,3,Uttar Pradesh,UP,67.7,57.2,23.2,16.8,Lucknow,8.5,0,33.8,24.1,0.5963,1
HSC_2026_1997,HIGHER_SECONDARY,Female,16,Science (PCB),<2 LPA,1,49.6,51.6,1,0,0.23,15.0,48.9,0,8,Madhya Pradesh,MP,69.3,59.2,24.8,18.5,Bhopal,9.4,0,19.1,23.4,0.9236,1
HSC_2026_1998,HIGHER_SECONDARY,Female,17,Arts / Humanities,2-5 LPA,1,71.8,68.0,1,1,0.86,48.4,66.1,0,2,Bihar,BR,61.8,51.5,14.5,21.4,Purnia,50.4,1,89.2,42.1,0.5925,1
HSC_2026_1999,HIGHER_SECONDARY,Male,16,Commerce,2-5 LPA,0,67.9,87.8,0,1,0.88,47.9,94.2,0,4,Madhya Pradesh,MP,69.3,59.2,24.8,18.5,Alirajpur,52.0,1,92.2,39.5,0.4491,0
HSC_2026_2000,HIGHER_SECONDARY,Male,18,Science (PCB),<2 LPA,1,83.8,55.4,1,0,0.59,48.3,56.9,0,9,Uttar Pradesh,UP,67.7,57.2,23.2,16.8,Bahraich,54.4,1,92.1,46.5,0.8904,1
