student_id,educational_tier,gender,age,family_income_slab,is_first_generation,distance_to_school_km,attendance_percentage,attendance_risk_flag,mid_day_meal_attendance_pct,parental_literacy_years,seasonal_migration_flag,fln_score_pct,sibling_count_under_5,toilets_available_flag,state,state_code,state_literacy_rate,state_female_literacy,state_ger_higher_ed,state_dropout_rate_secondary,district,district_mpi_pct,is_aspirational_district,district_rurality_pct,district_ptr_ratio,ground_truth_risk_prob,is_dropout
SCH_2026_0001,PRE_10TH,Male,12,2-5 LPA,1,1.5,64.0,1,71.8,6,0,74.8,1,0,Bihar,BR,61.8,51.5,14.5,21.4,Gaya,38.6,1,86.8,36.2,0.2367,0
SCH_2026_0002,PRE_10TH,Female,10,<2 LPA,0,4.2,74.3,1,80.1,11,0,67.1,1,1,Gujarat,GJ,78.0,69.7,21.3,17.9,Narmada,32.4,1,89.5,30.5,0.1906,0
SCH_2026_0003,PRE_10TH,Female,11,<2 LPA,1,2.0,68.0,1,72.1,6,0,80.7,2,1,Kerala,KL,94.0,92.1,43.2,3.2,Ernakulam,0.6,0,31.9,14.8,0.1368,0
SCH_2026_0004,PRE_10TH,Female,14,<2 LPA,1,2.4,80.4,0,85.5,7,0,47.5,2,1,Haryana,HR,75.6,65.9,29.8,12.5,Gurugram,2.5,0,31.2,20.5,0.226,0
SCH_2026_0005,PRE_10TH,Male,12,2-5 LPA,0,3.4,73.2,1,91.5,8,0,57.4,0,1,Bihar,BR,61.8,51.5,14.5,21.4,Purnia,50.4,1,89.2,42.1,0.299,0
SCH_2026_0006,PRE_10TH,Male,10,<2 LPA,1,2.1,76.2,0,78.3,9,0,61.9,0,1,Tamil Nadu,TN,80.1,73.4,51.4,8.1,Ramanathapuram,7.8,1,69.7,22.1,0.0967,0
SCH_2026_0007,PRE_10TH,Male,15,<2 LPA,0,2.0,50.5,1,61.8,7,0,50.4,3,1,Tamil Nadu,TN,80.1,73.4,51.4,8.1,Chennai,1.2,0,0.0,17.5,0.4054,0
SCH_2026_0008,PRE_10TH,Female,10,2-5 LPA,0,2.1,65.5,1,77.1,6,1,70.3,1,1,Karnataka,KA,75.4,68.1,36.2,12.0,Raichur,36.8,1,74.6,34.0,0.4824,0
SCH_2026_0009,PRE_10TH,Female,13,2-5 LPA,0,3.7,84.6,0,98.3,6,0,68.5,0,1,Bihar,BR,61.8,51.5,14.5,21.4,Gaya,38.6,1,86.8,36.2,0.1425,0
SCH_2026_0010,PRE_10TH,Female,15,<2 LPA,0,3.7,81.6,0,92.1,9,0,98.0,3,1,Maharashtra,MH,82.3,75.9,32.3,11.2,Gadchiroli,28.5,1,89.0,28.9,0.0968,0
SCH_2026_0011,PRE_10TH,Male,12,<2 LPA,1,8.3,33.7,1,46.9,4,1,58.8,1,0,Gujarat,GJ,78.0,69.7,21.3,17.9,Dahod,40.5,1,88.0,38.1,0.9318,1
SCH_2026_0012,PRE_10TH,Male,15,<2 LPA,0,14.1,63.5,1,93.2,4,0,58.5,0,0,Karnataka,KA,75.4,68.1,36.2,12.0,Raichur,36.8,1,74.6,34.0,0.7255,1
SCH_2026_0013,PRE_10TH,Male,15,5-10 LPA,0,4.8,75.9,0,84.6,11,0,87.1,0,0,Karnataka,KA,75.4,68.1,36.2,12.0,Yadgir,39.4,1,81.2,36.5,0.0985,0
SCH_2026_0014,PRE_10TH,Male,15,<2 LPA,0,3.8,65.9,1,71.3,4,0,51.0,1,1,Haryana,HR,75.6,65.9,29.8,12.5,Nuh / Mewat,44.8,1,88.6,47.0,0.5124,0
SCH_2026_0015,PRE_10TH,Male,9,<2 LPA,0,2.3,74.4,1,78.0,5,1,58.5,0,0,Uttar Pradesh,UP,67.7,57.2,23.2,16.8,Shravasti,49.6,1,96.5,48.2,0.522,1
SCH_2026_0016,PRE_10TH,Male,11,2-5 LPA,0,1.0,58.7,1,69.1,8,1,72.7,1,0,Tamil Nadu,TN,80.1,73.4,51.4,8.1,Coimbatore,2.1,0,24.2,18.9,0.2773,0
SCH_2026_0017,PRE_10TH,Female,12,2-5 LPA,1,3.0,73.2,1,80.0,0,0,50.5,0,1,Uttar Pradesh,UP,67.7,57.2,23.2,16.8,Noida / Gautam Buddha Nagar,7.1,0,40.9,22.0,0.2927,0
SCH_2026_0018,PRE_10TH,Male,15,<2 LPA,1,0.5,67.5,1,77.6,4,0,90.6,0,1,Maharashtra,MH,82.3,75.9,32.3,11.2,Pune,3.9,0,39.1,21.0,0.0621,0
SCH_2026_0019,PRE_10TH,Male,13,<2 LPA,1,3.6,68.1,1,79.2,8,1,71.3,1,0,Karnataka,KA,75.4,68.1,36.2,12.0,Yadgir,39.4,1,81.2,36.5,0.4311,0
SCH_2026_0020,PRE_10TH,Male,9,<2 LPA,1,3.8,64.2,1,81.3,3,1,69.5,0,1,Uttar Pradesh,UP,67.7,57.2,23.2,16.8,Lucknow,8.5,0,33.8,24.1,0.3997,0
SCH_2026_0021,PRE_10TH,Female,13,2-5 LPA,0,1.1,45.9,1,51.2,11,0,77.8,0,1,Rajasthan,RJ,66.1,52.1,26.0,17.2,Kota,8.2,0,39.7,21.0,0.1541,0
SCH_2026_0022,PRE_10TH,Male,11,<2 LPA,1,3.4,95.7,0,97.6,8,0,97.6,0,1,Kerala,KL,94.0,92.1,43.2,3.2,Wayanad,4.1,1,96.1,18.0,0.0149,0
SCH_2026_0023,PRE_10TH,Female,12,2-5 LPA,1,2.6,79.6,0,96.1,7,0,97.0,0,0,Maharashtra,MH,82.3,75.9,32.3,11.2,Mumbai,2.1,0,0.0,19.5,0.0449,0
SCH_2026_0024,PRE_10TH,Female,15,2-5 LPA,0,0.6,71.1,1,73.9,3,0,54.3,1,1,Karnataka,KA,75.4,68.1,36.2,12.0,Bengaluru Urban,1.8,0,9.1,18.2,0.2208,0
SCH_2026_0025,PRE_10TH,Female,15,2-5 LPA,0,0.6,79.7,0,86.4,12,0,69.2,1,1,Tamil Nadu,TN,80.1,73.4,51.4,8.1,Chennai,1.2,0,0.0,17.5,0.0524,0
SCH_2026_0026,PRE_10TH,Male,14,<2 LPA,1,1.0,78.7,0,80.5,6,0,58.4,3,1,Kerala,KL,94.0,92.1,43.2,3.2,Ernakulam,0.6,0,31.9,14.8,0.1207,0
SCH_2026_0027,PRE_10TH,Female,9,>10 LPA,1,15.4,29.3,1,61.5,11,1,87.6,2,1,Uttar Pradesh,UP,67.7,57.2,23.2,16.8,Balrampur,47.9,1,92.3,45.0,0.9352,1
SCH_2026_0028,PRE_10TH,Male,12,5-10 LPA,0,4.5,65.9,1,83.7,11,0,79.5,0,1,Kerala,KL,94.0,92.1,43.2,3.2,Wayanad,4.1,1,96.1,18.0,0.0885,0
SCH_2026_0029,PRE_10TH,Male,9,2-5 LPA,1,1.0,63.9,1,64.2,3,0,53.3,2,0,Gujarat,GJ,78.0,69.7,21.3,17.9,Ahmedabad,3.8,0,15.9,20.2,0.3027,0
SCH_2026_0030,PRE_10TH,Female,13,<2 LPA,1,3.3,52.1,1,64.2,5,0,61.0,1,0,Haryana,HR,75.6,65.9,29.8,12.5,Gurugram,2.5,0,31.2,20.5,0.4989,0
SCH_2026_0031,PRE_10TH,Female,9,5-10 LPA,0,7.7,48.0,1,59.1,4,1,57.2,1,1,Karnataka,KA,75.4,68.1,36.2,12.0,Yadgir,39.4,1,81.2,36.5,0.886,1
SCH_2026_0032,PRE_10TH,Female,11,2-5 LPA,0,2.8,83.1,0,100.0,7,0,68.0,0,1,Bihar,BR,61.8,51.5,14.5,21.4,Patna,18.2,0,56.4,28.5,0.091,0
SCH_2026_0033,PRE_10TH,Female,15,<2 LPA,1,0.5,80.0,0,90.2,8,1,58.0,1,1,Kerala,KL,94.0,92.1,43.2,3.2,Thiruvananthapuram,0.9,0,46.2,15.2,0.2028,0
SCH_2026_0034,PRE_10TH,Male,13,2-5 LPA,0,0.5,100.0,0,99.2,8,0,79.9,1,1,Maharashtra,MH,82.3,75.9,32.3,11.2,Mumbai,2.1,0,0.0,19.5,0.0168,0
SCH_2026_0035,PRE_10TH,Female,11,<2 LPA,1,8.4,58.9,1,78.3,7,0,38.1,0,0,Rajasthan,RJ,66.1,52.1,26.0,17.2,Jaisalmer,31.8,1,86.7,33.2,0.7727,1
SCH_2026_0036,PRE_10TH,Male,11,2-5 LPA,1,16.1,34.6,1,63.3,9,0,71.3,0,1,Maharashtra,MH,82.3,75.9,32.3,11.2,Gadchiroli,28.5,1,89.0,28.9,0.8026,1
SCH_2026_0037,PRE_10TH,Male,11,>10 LPA,0,2.2,63.1,1,76.7,12,0,75.3,1,1,Maharashtra,MH,82.3,75.9,32.3,11.2,Nandurbar,33.1,1,83.3,32.4,0.1492,0
SCH_2026_0038,PRE_10TH,Female,10,<2 LPA,1,6.5,55.5,1,72.6,0,0,41.2,1,1,Gujarat,GJ,78.0,69.7,21.3,17.9,Dahod,40.5,1,88.0,38.1,0.8357,1
SCH_2026_0039,PRE_10TH,Male,14,2-5 LPA,1,1.6,81.1,0,81.0,15,0,71.8,2,1,Kerala,KL,94.0,92.1,43.2,3.2,Ernakulam,0.6,0,31.9,14.8,0.0357,0
SCH_2026_0040,PRE_10TH,Male,12,<2 LPA,0,1.2,81.1,0,80.1,9,0,80.2,0,1,Madhya Pradesh,MP,69.3,59.2,24.8,18.5,Indore,6.8,0,25.9,21.8,0.0385,1
SCH_2026_0041,PRE_10TH,Female,12,>10 LPA,0,9.1,54.8,1,68.1,1,0,41.7,0,0,Maharashtra,MH,82.3,75.9,32.3,11.2,Gadchiroli,28.5,1,89.0,28.9,0.8561,1
SCH_2026_0042,PRE_10TH,Female,12,>10 LPA,0,1.5,51.2,1,62.2,6,0,62.4,1,0,Tamil Nadu,TN,80.1,73.4,51.4,8.1,Chennai,1.2,0,0.0,17.5,0.4151,0
SCH_2026_0043,PRE_10TH,Male,9,<2 LPA,0,0.6,52.2,1,61.8,8,0,54.9,1,1,Madhya Pradesh,MP,69.3,59.2,24.8,18.5,Indore,6.8,0,25.9,21.8,0.2812,0
SCH_2026_0044,PRE_10TH,Female,15,5-10 LPA,1,2.8,79.8,0,85.2,9,0,80.2,1,0,Kerala,KL,94.0,92.1,43.2,3.2,Wayanad,4.1,1,96.1,18.0,0.0928,0
SCH_2026_0045,PRE_10TH,Female,12,5-10 LPA,1,0.8,58.4,1,68.6,6,0,71.1,1,0,Rajasthan,RJ,66.1,52.1,26.0,17.2,Barmer,34.2,1,93.0,35.8,0.4026,0
SCH_2026_0046,PRE_10TH,Male,11,<2 LPA,0,0.5,73.0,1,79.9,12,0,59.4,0,1,Madhya Pradesh,MP,69.3,59.2,24.8,18.5,Bhopal,9.4,0,19.1,23.4,0.083,0
SCH_2026_0047,PRE_10TH,Male,12,>10 LPA,0,0.5,63.9,1,62.6,2,0,54.0,1,1,Haryana,HR,75.6,65.9,29.8,12.5,Gurugram,2.5,0,31.2,20.5,0.2595,0
SCH_2026_0048,PRE_10TH,Male,11,<2 LPA,1,15.8,63.1,1,91.8,7,0,84.6,1,0,Maharashtra,MH,82.3,75.9,32.3,11.2,Nandurbar,33.1,1,83.3,32.4,0.5144,1
SCH_2026_0049,PRE_10TH,Male,10,<2 LPA,0,0.8,46.7,1,55.0,9,0,60.5,0,1,Rajasthan,RJ,66.1,52.1,26.0,17.2,Kota,8.2,0,39.7,21.0,0.2674,0
SCH_2026_0050,PRE_10TH,Male,12,<2 LPA,1,4.2,76.1,0,88.7,4,0,69.8,0,1,Karnataka,KA,75.4,68.1,36.2,12.0,Yadgir,39.4,1,81.2,36.5,0.2271,0
SCH_2026_0051,PRE_10TH,Male,10,<2 LPA,1,3.4,46.6,1,54.6,10,0,52.2,0,1,Uttar Pradesh,UP,67.7,57.2,23.2,16.8,Bahraich,54.4,1,92.1,46.5,0.6092,1
SCH_2026_0052,PRE_10TH,Male,9,2-5 LPA,1,6.2,69.0,1,91.3,8,0,44.0,1,1,Maharashtra,MH,82.3,75.9,32.3,11.2,Gadchiroli,28.5,1,89.0,28.9,0.4475,0
SCH_2026_0053,PRE_10TH,Female,12,5-10 LPA,0,1.8,71.0,1,78.4,6,0,98.0,3,1,Rajasthan,RJ,66.1,52.1,26.0,17.2,Jaipur,6.9,0,47.6,22.5,0.102,0
SCH_2026_0054,PRE_10TH,Female,11,2-5 LPA,1,6.5,29.2,1,45.6,7,1,54.5,1,0,Bihar,BR,61.8,51.5,14.5,21.4,Purnia,50.4,1,89.2,42.1,0.9637,1
SCH_2026_0055,PRE_10TH,Female,10,<2 LPA,1,1.8,66.7,1,81.4,3,0,85.0,1,1,Gujarat,GJ,78.0,69.7,21.3,17.9,Dahod,40.5,1,88.0,38.1,0.2297,0
SCH_2026_0056,PRE_10TH,Female,15,2-5 LPA,1,2.5,48.0,1,60.6,8,0,81.0,0,0,Karnataka,KA,75.4,68.1,36.2,12.0,Yadgir,39.4,1,81.2,36.5,0.3962,0
SCH_2026_0057,PRE_10TH,Female,12,2-5 LPA,0,2.8,67.9,1,84.6,7,0,61.6,1,1,Tamil Nadu,TN,80.1,73.4,51.4,8.1,Chennai,1.2,0,0.0,17.5,0.1921,0
SCH_2026_0058,PRE_10TH,Male,15,2-5 LPA,1,0.5,55.7,1,56.6,3,0,63.4,0,1,Madhya Pradesh,MP,69.3,59.2,24.8,18.5,Indore,6.8,0,25.9,21.8,0.2511,0
SCH_2026_0059,PRE_10TH,Female,15,<2 LPA,0,0.5,84.7,0,100.0,12,0,98.0,0,1,Tamil Nadu,TN,80.1,73.4,51.4,8.1,Coimbatore,2.1,0,24.2,18.9,0.0119,0
SCH_2026_0060,PRE_10TH,Male,11,2-5 LPA,0,2.6,82.1,0,92.9,6,0,68.0,0,1,Karnataka,KA,75.4,68.1,36.2,12.0,Raichur,36.8,1,74.6,34.0,0.1375,0
SCH_2026_0061,PRE_10TH,Female,14,<2 LPA,0,4.6,51.7,1,62.1,2,1,54.0,0,1,Bihar,BR,61.8,51.5,14.5,21.4,Katihar,48.7,1,91.1,44.3,0.8416,1
SCH_2026_0062,PRE_10TH,Male,13,<2 LPA,1,3.7,92.1,0,93.4,7,0,47.2,0,1,Rajasthan,RJ,66.1,52.1,26.0,17.2,Barmer,34.2,1,93.0,35.8,0.1747,0
SCH_2026_0063,PRE_10TH,Male,14,2-5 LPA,0,0.8,72.5,1,73.9,9,0,78.9,0,1,Rajasthan,RJ,66.1,52.1,26.0,17.2,Jaipur,6.9,0,47.6,22.5,0.0553,0
SCH_2026_0064,PRE_10TH,Male,14,5-10 LPA,1,3.7,62.5,1,73.0,4,0,67.9,0,0,Gujarat,GJ,78.0,69.7,21.3,17.9,Dahod,40.5,1,88.0,38.1,0.3798,0
SCH_2026_0065,PRE_10TH,Male,12,<2 LPA,1,0.9,74.6,1,80.0,5,0,64.5,1,1,Karnataka,KA,75.4,68.1,36.2,12.0,Bengaluru Urban,1.8,0,9.1,18.2,0.1082,0
SCH_2026_0066,PRE_10TH,Female,9,2-5 LPA,0,5.3,60.4,1,78.3,7,1,68.5,0,1,Karnataka,KA,75.4,68.1,36.2,12.0,Raichur,36.8,1,74.6,34.0,0.5553,1
SCH_2026_0067,PRE_10TH,Female,13,>10 LPA,0,5.8,90.6,0,98.4,5,0,92.0,2,0,Haryana,HR,75.6,65.9,29.8,12.5,Nuh / Mewat,44.8,1,88.6,47.0,0.2007,0
SCH_2026_0068,PRE_10TH,Male,15,2-5 LPA,1,1.4,57.2,1,67.4,9,1,62.4,0,0,Uttar Pradesh,UP,67.7,57.2,23.2,16.8,Shravasti,49.6,1,96.5,48.2,0.574,1
SCH_2026_0069,PRE_10TH,Male,11,2-5 LPA,1,1.7,71.6,1,86.5,10,0,53.1,2,1,Maharashtra,MH,82.3,75.9,32.3,11.2,Mumbai,2.1,0,0.0,19.5,0.145,0
SCH_2026_0070,PRE_10TH,Female,12,<2 LPA,0,4.4,80.2,0,91.2,9,0,75.2,1,1,Tamil Nadu,TN,80.1,73.4,51.4,8.1,Chennai,1.2,0,0.0,17.5,0.0802,0
SCH_2026_0071,PRE_10TH,Male,10,<2 LPA,0,0.8,83.6,0,84.3,4,1,40.9,0,1,Tamil Nadu,TN,80.1,73.4,51.4,8.1,Chennai,1.2,0,0.0,17.5,0.2958,0
SCH_2026_0072,PRE_10TH,Male,10,<2 LPA,0,1.5,73.1,1,77.6,0,0,58.9,1,1,Uttar Pradesh,UP,67.7,57.2,23.2,16.8,Noida / Gautam Buddha Nagar,7.1,0,40.9,22.0,0.2206,0
SCH_2026_0073,PRE_10TH,Female,12,<2 LPA,0,7.9,55.7,1,70.5,9,0,78.8,1,1,Karnataka,KA,75.4,68.1,36.2,12.0,Raichur,36.8,1,74.6,34.0,0.42,0
SCH_2026_0074,PRE_10TH,Female,15,5-10 LPA,0,0.5,58.0,1,65.5,13,0,78.2,0,1,Bihar,BR,61.8,51.5,14.5,21.4,Patna,18.2,0,56.4,28.5,0.092,0
SCH_2026_0075,PRE_10TH,Male,13,5-10 LPA,1,4.2,75.2,0,81.1,11,0,53.7,0,0,Madhya Pradesh,MP,69.3,59.2,24.8,18.5,Barwani,46.1,1,85.5,37.1,0.2775,0
SCH_2026_0076,PRE_10TH,Male,10,2-5 LPA,0,3.5,79.7,0,82.7,9,0,66.3,0,1,Gujarat,GJ,78.0,69.7,21.3,17.9,Ahmedabad,3.8,0,15.9,20.2,0.079,0
SCH_2026_0077,PRE_10TH,Female,10,2-5 LPA,0,4.1,85.1,0,96.9,9,0,74.2,0,0,Uttar Pradesh,UP,67.7,57.2,23.2,16.8,Balrampur,47.9,1,92.3,45.0,0.1726,0
SCH_2026_0078,PRE_10TH,Female,14,5-10 LPA,1,7.3,58.6,1,79.1,4,0,61.2,0,1,Karnataka,KA,75.4,68.1,36.2,12.0,Yadgir,39.4,1,81.2,36.5,0.56,1
SCH_2026_0079,PRE_10TH,Male,10,<2 LPA,0,3.8,75.1,0,79.1,6,0,49.8,1,0,Rajasthan,RJ,66.1,52.1,26.0,17.2,Barmer,34.2,1,93.0,35.8,0.3526,0
SCH_2026_0080,PRE_10TH,Female,11,<2 LPA,0,1.1,50.1,1,58.0,0,0,56.7,0,1,Bihar,BR,61.8,51.5,14.5,21.4,Patna,18.2,0,56.4,28.5,0.4826,0
SCH_2026_0081,PRE_10TH,Female,9,>10 LPA,1,2.9,97.8,0,99.7,6,0,38.3,0,0,Uttar Pradesh,UP,67.7,57.2,23.2,16.8,Shravasti,49.6,1,96.5,48.2,0.3191,0
SCH_2026_0082,PRE_10TH,Female,14,2-5 LPA,0,12.1,21.6,1,44.1,3,1,43.4,2,0,Madhya Pradesh,MP,69.3,59.2,24.8,18.5,Barwani,46.1,1,85.5,37.1,0.9946,1
SCH_2026_0083,PRE_10TH,Male,9,<2 LPA,0,2.4,58.3,1,63.2,2,1,63.7,2,1,Uttar Pradesh,UP,67.7,57.2,23.2,16.8,Balrampur,47.9,1,92.3,45.0,0.718,1
SCH_2026_0084,PRE_10TH,Male,15,<2 LPA,0,0.5,61.1,1,66.1,4,0,71.8,0,1,Karnataka,KA,75.4,68.1,36.2,12.0,Bengaluru Urban,1.8,0,9.1,18.2,0.1405,0
SCH_2026_0085,PRE_10TH,Male,12,<2 LPA,0,3.0,52.6,1,65.5,0,0,20.1,0,0,Madhya Pradesh,MP,69.3,59.2,24.8,18.5,Barwani,46.1,1,85.5,37.1,0.8789,1
SCH_2026_0086,PRE_10TH,Female,14,>10 LPA,1,6.1,69.4,1,88.8,8,0,48.3,1,1,Madhya Pradesh,MP,69.3,59.2,24.8,18.5,Alirajpur,52.0,1,92.2,39.5,0.5718,1
SCH_2026_0087,PRE_10TH,Male,14,<2 LPA,1,6.4,83.5,0,100.0,4,0,72.6,1,0,Haryana,HR,75.6,65.9,29.8,12.5,Nuh / Mewat,44.8,1,88.6,47.0,0.2501,0
SCH_2026_0088,PRE_10TH,Male,11,2-5 LPA,0,0.5,83.8,0,91.3,5,0,93.1,0,1,Karnataka,KA,75.4,68.1,36.2,12.0,Bengaluru Urban,1.8,0,9.1,18.2,0.0251,0
SCH_2026_0089,PRE_10TH,Female,14,<2 LPA,0,6.6,82.4,0,99.4,12,0,77.2,1,1,Gujarat,GJ,78.0,69.7,21.3,17.9,Dahod,40.5,1,88.0,38.1,0.1427,1
SCH_2026_0090,PRE_10TH,Female,13,<2 LPA,0,0.5,77.1,0,85.0,9,0,73.7,0,1,Kerala,KL,94.0,92.1,43.2,3.2,Ernakulam,0.6,0,31.9,14.8,0.0464,0
SCH_2026_0091,PRE_10TH,Female,10,2-5 LPA,0,0.5,75.7,0,82.6,5,0,27.7,2,1,Tamil Nadu,TN,80.1,73.4,51.4,8.1,Ramanathapuram,7.8,1,69.7,22.1,0.4296,0
SCH_2026_0092,PRE_10TH,Female,15,<2 LPA,1,0.8,77.9,0,86.8,6,0,95.7,0,1,Maharashtra,MH,82.3,75.9,32.3,11.2,Mumbai,2.1,0,0.0,19.5,0.0289,0
SCH_2026_0093,PRE_10TH,Male,13,<2 LPA,0,1.4,69.3,1,80.5,3,0,35.5,0,0,Maharashtra,MH,82.3,75.9,32.3,11.2,Mumbai,2.1,0,0.0,19.5,0.3492,0
SCH_2026_0094,PRE_10TH,Female,14,<2 LPA,0,7.2,72.7,1,87.3,9,0,56.4,3,1,Tamil Nadu,TN,80.1,73.4,51.4,8.1,Ramanathapuram,7.8,1,69.7,22.1,0.4097,0
SCH_2026_0095,PRE_10TH,Female,11,5-10 LPA,0,5.5,50.5,1,60.9,6,1,59.2,1,1,Karnataka,KA,75.4,68.1,36.2,12.0,Yadgir,39.4,1,81.2,36.5,0.8087,1
SCH_2026_0096,PRE_10TH,Male,11,<2 LPA,0,9.5,79.3,0,91.9,1,0,29.1,0,0,Bihar,BR,61.8,51.5,14.5,21.4,Katihar,48.7,1,91.1,44.3,0.771,1
SCH_2026_0097,PRE_10TH,Female,10,2-5 LPA,0,0.9,82.7,0,97.0,7,0,73.5,1,0,Madhya Pradesh,MP,69.3,59.2,24.8,18.5,Bhopal,9.4,0,19.1,23.4,0.1055,0
SCH_2026_0098,PRE_10TH,Male,9,<2 LPA,0,6.4,73.2,1,96.2,3,0,52.3,0,1,Haryana,HR,75.6,65.9,29.8,12.5,Nuh / Mewat,44.8,1,88.6,47.0,0.4925,0
SCH_2026_0099,PRE_10TH,Female,13,<2 LPA,0,5.6,55.8,1,71.8,11,0,89.9,3,1,Madhya Pradesh,MP,69.3,59.2,24.8,18.5,Indore,6.8,0,25.9,21.8,0.2397,0
SCH_2026_0100,PRE_10TH,Male,12,<2 LPA,0,0.5,93.6,0,90.9,9,0,57.9,0,1,Tamil Nadu,TN,80.1,73.4,51.4,8.1,Ramanathapuram,7.8,1,69.7,22.1,0.0444,0
SCH_2026_0101,PRE_10TH,Male,10,2-5 LPA,1,0.6,68.2,1,80.3,10,0,98.0,1,1,Bihar,BR,61.8,51.5,14.5,21.4,Patna,18.2,0,56.4,28.5,0.0432,0
SCH_2026_0102,PRE_10TH,Female,9,2-5 LPA,0,3.6,92.9,0,100.0,7,0,83.8,3,1,Haryana,HR,75.6,65.9,29.8,12.5,Gurugram,2.5,0,31.2,20.5,0.068,0
SCH_2026_0103,PRE_10TH,Male,9,2-5 LPA,1,0.5,55.7,1,54.9,7,0,67.4,0,0,Tamil Nadu,TN,80.1,73.4,51.4,8.1,Coimbatore,2.1,0,24.2,18.9,0.1738,0
SCH_2026_0104,PRE_10TH,Male,10,2-5 LPA,0,5.4,49.6,1,65.5,12,0,80.3,0,1,Kerala,KL,94.0,92.1,43.2,3.2,Wayanad,4.1,1,96.1,18.0,0.1683,0
SCH_2026_0105,PRE_10TH,Male,11,2-5 LPA,0,2.1,83.5,0,97.9,5,0,63.3,0,1,Gujarat,GJ,78.0,69.7,21.3,17.9,Ahmedabad,3.8,0,15.9,20.2,0.0858,0
SCH_2026_0106,PRE_10TH,Male,11,<2 LPA,1,7.5,58.4,1,73.4,8,0,62.6,2,0,Maharashtra,MH,82.3,75.9,32.3,11.2,Nandurbar,33.1,1,83.3,32.4,0.5135,1
SCH_2026_0107,PRE_10TH,Female,12,2-5 LPA,1,1.0,80.8,0,85.7,9,0,54.7,0,1,Maharashtra,MH,82.3,75.9,32.3,11.2,Pune,3.9,0,39.1,21.0,0.0831,0
SCH_2026_0108,PRE_10TH,Female,14,5-10 LPA,0,7.3,61.8,1,79.2,13,0,67.1,0,1,Kerala,KL,94.0,92.1,43.2,3.2,Wayanad,4.1,1,96.1,18.0,0.1775,0
SCH_2026_0109,PRE_10TH,Female,14,5-10 LPA,0,2.5,64.1,1,77.3,8,0,59.4,2,1,Kerala,KL,94.0,92.1,43.2,3.2,Wayanad,4.1,1,96.1,18.0,0.2806,0
SCH_2026_0110,PRE_10TH,Male,15,<2 LPA,1,4.4,51.0,1,64.6,8,0,68.8,1,0,Maharashtra,MH,82.3,75.9,32.3,11.2,Gadchiroli,28.5,1,89.0,28.9,0.404,1
SCH_2026_0111,PRE_10TH,Male,14,<2 LPA,1,1.1,70.7,1,76.5,3,0,37.6,1,0,Rajasthan,RJ,66.1,52.1,26.0,17.2,Barmer,34.2,1,93.0,35.8,0.4828,0
SCH_2026_0112,PRE_10TH,Male,11,5-10 LPA,1,1.9,41.5,1,49.9,11,1,90.4,0,0,Gujarat,GJ,78.0,69.7,21.3,17.9,Dahod,40.5,1,88.0,38.1,0.4354,0
SCH_2026_0113,PRE_10TH,Male,13,<2 LPA,1,0.6,72.7,1,85.9,2,0,71.2,1,1,Karnataka,KA,75.4,68.1,36.2,12.0,Bengaluru Urban,1.8,0,9.1,18.2,0.1135,0
SCH_2026_0114,PRE_10TH,Female,15,5-10 LPA,1,5.5,65.0,1,83.8,4,0,65.3,3,0,Rajasthan,RJ,66.1,52.1,26.0,17.2,Jaisalmer,31.8,1,86.7,33.2,0.6886,1
SCH_2026_0115,PRE_10TH,Female,15,5-10 LPA,0,3.1,58.7,1,65.6,6,1,59.9,2,0,Bihar,BR,61.8,51.5,14.5,21.4,Muzaffarpur,35.1,1,90.3,38.0,0.8072,1
SCH_2026_0116,PRE_10TH,Female,14,2-5 LPA,1,1.6,89.6,0,100.0,9,0,72.5,1,0,Kerala,KL,94.0,92.1,43.2,3.2,Ernakulam,0.6,0,31.9,14.8,0.0656,0
SCH_2026_0117,PRE_10TH,Female,9,2-5 LPA,1,1.1,59.1,1,62.6,6,0,69.3,2,1,Karnataka,KA,75.4,68.1,36.2,12.0,Raichur,36.8,1,74.6,34.0,0.3967,0
SCH_2026_0118,PRE_10TH,Female,13,2-5 LPA,1,2.0,63.6,1,77.5,6,1,44.1,2,1,Rajasthan,RJ,66.1,52.1,26.0,17.2,Kota,8.2,0,39.7,21.0,0.6552,1
SCH_2026_0119,PRE_10TH,Female,11,<2 LPA,1,5.0,44.3,1,54.1,7,0,93.3,1,1,Rajasthan,RJ,66.1,52.1,26.0,17.2,Barmer,34.2,1,93.0,35.8,0.3625,0
SCH_2026_0120,PRE_10TH,Female,15,<2 LPA,0,4.0,60.9,1,75.7,7,0,50.0,0,1,Kerala,KL,94.0,92.1,43.2,3.2,Wayanad,4.1,1,96.1,18.0,0.3076,1
SCH_2026_0121,PRE_10TH,Male,9,5-10 LPA,0,4.6,72.0,1,79.4,6,0,54.9,0,1,Bihar,BR,61.8,51.5,14.5,21.4,Muzaffarpur,35.1,1,90.3,38.0,0.3281,0
SCH_2026_0122,PRE_10TH,Male,14,<2 LPA,1,6.0,66.3,1,75.1,4,0,50.1,0,0,Uttar Pradesh,UP,67.7,57.2,23.2,16.8,Balrampur,47.9,1,92.3,45.0,0.5952,1
SCH_2026_0123,PRE_10TH,Female,10,2-5 LPA,0,15.0,34.4,1,57.7,3,1,39.2,1,1,Uttar Pradesh,UP,67.7,57.2,23.2,16.8,Shravasti,49.6,1,96.5,48.2,0.9886,1
SCH_2026_0124,PRE_10TH,Male,10,2-5 LPA,1,0.9,96.1,0,100.0,2,0,66.2,1,1,Rajasthan,RJ,66.1,52.1,26.0,17.2,Kota,8.2,0,39.7,21.0,0.0591,0
SCH_2026_0125,PRE_10TH,Male,11,2-5 LPA,0,2.1,73.4,1,85.6,2,0,37.0,0,1,Haryana,HR,75.6,65.9,29.8,12.5,Gurugram,2.5,0,31.2,20.5,0.314,0
SCH_2026_0126,PRE_10TH,Male,14,2-5 LPA,1,2.9,68.7,1,78.3,8,0,68.2,0,0,Karnataka,KA,75.4,68.1,36.2,12.0,Raichur,36.8,1,74.6,34.0,0.2187,0
SCH_2026_0127,PRE_10TH,Female,11,<2 LPA,1,1.2,87.3,0,93.2,8,0,64.3,2,0,Uttar Pradesh,UP,67.7,57.2,23.2,16.8,Varanasi,16.3,0,56.6,29.4,0.1642,0
SCH_2026_0128,PRE_10TH,Female,12,<2 LPA,1,3.7,78.1,0,87.0,4,0,58.2,1,1,Haryana,HR,75.6,65.9,29.8,12.5,Nuh / Mewat,44.8,1,88.6,47.0,0.3639,0
SCH_2026_0129,PRE_10TH,Male,12,<2 LPA,0,1.5,68.4,1,77.4,4,0,52.2,1,1,Gujarat,GJ,78.0,69.7,21.3,17.9,Narmada,32.4,1,89.5,30.5,0.3469,1
SCH_2026_0130,PRE_10TH,Female,9,<2 LPA,0,5.6,91.6,0,99.0,3,0,59.9,0,1,Uttar Pradesh,UP,67.7,57.2,23.2,16.8,Bahraich,54.4,1,92.1,46.5,0.2643,0
SCH_2026_0131,PRE_10TH,Male,15,2-5 LPA,0,0.5,91.4,0,100.0,9,0,47.1,0,1,Madhya Pradesh,MP,69.3,59.2,24.8,18.5,Bhopal,9.4,0,19.1,23.4,0.0718,0
SCH_2026_0132,PRE_10TH,Male,9,2-5 LPA,0,4.9,63.1,1,72.6,9,0,36.2,0,1,Rajasthan,RJ,66.1,52.1,26.0,17.2,Jaisalmer,31.8,1,86.7,33.2,0.5201,1
SCH_2026_0133,PRE_10TH,Male,9,5-10 LPA,1,6.4,73.1,1,82.4,3,0,49.0,2,0,Uttar Pradesh,UP,67.7,57.2,23.2,16.8,Balrampur,47.9,1,92.3,45.0,0.6048,1
SCH_2026_0134,PRE_10TH,Female,9,2-5 LPA,0,0.6,67.7,1,68.9,3,0,34.6,1,1,Gujarat,GJ,78.0,69.7,21.3,17.9,Ahmedabad,3.8,0,15.9,20.2,0.4082,0
SCH_2026_0135,PRE_10TH,Female,9,<2 LPA,1,0.8,91.4,0,100.0,3,0,45.9,0,1,Haryana,HR,75.6,65.9,29.8,12.5,Gurugram,2.5,0,31.2,20.5,0.1052,0
SCH_2026_0136,PRE_10TH,Female,10,>10 LPA,1,0.9,98.7,0,100.0,4,0,62.8,0,0,Madhya Pradesh,MP,69.3,59.2,24.8,18.5,Alirajpur,52.0,1,92.2,39.5,0.1559,0
SCH_2026_0137,PRE_10TH,Male,14,2-5 LPA,1,1.4,60.9,1,73.2,6,0,71.0,0,1,Madhya Pradesh,MP,69.3,59.2,24.8,18.5,Indore,6.8,0,25.9,21.8,0.1503,0
SCH_2026_0138,PRE_10TH,Male,12,<2 LPA,0,0.5,93.4,0,100.0,8,0,73.4,2,1,Haryana,HR,75.6,65.9,29.8,12.5,Gurugram,2.5,0,31.2,20.5,0.0309,0
SCH_2026_0139,PRE_10TH,Male,13,<2 LPA,1,0.5,93.1,0,93.6,7,0,74.6,2,1,Rajasthan,RJ,66.1,52.1,26.0,17.2,Jaipur,6.9,0,47.6,22.5,0.0353,0
SCH_2026_0140,PRE_10TH,Male,15,<2 LPA,0,1.5,67.8,1,68.7,7,0,79.4,1,0,Karnataka,KA,75.4,68.1,36.2,12.0,Bengaluru Urban,1.8,0,9.1,18.2,0.0893,0
SCH_2026_0141,PRE_10TH,Male,14,<2 LPA,0,2.7,61.4,1,72.5,6,0,60.3,2,1,Bihar,BR,61.8,51.5,14.5,21.4,Purnia,50.4,1,89.2,42.1,0.4573,0
SCH_2026_0142,PRE_10TH,Male,14,2-5 LPA,0,3.0,70.2,1,75.8,7,1,76.3,1,1,Haryana,HR,75.6,65.9,29.8,12.5,Nuh / Mewat,44.8,1,88.6,47.0,0.3736,0
SCH_2026_0143,PRE_10TH,Female,12,<2 LPA,0,6.6,76.7,0,91.2,4,0,79.7,0,0,Maharashtra,MH,82.3,75.9,32.3,11.2,Gadchiroli,28.5,1,89.0,28.9,0.2544,0
SCH_2026_0144,PRE_10TH,Female,14,2-5 LPA,0,11.6,60.3,1,79.9,7,0,66.3,2,1,Maharashtra,MH,82.3,75.9,32.3,11.2,Gadchiroli,28.5,1,89.0,28.9,0.6563,0
SCH_2026_0145,PRE_10TH,Male,11,<2 LPA,1,1.5,59.3,1,71.0,1,0,58.2,0,0,Haryana,HR,75.6,65.9,29.8,12.5,Nuh / Mewat,44.8,1,88.6,47.0,0.5148,1
SCH_2026_0146,PRE_10TH,Male,15,2-5 LPA,1,5.9,83.3,0,91.8,7,0,77.3,0,0,Rajasthan,RJ,66.1,52.1,26.0,17.2,Jaisalmer,31.8,1,86.7,33.2,0.1288,0
SCH_2026_0147,PRE_10TH,Female,9,2-5 LPA,1,0.9,64.2,1,72.4,4,0,70.7,0,1,Haryana,HR,75.6,65.9,29.8,12.5,Gurugram,2.5,0,31.2,20.5,0.1355,0
SCH_2026_0148,PRE_10TH,Male,11,5-10 LPA,1,5.0,57.7,1,72.3,6,0,62.2,0,1,Bihar,BR,61.8,51.5,14.5,21.4,Muzaffarpur,35.1,1,90.3,38.0,0.4317,0
SCH_2026_0149,PRE_10TH,Female,15,>10 LPA,0,5.4,70.2,1,77.2,8,1,85.7,0,0,Karnataka,KA,75.4,68.1,36.2,12.0,Raichur,36.8,1,74.6,34.0,0.3911,0
SCH_2026_0150,PRE_10TH,Female,12,<2 LPA,0,7.7,67.7,1,90.8,6,0,47.9,2,1,Rajasthan,RJ,66.1,52.1,26.0,17.2,Jaisalmer,31.8,1,86.7,33.2,0.6529,1
SCH_2026_0151,PRE_10TH,Female,12,<2 LPA,1,3.2,98.8,0,100.0,10,0,61.7,0,1,Uttar Pradesh,UP,67.7,57.2,23.2,16.8,Lucknow,8.5,0,33.8,24.1,0.0402,0
SCH_2026_0152,PRE_10TH,Male,11,5-10 LPA,1,1.8,88.1,0,92.5,7,1,41.7,3,1,Maharashtra,MH,82.3,75.9,32.3,11.2,Mumbai,2.1,0,0.0,19.5,0.2822,0
SCH_2026_0153,PRE_10TH,Male,15,2-5 LPA,1,2.1,50.7,1,59.7,8,0,67.5,0,1,Maharashtra,MH,82.3,75.9,32.3,11.2,Nandurbar,33.1,1,83.3,32.4,0.3338,0
SCH_2026_0154,PRE_10TH,Male,14,2-5 LPA,0,0.9,74.7,1,76.8,8,0,85.2,1,1,Madhya Pradesh,MP,69.3,59.2,24.8,18.5,Indore,6.8,0,25.9,21.8,0.0486,0
SCH_2026_0155,PRE_10TH,Female,9,2-5 LPA,0,4.6,52.1,1,68.8,3,0,59.1,0,0,Bihar,BR,61.8,51.5,14.5,21.4,Purnia,50.4,1,89.2,42.1,0.7376,1
SCH_2026_0156,PRE_10TH,Male,11,<2 LPA,0,2.1,61.4,1,71.2,7,0,83.7,1,1,Karnataka,KA,75.4,68.1,36.2,12.0,Raichur,36.8,1,74.6,34.0,0.1828,0
SCH_2026_0157,PRE_10TH,Male,9,<2 LPA,1,2.9,45.7,1,53.4,10,0,55.6,1,1,Tamil Nadu,TN,80.1,73.4,51.4,8.1,Ramanathapuram,7.8,1,69.7,22.1,0.3706,0
SCH_2026_0158,PRE_10TH,Female,15,<2 LPA,1,1.0,73.9,1,79.4,11,0,70.1,0,1,Kerala,KL,94.0,92.1,43.2,3.2,Thiruvananthapuram,0.9,0,46.2,15.2,0.0546,0
SCH_2026_0159,PRE_10TH,Male,11,<2 LPA,1,2.9,79.2,0,95.3,9,0,80.0,1,0,Kerala,KL,94.0,92.1,43.2,3.2,Wayanad,4.1,1,96.1,18.0,0.0574,0
SCH_2026_0160,PRE_10TH,Male,12,<2 LPA,1,3.0,97.2,0,100.0,10,0,66.2,0,1,Haryana,HR,75.6,65.9,29.8,12.5,Gurugram,2.5,0,31.2,20.5,0.0321,0
SCH_2026_0161,PRE_10TH,Female,14,2-5 LPA,0,4.4,74.1,1,85.4,11,0,76.9,1,0,Kerala,KL,94.0,92.1,43.2,3.2,Wayanad,4.1,1,96.1,18.0,0.1327,0
SCH_2026_0162,PRE_10TH,Male,11,2-5 LPA,1,3.1,85.7,0,88.2,1,0,82.2,0,1,Maharashtra,MH,82.3,75.9,32.3,11.2,Pune,3.9,0,39.1,21.0,0.0638,0
SCH_2026_0163,PRE_10TH,Male,12,<2 LPA,0,18.0,72.9,1,99.8,8,0,32.9,0,1,Bihar,BR,61.8,51.5,14.5,21.4,Katihar,48.7,1,91.1,44.3,0.8505,1
SCH_2026_0164,PRE_10TH,Male,10,<2 LPA,0,6.5,51.1,1,67.8,6,0,64.9,0,1,Bihar,BR,61.8,51.5,14.5,21.4,Muzaffarpur,35.1,1,90.3,38.0,0.5279,1
SCH_2026_0165,PRE_10TH,Female,12,2-5 LPA,0,3.6,74.6,1,91.5,4,0,62.0,2,1,Karnataka,KA,75.4,68.1,36.2,12.0,Bengaluru Urban,1.8,0,9.1,18.2,0.2494,0
SCH_2026_0166,PRE_10TH,Male,14,2-5 LPA,0,1.1,73.4,1,75.8,3,0,54.0,1,1,Maharashtra,MH,82.3,75.9,32.3,11.2,Pune,3.9,0,39.1,21.0,0.1885,0
SCH_2026_0167,PRE_10TH,Female,12,<2 LPA,0,0.5,56.6,1,59.3,7,1,63.1,1,1,Tamil Nadu,TN,80.1,73.4,51.4,8.1,Coimbatore,2.1,0,24.2,18.9,0.4041,0
SCH_2026_0168,PRE_10TH,Female,13,2-5 LPA,1,1.5,66.7,1,71.2,5,0,38.1,1,1,Uttar Pradesh,UP,67.7,57.2,23.2,16.8,Varanasi,16.3,0,56.6,29.4,0.437,0
SCH_2026_0169,PRE_10TH,Male,14,5-10 LPA,0,0.9,87.1,0,95.6,7,0,60.7,1,1,Haryana,HR,75.6,65.9,29.8,12.5,Gurugram,2.5,0,31.2,20.5,0.0641,0
SCH_2026_0170,PRE_10TH,Female,11,<2 LPA,0,2.1,70.3,1,85.3,5,0,60.8,2,1,Maharashtra,MH,82.3,75.9,32.3,11.2,Nandurbar,33.1,1,83.3,32.4,0.3765,0
SCH_2026_0171,PRE_10TH,Female,13,<2 LPA,0,2.2,88.5,0,88.5,6,0,61.2,1,1,Tamil Nadu,TN,80.1,73.4,51.4,8.1,Ramanathapuram,7.8,1,69.7,22.1,0.099,0
SCH_2026_0172,PRE_10TH,Male,9,<2 LPA,0,1.0,72.3,1,76.7,5,0,76.1,1,1,Maharashtra,MH,82.3,75.9,32.3,11.2,Pune,3.9,0,39.1,21.0,0.0866,0
SCH_2026_0173,PRE_10TH,Female,15,2-5 LPA,0,1.4,54.7,1,56.4,13,1,77.8,0,1,Haryana,HR,75.6,65.9,29.8,12.5,Gurugram,2.5,0,31.2,20.5,0.1856,0
SCH_2026_0174,PRE_10TH,Male,12,<2 LPA,0,4.3,49.0,1,57.9,10,1,98.0,1,0,Gujarat,GJ,78.0,69.7,21.3,17.9,Dahod,40.5,1,88.0,38.1,0.4014,0
SCH_2026_0175,PRE_10TH,Male,10,2-5 LPA,1,3.0,81.7,0,92.9,8,0,62.5,0,1,Karnataka,KA,75.4,68.1,36.2,12.0,Bengaluru Urban,1.8,0,9.1,18.2,0.0809,0
SCH_2026_0176,PRE_10TH,Female,9,2-5 LPA,0,6.2,71.5,1,79.4,11,0,98.0,0,1,Rajasthan,RJ,66.1,52.1,26.0,17.2,Jaisalmer,31.8,1,86.7,33.2,0.0776,0
SCH_2026_0177,PRE_10TH,Male,10,<2 LPA,0,4.8,55.0,1,71.6,5,0,72.6,3,0,Gujarat,GJ,78.0,69.7,21.3,17.9,Narmada,32.4,1,89.5,30.5,0.4606,0
SCH_2026_0178,PRE_10TH,Male,13,2-5 LPA,1,0.9,62.2,1,61.9,9,0,65.7,1,1,Maharashtra,MH,82.3,75.9,32.3,11.2,Pune,3.9,0,39.1,21.0,0.1331,0
SCH_2026_0179,PRE_10TH,Male,11,5-10 LPA,0,4.5,45.3,1,55.7,10,1,73.1,0,1,Uttar Pradesh,UP,67.7,57.2,23.2,16.8,Balrampur,47.9,1,92.3,45.0,0.6503,1
SCH_2026_0180,PRE_10TH,Male,9,5-10 LPA,0,1.6,85.2,0,98.5,11,0,90.0,2,1,Gujarat,GJ,78.0,69.7,21.3,17.9,Ahmedabad,3.8,0,15.9,20.2,0.0233,0
SCH_2026_0181,PRE_10TH,Female,11,2-5 LPA,0,2.3,55.5,1,62.7,8,0,85.6,0,1,Rajasthan,RJ,66.1,52.1,26.0,17.2,Jaisalmer,31.8,1,86.7,33.2,0.1758,0
SCH_2026_0182,PRE_10TH,Female,10,<2 LPA,1,3.0,84.3,0,91.9,8,0,47.5,1,1,Kerala,KL,94.0,92.1,43.2,3.2,Ernakulam,0.6,0,31.9,14.8,0.1476,0
SCH_2026_0183,PRE_10TH,Female,10,2-5 LPA,0,11.3,64.8,1,84.5,12,0,72.0,1,1,Maharashtra,MH,82.3,75.9,32.3,11.2,Gadchiroli,28.5,1,89.0,28.9,0.3779,0
SCH_2026_0184,PRE_10TH,Male,10,5-10 LPA,1,4.3,76.1,0,96.5,9,0,64.3,2,0,Karnataka,KA,75.4,68.1,36.2,12.0,Yadgir,39.4,1,81.2,36.5,0.2419,0
SCH_2026_0185,PRE_10TH,Female,12,2-5 LPA,0,11.2,45.6,1,69.3,13,0,73.6,2,1,Bihar,BR,61.8,51.5,14.5,21.4,Katihar,48.7,1,91.1,44.3,0.7151,1
SCH_2026_0186,PRE_10TH,Male,15,2-5 LPA,0,1.7,62.7,1,64.9,8,0,74.2,0,1,Kerala,KL,94.0,92.1,43.2,3.2,Thiruvananthapuram,0.9,0,46.2,15.2,0.1034,1
SCH_2026_0187,PRE_10TH,Female,9,<2 LPA,1,3.7,56.4,1,60.7,10,0,93.1,2,1,Kerala,KL,94.0,92.1,43.2,3.2,Wayanad,4.1,1,96.1,18.0,0.1421,0
SCH_2026_0188,PRE_10TH,Male,10,2-5 LPA,1,9.3,68.0,1,81.2,3,0,78.6,1,0,Madhya Pradesh,MP,69.3,59.2,24.8,18.5,Alirajpur,52.0,1,92.2,39.5,0.4905,0
SCH_2026_0189,PRE_10TH,Female,13,<2 LPA,1,3.0,37.6,1,47.7,9,0,70.9,2,1,Maharashtra,MH,82.3,75.9,32.3,11.2,Mumbai,2.1,0,0.0,19.5,0.445,0
SCH_2026_0190,PRE_10TH,Female,11,2-5 LPA,1,1.4,85.1,0,97.5,7,0,71.0,1,1,Uttar Pradesh,UP,67.7,57.2,23.2,16.8,Lucknow,8.5,0,33.8,24.1,0.0715,0
SCH_2026_0191,PRE_10TH,Female,13,2-5 LPA,0,11.7,53.5,1,70.7,7,0,98.0,1,1,Maharashtra,MH,82.3,75.9,32.3,11.2,Gadchiroli,28.5,1,89.0,28.9,0.3893,0
SCH_2026_0192,PRE_10TH,Male,9,<2 LPA,0,8.2,49.0,1,71.7,8,1,41.9,0,1,Bihar,BR,61.8,51.5,14.5,21.4,Gaya,38.6,1,86.8,36.2,0.8775,1
SCH_2026_0193,PRE_10TH,Male,13,<2 LPA,0,0.5,72.7,1,73.7,5,0,92.2,1,1,Uttar Pradesh,UP,67.7,57.2,23.2,16.8,Noida / Gautam Buddha Nagar,7.1,0,40.9,22.0,0.0506,0
SCH_2026_0194,PRE_10TH,Female,13,2-5 LPA,1,7.0,52.4,1,69.9,9,0,62.9,1,1,Tamil Nadu,TN,80.1,73.4,51.4,8.1,Coimbatore,2.1,0,24.2,18.9,0.3946,1
SCH_2026_0195,PRE_10TH,Male,13,<2 LPA,0,10.3,79.7,0,95.2,4,0,51.5,1,1,Bihar,BR,61.8,51.5,14.5,21.4,Gaya,38.6,1,86.8,36.2,0.516,1
SCH_2026_0196,PRE_10TH,Male,9,<2 LPA,1,0.5,36.8,1,44.0,12,1,55.3,0,1,Madhya Pradesh,MP,69.3,59.2,24.8,18.5,Bhopal,9.4,0,19.1,23.4,0.5544,1
SCH_2026_0197,PRE_10TH,Male,9,<2 LPA,0,2.2,75.3,0,90.1,7,0,68.6,0,0,Madhya Pradesh,MP,69.3,59.2,24.8,18.5,Bhopal,9.4,0,19.1,23.4,0.1059,0
SCH_2026_0198,PRE_10TH,Female,13,<2 LPA,0,2.6,74.2,1,88.7,6,0,84.7,0,1,Uttar Pradesh,UP,67.7,57.2,23.2,16.8,Lucknow,8.5,0,33.8,24.1,0.0672,0
SCH_2026_0199,PRE_10TH,Female,11,2-5 LPA,1,2.8,97.1,0,99.2,7,0,68.2,1,0,Karnataka,KA,75.4,68.1,36.2,12.0,Yadgir,39.4,1,81.2,36.5,0.145,1
SCH_2026_0200,PRE_10TH,Female,10,<2 LPA,0,2.0,56.7,1,66.9,4,0,88.5,2,1,Karnataka,KA,75.4,68.1,36.2,12.0,Bengaluru Urban,1.8,0,9.1,18.2,0.1952,0
SCH_2026_0201,PRE_10TH,Male,15,<2 LPA,0,1.5,76.1,0,85.7,10,0,85.9,3,0,Kerala,KL,94.0,92.1,43.2,3.2,Wayanad,4.1,1,96.1,18.0,0.0504,0
SCH_2026_0202,PRE_10TH,Male,14,5-10 LPA,0,2.3,47.9,1,59.1,4,1,74.9,0,1,Rajasthan,RJ,66.1,52.1,26.0,17.2,Barmer,34.2,1,93.0,35.8,0.5971,1
SCH_2026_0203,PRE_10TH,Female,15,2-5 LPA,0,4.5,81.1,0,88.5,4,0,87.9,2,1,Gujarat,GJ,78.0,69.7,21.3,17.9,Dahod,40.5,1,88.0,38.1,0.1935,0
SCH_2026_0204,PRE_10TH,Female,9,<2 LPA,1,2.5,71.7,1,74.3,2,0,72.7,1,1,Uttar Pradesh,UP,67.7,57.2,23.2,16.8,Varanasi,16.3,0,56.6,29.4,0.2089,0
SCH_2026_0205,PRE_10TH,Male,14,<2 LPA,0,2.5,71.0,1,77.2,12,0,98.0,0,0,Gujarat,GJ,78.0,69.7,21.3,17.9,Narmada,32.4,1,89.5,30.5,0.0533,0
SCH_2026_0206,PRE_10TH,Female,15,2-5 LPA,1,6.8,53.1,1,63.5,9,1,32.5,1,1,Haryana,HR,75.6,65.9,29.8,12.5,Nuh / Mewat,44.8,1,88.6,47.0,0.9085,1
SCH_2026_0207,PRE_10TH,Female,9,<2 LPA,0,2.5,53.5,1,58.8,11,1,69.9,0,1,Madhya Pradesh,MP,69.3,59.2,24.8,18.5,Barwani,46.1,1,85.5,37.1,0.5036,1
SCH_2026_0208,PRE_10TH,Female,15,<2 LPA,0,0.5,100.0,0,100.0,6,0,90.5,1,0,Tamil Nadu,TN,80.1,73.4,51.4,8.1,Ramanathapuram,7.8,1,69.7,22.1,0.0291,0
SCH_2026_0209,PRE_10TH,Female,10,<2 LPA,1,9.8,79.2,0,100.0,7,0,54.9,0,0,Gujarat,GJ,78.0,69.7,21.3,17.9,Narmada,32.4,1,89.5,30.5,0.4769,0
SCH_2026_0210,PRE_10TH,Female,9,5-10 LPA,0,1.2,83.8,0,94.7,0,0,61.6,0,0,Uttar Pradesh,UP,67.7,57.2,23.2,16.8,Shravasti,49.6,1,96.5,48.2,0.3388,0
SCH_2026_0211,PRE_10TH,Male,15,2-5 LPA,0,1.6,61.0,1,67.3,1,0,66.5,0,1,Gujarat,GJ,78.0,69.7,21.3,17.9,Ahmedabad,3.8,0,15.9,20.2,0.2303,0
SCH_2026_0212,PRE_10TH,Female,10,<2 LPA,0,5.2,68.8,1,86.3,2,0,64.6,0,1,Rajasthan,RJ,66.1,52.1,26.0,17.2,Barmer,34.2,1,93.0,35.8,0.3697,0
SCH_2026_0213,PRE_10TH,Male,12,<2 LPA,0,5.0,65.6,1,77.7,9,1,83.2,0,1,Karnataka,KA,75.4,68.1,36.2,12.0,Raichur,36.8,1,74.6,34.0,0.3247,0
SCH_2026_0214,PRE_10TH,Female,13,<2 LPA,0,0.6,85.3,0,100.0,8,0,67.4,0,1,Tamil Nadu,TN,80.1,73.4,51.4,8.1,Chennai,1.2,0,0.0,17.5,0.0445,0
SCH_2026_0215,PRE_10TH,Male,10,2-5 LPA,0,2.2,53.1,1,61.3,8,0,86.4,0,1,Maharashtra,MH,82.3,75.9,32.3,11.2,Pune,3.9,0,39.1,21.0,0.1154,1
SCH_2026_0216,PRE_10TH,Female,9,<2 LPA,0,0.5,63.6,1,74.0,11,0,63.7,0,1,Gujarat,GJ,78.0,69.7,21.3,17.9,Ahmedabad,3.8,0,15.9,20.2,0.1035,0
SCH_2026_0217,PRE_10TH,Female,12,2-5 LPA,1,2.2,65.3,1,76.1,8,1,51.9,0,1,Tamil Nadu,TN,80.1,73.4,51.4,8.1,Coimbatore,2.1,0,24.2,18.9,0.3637,0
SCH_2026_0218,PRE_10TH,Female,14,<2 LPA,1,0.6,78.9,0,86.0,3,0,73.7,0,1,Haryana,HR,75.6,65.9,29.8,12.5,Gurugram,2.5,0,31.2,20.5,0.0709,0
SCH_2026_0219,PRE_10TH,Female,14,2-5 LPA,0,0.6,62.2,1,68.5,5,0,83.0,2,1,Karnataka,KA,75.4,68.1,36.2,12.0,Bengaluru Urban,1.8,0,9.1,18.2,0.1515,0
SCH_2026_0220,PRE_10TH,Male,14,<2 LPA,1,0.8,86.6,0,100.0,7,0,73.4,1,1,Haryana,HR,75.6,65.9,29.8,12.5,Gurugram,2.5,0,31.2,20.5,0.0424,0
SCH_2026_0221,PRE_10TH,Male,10,2-5 LPA,1,2.6,78.5,0,90.1,8,0,71.0,1,0,Madhya Pradesh,MP,69.3,59.2,24.8,18.5,Barwani,46.1,1,85.5,37.1,0.1721,0
SCH_2026_0222,PRE_10TH,Female,9,<2 LPA,0,4.5,73.1,1,84.1,9,0,70.3,2,1,Uttar Pradesh,UP,67.7,57.2,23.2,16.8,Bahraich,54.4,1,92.1,46.5,0.3614,0
SCH_2026_0223,PRE_10TH,Male,9,2-5 LPA,1,0.8,85.1,0,83.0,4,0,62.5,3,1,Rajasthan,RJ,66.1,52.1,26.0,17.2,Jaipur,6.9,0,47.6,22.5,0.1036,0
SCH_2026_0224,PRE_10TH,Female,13,5-10 LPA,0,3.5,60.6,1,72.8,5,1,77.0,0,1,Bihar,BR,61.8,51.5,14.5,21.4,Gaya,38.6,1,86.8,36.2,0.4738,0
SCH_2026_0225,PRE_10TH,Male,9,<2 LPA,0,9.0,65.4,1,83.0,11,0,40.3,0,0,Uttar Pradesh,UP,67.7,57.2,23.2,16.8,Balrampur,47.9,1,92.3,45.0,0.6371,1
SCH_2026_0226,PRE_10TH,Female,10,2-5 LPA,1,1.3,93.9,0,92.4,5,0,72.0,1,1,Maharashtra,MH,82.3,75.9,32.3,11.2,Gadchiroli,28.5,1,89.0,28.9,0.0798,1
SCH_2026_0227,PRE_10TH,Male,9,<2 LPA,1,1.8,83.5,0,92.5,2,0,76.4,1,1,Uttar Pradesh,UP,67.7,57.2,23.2,16.8,Varanasi,16.3,0,56.6,29.4,0.0922,0
SCH_2026_0228,PRE_10TH,Male,10,<2 LPA,1,0.5,78.2,0,86.0,2,0,52.1,0,1,Bihar,BR,61.8,51.5,14.5,21.4,Patna,18.2,0,56.4,28.5,0.1975,0
SCH_2026_0229,PRE_10TH,Female,9,2-5 LPA,1,0.8,37.2,1,41.7,11,1,69.7,1,1,Maharashtra,MH,82.3,75.9,32.3,11.2,Mumbai,2.1,0,0.0,19.5,0.493,0
SCH_2026_0230,PRE_10TH,Male,11,2-5 LPA,0,2.8,75.9,0,85.3,6,0,76.8,0,1,Karnataka,KA,75.4,68.1,36.2,12.0,Bengaluru Urban,1.8,0,9.1,18.2,0.0728,0
SCH_2026_0231,PRE_10TH,Male,13,5-10 LPA,1,2.5,74.4,1,87.8,8,0,54.8,1,0,Madhya Pradesh,MP,69.3,59.2,24.8,18.5,Bhopal,9.4,0,19.1,23.4,0.1728,0
SCH_2026_0232,PRE_10TH,Male,10,2-5 LPA,0,3.9,56.2,1,62.7,8,0,66.9,0,0,Bihar,BR,61.8,51.5,14.5,21.4,Purnia,50.4,1,89.2,42.1,0.4328,0
SCH_2026_0233,PRE_10TH,Female,14,2-5 LPA,1,1.1,66.0,1,78.6,8,0,78.0,0,1,Maharashtra,MH,82.3,75.9,32.3,11.2,Pune,3.9,0,39.1,21.0,0.0793,0
SCH_2026_0234,PRE_10TH,Female,9,5-10 LPA,1,0.9,71.4,1,71.0,9,0,78.7,2,1,Gujarat,GJ,78.0,69.7,21.3,17.9,Ahmedabad,3.8,0,15.9,20.2,0.0974,0
SCH_2026_0235,PRE_10TH,Male,14,2-5 LPA,1,1.4,58.8,1,70.9,8,0,51.6,2,1,Haryana,HR,75.6,65.9,29.8,12.5,Gurugram,2.5,0,31.2,20.5,0.2643,0
SCH_2026_0236,PRE_10TH,Male,14,5-10 LPA,0,2.8,61.8,1,63.6,8,1,62.0,0,0,Bihar,BR,61.8,51.5,14.5,21.4,Gaya,38.6,1,86.8,36.2,0.5343,1
SCH_2026_0237,PRE_10TH,Male,11,2-5 LPA,0,0.5,67.3,1,72.5,3,0,72.0,1,1,Maharashtra,MH,82.3,75.9,32.3,11.2,Pune,3.9,0,39.1,21.0,0.1319,0
SCH_2026_0238,PRE_10TH,Female,14,5-10 LPA,0,0.6,89.7,0,90.5,2,0,56.2,1,1,Rajasthan,RJ,66.1,52.1,26.0,17.2,Kota,8.2,0,39.7,21.0,0.1238,0
SCH_2026_0239,PRE_10TH,Male,15,2-5 LPA,1,0.8,85.8,0,93.3,6,0,85.7,0,1,Rajasthan,RJ,66.1,52.1,26.0,17.2,Jaipur,6.9,0,47.6,22.5,0.0314,0
SCH_2026_0240,PRE_10TH,Male,12,5-10 LPA,0,6.1,93.1,0,98.8,2,0,58.2,1,1,Gujarat,GJ,78.0,69.7,21.3,17.9,Dahod,40.5,1,88.0,38.1,0.2533,0
SCH_2026_0241,PRE_10TH,Female,13,<2 LPA,1,1.2,71.0,1,76.9,6,0,59.9,0,1,Gujarat,GJ,78.0,69.7,21.3,17.9,Ahmedabad,3.8,0,15.9,20.2,0.1334,0
SCH_2026_0242,PRE_10TH,Female,13,<2 LPA,0,5.1,66.9,1,83.2,10,0,51.1,1,1,Gujarat,GJ,78.0,69.7,21.3,17.9,Narmada,32.4,1,89.5,30.5,0.409,0
SCH_2026_0243,PRE_10TH,Female,12,2-5 LPA,1,3.5,81.8,0,89.3,2,0,50.7,1,1,Uttar Pradesh,UP,67.7,57.2,23.2,16.8,Bahraich,54.4,1,92.1,46.5,0.4668,0
SCH_2026_0244,PRE_10TH,Female,10,5-10 LPA,0,2.8,68.0,1,79.2,8,0,56.6,0,1,Gujarat,GJ,78.0,69.7,21.3,17.9,Ahmedabad,3.8,0,15.9,20.2,0.1683,0
SCH_2026_0245,PRE_10TH,Female,10,2-5 LPA,0,3.7,74.0,1,83.9,4,0,59.6,0,0,Maharashtra,MH,82.3,75.9,32.3,11.2,Gadchiroli,28.5,1,89.0,28.9,0.3538,0
SCH_2026_0246,PRE_10TH,Male,14,<2 LPA,0,5.5,65.2,1,82.2,5,0,48.3,0,1,Bihar,BR,61.8,51.5,14.5,21.4,Katihar,48.7,1,91.1,44.3,0.5694,1
SCH_2026_0247,PRE_10TH,Male,11,<2 LPA,0,1.0,77.2,0,86.2,11,0,54.8,1,1,Tamil Nadu,TN,80.1,73.4,51.4,8.1,Ramanathapuram,7.8,1,69.7,22.1,0.0972,0
SCH_2026_0248,PRE_10TH,Female,14,2-5 LPA,0,1.7,89.2,0,94.6,12,0,84.9,1,1,Tamil Nadu,TN,80.1,73.4,51.4,8.1,Ramanathapuram,7.8,1,69.7,22.1,0.0262,0
SCH_2026_0249,PRE_10TH,Female,12,<2 LPA,1,6.3,38.8,1,51.9,6,1,81.4,2,1,Bihar,BR,61.8,51.5,14.5,21.4,Katihar,48.7,1,91.1,44.3,0.8555,1
SCH_2026_0250,PRE_10TH,Male,11,<2 LPA,1,1.6,58.7,1,59.2,5,0,69.8,1,1,Karnataka,KA,75.4,68.1,36.2,12.0,Bengaluru Urban,1.8,0,9.1,18.2,0.1837,0
SCH_2026_0251,PRE_10TH,Male,15,2-5 LPA,1,2.0,71.5,1,81.4,5,0,87.7,0,1,Madhya Pradesh,MP,69.3,59.2,24.8,18.5,Alirajpur,52.0,1,92.2,39.5,0.15,0
SCH_2026_0252,PRE_10TH,Male,10,2-5 LPA,1,7.9,59.3,1,82.8,11,0,44.9,0,1,Madhya Pradesh,MP,69.3,59.2,24.8,18.5,Alirajpur,52.0,1,92.2,39.5,0.6312,1
SCH_2026_0253,PRE_10TH,Male,13,<2 LPA,1,4.7,57.7,1,73.6,11,0,63.4,1,1,Haryana,HR,75.6,65.9,29.8,12.5,Nuh / Mewat,44.8,1,88.6,47.0,0.3854,0
SCH_2026_0254,PRE_10TH,Female,15,>10 LPA,0,2.1,87.8,0,96.3,8,0,64.2,1,0,Bihar,BR,61.8,51.5,14.5,21.4,Gaya,38.6,1,86.8,36.2,0.2002,0
SCH_2026_0255,PRE_10TH,Female,14,<2 LPA,0,1.1,85.9,0,99.1,4,0,87.1,0,1,Kerala,KL,94.0,92.1,43.2,3.2,Ernakulam,0.6,0,31.9,14.8,0.0317,0
SCH_2026_0256,PRE_10TH,Male,12,<2 LPA,0,0.9,73.5,1,82.2,7,0,62.9,0,1,Haryana,HR,75.6,65.9,29.8,12.5,Gurugram,2.5,0,31.2,20.5,0.0967,0
SCH_2026_0257,PRE_10TH,Male,11,<2 LPA,1,1.8,87.2,0,100.0,2,0,68.3,2,1,Uttar Pradesh,UP,67.7,57.2,23.2,16.8,Varanasi,16.3,0,56.6,29.4,0.1114,0
SCH_2026_0258,PRE_10TH,Female,13,5-10 LPA,0,5.2,77.3,0,98.2,14,0,72.9,3,1,Madhya Pradesh,MP,69.3,59.2,24.8,18.5,Alirajpur,52.0,1,92.2,39.5,0.2867,0
SCH_2026_0259,PRE_10TH,Male,11,5-10 LPA,0,1.1,73.8,1,88.3,4,0,62.0,1,1,Rajasthan,RJ,66.1,52.1,26.0,17.2,Kota,8.2,0,39.7,21.0,0.1483,0
SCH_2026_0260,PRE_10TH,Male,14,<2 LPA,1,2.4,67.6,1,72.5,8,1,67.5,3,0,Karnataka,KA,75.4,68.1,36.2,12.0,Raichur,36.8,1,74.6,34.0,0.4664,0
SCH_2026_0261,PRE_10TH,Female,10,<2 LPA,1,5.1,68.0,1,77.5,16,0,70.9,0,0,Gujarat,GJ,78.0,69.7,21.3,17.9,Dahod,40.5,1,88.0,38.1,0.219,0
SCH_2026_0262,PRE_10TH,Male,10,5-10 LPA,0,6.5,77.3,0,92.8,1,0,72.7,0,0,Bihar,BR,61.8,51.5,14.5,21.4,Katihar,48.7,1,91.1,44.3,0.3569,0
SCH_2026_0263,PRE_10TH,Female,12,2-5 LPA,0,1.0,70.2,1,76.7,1,0,64.0,0,1,Madhya Pradesh,MP,69.3,59.2,24.8,18.5,Bhopal,9.4,0,19.1,23.4,0.1821,0
SCH_2026_0264,PRE_10TH,Female,10,<2 LPA,0,0.8,82.1,0,80.1,9,1,58.3,1,1,Tamil Nadu,TN,80.1,73.4,51.4,8.1,Ramanathapuram,7.8,1,69.7,22.1,0.2002,0
SCH_2026_0265,PRE_10TH,Male,14,<2 LPA,1,0.5,56.3,1,61.1,13,1,98.0,2,1,Tamil Nadu,TN,80.1,73.4,51.4,8.1,Chennai,1.2,0,0.0,17.5,0.0985,0
SCH_2026_0266,PRE_10TH,Male,15,>10 LPA,0,7.3,64.8,1,79.4,4,0,75.8,1,1,Rajasthan,RJ,66.1,52.1,26.0,17.2,Jaisalmer,31.8,1,86.7,33.2,0.3518,0
SCH_2026_0267,PRE_10TH,Male,12,5-10 LPA,0,3.7,72.5,1,81.2,5,0,84.5,1,1,Gujarat,GJ,78.0,69.7,21.3,17.9,Dahod,40.5,1,88.0,38.1,0.1673,0
SCH_2026_0268,PRE_10TH,Male,11,<2 LPA,0,7.4,53.7,1,70.4,3,0,52.4,0,1,Uttar Pradesh,UP,67.7,57.2,23.2,16.8,Shravasti,49.6,1,96.5,48.2,0.7434,1
SCH_2026_0269,PRE_10TH,Male,9,2-5 LPA,0,1.1,51.3,1,54.0,9,0,98.0,0,1,Kerala,KL,94.0,92.1,43.2,3.2,Ernakulam,0.6,0,31.9,14.8,0.0665,0
SCH_2026_0270,PRE_10TH,Female,10,<2 LPA,0,0.5,89.6,0,86.7,6,0,78.6,1,1,Haryana,HR,75.6,65.9,29.8,12.5,Gurugram,2.5,0,31.2,20.5,0.04,0
SCH_2026_0271,PRE_10TH,Female,13,<2 LPA,1,1.2,61.5,1,66.7,2,0,55.6,1,1,Rajasthan,RJ,66.1,52.1,26.0,17.2,Kota,8.2,0,39.7,21.0,0.3556,0
SCH_2026_0272,PRE_10TH,Female,10,<2 LPA,1,3.1,62.2,1,77.0,3,0,51.4,1,1,Uttar Pradesh,UP,67.7,57.2,23.2,16.8,Lucknow,8.5,0,33.8,24.1,0.4197,0
SCH_2026_0273,PRE_10TH,Male,9,>10 LPA,0,2.7,50.3,1,63.7,8,0,42.0,1,1,Rajasthan,RJ,66.1,52.1,26.0,17.2,Barmer,34.2,1,93.0,35.8,0.5994,1
SCH_2026_0274,PRE_10TH,Male,14,5-10 LPA,1,0.7,75.0,1,78.2,7,0,73.0,0,0,Maharashtra,MH,82.3,75.9,32.3,11.2,Mumbai,2.1,0,0.0,19.5,0.0696,1
SCH_2026_0275,PRE_10TH,Female,13,2-5 LPA,1,0.5,91.2,0,91.1,5,0,83.1,1,1,Maharashtra,MH,82.3,75.9,32.3,11.2,Mumbai,2.1,0,0.0,19.5,0.0344,0
SCH_2026_0276,PRE_10TH,Male,15,<2 LPA,0,0.9,88.4,0,96.8,8,0,89.9,1,1,Rajasthan,RJ,66.1,52.1,26.0,17.2,Jaipur,6.9,0,47.6,22.5,0.0229,0
SCH_2026_0277,PRE_10TH,Male,12,<2 LPA,1,2.6,66.1,1,74.5,10,0,94.0,2,1,Tamil Nadu,TN,80.1,73.4,51.4,8.1,Coimbatore,2.1,0,24.2,18.9,0.0545,0
SCH_2026_0278,PRE_10TH,Female,11,>10 LPA,0,2.8,79.8,0,84.8,7,0,54.7,0,1,Rajasthan,RJ,66.1,52.1,26.0,17.2,Barmer,34.2,1,93.0,35.8,0.2019,0
SCH_2026_0279,PRE_10TH,Male,9,<2 LPA,0,0.5,86.2,0,87.3,4,0,52.1,1,0,Tamil Nadu,TN,80.1,73.4,51.4,8.1,Chennai,1.2,0,0.0,17.5,0.1108,0
SCH_2026_0280,PRE_10TH,Male,13,<2 LPA,1,3.6,69.8,1,77.7,6,1,95.0,1,0,Bihar,BR,61.8,51.5,14.5,21.4,Purnia,50.4,1,89.2,42.1,0.3115,0
SCH_2026_0281,PRE_10TH,Female,12,5-10 LPA,1,6.7,91.5,0,100.0,7,0,60.5,1,0,Karnataka,KA,75.4,68.1,36.2,12.0,Raichur,36.8,1,74.6,34.0,0.3032,0
SCH_2026_0282,PRE_10TH,Female,13,<2 LPA,0,0.6,58.4,1,67.3,7,0,77.8,1,1,Madhya Pradesh,MP,69.3,59.2,24.8,18.5,Indore,6.8,0,25.9,21.8,0.1512,0
SCH_2026_0283,PRE_10TH,Female,9,2-5 LPA,0,1.0,72.9,1,80.2,5,0,58.3,0,1,Tamil Nadu,TN,80.1,73.4,51.4,8.1,Coimbatore,2.1,0,24.2,18.9,0.1318,0
SCH_2026_0284,PRE_10TH,Male,10,2-5 LPA,1,5.5,79.2,0,90.6,10,0,69.9,2,1,Maharashtra,MH,82.3,75.9,32.3,11.2,Gadchiroli,28.5,1,89.0,28.9,0.152,0
SCH_2026_0285,PRE_10TH,Female,13,5-10 LPA,1,4.1,55.2,1,65.1,6,1,45.0,1,0,Rajasthan,RJ,66.1,52.1,26.0,17.2,Barmer,34.2,1,93.0,35.8,0.8706,1
SCH_2026_0286,PRE_10TH,Female,14,2-5 LPA,0,1.3,66.5,1,72.2,6,0,60.6,2,1,Rajasthan,RJ,66.1,52.1,26.0,17.2,Jaipur,6.9,0,47.6,22.5,0.2631,0
SCH_2026_0287,PRE_10TH,Male,10,2-5 LPA,0,7.2,63.6,1,84.1,8,0,90.8,0,0,Uttar Pradesh,UP,67.7,57.2,23.2,16.8,Bahraich,54.4,1,92.1,46.5,0.2769,0
SCH_2026_0288,PRE_10TH,Female,13,2-5 LPA,1,6.2,46.8,1,59.7,3,1,71.5,1,1,Bihar,BR,61.8,51.5,14.5,21.4,Purnia,50.4,1,89.2,42.1,0.8491,1
SCH_2026_0289,PRE_10TH,Female,10,<2 LPA,1,8.0,58.1,1,79.2,3,1,62.9,0,0,Madhya Pradesh,MP,69.3,59.2,24.8,18.5,Alirajpur,52.0,1,92.2,39.5,0.8727,0
SCH_2026_0290,PRE_10TH,Female,14,<2 LPA,1,1.0,77.1,0,77.4,8,0,44.1,1,1,Tamil Nadu,TN,80.1,73.4,51.4,8.1,Chennai,1.2,0,0.0,17.5,0.1774,0
SCH_2026_0291,PRE_10TH,Male,15,5-10 LPA,1,0.6,80.2,0,94.6,12,0,56.7,3,1,Maharashtra,MH,82.3,75.9,32.3,11.2,Pune,3.9,0,39.1,21.0,0.0787,0
SCH_2026_0292,PRE_10TH,Male,15,5-10 LPA,0,1.1,85.4,0,82.9,8,0,54.9,2,1,Uttar Pradesh,UP,67.7,57.2,23.2,16.8,Varanasi,16.3,0,56.6,29.4,0.1094,0
SCH_2026_0293,PRE_10TH,Male,15,<2 LPA,0,4.6,69.5,1,86.6,7,0,58.6,0,0,Gujarat,GJ,78.0,69.7,21.3,17.9,Dahod,40.5,1,88.0,38.1,0.3516,0
SCH_2026_0294,PRE_10TH,Male,9,<2 LPA,0,2.3,81.3,0,85.8,1,0,25.2,1,0,Gujarat,GJ,78.0,69.7,21.3,17.9,Dahod,40.5,1,88.0,38.1,0.5789,1
SCH_2026_0295,PRE_10TH,Male,11,<2 LPA,0,4.4,71.8,1,80.6,9,0,91.2,2,0,Kerala,KL,94.0,92.1,43.2,3.2,Wayanad,4.1,1,96.1,18.0,0.0701,0
SCH_2026_0296,PRE_10TH,Female,14,2-5 LPA,1,2.6,57.1,1,59.0,13,1,91.7,3,1,Karnataka,KA,75.4,68.1,36.2,12.0,Raichur,36.8,1,74.6,34.0,0.4144,0
SCH_2026_0297,PRE_10TH,Male,10,<2 LPA,0,6.5,46.8,1,56.8,2,1,45.3,2,0,Bihar,BR,61.8,51.5,14.5,21.4,Muzaffarpur,35.1,1,90.3,38.0,0.9187,1
SCH_2026_0298,PRE_10TH,Male,14,<2 LPA,0,0.8,87.7,0,93.8,3,0,77.7,0,1,Bihar,BR,61.8,51.5,14.5,21.4,Patna,18.2,0,56.4,28.5,0.0586,0
SCH_2026_0299,PRE_10TH,Female,13,2-5 LPA,0,0.7,69.4,1,79.8,11,0,59.2,0,1,Gujarat,GJ,78.0,69.7,21.3,17.9,Ahmedabad,3.8,0,15.9,20.2,0.0965,0
SCH_2026_0300,PRE_10TH,Male,15,2-5 LPA,1,0.5,66.6,1,76.4,9,0,95.1,1,1,Uttar Pradesh,UP,67.7,57.2,23.2,16.8,Varanasi,16.3,0,56.6,29.4,0.0525,0
SCH_2026_0301,PRE_10TH,Female,9,<2 LPA,1,1.2,83.5,0,100.0,4,0,57.6,1,1,Rajasthan,RJ,66.1,52.1,26.0,17.2,Jaipur,6.9,0,47.6,22.5,0.1381,0
SCH_2026_0302,PRE_10TH,Female,11,<2 LPA,1,5.4,49.5,1,67.5,7,1,63.9,1,1,Madhya Pradesh,MP,69.3,59.2,24.8,18.5,Barwani,46.1,1,85.5,37.1,0.7975,1
SCH_2026_0303,PRE_10TH,Male,11,<2 LPA,1,4.7,66.8,1,72.7,10,1,43.2,1,1,Karnataka,KA,75.4,68.1,36.2,12.0,Raichur,36.8,1,74.6,34.0,0.6441,1
SCH_2026_0304,PRE_10TH,Male,10,<2 LPA,1,3.1,83.8,0,95.5,1,0,49.0,1,1,Karnataka,KA,75.4,68.1,36.2,12.0,Raichur,36.8,1,74.6,34.0,0.333,0
SCH_2026_0305,PRE_10TH,Female,15,2-5 LPA,1,1.3,70.1,1,77.1,5,1,60.3,3,1,Karnataka,KA,75.4,68.1,36.2,12.0,Bengaluru Urban,1.8,0,9.1,18.2,0.4872,0
SCH_2026_0306,PRE_10TH,Female,10,>10 LPA,1,1.7,59.6,1,63.3,10,0,57.7,0,1,Tamil Nadu,TN,80.1,73.4,51.4,8.1,Chennai,1.2,0,0.0,17.5,0.1688,0
SCH_2026_0307,PRE_10TH,Female,15,<2 LPA,0,5.3,66.0,1,77.4,10,0,80.5,3,1,Maharashtra,MH,82.3,75.9,32.3,11.2,Gadchiroli,28.5,1,89.0,28.9,0.3095,0
SCH_2026_0308,PRE_10TH,Male,11,2-5 LPA,0,5.1,50.9,1,66.8,6,0,61.6,1,1,Kerala,KL,94.0,92.1,43.2,3.2,Wayanad,4.1,1,96.1,18.0,0.3859,0
SCH_2026_0309,PRE_10TH,Female,14,5-10 LPA,1,10.0,56.9,1,80.0,4,0,75.1,1,0,Uttar Pradesh,UP,67.7,57.2,23.2,16.8,Shravasti,49.6,1,96.5,48.2,0.7531,1
SCH_2026_0310,PRE_10TH,Female,14,2-5 LPA,0,2.0,72.5,1,79.7,3,0,58.5,0,0,Karnataka,KA,75.4,68.1,36.2,12.0,Raichur,36.8,1,74.6,34.0,0.39,0
SCH_2026_0311,PRE_10TH,Male,15,<2 LPA,0,1.4,79.1,0,81.6,2,0,64.1,0,0,Kerala,KL,94.0,92.1,43.2,3.2,Wayanad,4.1,1,96.1,18.0,0.1246,1
SCH_2026_0312,PRE_10TH,Male,13,2-5 LPA,0,0.5,66.7,1,74.5,13,0,67.3,0,1,Bihar,BR,61.8,51.5,14.5,21.4,Patna,18.2,0,56.4,28.5,0.0913,0
SCH_2026_0313,PRE_10TH,Female,15,<2 LPA,0,3.5,58.0,1,73.0,7,0,78.1,0,0,Rajasthan,RJ,66.1,52.1,26.0,17.2,Barmer,34.2,1,93.0,35.8,0.337,0
SCH_2026_0314,PRE_10TH,Female,14,2-5 LPA,0,1.1,68.9,1,74.3,7,0,54.3,0,1,Karnataka,KA,75.4,68.1,36.2,12.0,Bengaluru Urban,1.8,0,9.1,18.2,0.1528,0
SCH_2026_0315,PRE_10TH,Male,15,<2 LPA,0,3.1,60.9,1,64.1,6,0,45.2,0,0,Gujarat,GJ,78.0,69.7,21.3,17.9,Narmada,32.4,1,89.5,30.5,0.4944,0
SCH_2026_0316,PRE_10TH,Female,11,2-5 LPA,1,3.6,68.8,1,83.1,4,0,72.0,1,0,Madhya Pradesh,MP,69.3,59.2,24.8,18.5,Barwani,46.1,1,85.5,37.1,0.4609,0
SCH_2026_0317,PRE_10TH,Female,15,<2 LPA,1,1.2,70.6,1,84.3,7,0,91.7,1,1,Tamil Nadu,TN,80.1,73.4,51.4,8.1,Chennai,1.2,0,0.0,17.5,0.0573,0
SCH_2026_0318,PRE_10TH,Male,10,2-5 LPA,1,1.5,78.1,0,85.3,10,0,58.5,2,1,Madhya Pradesh,MP,69.3,59.2,24.8,18.5,Bhopal,9.4,0,19.1,23.4,0.1057,0
SCH_2026_0319,PRE_10TH,Female,11,<2 LPA,0,0.6,95.7,0,100.0,13,0,86.2,2,1,Tamil Nadu,TN,80.1,73.4,51.4,8.1,Chennai,1.2,0,0.0,17.5,0.0181,0
SCH_2026_0320,PRE_10TH,Male,10,<2 LPA,1,0.9,71.4,1,84.1,0,0,65.6,2,1,Gujarat,GJ,78.0,69.7,21.3,17.9,Ahmedabad,3.8,0,15.9,20.2,0.1873,0
SCH_2026_0321,PRE_10TH,Male,10,5-10 LPA,0,2.2,73.2,1,77.8,9,0,69.6,1,1,Madhya Pradesh,MP,69.3,59.2,24.8,18.5,Barwani,46.1,1,85.5,37.1,0.1823,0
SCH_2026_0322,PRE_10TH,Male,15,<2 LPA,1,3.8,66.4,1,78.5,8,0,73.8,0,1,Maharashtra,MH,82.3,75.9,32.3,11.2,Gadchiroli,28.5,1,89.0,28.9,0.1814,0
SCH_2026_0323,PRE_10TH,Male,14,2-5 LPA,0,1.1,58.2,1,69.3,8,0,54.0,2,1,Maharashtra,MH,82.3,75.9,32.3,11.2,Mumbai,2.1,0,0.0,19.5,0.2458,0
SCH_2026_0324,PRE_10TH,Male,11,5-10 LPA,1,7.3,49.5,1,67.8,6,1,95.1,2,1,Madhya Pradesh,MP,69.3,59.2,24.8,18.5,Indore,6.8,0,25.9,21.8,0.4211,1
SCH_2026_0325,PRE_10TH,Male,13,5-10 LPA,1,1.7,64.1,1,69.5,0,0,45.2,3,1,Rajasthan,RJ,66.1,52.1,26.0,17.2,Barmer,34.2,1,93.0,35.8,0.5915,1
SCH_2026_0326,PRE_10TH,Male,12,5-10 LPA,0,0.5,92.4,0,93.9,5,0,59.1,0,1,Tamil Nadu,TN,80.1,73.4,51.4,8.1,Ramanathapuram,7.8,1,69.7,22.1,0.0611,0
SCH_2026_0327,PRE_10TH,Male,12,<2 LPA,1,6.2,92.6,0,97.7,10,0,93.7,0,0,Haryana,HR,75.6,65.9,29.8,12.5,Nuh / Mewat,44.8,1,88.6,47.0,0.0554,0
SCH_2026_0328,PRE_10TH,Male,13,<2 LPA,1,9.5,55.9,1,68.9,5,0,64.3,1,1,Maharashtra,MH,82.3,75.9,32.3,11.2,Nandurbar,33.1,1,83.3,32.4,0.5992,0
SCH_2026_0329,PRE_10TH,Female,15,<2 LPA,0,8.5,70.9,1,80.5,4,0,70.6,0,1,Madhya Pradesh,MP,69.3,59.2,24.8,18.5,Barwani,46.1,1,85.5,37.1,0.4091,0
SCH_2026_0330,PRE_10TH,Female,12,2-5 LPA,1,2.1,64.3,1,72.3,8,0,79.0,2,1,Kerala,KL,94.0,92.1,43.2,3.2,Ernakulam,0.6,0,31.9,14.8,0.1479,0
SCH_2026_0331,PRE_10TH,Female,10,5-10 LPA,1,4.8,49.6,1,62.7,6,1,80.1,0,1,Bihar,BR,61.8,51.5,14.5,21.4,Gaya,38.6,1,86.8,36.2,0.5892,1
SCH_2026_0332,PRE_10TH,Male,13,2-5 LPA,1,0.5,72.6,1,77.8,4,1,58.4,0,1,Madhya Pradesh,MP,69.3,59.2,24.8,18.5,Alirajpur,52.0,1,92.2,39.5,0.4992,0
SCH_2026_0333,PRE_10TH,Male,15,2-5 LPA,1,0.5,78.4,0,88.1,7,0,95.7,1,1,Uttar Pradesh,UP,67.7,57.2,23.2,16.8,Noida / Gautam Buddha Nagar,7.1,0,40.9,22.0,0.0302,0
SCH_2026_0334,PRE_10TH,Female,10,<2 LPA,1,1.5,69.2,1,70.1,10,0,53.1,1,1,Kerala,KL,94.0,92.1,43.2,3.2,Ernakulam,0.6,0,31.9,14.8,0.1678,0
SCH_2026_0335,PRE_10TH,Male,12,<2 LPA,0,2.3,70.5,1,77.8,7,0,50.9,0,0,Madhya Pradesh,MP,69.3,59.2,24.8,18.5,Alirajpur,52.0,1,92.2,39.5,0.393,0
SCH_2026_0336,PRE_10TH,Female,13,<2 LPA,0,0.5,86.8,0,95.7,7,0,74.5,1,1,Maharashtra,MH,82.3,75.9,32.3,11.2,Pune,3.9,0,39.1,21.0,0.0493,0
SCH_2026_0337,PRE_10TH,Male,13,<2 LPA,0,7.9,42.4,1,59.7,12,1,68.5,1,0,Uttar Pradesh,UP,67.7,57.2,23.2,16.8,Balrampur,47.9,1,92.3,45.0,0.793,1
SCH_2026_0338,PRE_10TH,Male,13,<2 LPA,0,3.9,71.5,1,73.9,5,0,50.2,2,1,Uttar Pradesh,UP,67.7,57.2,23.2,16.8,Balrampur,47.9,1,92.3,45.0,0.4767,0
SCH_2026_0339,PRE_10TH,Female,13,2-5 LPA,1,1.9,50.5,1,57.8,5,0,81.4,0,1,Gujarat,GJ,78.0,69.7,21.3,17.9,Narmada,32.4,1,89.5,30.5,0.2737,0
SCH_2026_0340,PRE_10TH,Male,10,<2 LPA,1,2.4,67.7,1,78.1,6,0,97.8,1,1,Rajasthan,RJ,66.1,52.1,26.0,17.2,Jaipur,6.9,0,47.6,22.5,0.0598,0
SCH_2026_0341,PRE_10TH,Female,11,5-10 LPA,1,6.3,64.2,1,83.0,4,0,55.1,0,1,Karnataka,KA,75.4,68.1,36.2,12.0,Yadgir,39.4,1,81.2,36.5,0.5213,1
SCH_2026_0342,PRE_10TH,Male,13,2-5 LPA,1,3.2,62.9,1,68.8,9,0,68.5,0,1,Haryana,HR,75.6,65.9,29.8,12.5,Nuh / Mewat,44.8,1,88.6,47.0,0.2695,0
SCH_2026_0343,PRE_10TH,Female,14,<2 LPA,1,1.9,65.4,1,71.7,5,0,76.0,1,1,Tamil Nadu,TN,80.1,73.4,51.4,8.1,Coimbatore,2.1,0,24.2,18.9,0.1464,0
SCH_2026_0344,PRE_10TH,Female,14,2-5 LPA,0,5.2,56.7,1,75.8,6,0,57.8,0,1,Kerala,KL,94.0,92.1,43.2,3.2,Thiruvananthapuram,0.9,0,46.2,15.2,0.3244,0
SCH_2026_0345,PRE_10TH,Female,14,5-10 LPA,0,7.9,57.7,1,66.2,7,0,81.6,2,1,Rajasthan,RJ,66.1,52.1,26.0,17.2,Barmer,34.2,1,93.0,35.8,0.4729,0
SCH_2026_0346,PRE_10TH,Male,10,2-5 LPA,1,1.8,50.6,1,61.9,7,0,52.4,0,1,Uttar Pradesh,UP,67.7,57.2,23.2,16.8,Varanasi,16.3,0,56.6,29.4,0.3902,0
SCH_2026_0347,PRE_10TH,Male,15,<2 LPA,1,1.1,83.2,0,81.1,4,0,81.5,1,1,Rajasthan,RJ,66.1,52.1,26.0,17.2,Kota,8.2,0,39.7,21.0,0.0546,0
SCH_2026_0348,PRE_10TH,Male,14,2-5 LPA,1,1.5,77.8,0,77.1,8,0,66.3,1,1,Tamil Nadu,TN,80.1,73.4,51.4,8.1,Coimbatore,2.1,0,24.2,18.9,0.0773,0
SCH_2026_0349,PRE_10TH,Female,9,2-5 LPA,0,6.2,72.8,1,84.3,9,0,98.0,1,1,Maharashtra,MH,82.3,75.9,32.3,11.2,Gadchiroli,28.5,1,89.0,28.9,0.1058,0
SCH_2026_0350,PRE_10TH,Female,12,<2 LPA,0,4.1,74.0,1,79.9,8,1,78.5,1,1,Karnataka,KA,75.4,68.1,36.2,12.0,Raichur,36.8,1,74.6,34.0,0.341,0
SCH_2026_0351,PRE_10TH,Female,14,<2 LPA,1,1.1,80.1,0,91.4,7,0,40.8,2,1,Uttar Pradesh,UP,67.7,57.2,23.2,16.8,Balrampur,47.9,1,92.3,45.0,0.4422,1
SCH_2026_0352,PRE_10TH,Male,9,5-10 LPA,0,7.5,60.3,1,69.5,6,0,23.7,2,1,Karnataka,KA,75.4,68.1,36.2,12.0,Yadgir,39.4,1,81.2,36.5,0.8206,1
SCH_2026_0353,PRE_10TH,Male,13,<2 LPA,1,8.1,52.5,1,62.2,4,0,57.1,1,1,Uttar Pradesh,UP,67.7,57.2,23.2,16.8,Bahraich,54.4,1,92.1,46.5,0.7576,1
SCH_2026_0354,PRE_10TH,Female,11,<2 LPA,1,0.5,71.3,1,83.8,7,0,57.8,0,1,Rajasthan,RJ,66.1,52.1,26.0,17.2,Jaipur,6.9,0,47.6,22.5,0.1282,0
SCH_2026_0355,PRE_10TH,Male,13,2-5 LPA,1,0.5,54.2,1,56.6,9,0,62.5,0,1,Maharashtra,MH,82.3,75.9,32.3,11.2,Mumbai,2.1,0,0.0,19.5,0.1722,0
SCH_2026_0356,PRE_10TH,Male,15,<2 LPA,0,5.7,40.3,1,55.2,4,1,59.9,0,0,Bihar,BR,61.8,51.5,14.5,21.4,Purnia,50.4,1,89.2,42.1,0.8886,0
SCH_2026_0357,PRE_10TH,Male,15,>10 LPA,0,5.9,60.2,1,79.0,10,0,98.0,1,1,Kerala,KL,94.0,92.1,43.2,3.2,Wayanad,4.1,1,96.1,18.0,0.0844,0
SCH_2026_0358,PRE_10TH,Male,12,<2 LPA,1,2.3,79.6,0,89.3,5,0,59.0,1,1,Rajasthan,RJ,66.1,52.1,26.0,17.2,Jaisalmer,31.8,1,86.7,33.2,0.2033,0
SCH_2026_0359,PRE_10TH,Female,10,<2 LPA,1,1.4,64.0,1,75.9,9,0,81.1,1,1,Kerala,KL,94.0,92.1,43.2,3.2,Thiruvananthapuram,0.9,0,46.2,15.2,0.0925,0
SCH_2026_0360,PRE_10TH,Female,14,5-10 LPA,0,2.9,48.5,1,60.0,8,1,60.3,0,1,Uttar Pradesh,UP,67.7,57.2,23.2,16.8,Bahraich,54.4,1,92.1,46.5,0.7373,1
SCH_2026_0361,PRE_10TH,Female,9,>10 LPA,0,0.5,96.9,0,98.3,7,0,56.3,1,0,Gujarat,GJ,78.0,69.7,21.3,17.9,Ahmedabad,3.8,0,15.9,20.2,0.0886,0
SCH_2026_0362,PRE_10TH,Male,15,<2 LPA,1,1.4,62.6,1,68.8,2,0,95.2,1,1,Maharashtra,MH,82.3,75.9,32.3,11.2,Pune,3.9,0,39.1,21.0,0.091,0
SCH_2026_0363,PRE_10TH,Male,11,<2 LPA,0,0.5,84.6,0,81.3,6,0,73.5,0,1,Rajasthan,RJ,66.1,52.1,26.0,17.2,Kota,8.2,0,39.7,21.0,0.0493,0
SCH_2026_0364,PRE_10TH,Male,10,2-5 LPA,1,1.3,83.9,0,99.0,8,0,71.8,2,1,Rajasthan,RJ,66.1,52.1,26.0,17.2,Kota,8.2,0,39.7,21.0,0.0599,0
SCH_2026_0365,PRE_10TH,Female,10,<2 LPA,1,3.7,45.7,1,51.0,6,1,74.2,1,0,Karnataka,KA,75.4,68.1,36.2,12.0,Yadgir,39.4,1,81.2,36.5,0.7977,1
SCH_2026_0366,PRE_10TH,Male,11,5-10 LPA,0,1.9,74.3,1,86.7,11,0,81.2,2,1,Haryana,HR,75.6,65.9,29.8,12.5,Gurugram,2.5,0,31.2,20.5,0.0509,0
SCH_2026_0367,PRE_10TH,Female,13,<2 LPA,1,0.6,74.2,1,73.2,10,0,88.3,1,1,Kerala,KL,94.0,92.1,43.2,3.2,Ernakulam,0.6,0,31.9,14.8,0.0403,0
SCH_2026_0368,PRE_10TH,Male,11,>10 LPA,1,8.2,76.2,0,99.1,7,0,86.7,0,0,Karnataka,KA,75.4,68.1,36.2,12.0,Yadgir,39.4,1,81.2,36.5,0.1851,0
SCH_2026_0369,PRE_10TH,Male,9,<2 LPA,1,6.0,51.3,1,63.9,7,0,72.5,1,1,Haryana,HR,75.6,65.9,29.8,12.5,Nuh / Mewat,44.8,1,88.6,47.0,0.4927,0
SCH_2026_0370,PRE_10TH,Male,13,2-5 LPA,1,1.3,54.3,1,63.7,15,0,68.0,2,1,Kerala,KL,94.0,92.1,43.2,3.2,Thiruvananthapuram,0.9,0,46.2,15.2,0.12,0
SCH_2026_0371,PRE_10TH,Male,13,2-5 LPA,1,0.5,99.5,0,99.5,8,0,69.7,3,1,Tamil Nadu,TN,80.1,73.4,51.4,8.1,Ramanathapuram,7.8,1,69.7,22.1,0.0324,0
SCH_2026_0372,PRE_10TH,Female,14,2-5 LPA,1,12.1,73.8,1,90.6,13,0,63.6,3,1,Kerala,KL,94.0,92.1,43.2,3.2,Wayanad,4.1,1,96.1,18.0,0.3826,0
SCH_2026_0373,PRE_10TH,Female,9,>10 LPA,1,2.1,76.2,0,82.3,4,0,94.8,0,0,Madhya Pradesh,MP,69.3,59.2,24.8,18.5,Indore,6.8,0,25.9,21.8,0.072,0
SCH_2026_0374,PRE_10TH,Female,10,<2 LPA,1,8.5,74.1,1,85.8,12,0,80.4,0,1,Kerala,KL,94.0,92.1,43.2,3.2,Wayanad,4.1,1,96.1,18.0,0.088,0
SCH_2026_0375,PRE_10TH,Male,13,<2 LPA,0,1.1,59.6,1,72.1,9,0,84.5,0,1,Madhya Pradesh,MP,69.3,59.2,24.8,18.5,Bhopal,9.4,0,19.1,23.4,0.0864,0
SCH_2026_0376,PRE_10TH,Male,15,<2 LPA,0,0.9,88.7,0,100.0,5,0,93.1,0,1,Haryana,HR,75.6,65.9,29.8,12.5,Gurugram,2.5,0,31.2,20.5,0.0214,0
SCH_2026_0377,PRE_10TH,Male,13,2-5 LPA,0,9.8,69.4,1,96.7,10,0,58.5,1,1,Gujarat,GJ,78.0,69.7,21.3,17.9,Dahod,40.5,1,88.0,38.1,0.4462,0
SCH_2026_0378,PRE_10TH,Male,15,<2 LPA,1,11.0,35.2,1,57.1,4,1,65.9,0,1,Uttar Pradesh,UP,67.7,57.2,23.2,16.8,Shravasti,49.6,1,96.5,48.2,0.9324,1
SCH_2026_0379,PRE_10TH,Male,12,2-5 LPA,1,0.5,52.8,1,63.0,11,0,59.2,1,1,Gujarat,GJ,78.0,69.7,21.3,17.9,Ahmedabad,3.8,0,15.9,20.2,0.1938,0
SCH_2026_0380,PRE_10TH,Male,12,>10 LPA,0,6.4,73.0,1,93.3,4,0,56.9,2,1,Gujarat,GJ,78.0,69.7,21.3,17.9,Dahod,40.5,1,88.0,38.1,0.4591,0
SCH_2026_0381,PRE_10TH,Male,10,<2 LPA,1,1.5,63.4,1,73.9,4,0,62.8,0,1,Madhya Pradesh,MP,69.3,59.2,24.8,18.5,Bhopal,9.4,0,19.1,23.4,0.2103,0
SCH_2026_0382,PRE_10TH,Male,15,<2 LPA,0,2.6,72.9,1,83.9,11,0,54.3,1,0,Haryana,HR,75.6,65.9,29.8,12.5,Nuh / Mewat,44.8,1,88.6,47.0,0.2679,0
SCH_2026_0383,PRE_10TH,Male,15,<2 LPA,0,6.2,56.3,1,70.3,5,0,71.3,1,1,Bihar,BR,61.8,51.5,14.5,21.4,Katihar,48.7,1,91.1,44.3,0.5134,0
SCH_2026_0384,PRE_10TH,Female,15,2-5 LPA,0,1.5,89.7,0,92.6,9,0,81.9,1,1,Tamil Nadu,TN,80.1,73.4,51.4,8.1,Ramanathapuram,7.8,1,69.7,22.1,0.0351,0
SCH_2026_0385,PRE_10TH,Female,15,<2 LPA,1,2.5,71.4,1,75.5,6,0,65.8,0,1,Uttar Pradesh,UP,67.7,57.2,23.2,16.8,Balrampur,47.9,1,92.3,45.0,0.2574,0
SCH_2026_0386,PRE_10TH,Male,10,<2 LPA,1,0.5,61.7,1,67.3,6,0,74.7,2,1,Tamil Nadu,TN,80.1,73.4,51.4,8.1,Coimbatore,2.1,0,24.2,18.9,0.1291,0
SCH_2026_0387,PRE_10TH,Female,14,<2 LPA,1,4.6,73.4,1,90.1,4,0,47.5,2,1,Gujarat,GJ,78.0,69.7,21.3,17.9,Dahod,40.5,1,88.0,38.1,0.5855,1
SCH_2026_0388,PRE_10TH,Male,11,2-5 LPA,1,2.5,83.9,0,86.3,6,0,49.7,2,1,Bihar,BR,61.8,51.5,14.5,21.4,Gaya,38.6,1,86.8,36.2,0.2566,0
SCH_2026_0389,PRE_10TH,Female,13,2-5 LPA,0,4.1,59.2,1,69.9,7,0,66.4,0,1,Rajasthan,RJ,66.1,52.1,26.0,17.2,Jaipur,6.9,0,47.6,22.5,0.2229,0
SCH_2026_0390,PRE_10TH,Female,15,<2 LPA,0,1.5,87.0,0,87.4,14,0,60.5,2,1,Uttar Pradesh,UP,67.7,57.2,23.2,16.8,Bahraich,54.4,1,92.1,46.5,0.1662,1
SCH_2026_0391,PRE_10TH,Female,9,5-10 LPA,0,2.0,72.4,1,76.3,8,0,86.2,0,1,Haryana,HR,75.6,65.9,29.8,12.5,Gurugram,2.5,0,31.2,20.5,0.0496,0
SCH_2026_0392,PRE_10TH,Male,9,2-5 LPA,1,7.1,66.3,1,84.0,8,0,73.2,0,1,Maharashtra,MH,82.3,75.9,32.3,11.2,Nandurbar,33.1,1,83.3,32.4,0.2696,0
SCH_2026_0393,PRE_10TH,Female,14,>10 LPA,0,2.0,77.0,0,79.4,2,0,62.6,1,1,Uttar Pradesh,UP,67.7,57.2,23.2,16.8,Varanasi,16.3,0,56.6,29.4,0.218,0
SCH_2026_0394,PRE_10TH,Female,15,>10 LPA,1,1.1,86.3,0,100.0,8,0,80.3,0,1,Uttar Pradesh,UP,67.7,57.2,23.2,16.8,Noida / Gautam Buddha Nagar,7.1,0,40.9,22.0,0.0326,0
SCH_2026_0395,PRE_10TH,Female,11,2-5 LPA,1,4.7,88.5,0,93.3,0,0,23.5,1,1,Rajasthan,RJ,66.1,52.1,26.0,17.2,Kota,8.2,0,39.7,21.0,0.4747,1
SCH_2026_0396,PRE_10TH,Female,13,2-5 LPA,1,0.5,60.4,1,64.8,8,0,79.9,1,1,Haryana,HR,75.6,65.9,29.8,12.5,Gurugram,2.5,0,31.2,20.5,0.1124,0
SCH_2026_0397,PRE_10TH,Female,13,5-10 LPA,0,0.9,80.3,0,85.8,7,0,59.7,1,1,Gujarat,GJ,78.0,69.7,21.3,17.9,Ahmedabad,3.8,0,15.9,20.2,0.1086,1
SCH_2026_0398,PRE_10TH,Male,14,<2 LPA,0,1.1,68.0,1,75.6,10,0,64.1,1,0,Karnataka,KA,75.4,68.1,36.2,12.0,Raichur,36.8,1,74.6,34.0,0.2005,0
SCH_2026_0399,PRE_10TH,Male,12,2-5 LPA,1,3.4,93.0,0,100.0,8,0,56.6,0,0,Uttar Pradesh,UP,67.7,57.2,23.2,16.8,Shravasti,49.6,1,96.5,48.2,0.162,0
SCH_2026_0400,PRE_10TH,Male,12,<2 LPA,1,1.4,62.6,1,72.4,7,0,21.9,2,0,Uttar Pradesh,UP,67.7,57.2,23.2,16.8,Noida / Gautam Buddha Nagar,7.1,0,40.9,22.0,0.5285,1
SCH_2026_0401,PRE_10TH,Male,11,5-10 LPA,0,4.8,74.9,1,83.8,16,0,49.4,1,1,Uttar Pradesh,UP,67.7,57.2,23.2,16.8,Bahraich,54.4,1,92.1,46.5,0.279,0
SCH_2026_0402,PRE_10TH,Male,14,<2 LPA,0,0.8,57.6,1,60.6,8,0,79.9,1,1,Bihar,BR,61.8,51.5,14.5,21.4,Patna,18.2,0,56.4,28.5,0.1417,0
SCH_2026_0403,PRE_10TH,Female,13,2-5 LPA,1,4.0,86.7,0,95.8,9,0,71.3,2,1,Rajasthan,RJ,66.1,52.1,26.0,17.2,Barmer,34.2,1,93.0,35.8,0.1563,0
SCH_2026_0404,PRE_10TH,Female,9,2-5 LPA,1,12.8,69.8,1,86.8,6,1,62.1,1,1,Haryana,HR,75.6,65.9,29.8,12.5,Nuh / Mewat,44.8,1,88.6,47.0,0.8122,1
SCH_2026_0405,PRE_10TH,Male,12,<2 LPA,1,3.2,59.1,1,67.8,4,0,65.7,1,1,Kerala,KL,94.0,92.1,43.2,3.2,Ernakulam,0.6,0,31.9,14.8,0.247,0
SCH_2026_0406,PRE_10TH,Female,10,5-10 LPA,0,3.2,85.8,0,94.3,8,1,55.2,0,0,Karnataka,KA,75.4,68.1,36.2,12.0,Raichur,36.8,1,74.6,34.0,0.4151,0
SCH_2026_0407,PRE_10TH,Female,14,5-10 LPA,1,1.0,79.0,0,87.6,12,0,89.5,1,1,Rajasthan,RJ,66.1,52.1,26.0,17.2,Jaipur,6.9,0,47.6,22.5,0.0319,0
SCH_2026_0408,PRE_10TH,Female,13,<2 LPA,0,1.5,70.1,1,73.1,1,1,90.0,2,1,Uttar Pradesh,UP,67.7,57.2,23.2,16.8,Shravasti,49.6,1,96.5,48.2,0.4783,0
SCH_2026_0409,PRE_10TH,Male,11,2-5 LPA,0,2.5,70.0,1,75.0,3,0,63.7,1,1,Tamil Nadu,TN,80.1,73.4,51.4,8.1,Coimbatore,2.1,0,24.2,18.9,0.1802,0
SCH_2026_0410,PRE_10TH,Male,13,<2 LPA,1,8.0,46.6,1,56.9,1,1,67.3,0,1,Bihar,BR,61.8,51.5,14.5,21.4,Gaya,38.6,1,86.8,36.2,0.8488,1
SCH_2026_0411,PRE_10TH,Female,12,<2 LPA,0,5.9,89.7,0,97.9,5,0,91.4,2,0,Bihar,BR,61.8,51.5,14.5,21.4,Muzaffarpur,35.1,1,90.3,38.0,0.183,1
SCH_2026_0412,PRE_10TH,Male,13,<2 LPA,1,2.7,64.0,1,77.7,11,0,70.9,2,0,Maharashtra,MH,82.3,75.9,32.3,11.2,Nandurbar,33.1,1,83.3,32.4,0.2122,0
SCH_2026_0413,PRE_10TH,Female,10,<2 LPA,1,4.4,75.4,0,87.2,14,0,81.4,2,0,Kerala,KL,94.0,92.1,43.2,3.2,Wayanad,4.1,1,96.1,18.0,0.1165,0
SCH_2026_0414,PRE_10TH,Male,11,<2 LPA,1,4.5,78.8,0,100.0,10,0,75.1,0,1,Uttar Pradesh,UP,67.7,57.2,23.2,16.8,Balrampur,47.9,1,92.3,45.0,0.1414,0
SCH_2026_0415,PRE_10TH,Female,15,<2 LPA,1,4.2,55.6,1,70.5,2,0,74.8,0,1,Uttar Pradesh,UP,67.7,57.2,23.2,16.8,Noida / Gautam Buddha Nagar,7.1,0,40.9,22.0,0.2754,0
SCH_2026_0416,PRE_10TH,Female,14,2-5 LPA,1,1.7,74.8,1,89.3,8,0,45.0,2,1,Maharashtra,MH,82.3,75.9,32.3,11.2,Nandurbar,33.1,1,83.3,32.4,0.3923,0
SCH_2026_0417,PRE_10TH,Female,13,<2 LPA,0,0.9,61.9,1,71.1,8,0,46.1,2,1,Gujarat,GJ,78.0,69.7,21.3,17.9,Narmada,32.4,1,89.5,30.5,0.4979,0
SCH_2026_0418,PRE_10TH,Male,15,<2 LPA,0,2.4,83.9,0,87.3,10,0,63.7,0,0,Bihar,BR,61.8,51.5,14.5,21.4,Katihar,48.7,1,91.1,44.3,0.1443,1
SCH_2026_0419,PRE_10TH,Male,9,<2 LPA,1,10.4,18.2,1,37.3,8,1,63.8,1,1,Rajasthan,RJ,66.1,52.1,26.0,17.2,Barmer,34.2,1,93.0,35.8,0.9456,1
SCH_2026_0420,PRE_10TH,Female,10,<2 LPA,1,0.5,81.4,0,84.4,12,0,80.7,2,1,Tamil Nadu,TN,80.1,73.4,51.4,8.1,Coimbatore,2.1,0,24.2,18.9,0.0444,0
SCH_2026_0421,PRE_10TH,Female,11,<2 LPA,1,1.7,83.1,0,82.6,10,0,59.2,1,1,Gujarat,GJ,78.0,69.7,21.3,17.9,Ahmedabad,3.8,0,15.9,20.2,0.0863,0
SCH_2026_0422,PRE_10TH,Female,15,2-5 LPA,1,1.5,75.4,0,83.1,10,0,87.4,3,0,Kerala,KL,94.0,92.1,43.2,3.2,Wayanad,4.1,1,96.1,18.0,0.1229,0
SCH_2026_0423,PRE_10TH,Male,9,2-5 LPA,0,6.1,70.0,1,81.3,13,0,50.2,2,1,Haryana,HR,75.6,65.9,29.8,12.5,Nuh / Mewat,44.8,1,88.6,47.0,0.3871,0
SCH_2026_0424,PRE_10TH,Male,12,<2 LPA,0,0.8,77.7,0,89.7,5,0,48.2,0,1,Bihar,BR,61.8,51.5,14.5,21.4,Patna,18.2,0,56.4,28.5,0.1898,1
SCH_2026_0425,PRE_10TH,Male,12,<2 LPA,0,4.0,57.9,1,68.2,8,0,54.1,0,1,Uttar Pradesh,UP,67.7,57.2,23.2,16.8,Noida / Gautam Buddha Nagar,7.1,0,40.9,22.0,0.3006,0
SCH_2026_0426,PRE_10TH,Male,12,2-5 LPA,1,5.1,69.7,1,86.3,2,0,47.3,0,1,Kerala,KL,94.0,92.1,43.2,3.2,Thiruvananthapuram,0.9,0,46.2,15.2,0.3432,0
SCH_2026_0427,PRE_10TH,Female,15,<2 LPA,1,3.0,50.9,1,56.9,9,1,66.4,2,1,Bihar,BR,61.8,51.5,14.5,21.4,Muzaffarpur,35.1,1,90.3,38.0,0.7003,1
SCH_2026_0428,PRE_10TH,Female,11,5-10 LPA,0,6.3,58.9,1,79.4,7,0,58.4,1,0,Tamil Nadu,TN,80.1,73.4,51.4,8.1,Ramanathapuram,7.8,1,69.7,22.1,0.5209,0
SCH_2026_0429,PRE_10TH,Male,10,2-5 LPA,1,2.5,71.2,1,76.4,2,1,78.5,2,1,Uttar Pradesh,UP,67.7,57.2,23.2,16.8,Varanasi,16.3,0,56.6,29.4,0.3149,0
SCH_2026_0430,PRE_10TH,Female,9,2-5 LPA,0,0.5,100.0,0,100.0,10,0,98.0,0,1,Bihar,BR,61.8,51.5,14.5,21.4,Patna,18.2,0,56.4,28.5,0.0097,0
SCH_2026_0431,PRE_10TH,Male,12,<2 LPA,0,0.9,79.8,0,79.5,4,0,96.3,1,1,Haryana,HR,75.6,65.9,29.8,12.5,Gurugram,2.5,0,31.2,20.5,0.0335,0
SCH_2026_0432,PRE_10TH,Male,15,2-5 LPA,0,3.1,41.7,1,50.0,9,0,95.6,0,1,Haryana,HR,75.6,65.9,29.8,12.5,Nuh / Mewat,44.8,1,88.6,47.0,0.2684,0
SCH_2026_0433,PRE_10TH,Female,10,<2 LPA,1,0.5,76.3,0,82.4,4,0,35.8,0,1,Gujarat,GJ,78.0,69.7,21.3,17.9,Ahmedabad,3.8,0,15.9,20.2,0.2322,0
SCH_2026_0434,PRE_10TH,Female,15,2-5 LPA,1,1.0,75.2,0,76.5,7,0,81.9,0,1,Maharashtra,MH,82.3,75.9,32.3,11.2,Pune,3.9,0,39.1,21.0,0.0501,0
SCH_2026_0435,PRE_10TH,Male,14,<2 LPA,0,1.0,63.3,1,72.7,12,0,67.4,1,1,Maharashtra,MH,82.3,75.9,32.3,11.2,Pune,3.9,0,39.1,21.0,0.0989,1
SCH_2026_0436,PRE_10TH,Female,15,<2 LPA,1,3.5,70.2,1,73.7,10,0,66.6,2,1,Maharashtra,MH,82.3,75.9,32.3,11.2,Gadchiroli,28.5,1,89.0,28.9,0.2653,0
SCH_2026_0437,PRE_10TH,Male,15,<2 LPA,1,4.4,59.1,1,65.1,12,1,69.5,1,0,Karnataka,KA,75.4,68.1,36.2,12.0,Yadgir,39.4,1,81.2,36.5,0.4909,0
SCH_2026_0438,PRE_10TH,Male,10,2-5 LPA,1,10.7,59.7,1,88.8,6,1,55.9,1,0,Haryana,HR,75.6,65.9,29.8,12.5,Nuh / Mewat,44.8,1,88.6,47.0,0.8532,1
SCH_2026_0439,PRE_10TH,Male,11,5-10 LPA,0,2.0,60.4,1,74.2,6,0,42.7,0,1,Haryana,HR,75.6,65.9,29.8,12.5,Nuh / Mewat,44.8,1,88.6,47.0,0.531,1
SCH_2026_0440,PRE_10TH,Male,11,<2 LPA,0,8.7,83.4,0,100.0,8,0,38.4,2,1,Rajasthan,RJ,66.1,52.1,26.0,17.2,Kota,8.2,0,39.7,21.0,0.3394,0
SCH_2026_0441,PRE_10TH,Male,10,2-5 LPA,0,4.6,75.0,0,83.2,12,0,54.4,1,0,Gujarat,GJ,78.0,69.7,21.3,17.9,Dahod,40.5,1,88.0,38.1,0.2634,0
SCH_2026_0442,PRE_10TH,Male,13,2-5 LPA,0,0.9,55.2,1,60.9,14,0,98.0,3,1,Tamil Nadu,TN,80.1,73.4,51.4,8.1,Ramanathapuram,7.8,1,69.7,22.1,0.0561,0
SCH_2026_0443,PRE_10TH,Female,10,<2 LPA,1,4.2,61.1,1,65.5,9,0,67.4,1,1,Bihar,BR,61.8,51.5,14.5,21.4,Purnia,50.4,1,89.2,42.1,0.4137,0
SCH_2026_0444,PRE_10TH,Female,10,5-10 LPA,1,10.1,45.4,1,62.6,2,0,65.0,0,1,Maharashtra,MH,82.3,75.9,32.3,11.2,Gadchiroli,28.5,1,89.0,28.9,0.7271,1
SCH_2026_0445,PRE_10TH,Male,15,<2 LPA,0,3.0,67.8,1,82.1,9,0,60.1,1,1,Haryana,HR,75.6,65.9,29.8,12.5,Gurugram,2.5,0,31.2,20.5,0.1543,0
SCH_2026_0446,PRE_10TH,Female,11,<2 LPA,1,2.3,71.7,1,78.9,8,0,55.0,0,0,Haryana,HR,75.6,65.9,29.8,12.5,Nuh / Mewat,44.8,1,88.6,47.0,0.3784,0
SCH_2026_0447,PRE_10TH,Male,12,<2 LPA,0,4.7,79.0,0,90.2,4,0,64.7,2,1,Kerala,KL,94.0,92.1,43.2,3.2,Wayanad,4.1,1,96.1,18.0,0.163,0
SCH_2026_0448,PRE_10TH,Male,14,5-10 LPA,1,1.2,42.3,1,50.2,6,1,59.9,0,1,Uttar Pradesh,UP,67.7,57.2,23.2,16.8,Bahraich,54.4,1,92.1,46.5,0.783,1
SCH_2026_0449,PRE_10TH,Female,13,2-5 LPA,0,4.4,68.6,1,76.8,9,0,47.6,1,1,Uttar Pradesh,UP,67.7,57.2,23.2,16.8,Bahraich,54.4,1,92.1,46.5,0.53,1
SCH_2026_0450,PRE_10TH,Female,14,>10 LPA,0,0.5,68.0,1,80.9,13,0,87.8,2,1,Maharashtra,MH,82.3,75.9,32.3,11.2,Pune,3.9,0,39.1,21.0,0.0594,0
SCH_2026_0451,PRE_10TH,Male,11,>10 LPA,1,3.1,64.8,1,79.6,9,0,79.2,0,1,Kerala,KL,94.0,92.1,43.2,3.2,Ernakulam,0.6,0,31.9,14.8,0.087,0
SCH_2026_0452,PRE_10TH,Male,15,<2 LPA,1,9.1,73.9,1,100.0,12,0,67.0,2,1,Gujarat,GJ,78.0,69.7,21.3,17.9,Narmada,32.4,1,89.5,30.5,0.2621,0
SCH_2026_0453,PRE_10TH,Male,10,<2 LPA,1,1.5,90.1,0,93.6,11,0,87.4,2,1,Karnataka,KA,75.4,68.1,36.2,12.0,Bengaluru Urban,1.8,0,9.1,18.2,0.0194,0
SCH_2026_0454,PRE_10TH,Male,10,2-5 LPA,0,1.5,67.6,1,71.5,0,0,24.9,0,1,Bihar,BR,61.8,51.5,14.5,21.4,Patna,18.2,0,56.4,28.5,0.5748,1
SCH_2026_0455,PRE_10TH,Female,13,2-5 LPA,0,4.1,81.8,0,94.1,4,0,40.1,2,1,Uttar Pradesh,UP,67.7,57.2,23.2,16.8,Shravasti,49.6,1,96.5,48.2,0.5887,1
SCH_2026_0456,PRE_10TH,Female,10,5-10 LPA,1,3.1,74.0,1,84.0,9,0,64.0,0,1,Haryana,HR,75.6,65.9,29.8,12.5,Gurugram,2.5,0,31.2,20.5,0.1005,0
SCH_2026_0457,PRE_10TH,Male,13,5-10 LPA,0,0.5,80.6,0,84.6,9,0,83.2,1,1,Tamil Nadu,TN,80.1,73.4,51.4,8.1,Ramanathapuram,7.8,1,69.7,22.1,0.0363,0
SCH_2026_0458,PRE_10TH,Male,14,<2 LPA,1,0.9,91.9,0,98.9,3,0,46.7,0,1,Tamil Nadu,TN,80.1,73.4,51.4,8.1,Coimbatore,2.1,0,24.2,18.9,0.1008,0
SCH_2026_0459,PRE_10TH,Male,13,<2 LPA,0,4.2,70.8,1,82.1,5,0,58.9,0,1,Maharashtra,MH,82.3,75.9,32.3,11.2,Nandurbar,33.1,1,83.3,32.4,0.3101,0
SCH_2026_0460,PRE_10TH,Male,11,<2 LPA,1,4.3,91.6,0,97.1,6,0,80.1,3,1,Gujarat,GJ,78.0,69.7,21.3,17.9,Dahod,40.5,1,88.0,38.1,0.106,0
SCH_2026_0461,PRE_10TH,Male,11,<2 LPA,1,1.1,81.1,0,87.9,1,0,53.5,0,1,Rajasthan,RJ,66.1,52.1,26.0,17.2,Kota,8.2,0,39.7,21.0,0.1637,0
SCH_2026_0462,PRE_10TH,Male,15,<2 LPA,0,4.4,77.5,0,81.6,9,1,60.4,0,1,Karnataka,KA,75.4,68.1,36.2,12.0,Raichur,36.8,1,74.6,34.0,0.3707,0
SCH_2026_0463,PRE_10TH,Female,10,<2 LPA,0,6.8,75.6,0,89.5,6,0,25.4,1,1,Madhya Pradesh,MP,69.3,59.2,24.8,18.5,Barwani,46.1,1,85.5,37.1,0.7197,1
SCH_2026_0464,PRE_10TH,Male,13,2-5 LPA,0,2.8,94.1,0,99.0,3,0,51.9,1,1,Madhya Pradesh,MP,69.3,59.2,24.8,18.5,Bhopal,9.4,0,19.1,23.4,0.1193,0
SCH_2026_0465,PRE_10TH,Female,15,<2 LPA,0,1.5,85.6,0,84.4,6,0,70.4,2,1,Haryana,HR,75.6,65.9,29.8,12.5,Nuh / Mewat,44.8,1,88.6,47.0,0.1904,0
SCH_2026_0466,PRE_10TH,Male,11,2-5 LPA,1,4.6,56.7,1,61.3,9,1,48.1,0,1,Uttar Pradesh,UP,67.7,57.2,23.2,16.8,Bahraich,54.4,1,92.1,46.5,0.7708,1
SCH_2026_0467,PRE_10TH,Female,14,2-5 LPA,0,0.5,65.5,1,77.0,8,0,69.9,3,0,Kerala,KL,94.0,92.1,43.2,3.2,Wayanad,4.1,1,96.1,18.0,0.2954,0
SCH_2026_0468,PRE_10TH,Female,15,<2 LPA,0,1.0,80.7,0,89.0,13,0,58.5,1,1,Tamil Nadu,TN,80.1,73.4,51.4,8.1,Chennai,1.2,0,0.0,17.5,0.0694,0
SCH_2026_0469,PRE_10TH,Male,13,<2 LPA,1,5.8,57.1,1,69.0,7,0,63.1,1,1,Kerala,KL,94.0,92.1,43.2,3.2,Wayanad,4.1,1,96.1,18.0,0.3098,0
SCH_2026_0470,PRE_10TH,Male,12,<2 LPA,1,4.3,79.8,0,100.0,9,0,62.5,0,0,Rajasthan,RJ,66.1,52.1,26.0,17.2,Jaisalmer,31.8,1,86.7,33.2,0.1715,0
SCH_2026_0471,PRE_10TH,Male,13,2-5 LPA,0,3.7,71.0,1,87.5,5,0,84.7,0,1,Kerala,KL,94.0,92.1,43.2,3.2,Ernakulam,0.6,0,31.9,14.8,0.0808,0
SCH_2026_0472,PRE_10TH,Female,11,2-5 LPA,1,6.3,59.7,1,74.9,9,0,48.0,1,0,Rajasthan,RJ,66.1,52.1,26.0,17.2,Jaisalmer,31.8,1,86.7,33.2,0.6759,1
SCH_2026_0473,PRE_10TH,Female,15,2-5 LPA,1,6.6,63.7,1,80.3,8,0,75.1,0,0,Bihar,BR,61.8,51.5,14.5,21.4,Gaya,38.6,1,86.8,36.2,0.3894,0
SCH_2026_0474,PRE_10TH,Male,15,2-5 LPA,0,3.3,59.3,1,74.4,5,0,59.9,1,1,Madhya Pradesh,MP,69.3,59.2,24.8,18.5,Alirajpur,52.0,1,92.2,39.5,0.5081,1
SCH_2026_0475,PRE_10TH,Male,14,2-5 LPA,0,0.5,92.8,0,95.9,11,0,57.4,1,1,Rajasthan,RJ,66.1,52.1,26.0,17.2,Jaipur,6.9,0,47.6,22.5,0.043,0
SCH_2026_0476,PRE_10TH,Female,11,<2 LPA,1,6.9,69.9,1,82.8,7,0,64.9,2,1,Kerala,KL,94.0,92.1,43.2,3.2,Wayanad,4.1,1,96.1,18.0,0.3125,0
SCH_2026_0477,PRE_10TH,Female,14,5-10 LPA,1,0.7,76.5,0,77.3,10,0,67.0,1,1,Gujarat,GJ,78.0,69.7,21.3,17.9,Ahmedabad,3.8,0,15.9,20.2,0.0797,1
SCH_2026_0478,PRE_10TH,Male,9,<2 LPA,1,2.8,83.8,0,94.7,13,0,89.5,1,0,Bihar,BR,61.8,51.5,14.5,21.4,Purnia,50.4,1,89.2,42.1,0.0603,0
SCH_2026_0479,PRE_10TH,Female,9,2-5 LPA,0,5.6,75.5,0,98.6,5,0,88.9,0,0,Karnataka,KA,75.4,68.1,36.2,12.0,Raichur,36.8,1,74.6,34.0,0.202,0
SCH_2026_0480,PRE_10TH,Male,9,2-5 LPA,0,0.5,78.8,0,81.8,13,0,69.1,0,1,Gujarat,GJ,78.0,69.7,21.3,17.9,Narmada,32.4,1,89.5,30.5,0.0679,0
SCH_2026_0481,PRE_10TH,Male,12,<2 LPA,0,4.6,80.5,0,83.8,6,0,80.6,0,1,Maharashtra,MH,82.3,75.9,32.3,11.2,Nandurbar,33.1,1,83.3,32.4,0.1153,0
SCH_2026_0482,PRE_10TH,Female,11,<2 LPA,1,0.7,75.5,0,79.2,2,0,57.1,0,1,Tamil Nadu,TN,80.1,73.4,51.4,8.1,Chennai,1.2,0,0.0,17.5,0.1454,0
SCH_2026_0483,PRE_10TH,Male,9,2-5 LPA,0,1.4,81.8,0,83.1,4,0,41.5,0,0,Uttar Pradesh,UP,67.7,57.2,23.2,16.8,Bahraich,54.4,1,92.1,46.5,0.3936,0
SCH_2026_0484,PRE_10TH,Female,15,5-10 LPA,0,2.0,76.4,0,89.6,14,0,84.8,1,1,Gujarat,GJ,78.0,69.7,21.3,17.9,Dahod,40.5,1,88.0,38.1,0.0752,0
SCH_2026_0485,PRE_10TH,Female,9,2-5 LPA,1,0.5,59.8,1,70.2,8,0,67.3,0,1,Maharashtra,MH,82.3,75.9,32.3,11.2,Pune,3.9,0,39.1,21.0,0.1332,0
SCH_2026_0486,PRE_10TH,Male,11,>10 LPA,0,3.2,75.2,0,80.9,6,0,32.9,1,1,Rajasthan,RJ,66.1,52.1,26.0,17.2,Barmer,34.2,1,93.0,35.8,0.4536,1
SCH_2026_0487,PRE_10TH,Female,10,>10 LPA,1,4.2,63.4,1,79.5,8,0,65.6,0,1,Rajasthan,RJ,66.1,52.1,26.0,17.2,Kota,8.2,0,39.7,21.0,0.1894,0
SCH_2026_0488,PRE_10TH,Female,10,<2 LPA,1,10.2,76.5,0,100.0,2,0,61.2,1,1,Rajasthan,RJ,66.1,52.1,26.0,17.2,Jaisalmer,31.8,1,86.7,33.2,0.5228,1
SCH_2026_0489,PRE_10TH,Female,14,5-10 LPA,0,1.1,47.5,1,52.3,4,1,66.2,2,0,Bihar,BR,61.8,51.5,14.5,21.4,Gaya,38.6,1,86.8,36.2,0.847,1
SCH_2026_0490,PRE_10TH,Male,14,2-5 LPA,1,4.4,52.5,1,69.5,6,0,70.9,3,0,Karnataka,KA,75.4,68.1,36.2,12.0,Raichur,36.8,1,74.6,34.0,0.4954,0
SCH_2026_0491,PRE_10TH,Male,11,<2 LPA,1,3.4,68.6,1,77.2,6,0,67.6,1,1,Maharashtra,MH,82.3,75.9,32.3,11.2,Gadchiroli,28.5,1,89.0,28.9,0.2337,0
SCH_2026_0492,PRE_10TH,Male,15,5-10 LPA,0,0.6,96.1,0,99.9,8,0,73.3,1,1,Tamil Nadu,TN,80.1,73.4,51.4,8.1,Ramanathapuram,7.8,1,69.7,22.1,0.0284,0
SCH_2026_0493,PRE_10TH,Male,15,2-5 LPA,0,1.9,71.5,1,83.5,3,0,30.2,0,1,Madhya Pradesh,MP,69.3,59.2,24.8,18.5,Bhopal,9.4,0,19.1,23.4,0.3956,0
SCH_2026_0494,PRE_10TH,Male,13,<2 LPA,1,1.8,83.1,0,92.8,15,0,98.0,2,1,Kerala,KL,94.0,92.1,43.2,3.2,Thiruvananthapuram,0.9,0,46.2,15.2,0.0137,0
SCH_2026_0495,PRE_10TH,Female,15,<2 LPA,0,5.8,78.9,0,86.9,7,0,80.8,1,1,Gujarat,GJ,78.0,69.7,21.3,17.9,Narmada,32.4,1,89.5,30.5,0.1645,0
SCH_2026_0496,PRE_10TH,Female,13,<2 LPA,1,5.4,66.3,1,77.5,7,1,64.0,1,1,Karnataka,KA,75.4,68.1,36.2,12.0,Raichur,36.8,1,74.6,34.0,0.6054,1
SCH_2026_0497,PRE_10TH,Female,13,5-10 LPA,0,1.6,76.1,0,80.0,6,0,85.6,1,1,Madhya Pradesh,MP,69.3,59.2,24.8,18.5,Bhopal,9.4,0,19.1,23.4,0.0724,0
SCH_2026_0498,PRE_10TH,Male,10,5-10 LPA,0,1.9,83.9,0,96.0,9,0,49.1,0,1,Madhya Pradesh,MP,69.3,59.2,24.8,18.5,Bhopal,9.4,0,19.1,23.4,0.1074,0
SCH_2026_0499,PRE_10TH,Male,13,2-5 LPA,1,1.6,60.2,1,72.4,6,0,60.3,0,1,Tamil Nadu,TN,80.1,73.4,51.4,8.1,Coimbatore,2.1,0,24.2,18.9,0.1994,0
SCH_2026_0500,PRE_10TH,Male,10,2-5 LPA,1,0.7,78.2,0,92.1,3,0,77.0,0,0,Haryana,HR,75.6,65.9,29.8,12.5,Gurugram,2.5,0,31.2,20.5,0.0719,0
SCH_2026_0501,PRE_10TH,Female,11,<2 LPA,1,9.0,73.7,1,84.5,10,0,71.9,1,1,Karnataka,KA,75.4,68.1,36.2,12.0,Raichur,36.8,1,74.6,34.0,0.3006,0
SCH_2026_0502,PRE_10TH,Male,12,5-10 LPA,1,6.6,60.5,1,80.3,13,0,69.6,0,0,Maharashtra,MH,82.3,75.9,32.3,11.2,Nandurbar,33.1,1,83.3,32.4,0.273,0
SCH_2026_0503,PRE_10TH,Male,14,<2 LPA,1,5.4,71.0,1,89.2,7,0,72.7,0,0,Uttar Pradesh,UP,67.7,57.2,23.2,16.8,Balrampur,47.9,1,92.3,45.0,0.2835,0
SCH_2026_0504,PRE_10TH,Male,15,5-10 LPA,0,3.1,81.4,0,92.0,6,0,80.6,0,1,Kerala,KL,94.0,92.1,43.2,3.2,Ernakulam,0.6,0,31.9,14.8,0.052,0
SCH_2026_0505,PRE_10TH,Male,10,2-5 LPA,1,3.5,65.1,1,70.6,5,0,38.3,2,1,Rajasthan,RJ,66.1,52.1,26.0,17.2,Barmer,34.2,1,93.0,35.8,0.5715,1
SCH_2026_0506,PRE_10TH,Female,15,2-5 LPA,1,1.9,61.7,1,66.8,9,0,59.9,0,1,Kerala,KL,94.0,92.1,43.2,3.2,Thiruvananthapuram,0.9,0,46.2,15.2,0.1586,0
SCH_2026_0507,PRE_10TH,Female,13,5-10 LPA,1,4.5,57.4,1,70.7,12,0,42.5,1,1,Kerala,KL,94.0,92.1,43.2,3.2,Wayanad,4.1,1,96.1,18.0,0.3922,0
SCH_2026_0508,PRE_10TH,Female,10,5-10 LPA,0,0.7,66.9,1,78.3,8,0,61.0,0,1,Tamil Nadu,TN,80.1,73.4,51.4,8.1,Chennai,1.2,0,0.0,17.5,0.1195,0
SCH_2026_0509,PRE_10TH,Female,14,<2 LPA,0,0.7,90.3,0,100.0,11,0,85.6,1,0,Kerala,KL,94.0,92.1,43.2,3.2,Ernakulam,0.6,0,31.9,14.8,0.0317,0
SCH_2026_0510,PRE_10TH,Female,14,<2 LPA,0,0.5,68.9,1,82.0,5,1,41.8,0,1,Uttar Pradesh,UP,67.7,57.2,23.2,16.8,Lucknow,8.5,0,33.8,24.1,0.4482,0
SCH_2026_0511,PRE_10TH,Female,11,2-5 LPA,1,5.6,66.8,1,79.1,6,0,63.2,2,1,Madhya Pradesh,MP,69.3,59.2,24.8,18.5,Alirajpur,52.0,1,92.2,39.5,0.5712,1
SCH_2026_0512,PRE_10TH,Male,10,<2 LPA,1,4.8,87.9,0,100.0,4,0,62.5,0,1,Madhya Pradesh,MP,69.3,59.2,24.8,18.5,Barwani,46.1,1,85.5,37.1,0.2153,0
SCH_2026_0513,PRE_10TH,Male,15,2-5 LPA,0,10.2,62.3,1,90.1,11,0,55.0,1,1,Karnataka,KA,75.4,68.1,36.2,12.0,Yadgir,39.4,1,81.2,36.5,0.5431,1
SCH_2026_0514,PRE_10TH,Male,13,<2 LPA,1,11.5,35.3,1,52.2,4,1,57.9,0,1,Karnataka,KA,75.4,68.1,36.2,12.0,Raichur,36.8,1,74.6,34.0,0.9374,1
SCH_2026_0515,PRE_10TH,Male,13,<2 LPA,0,4.0,58.4,1,69.6,10,0,69.2,3,1,Kerala,KL,94.0,92.1,43.2,3.2,Wayanad,4.1,1,96.1,18.0,0.2074,0
SCH_2026_0516,PRE_10TH,Male,12,<2 LPA,1,1.3,90.9,0,89.8,10,0,80.5,0,1,Bihar,BR,61.8,51.5,14.5,21.4,Patna,18.2,0,56.4,28.5,0.0287,0
SCH_2026_0517,PRE_10TH,Male,9,<2 LPA,1,1.1,91.5,0,95.1,6,0,78.4,0,1,Gujarat,GJ,78.0,69.7,21.3,17.9,Ahmedabad,3.8,0,15.9,20.2,0.0304,1
SCH_2026_0518,PRE_10TH,Female,15,<2 LPA,1,0.5,88.5,0,92.9,8,0,70.7,0,0,Uttar Pradesh,UP,67.7,57.2,23.2,16.8,Noida / Gautam Buddha Nagar,7.1,0,40.9,22.0,0.059,0
SCH_2026_0519,PRE_10TH,Male,13,5-10 LPA,0,7.2,53.1,1,61.0,9,0,63.9,1,0,Madhya Pradesh,MP,69.3,59.2,24.8,18.5,Barwani,46.1,1,85.5,37.1,0.5724,1
SCH_2026_0520,PRE_10TH,Male,14,<2 LPA,0,1.4,78.8,0,80.0,6,0,57.1,1,1,Haryana,HR,75.6,65.9,29.8,12.5,Gurugram,2.5,0,31.2,20.5,0.1149,0
SCH_2026_0521,PRE_10TH,Female,12,<2 LPA,1,8.8,52.1,1,68.6,9,0,83.9,2,1,Karnataka,KA,75.4,68.1,36.2,12.0,Yadgir,39.4,1,81.2,36.5,0.5287,1
SCH_2026_0522,PRE_10TH,Male,9,5-10 LPA,0,0.5,73.5,1,75.1,11,0,71.9,0,1,Uttar Pradesh,UP,67.7,57.2,23.2,16.8,Varanasi,16.3,0,56.6,29.4,0.0664,0
SCH_2026_0523,PRE_10TH,Female,14,2-5 LPA,1,2.3,79.6,0,86.5,8,0,61.4,3,1,Haryana,HR,75.6,65.9,29.8,12.5,Gurugram,2.5,0,31.2,20.5,0.1877,0
SCH_2026_0524,PRE_10TH,Male,10,2-5 LPA,1,4.0,74.1,1,86.1,5,0,77.0,1,1,Rajasthan,RJ,66.1,52.1,26.0,17.2,Jaisalmer,31.8,1,86.7,33.2,0.175,0
SCH_2026_0525,PRE_10TH,Female,11,2-5 LPA,1,0.9,84.9,0,93.2,1,0,51.9,0,1,Rajasthan,RJ,66.1,52.1,26.0,17.2,Kota,8.2,0,39.7,21.0,0.1457,0
SCH_2026_0526,PRE_10TH,Male,10,2-5 LPA,1,0.5,79.8,0,83.9,8,0,68.9,1,1,Haryana,HR,75.6,65.9,29.8,12.5,Gurugram,2.5,0,31.2,20.5,0.0593,0
SCH_2026_0527,PRE_10TH,Male,11,<2 LPA,0,0.7,89.5,0,89.1,9,0,68.5,1,1,Tamil Nadu,TN,80.1,73.4,51.4,8.1,Chennai,1.2,0,0.0,17.5,0.0364,0
SCH_2026_0528,PRE_10TH,Male,9,5-10 LPA,1,0.5,71.6,1,77.2,6,0,46.5,0,0,Tamil Nadu,TN,80.1,73.4,51.4,8.1,Ramanathapuram,7.8,1,69.7,22.1,0.2062,0
SCH_2026_0529,PRE_10TH,Male,10,<2 LPA,0,2.1,92.8,0,100.0,6,0,74.4,0,1,Karnataka,KA,75.4,68.1,36.2,12.0,Bengaluru Urban,1.8,0,9.1,18.2,0.0355,0
SCH_2026_0530,PRE_10TH,Female,10,5-10 LPA,1,5.2,61.0,1,74.7,0,1,60.9,0,1,Bihar,BR,61.8,51.5,14.5,21.4,Gaya,38.6,1,86.8,36.2,0.7387,1
SCH_2026_0531,PRE_10TH,Female,9,>10 LPA,0,6.6,74.8,1,90.6,5,0,44.0,2,1,Rajasthan,RJ,66.1,52.1,26.0,17.2,Barmer,34.2,1,93.0,35.8,0.6095,1
SCH_2026_0532,PRE_10TH,Male,14,2-5 LPA,1,4.3,69.9,1,85.1,9,0,79.4,1,1,Madhya Pradesh,MP,69.3,59.2,24.8,18.5,Alirajpur,52.0,1,92.2,39.5,0.2098,0
SCH_2026_0533,PRE_10TH,Female,9,5-10 LPA,1,3.2,61.2,1,73.9,3,0,72.8,2,1,Gujarat,GJ,78.0,69.7,21.3,17.9,Narmada,32.4,1,89.5,30.5,0.4426,0
SCH_2026_0534,PRE_10TH,Male,9,2-5 LPA,0,1.2,80.1,0,78.4,6,0,40.0,1,1,Rajasthan,RJ,66.1,52.1,26.0,17.2,Kota,8.2,0,39.7,21.0,0.1953,0
SCH_2026_0535,PRE_10TH,Female,13,2-5 LPA,1,3.4,81.4,0,87.5,5,0,30.8,0,1,Maharashtra,MH,82.3,75.9,32.3,11.2,Gadchiroli,28.5,1,89.0,28.9,0.3794,0
SCH_2026_0536,PRE_10TH,Male,14,5-10 LPA,1,6.5,65.0,1,82.4,5,0,50.7,1,1,Rajasthan,RJ,66.1,52.1,26.0,17.2,Jaisalmer,31.8,1,86.7,33.2,0.5192,1
SCH_2026_0537,PRE_10TH,Male,9,2-5 LPA,1,5.3,57.4,1,74.7,9,0,52.0,0,1,Uttar Pradesh,UP,67.7,57.2,23.2,16.8,Lucknow,8.5,0,33.8,24.1,0.3459,0
SCH_2026_0538,PRE_10TH,Male,13,<2 LPA,1,0.5,91.2,0,88.0,7,0,56.9,0,1,Rajasthan,RJ,66.1,52.1,26.0,17.2,Jaipur,6.9,0,47.6,22.5,0.0583,0
SCH_2026_0539,PRE_10TH,Male,13,<2 LPA,1,0.7,45.5,1,52.9,8,0,73.9,1,1,Kerala,KL,94.0,92.1,43.2,3.2,Ernakulam,0.6,0,31.9,14.8,0.1957,1
SCH_2026_0540,PRE_10TH,Male,15,<2 LPA,0,3.6,93.8,0,97.7,3,0,61.4,0,0,Madhya Pradesh,MP,69.3,59.2,24.8,18.5,Indore,6.8,0,25.9,21.8,0.0931,0
SCH_2026_0541,PRE_10TH,Female,15,>10 LPA,0,3.6,76.0,0,80.5,7,0,55.7,2,1,Tamil Nadu,TN,80.1,73.4,51.4,8.1,Chennai,1.2,0,0.0,17.5,0.232,0
SCH_2026_0542,PRE_10TH,Male,12,2-5 LPA,1,1.9,67.9,1,79.3,0,0,68.2,0,1,Haryana,HR,75.6,65.9,29.8,12.5,Gurugram,2.5,0,31.2,20.5,0.1836,0
SCH_2026_0543,PRE_10TH,Female,10,2-5 LPA,1,1.5,71.1,1,75.5,10,0,77.4,0,1,Kerala,KL,94.0,92.1,43.2,3.2,Thiruvananthapuram,0.9,0,46.2,15.2,0.0555,0
SCH_2026_0544,PRE_10TH,Male,11,<2 LPA,0,5.1,72.5,1,79.1,5,0,60.9,2,1,Karnataka,KA,75.4,68.1,36.2,12.0,Raichur,36.8,1,74.6,34.0,0.3565,1
SCH_2026_0545,PRE_10TH,Male,12,<2 LPA,0,0.9,81.5,0,89.2,6,0,61.7,2,0,Madhya Pradesh,MP,69.3,59.2,24.8,18.5,Bhopal,9.4,0,19.1,23.4,0.113,0
SCH_2026_0546,PRE_10TH,Female,10,5-10 LPA,0,0.5,81.4,0,93.6,9,0,52.4,0,0,Karnataka,KA,75.4,68.1,36.2,12.0,Bengaluru Urban,1.8,0,9.1,18.2,0.1198,0
SCH_2026_0547,PRE_10TH,Male,11,2-5 LPA,0,2.0,86.2,0,89.8,0,0,60.6,0,1,Bihar,BR,61.8,51.5,14.5,21.4,Muzaffarpur,35.1,1,90.3,38.0,0.2017,0
SCH_2026_0548,PRE_10TH,Female,14,<2 LPA,0,2.1,91.7,0,100.0,4,0,66.7,1,0,Bihar,BR,61.8,51.5,14.5,21.4,Patna,18.2,0,56.4,28.5,0.1489,0
SCH_2026_0549,PRE_10TH,Male,10,<2 LPA,1,0.5,82.3,0,93.9,8,0,74.4,2,1,Bihar,BR,61.8,51.5,14.5,21.4,Patna,18.2,0,56.4,28.5,0.0649,0
SCH_2026_0550,PRE_10TH,Female,10,>10 LPA,0,0.5,97.0,0,94.3,6,0,52.9,1,1,Karnataka,KA,75.4,68.1,36.2,12.0,Bengaluru Urban,1.8,0,9.1,18.2,0.0676,0
SCH_2026_0551,PRE_10TH,Female,10,2-5 LPA,0,2.7,81.6,0,81.9,5,0,60.9,1,1,Karnataka,KA,75.4,68.1,36.2,12.0,Bengaluru Urban,1.8,0,9.1,18.2,0.1343,0
SCH_2026_0552,PRE_10TH,Male,15,<2 LPA,1,0.6,82.1,0,81.9,8,0,64.9,0,1,Rajasthan,RJ,66.1,52.1,26.0,17.2,Kota,8.2,0,39.7,21.0,0.0633,0
SCH_2026_0553,PRE_10TH,Male,9,>10 LPA,1,7.3,69.9,1,90.9,4,0,36.3,1,0,Uttar Pradesh,UP,67.7,57.2,23.2,16.8,Balrampur,47.9,1,92.3,45.0,0.7223,1
SCH_2026_0554,PRE_10TH,Male,9,5-10 LPA,0,3.1,82.9,0,100.0,8,0,83.8,1,1,Rajasthan,RJ,66.1,52.1,26.0,17.2,Jaisalmer,31.8,1,86.7,33.2,0.0735,0
SCH_2026_0555,PRE_10TH,Male,15,2-5 LPA,1,0.7,88.2,0,95.1,4,0,55.9,2,1,Madhya Pradesh,MP,69.3,59.2,24.8,18.5,Bhopal,9.4,0,19.1,23.4,0.1073,0
SCH_2026_0556,PRE_10TH,Male,10,2-5 LPA,1,1.0,69.2,1,77.0,7,0,48.6,1,1,Karnataka,KA,75.4,68.1,36.2,12.0,Bengaluru Urban,1.8,0,9.1,18.2,0.1899,0
SCH_2026_0557,PRE_10TH,Male,13,2-5 LPA,0,1.0,60.4,1,68.9,12,0,60.2,0,1,Uttar Pradesh,UP,67.7,57.2,23.2,16.8,Varanasi,16.3,0,56.6,29.4,0.1586,0
SCH_2026_0558,PRE_10TH,Male,10,2-5 LPA,0,6.6,62.4,1,74.7,12,0,79.4,0,0,Karnataka,KA,75.4,68.1,36.2,12.0,Yadgir,39.4,1,81.2,36.5,0.2304,0
SCH_2026_0559,PRE_10TH,Female,10,<2 LPA,0,1.1,95.9,0,100.0,4,0,55.5,1,1,Rajasthan,RJ,66.1,52.1,26.0,17.2,Jaipur,6.9,0,47.6,22.5,0.0883,0
SCH_2026_0560,PRE_10TH,Female,15,2-5 LPA,0,0.9,52.4,1,59.6,7,0,56.6,0,1,Madhya Pradesh,MP,69.3,59.2,24.8,18.5,Bhopal,9.4,0,19.1,23.4,0.2844,0
SCH_2026_0561,PRE_10TH,Female,11,<2 LPA,0,1.9,93.6,0,100.0,5,0,78.4,2,1,Tamil Nadu,TN,80.1,73.4,51.4,8.1,Chennai,1.2,0,0.0,17.5,0.0559,0
SCH_2026_0562,PRE_10TH,Female,11,<2 LPA,1,6.1,73.0,1,92.1,8,0,60.9,1,0,Haryana,HR,75.6,65.9,29.8,12.5,Nuh / Mewat,44.8,1,88.6,47.0,0.4978,0
SCH_2026_0563,PRE_10TH,Female,13,<2 LPA,1,1.6,80.4,0,94.0,10,0,87.1,0,1,Haryana,HR,75.6,65.9,29.8,12.5,Gurugram,2.5,0,31.2,20.5,0.0279,0
SCH_2026_0564,PRE_10TH,Female,9,5-10 LPA,0,3.4,60.1,1,70.6,8,0,78.5,2,0,Tamil Nadu,TN,80.1,73.4,51.4,8.1,Ramanathapuram,7.8,1,69.7,22.1,0.309,0
SCH_2026_0565,PRE_10TH,Female,15,2-5 LPA,1,0.5,74.4,1,81.3,4,0,74.8,1,0,Karnataka,KA,75.4,68.1,36.2,12.0,Bengaluru Urban,1.8,0,9.1,18.2,0.1463,0
SCH_2026_0566,PRE_10TH,Female,12,<2 LPA,0,2.7,82.9,0,96.6,5,0,80.8,3,1,Uttar Pradesh,UP,67.7,57.2,23.2,16.8,Lucknow,8.5,0,33.8,24.1,0.1312,1
SCH_2026_0567,PRE_10TH,Male,15,<2 LPA,1,4.3,91.6,0,98.0,4,0,39.3,1,1,Maharashtra,MH,82.3,75.9,32.3,11.2,Mumbai,2.1,0,0.0,19.5,0.1841,0
SCH_2026_0568,PRE_10TH,Female,15,<2 LPA,1,0.5,61.8,1,68.7,9,0,83.2,0,1,Tamil Nadu,TN,80.1,73.4,51.4,8.1,Ramanathapuram,7.8,1,69.7,22.1,0.0743,1
SCH_2026_0569,PRE_10TH,Female,14,2-5 LPA,0,2.4,60.7,1,66.5,8,0,82.2,1,1,Kerala,KL,94.0,92.1,43.2,3.2,Ernakulam,0.6,0,31.9,14.8,0.1214,0
SCH_2026_0570,PRE_10TH,Female,11,<2 LPA,0,5.9,62.8,1,81.5,6,0,69.9,0,0,Rajasthan,RJ,66.1,52.1,26.0,17.2,Barmer,34.2,1,93.0,35.8,0.4416,0
SCH_2026_0571,PRE_10TH,Male,12,2-5 LPA,0,1.8,62.7,1,68.1,14,0,98.0,0,1,Kerala,KL,94.0,92.1,43.2,3.2,Ernakulam,0.6,0,31.9,14.8,0.0302,0
SCH_2026_0572,PRE_10TH,Male,9,2-5 LPA,1,3.4,63.6,1,73.8,3,0,55.6,1,1,Karnataka,KA,75.4,68.1,36.2,12.0,Yadgir,39.4,1,81.2,36.5,0.4792,0
SCH_2026_0573,PRE_10TH,Male,11,>10 LPA,0,1.9,96.2,0,100.0,9,0,58.7,1,1,Gujarat,GJ,78.0,69.7,21.3,17.9,Dahod,40.5,1,88.0,38.1,0.091,0
SCH_2026_0574,PRE_10TH,Female,15,2-5 LPA,1,0.5,76.4,0,77.8,10,0,74.6,1,1,Madhya Pradesh,MP,69.3,59.2,24.8,18.5,Indore,6.8,0,25.9,21.8,0.0642,0
SCH_2026_0575,PRE_10TH,Male,11,5-10 LPA,0,0.5,64.9,1,67.0,8,0,56.4,0,1,Madhya Pradesh,MP,69.3,59.2,24.8,18.5,Bhopal,9.4,0,19.1,23.4,0.166,0
SCH_2026_0576,PRE_10TH,Female,10,2-5 LPA,1,1.7,72.2,1,80.0,6,0,59.1,3,1,Bihar,BR,61.8,51.5,14.5,21.4,Patna,18.2,0,56.4,28.5,0.3433,0
SCH_2026_0577,PRE_10TH,Male,12,5-10 LPA,1,0.8,58.2,1,68.4,5,0,68.7,3,1,Tamil Nadu,TN,80.1,73.4,51.4,8.1,Ramanathapuram,7.8,1,69.7,22.1,0.2266,1
SCH_2026_0578,PRE_10TH,Female,15,2-5 LPA,0,2.5,77.1,0,85.0,3,0,62.8,1,1,Maharashtra,MH,82.3,75.9,32.3,11.2,Gadchiroli,28.5,1,89.0,28.9,0.257,0
SCH_2026_0579,PRE_10TH,Female,14,<2 LPA,1,18.0,32.8,1,70.1,6,0,73.5,2,1,Madhya Pradesh,MP,69.3,59.2,24.8,18.5,Barwani,46.1,1,85.5,37.1,0.944,1
SCH_2026_0580,PRE_10TH,Female,14,<2 LPA,0,0.5,76.6,0,79.7,9,0,66.4,0,1,Maharashtra,MH,82.3,75.9,32.3,11.2,Mumbai,2.1,0,0.0,19.5,0.0621,0
SCH_2026_0581,PRE_10TH,Male,14,<2 LPA,0,2.8,86.0,0,88.2,2,0,65.6,1,1,Madhya Pradesh,MP,69.3,59.2,24.8,18.5,Alirajpur,52.0,1,92.2,39.5,0.2345,0
SCH_2026_0582,PRE_10TH,Female,11,5-10 LPA,1,1.7,79.8,0,88.3,15,0,80.8,2,1,Kerala,KL,94.0,92.1,43.2,3.2,Thiruvananthapuram,0.9,0,46.2,15.2,0.0423,0
SCH_2026_0583,PRE_10TH,Male,13,<2 LPA,1,2.4,83.7,0,100.0,14,0,78.6,0,1,Haryana,HR,75.6,65.9,29.8,12.5,Gurugram,2.5,0,31.2,20.5,0.0259,0
SCH_2026_0584,PRE_10TH,Male,15,2-5 LPA,0,0.6,85.3,0,85.4,3,0,42.4,2,1,Tamil Nadu,TN,80.1,73.4,51.4,8.1,Coimbatore,2.1,0,24.2,18.9,0.1693,0
SCH_2026_0585,PRE_10TH,Male,15,<2 LPA,1,4.4,67.2,1,78.4,5,0,58.7,2,1,Gujarat,GJ,78.0,69.7,21.3,17.9,Ahmedabad,3.8,0,15.9,20.2,0.2645,0
SCH_2026_0586,PRE_10TH,Male,14,>10 LPA,0,0.7,84.7,0,93.0,7,0,62.4,0,1,Gujarat,GJ,78.0,69.7,21.3,17.9,Ahmedabad,3.8,0,15.9,20.2,0.062,0
SCH_2026_0587,PRE_10TH,Male,13,2-5 LPA,0,4.9,68.9,1,77.7,12,0,69.9,1,1,Maharashtra,MH,82.3,75.9,32.3,11.2,Nandurbar,33.1,1,83.3,32.4,0.1834,0
SCH_2026_0588,PRE_10TH,Male,9,>10 LPA,0,0.7,77.8,0,89.6,8,0,81.9,1,1,Maharashtra,MH,82.3,75.9,32.3,11.2,Pune,3.9,0,39.1,21.0,0.044,0
SCH_2026_0589,PRE_10TH,Female,11,<2 LPA,0,2.0,78.0,0,94.3,7,0,73.7,2,1,Haryana,HR,75.6,65.9,29.8,12.5,Gurugram,2.5,0,31.2,20.5,0.1109,0
SCH_2026_0590,PRE_10TH,Male,12,<2 LPA,0,4.2,56.5,1,73.6,8,0,75.0,3,1,Tamil Nadu,TN,80.1,73.4,51.4,8.1,Ramanathapuram,7.8,1,69.7,22.1,0.2311,0
SCH_2026_0591,PRE_10TH,Male,13,<2 LPA,1,5.2,75.6,0,90.7,10,0,98.0,0,1,Rajasthan,RJ,66.1,52.1,26.0,17.2,Jaisalmer,31.8,1,86.7,33.2,0.0628,0
SCH_2026_0592,PRE_10TH,Male,11,<2 LPA,0,0.7,80.2,0,83.8,6,0,64.5,0,1,Tamil Nadu,TN,80.1,73.4,51.4,8.1,Coimbatore,2.1,0,24.2,18.9,0.0722,0
SCH_2026_0593,PRE_10TH,Male,12,2-5 LPA,0,5.3,78.5,0,84.4,3,0,40.5,0,0,Maharashtra,MH,82.3,75.9,32.3,11.2,Nandurbar,33.1,1,83.3,32.4,0.4679,0
SCH_2026_0594,PRE_10TH,Female,9,2-5 LPA,1,4.0,72.6,1,85.3,3,0,71.0,0,1,Kerala,KL,94.0,92.1,43.2,3.2,Wayanad,4.1,1,96.1,18.0,0.1473,0
SCH_2026_0595,PRE_10TH,Male,11,<2 LPA,1,5.0,75.7,0,82.6,4,0,39.2,0,1,Maharashtra,MH,82.3,75.9,32.3,11.2,Nandurbar,33.1,1,83.3,32.4,0.4584,0
SCH_2026_0596,PRE_10TH,Female,9,<2 LPA,0,0.5,90.3,0,86.9,8,0,57.4,0,1,Maharashtra,MH,82.3,75.9,32.3,11.2,Mumbai,2.1,0,0.0,19.5,0.0505,0
SCH_2026_0597,PRE_10TH,Male,14,2-5 LPA,1,2.0,78.7,0,83.2,6,0,70.3,1,1,Bihar,BR,61.8,51.5,14.5,21.4,Patna,18.2,0,56.4,28.5,0.1079,0
SCH_2026_0598,PRE_10TH,Female,13,2-5 LPA,0,3.6,69.2,1,83.2,14,0,83.3,0,1,Maharashtra,MH,82.3,75.9,32.3,11.2,Mumbai,2.1,0,0.0,19.5,0.0476,0
SCH_2026_0599,PRE_10TH,Male,14,2-5 LPA,1,0.7,72.5,1,84.5,6,0,54.4,1,1,Haryana,HR,75.6,65.9,29.8,12.5,Gurugram,2.5,0,31.2,20.5,0.1482,0
SCH_2026_0600,PRE_10TH,Male,10,2-5 LPA,0,2.0,79.0,0,82.4,1,0,80.9,1,0,Rajasthan,RJ,66.1,52.1,26.0,17.2,Barmer,34.2,1,93.0,35.8,0.1559,0
SCH_2026_0601,PRE_10TH,Female,10,<2 LPA,0,2.1,74.1,1,82.9,5,0,64.3,0,1,Gujarat,GJ,78.0,69.7,21.3,17.9,Ahmedabad,3.8,0,15.9,20.2,0.121,0
SCH_2026_0602,PRE_10TH,Female,14,<2 LPA,0,2.9,99.9,0,100.0,4,0,56.7,0,0,Gujarat,GJ,78.0,69.7,21.3,17.9,Narmada,32.4,1,89.5,30.5,0.1572,0
SCH_2026_0603,PRE_10TH,Female,9,<2 LPA,0,1.2,81.1,0,79.7,10,0,57.2,1,1,Rajasthan,RJ,66.1,52.1,26.0,17.2,Kota,8.2,0,39.7,21.0,0.103,0
SCH_2026_0604,PRE_10TH,Male,11,2-5 LPA,0,0.5,81.3,0,84.6,7,0,72.7,1,1,Madhya Pradesh,MP,69.3,59.2,24.8,18.5,Indore,6.8,0,25.9,21.8,0.0575,0
SCH_2026_0605,PRE_10TH,Female,10,<2 LPA,1,1.9,86.9,0,99.6,9,0,55.5,0,1,Kerala,KL,94.0,92.1,43.2,3.2,Ernakulam,0.6,0,31.9,14.8,0.0652,0
SCH_2026_0606,PRE_10TH,Male,13,2-5 LPA,1,5.3,43.1,1,50.7,8,0,73.6,0,0,Madhya Pradesh,MP,69.3,59.2,24.8,18.5,Barwani,46.1,1,85.5,37.1,0.5403,1
SCH_2026_0607,PRE_10TH,Male,10,5-10 LPA,0,1.0,64.7,1,65.8,7,0,71.2,2,0,Tamil Nadu,TN,80.1,73.4,51.4,8.1,Ramanathapuram,7.8,1,69.7,22.1,0.1488,0
SCH_2026_0608,PRE_10TH,Male,10,<2 LPA,1,3.3,75.6,0,80.1,8,0,83.8,3,1,Kerala,KL,94.0,92.1,43.2,3.2,Wayanad,4.1,1,96.1,18.0,0.0725,0
SCH_2026_0609,PRE_10TH,Male,13,<2 LPA,0,8.9,66.1,1,88.9,5,0,53.1,1,1,Bihar,BR,61.8,51.5,14.5,21.4,Muzaffarpur,35.1,1,90.3,38.0,0.5761,1
SCH_2026_0610,PRE_10TH,Male,9,<2 LPA,1,10.0,75.6,0,100.0,2,0,53.2,3,0,Rajasthan,RJ,66.1,52.1,26.0,17.2,Jaisalmer,31.8,1,86.7,33.2,0.6099,1
SCH_2026_0611,PRE_10TH,Male,13,5-10 LPA,1,7.8,49.9,1,71.6,6,0,82.2,1,1,Haryana,HR,75.6,65.9,29.8,12.5,Nuh / Mewat,44.8,1,88.6,47.0,0.4981,0
SCH_2026_0612,PRE_10TH,Male,12,>10 LPA,1,0.6,49.2,1,55.7,8,0,67.2,1,1,Maharashtra,MH,82.3,75.9,32.3,11.2,Nandurbar,33.1,1,83.3,32.4,0.3299,0
SCH_2026_0613,PRE_10TH,Male,11,5-10 LPA,0,10.0,70.6,1,98.9,4,0,63.1,2,0,Uttar Pradesh,UP,67.7,57.2,23.2,16.8,Shravasti,49.6,1,96.5,48.2,0.6063,1
SCH_2026_0614,PRE_10TH,Female,12,2-5 LPA,0,0.5,78.6,0,85.6,3,0,62.0,0,1,Madhya Pradesh,MP,69.3,59.2,24.8,18.5,Indore,6.8,0,25.9,21.8,0.1114,0
SCH_2026_0615,PRE_10TH,Female,9,2-5 LPA,0,0.8,72.2,1,86.2,9,0,90.7,0,1,Bihar,BR,61.8,51.5,14.5,21.4,Patna,18.2,0,56.4,28.5,0.0473,0
SCH_2026_0616,PRE_10TH,Male,9,2-5 LPA,0,3.4,73.2,1,78.8,5,0,70.6,0,0,Gujarat,GJ,78.0,69.7,21.3,17.9,Narmada,32.4,1,89.5,30.5,0.2065,0
SCH_2026_0617,PRE_10TH,Female,10,2-5 LPA,0,3.8,75.1,0,78.7,9,0,81.3,0,0,Maharashtra,MH,82.3,75.9,32.3,11.2,Gadchiroli,28.5,1,89.0,28.9,0.1436,0
SCH_2026_0618,PRE_10TH,Male,11,<2 LPA,1,0.5,77.1,0,83.6,2,0,40.0,0,1,Karnataka,KA,75.4,68.1,36.2,12.0,Bengaluru Urban,1.8,0,9.1,18.2,0.2211,0
SCH_2026_0619,PRE_10TH,Female,10,5-10 LPA,0,0.5,82.0,0,87.6,9,0,59.2,0,1,Bihar,BR,61.8,51.5,14.5,21.4,Muzaffarpur,35.1,1,90.3,38.0,0.1143,0
SCH_2026_0620,PRE_10TH,Female,13,<2 LPA,1,5.8,74.1,1,81.7,13,0,86.5,0,1,Gujarat,GJ,78.0,69.7,21.3,17.9,Dahod,40.5,1,88.0,38.1,0.0985,0
SCH_2026_0621,PRE_10TH,Male,15,<2 LPA,1,5.2,65.1,1,76.0,5,0,65.0,0,1,Karnataka,KA,75.4,68.1,36.2,12.0,Raichur,36.8,1,74.6,34.0,0.3599,0
SCH_2026_0622,PRE_10TH,Male,12,2-5 LPA,0,0.6,89.2,0,90.5,2,0,80.7,1,1,Rajasthan,RJ,66.1,52.1,26.0,17.2,Kota,8.2,0,39.7,21.0,0.0478,0
SCH_2026_0623,PRE_10TH,Male,14,2-5 LPA,1,3.9,67.9,1,76.0,2,0,74.0,2,1,Tamil Nadu,TN,80.1,73.4,51.4,8.1,Coimbatore,2.1,0,24.2,18.9,0.1919,0
SCH_2026_0624,PRE_10TH,Male,15,2-5 LPA,1,3.7,73.7,1,92.7,10,0,53.8,1,1,Maharashtra,MH,82.3,75.9,32.3,11.2,Gadchiroli,28.5,1,89.0,28.9,0.2284,0
SCH_2026_0625,PRE_10TH,Male,9,<2 LPA,0,3.4,67.5,1,83.2,2,1,36.3,0,1,Haryana,HR,75.6,65.9,29.8,12.5,Nuh / Mewat,44.8,1,88.6,47.0,0.797,1
SCH_2026_0626,PRE_10TH,Female,12,2-5 LPA,1,0.8,89.0,0,93.5,11,0,88.3,0,1,Haryana,HR,75.6,65.9,29.8,12.5,Gurugram,2.5,0,31.2,20.5,0.0155,0
SCH_2026_0627,PRE_10TH,Male,10,2-5 LPA,1,5.5,86.2,0,94.1,13,0,66.0,1,1,Haryana,HR,75.6,65.9,29.8,12.5,Nuh / Mewat,44.8,1,88.6,47.0,0.129,0
SCH_2026_0628,PRE_10TH,Female,15,>10 LPA,0,4.0,65.4,1,74.8,0,0,59.1,1,1,Uttar Pradesh,UP,67.7,57.2,23.2,16.8,Varanasi,16.3,0,56.6,29.4,0.4427,0
SCH_2026_0629,PRE_10TH,Male,14,<2 LPA,0,6.9,52.3,1,67.1,10,1,44.6,1,0,Rajasthan,RJ,66.1,52.1,26.0,17.2,Barmer,34.2,1,93.0,35.8,0.8176,1
SCH_2026_0630,PRE_10TH,Male,9,<2 LPA,0,1.8,96.1,0,100.0,3,0,58.1,2,0,Maharashtra,MH,82.3,75.9,32.3,11.2,Mumbai,2.1,0,0.0,19.5,0.0834,0
SCH_2026_0631,PRE_10TH,Male,15,2-5 LPA,0,1.4,67.6,1,69.1,12,0,67.7,0,1,Kerala,KL,94.0,92.1,43.2,3.2,Ernakulam,0.6,0,31.9,14.8,0.0745,1
SCH_2026_0632,PRE_10TH,Male,10,2-5 LPA,1,7.0,59.0,1,70.1,10,0,77.6,2,1,Bihar,BR,61.8,51.5,14.5,21.4,Gaya,38.6,1,86.8,36.2,0.3313,0
SCH_2026_0633,PRE_10TH,Male,13,>10 LPA,1,0.5,88.6,0,87.6,3,0,56.3,2,1,Rajasthan,RJ,66.1,52.1,26.0,17.2,Kota,8.2,0,39.7,21.0,0.1079,0
SCH_2026_0634,PRE_10TH,Female,15,2-5 LPA,1,2.7,100.0,0,100.0,10,0,60.1,0,1,Maharashtra,MH,82.3,75.9,32.3,11.2,Pune,3.9,0,39.1,21.0,0.0347,0
SCH_2026_0635,PRE_10TH,Female,15,<2 LPA,1,0.7,67.3,1,78.6,7,0,63.9,1,1,Tamil Nadu,TN,80.1,73.4,51.4,8.1,Coimbatore,2.1,0,24.2,18.9,0.1512,0
SCH_2026_0636,PRE_10TH,Male,11,2-5 LPA,1,2.8,66.4,1,78.8,4,0,58.0,0,1,Maharashtra,MH,82.3,75.9,32.3,11.2,Pune,3.9,0,39.1,21.0,0.2217,0
SCH_2026_0637,PRE_10TH,Female,14,2-5 LPA,1,0.5,87.2,0,92.0,8,0,66.2,0,1,Rajasthan,RJ,66.1,52.1,26.0,17.2,Kota,8.2,0,39.7,21.0,0.0484,0
SCH_2026_0638,PRE_10TH,Male,13,<2 LPA,0,5.6,55.1,1,69.6,8,0,56.8,0,0,Madhya Pradesh,MP,69.3,59.2,24.8,18.5,Alirajpur,52.0,1,92.2,39.5,0.5915,1
SCH_2026_0639,PRE_10TH,Female,9,5-10 LPA,0,1.0,57.5,1,59.8,6,0,83.9,3,1,Kerala,KL,94.0,92.1,43.2,3.2,Thiruvananthapuram,0.9,0,46.2,15.2,0.2151,0
SCH_2026_0640,PRE_10TH,Male,9,<2 LPA,0,1.5,85.2,0,87.1,3,0,66.0,2,1,Madhya Pradesh,MP,69.3,59.2,24.8,18.5,Indore,6.8,0,25.9,21.8,0.0984,0
SCH_2026_0641,PRE_10TH,Female,15,>10 LPA,1,4.0,92.9,0,95.6,5,0,50.0,1,1,Uttar Pradesh,UP,67.7,57.2,23.2,16.8,Noida / Gautam Buddha Nagar,7.1,0,40.9,22.0,0.1504,0
SCH_2026_0642,PRE_10TH,Male,10,2-5 LPA,0,3.3,91.7,0,94.6,5,0,50.2,1,0,Rajasthan,RJ,66.1,52.1,26.0,17.2,Barmer,34.2,1,93.0,35.8,0.2071,0
SCH_2026_0643,PRE_10TH,Male,14,2-5 LPA,0,1.2,88.2,0,100.0,4,0,49.3,1,1,Maharashtra,MH,82.3,75.9,32.3,11.2,Mumbai,2.1,0,0.0,19.5,0.1126,0
SCH_2026_0644,PRE_10TH,Male,15,<2 LPA,0,2.9,68.8,1,74.1,9,0,92.0,1,1,Kerala,KL,94.0,92.1,43.2,3.2,Thiruvananthapuram,0.9,0,46.2,15.2,0.0519,0
SCH_2026_0645,PRE_10TH,Female,10,<2 LPA,0,1.4,59.2,1,67.4,5,0,50.0,0,1,Tamil Nadu,TN,80.1,73.4,51.4,8.1,Chennai,1.2,0,0.0,17.5,0.2794,0
SCH_2026_0646,PRE_10TH,Male,10,5-10 LPA,1,7.2,53.9,1,73.1,8,0,37.9,3,0,Karnataka,KA,75.4,68.1,36.2,12.0,Yadgir,39.4,1,81.2,36.5,0.7852,0
SCH_2026_0647,PRE_10TH,Male,11,<2 LPA,1,2.9,40.0,1,51.9,3,1,67.2,0,0,Uttar Pradesh,UP,67.7,57.2,23.2,16.8,Shravasti,49.6,1,96.5,48.2,0.8267,1
SCH_2026_0648,PRE_10TH,Male,14,2-5 LPA,0,1.1,81.3,0,79.7,7,0,75.8,0,0,Haryana,HR,75.6,65.9,29.8,12.5,Gurugram,2.5,0,31.2,20.5,0.051,0
SCH_2026_0649,PRE_10TH,Male,10,<2 LPA,1,1.8,69.9,1,81.5,8,0,82.6,1,1,Maharashtra,MH,82.3,75.9,32.3,11.2,Mumbai,2.1,0,0.0,19.5,0.0661,0
SCH_2026_0650,PRE_10TH,Male,14,2-5 LPA,1,4.3,54.0,1,65.6,8,1,69.3,0,0,Uttar Pradesh,UP,67.7,57.2,23.2,16.8,Balrampur,47.9,1,92.3,45.0,0.6446,1
SCH_2026_0651,PRE_10TH,Male,15,2-5 LPA,0,2.4,84.2,0,84.2,10,0,60.0,2,1,Gujarat,GJ,78.0,69.7,21.3,17.9,Dahod,40.5,1,88.0,38.1,0.1492,0
SCH_2026_0652,PRE_10TH,Female,10,<2 LPA,0,11.4,65.5,1,83.9,0,0,39.5,1,1,Bihar,BR,61.8,51.5,14.5,21.4,Katihar,48.7,1,91.1,44.3,0.8792,1
SCH_2026_0653,PRE_10TH,Female,9,<2 LPA,1,1.8,64.3,1,76.4,4,0,48.7,1,0,Rajasthan,RJ,66.1,52.1,26.0,17.2,Barmer,34.2,1,93.0,35.8,0.5998,1
SCH_2026_0654,PRE_10TH,Female,10,<2 LPA,0,2.0,80.3,0,86.6,3,0,50.7,1,1,Uttar Pradesh,UP,67.7,57.2,23.2,16.8,Balrampur,47.9,1,92.3,45.0,0.3869,1
SCH_2026_0655,PRE_10TH,Male,15,5-10 LPA,0,3.2,79.0,0,84.2,5,0,71.7,2,1,Rajasthan,RJ,66.1,52.1,26.0,17.2,Jaipur,6.9,0,47.6,22.5,0.1099,0
SCH_2026_0656,PRE_10TH,Male,12,<2 LPA,0,5.2,67.7,1,85.2,8,0,72.0,1,1,Rajasthan,RJ,66.1,52.1,26.0,17.2,Barmer,34.2,1,93.0,35.8,0.2428,0
SCH_2026_0657,PRE_10TH,Female,10,2-5 LPA,1,2.1,53.4,1,56.8,11,1,63.5,1,0,Rajasthan,RJ,66.1,52.1,26.0,17.2,Jaisalmer,31.8,1,86.7,33.2,0.6574,1
SCH_2026_0658,PRE_10TH,Female,14,<2 LPA,1,0.5,90.7,0,100.0,3,0,60.9,0,1,Tamil Nadu,TN,80.1,73.4,51.4,8.1,Coimbatore,2.1,0,24.2,18.9,0.0645,0
SCH_2026_0659,PRE_10TH,Male,14,<2 LPA,0,2.2,69.6,1,81.9,5,0,47.8,2,1,Tamil Nadu,TN,80.1,73.4,51.4,8.1,Chennai,1.2,0,0.0,17.5,0.2563,0
SCH_2026_0660,PRE_10TH,Female,13,5-10 LPA,1,0.5,75.6,0,84.6,12,0,56.9,0,1,Kerala,KL,94.0,92.1,43.2,3.2,Thiruvananthapuram,0.9,0,46.2,15.2,0.0691,0
SCH_2026_0661,PRE_10TH,Female,14,<2 LPA,0,0.5,95.3,0,97.0,13,0,88.4,1,1,Haryana,HR,75.6,65.9,29.8,12.5,Gurugram,2.5,0,31.2,20.5,0.0129,1
SCH_2026_0662,PRE_10TH,Male,15,<2 LPA,1,4.2,51.4,1,65.1,7,0,44.7,0,1,Gujarat,GJ,78.0,69.7,21.3,17.9,Ahmedabad,3.8,0,15.9,20.2,0.4555,0
SCH_2026_0663,PRE_10TH,Male,9,<2 LPA,1,3.6,72.2,1,77.0,8,0,53.5,2,1,Gujarat,GJ,78.0,69.7,21.3,17.9,Narmada,32.4,1,89.5,30.5,0.3042,0
SCH_2026_0664,PRE_10TH,Male,14,2-5 LPA,1,1.0,74.0,1,79.9,12,1,39.2,1,0,Uttar Pradesh,UP,67.7,57.2,23.2,16.8,Balrampur,47.9,1,92.3,45.0,0.5306,1
SCH_2026_0665,PRE_10TH,Female,14,<2 LPA,1,8.5,56.8,1,78.5,11,0,29.1,1,1,Rajasthan,RJ,66.1,52.1,26.0,17.2,Jaisalmer,31.8,1,86.7,33.2,0.7635,1
SCH_2026_0666,PRE_10TH,Female,13,5-10 LPA,0,6.5,68.4,1,75.9,7,0,41.0,0,1,Haryana,HR,75.6,65.9,29.8,12.5,Nuh / Mewat,44.8,1,88.6,47.0,0.5695,1
SCH_2026_0667,PRE_10TH,Female,15,<2 LPA,0,2.0,64.0,1,74.5,5,0,56.9,1,1,Haryana,HR,75.6,65.9,29.8,12.5,Gurugram,2.5,0,31.2,20.5,0.2681,0
SCH_2026_0668,PRE_10TH,Female,14,2-5 LPA,0,2.9,74.6,1,89.1,4,0,60.3,1,1,Bihar,BR,61.8,51.5,14.5,21.4,Patna,18.2,0,56.4,28.5,0.2492,0
SCH_2026_0669,PRE_10TH,Male,13,<2 LPA,0,0.6,74.9,1,78.1,5,1,58.0,0,1,Bihar,BR,61.8,51.5,14.5,21.4,Gaya,38.6,1,86.8,36.2,0.3946,0
SCH_2026_0670,PRE_10TH,Female,9,2-5 LPA,0,1.9,86.3,0,88.9,2,0,72.9,0,1,Madhya Pradesh,MP,69.3,59.2,24.8,18.5,Barwani,46.1,1,85.5,37.1,0.1458,1
SCH_2026_0671,PRE_10TH,Male,10,<2 LPA,1,1.1,55.4,1,61.5,5,0,75.8,2,1,Madhya Pradesh,MP,69.3,59.2,24.8,18.5,Indore,6.8,0,25.9,21.8,0.1937,0
SCH_2026_0672,PRE_10TH,Female,12,<2 LPA,0,7.9,64.6,1,75.0,2,1,80.7,1,1,Bihar,BR,61.8,51.5,14.5,21.4,Gaya,38.6,1,86.8,36.2,0.6587,1
SCH_2026_0673,PRE_10TH,Male,12,5-10 LPA,1,1.2,41.6,1,49.3,10,0,91.9,0,1,Haryana,HR,75.6,65.9,29.8,12.5,Gurugram,2.5,0,31.2,20.5,0.1173,0
SCH_2026_0674,PRE_10TH,Male,12,<2 LPA,0,2.4,64.0,1,67.1,9,1,59.8,2,0,Karnataka,KA,75.4,68.1,36.2,12.0,Raichur,36.8,1,74.6,34.0,0.5319,1
SCH_2026_0675,PRE_10TH,Male,10,5-10 LPA,1,11.0,64.7,1,90.9,10,0,98.0,1,0,Kerala,KL,94.0,92.1,43.2,3.2,Wayanad,4.1,1,96.1,18.0,0.1323,1
SCH_2026_0676,PRE_10TH,Female,15,2-5 LPA,1,3.6,66.5,1,72.7,8,0,75.4,0,1,Gujarat,GJ,78.0,69.7,21.3,17.9,Dahod,40.5,1,88.0,38.1,0.2047,0
SCH_2026_0677,PRE_10TH,Female,9,2-5 LPA,0,6.8,62.6,1,80.9,7,0,83.5,0,1,Gujarat,GJ,78.0,69.7,21.3,17.9,Narmada,32.4,1,89.5,30.5,0.2396,0
SCH_2026_0678,PRE_10TH,Female,9,<2 LPA,0,2.7,70.3,1,86.8,7,0,85.3,1,1,Kerala,KL,94.0,92.1,43.2,3.2,Thiruvananthapuram,0.9,0,46.2,15.2,0.0837,0
SCH_2026_0679,PRE_10TH,Male,10,<2 LPA,1,5.5,54.0,1,61.8,7,0,48.3,0,1,Maharashtra,MH,82.3,75.9,32.3,11.2,Gadchiroli,28.5,1,89.0,28.9,0.5544,1
SCH_2026_0680,PRE_10TH,Female,10,2-5 LPA,1,9.6,61.0,1,75.6,10,0,68.5,1,1,Gujarat,GJ,78.0,69.7,21.3,17.9,Narmada,32.4,1,89.5,30.5,0.4584,0
SCH_2026_0681,PRE_10TH,Male,9,<2 LPA,1,0.5,80.6,0,93.6,7,0,87.8,0,1,Kerala,KL,94.0,92.1,43.2,3.2,Thiruvananthapuram,0.9,0,46.2,15.2,0.0291,0
SCH_2026_0682,PRE_10TH,Female,13,<2 LPA,1,1.7,90.9,0,89.7,9,0,97.8,2,1,Haryana,HR,75.6,65.9,29.8,12.5,Gurugram,2.5,0,31.2,20.5,0.024,0
SCH_2026_0683,PRE_10TH,Male,13,<2 LPA,1,7.7,60.0,1,72.0,0,1,70.8,0,1,Madhya Pradesh,MP,69.3,59.2,24.8,18.5,Barwani,46.1,1,85.5,37.1,0.766,1
SCH_2026_0684,PRE_10TH,Male,10,>10 LPA,1,1.1,86.8,0,85.3,6,0,91.2,1,0,Madhya Pradesh,MP,69.3,59.2,24.8,18.5,Barwani,46.1,1,85.5,37.1,0.0647,0
SCH_2026_0685,PRE_10TH,Male,15,<2 LPA,0,0.5,79.9,0,82.2,9,0,54.4,2,1,Karnataka,KA,75.4,68.1,36.2,12.0,Bengaluru Urban,1.8,0,9.1,18.2,0.0941,0
SCH_2026_0686,PRE_10TH,Female,15,5-10 LPA,0,0.8,52.8,1,58.9,1,1,34.3,1,1,Rajasthan,RJ,66.1,52.1,26.0,17.2,Jaipur,6.9,0,47.6,22.5,0.8024,1
SCH_2026_0687,PRE_10TH,Male,13,2-5 LPA,1,1.5,100.0,0,100.0,5,1,59.8,1,0,Bihar,BR,61.8,51.5,14.5,21.4,Gaya,38.6,1,86.8,36.2,0.2082,1
SCH_2026_0688,PRE_10TH,Female,13,<2 LPA,0,1.4,87.5,0,88.7,6,0,56.9,1,1,Bihar,BR,61.8,51.5,14.5,21.4,Katihar,48.7,1,91.1,44.3,0.2147,0
SCH_2026_0689,PRE_10TH,Female,11,<2 LPA,1,5.4,69.5,1,88.0,7,0,39.8,1,1,Bihar,BR,61.8,51.5,14.5,21.4,Gaya,38.6,1,86.8,36.2,0.5793,1
SCH_2026_0690,PRE_10TH,Female,13,2-5 LPA,1,6.5,64.9,1,71.9,11,1,59.5,1,1,Karnataka,KA,75.4,68.1,36.2,12.0,Raichur,36.8,1,74.6,34.0,0.6127,1
SCH_2026_0691,PRE_10TH,Female,10,<2 LPA,1,3.7,56.2,1,64.3,4,1,41.0,0,1,Uttar Pradesh,UP,67.7,57.2,23.2,16.8,Noida / Gautam Buddha Nagar,7.1,0,40.9,22.0,0.6957,1
SCH_2026_0692,PRE_10TH,Male,9,<2 LPA,1,4.6,51.1,1,66.5,6,1,54.6,2,1,Madhya Pradesh,MP,69.3,59.2,24.8,18.5,Barwani,46.1,1,85.5,37.1,0.815,1
SCH_2026_0693,PRE_10TH,Female,13,<2 LPA,1,3.1,58.1,1,73.6,5,0,72.1,1,1,Madhya Pradesh,MP,69.3,59.2,24.8,18.5,Bhopal,9.4,0,19.1,23.4,0.2674,0
SCH_2026_0694,PRE_10TH,Male,15,<2 LPA,1,4.9,72.7,1,91.1,9,0,91.1,0,1,Madhya Pradesh,MP,69.3,59.2,24.8,18.5,Indore,6.8,0,25.9,21.8,0.0582,0
SCH_2026_0695,PRE_10TH,Female,12,5-10 LPA,1,1.1,86.0,0,88.8,5,0,48.2,1,1,Kerala,KL,94.0,92.1,43.2,3.2,Ernakulam,0.6,0,31.9,14.8,0.1374,0
SCH_2026_0696,PRE_10TH,Female,15,<2 LPA,1,3.9,37.8,1,48.7,10,0,80.4,0,1,Gujarat,GJ,78.0,69.7,21.3,17.9,Narmada,32.4,1,89.5,30.5,0.3714,0
SCH_2026_0697,PRE_10TH,Female,11,2-5 LPA,0,3.7,88.0,0,94.4,8,0,87.9,1,1,Kerala,KL,94.0,92.1,43.2,3.2,Wayanad,4.1,1,96.1,18.0,0.0399,0
SCH_2026_0698,PRE_10TH,Male,11,<2 LPA,1,1.9,67.8,1,82.0,3,0,70.6,2,0,Bihar,BR,61.8,51.5,14.5,21.4,Purnia,50.4,1,89.2,42.1,0.3601,0
SCH_2026_0699,PRE_10TH,Female,12,2-5 LPA,1,0.6,85.5,0,95.5,8,0,73.6,0,1,Gujarat,GJ,78.0,69.7,21.3,17.9,Ahmedabad,3.8,0,15.9,20.2,0.0377,0
SCH_2026_0700,PRE_10TH,Male,11,<2 LPA,1,3.6,80.4,0,92.4,11,0,82.9,3,1,Kerala,KL,94.0,92.1,43.2,3.2,Thiruvananthapuram,0.9,0,46.2,15.2,0.0471,0
SCH_2026_0701,PRE_10TH,Male,11,<2 LPA,0,1.7,62.7,1,75.5,13,0,56.2,0,1,Kerala,KL,94.0,92.1,43.2,3.2,Ernakulam,0.6,0,31.9,14.8,0.1258,0
SCH_2026_0702,PRE_10TH,Female,11,<2 LPA,0,0.5,82.3,0,83.1,5,0,89.0,0,0,Tamil Nadu,TN,80.1,73.4,51.4,8.1,Ramanathapuram,7.8,1,69.7,22.1,0.0534,0
SCH_2026_0703,PRE_10TH,Male,13,<2 LPA,1,1.1,92.5,0,94.0,6,0,55.2,0,1,Rajasthan,RJ,66.1,52.1,26.0,17.2,Kota,8.2,0,39.7,21.0,0.0684,0
SCH_2026_0704,PRE_10TH,Male,14,2-5 LPA,0,5.7,58.2,1,70.1,5,0,93.8,1,1,Haryana,HR,75.6,65.9,29.8,12.5,Nuh / Mewat,44.8,1,88.6,47.0,0.2774,1
SCH_2026_0705,PRE_10TH,Female,12,2-5 LPA,0,5.6,87.1,0,100.0,7,0,58.4,1,1,Maharashtra,MH,82.3,75.9,32.3,11.2,Gadchiroli,28.5,1,89.0,28.9,0.213,1
SCH_2026_0706,PRE_10TH,Male,10,<2 LPA,0,1.4,96.1,0,94.7,7,0,98.0,2,1,Haryana,HR,75.6,65.9,29.8,12.5,Gurugram,2.5,0,31.2,20.5,0.0142,0
SCH_2026_0707,PRE_10TH,Female,14,>10 LPA,1,0.5,61.6,1,69.1,15,0,70.3,1,1,Maharashtra,MH,82.3,75.9,32.3,11.2,Pune,3.9,0,39.1,21.0,0.0894,0
SCH_2026_0708,PRE_10TH,Male,13,2-5 LPA,0,0.8,65.2,1,65.9,1,0,68.2,1,0,Bihar,BR,61.8,51.5,14.5,21.4,Patna,18.2,0,56.4,28.5,0.2523,0
SCH_2026_0709,PRE_10TH,Male,9,2-5 LPA,0,2.0,87.7,0,93.3,8,0,68.5,2,0,Gujarat,GJ,78.0,69.7,21.3,17.9,Dahod,40.5,1,88.0,38.1,0.1202,0
SCH_2026_0710,PRE_10TH,Female,13,<2 LPA,1,2.6,75.5,0,84.6,8,0,85.3,0,0,Rajasthan,RJ,66.1,52.1,26.0,17.2,Barmer,34.2,1,93.0,35.8,0.1294,0
SCH_2026_0711,PRE_10TH,Male,13,2-5 LPA,1,0.5,67.5,1,77.9,7,0,69.1,0,0,Karnataka,KA,75.4,68.1,36.2,12.0,Bengaluru Urban,1.8,0,9.1,18.2,0.1038,0
SCH_2026_0712,PRE_10TH,Male,9,2-5 LPA,1,0.5,74.3,1,86.0,10,0,67.2,1,1,Karnataka,KA,75.4,68.1,36.2,12.0,Bengaluru Urban,1.8,0,9.1,18.2,0.067,1
SCH_2026_0713,PRE_10TH,Male,10,<2 LPA,0,6.1,60.3,1,71.3,7,0,81.9,0,0,Gujarat,GJ,78.0,69.7,21.3,17.9,Narmada,32.4,1,89.5,30.5,0.2697,0
SCH_2026_0714,PRE_10TH,Male,9,2-5 LPA,0,3.9,70.6,1,86.4,7,0,58.6,1,0,Maharashtra,MH,82.3,75.9,32.3,11.2,Nandurbar,33.1,1,83.3,32.4,0.3088,0
SCH_2026_0715,PRE_10TH,Female,14,5-10 LPA,1,3.4,57.4,1,62.4,2,0,74.8,0,1,Uttar Pradesh,UP,67.7,57.2,23.2,16.8,Bahraich,54.4,1,92.1,46.5,0.4535,0
SCH_2026_0716,PRE_10TH,Male,12,5-10 LPA,0,6.1,61.4,1,80.6,6,0,81.6,3,1,Rajasthan,RJ,66.1,52.1,26.0,17.2,Jaisalmer,31.8,1,86.7,33.2,0.3127,0
SCH_2026_0717,PRE_10TH,Female,13,5-10 LPA,0,2.6,82.1,0,100.0,7,0,59.0,1,1,Tamil Nadu,TN,80.1,73.4,51.4,8.1,Chennai,1.2,0,0.0,17.5,0.1187,0
SCH_2026_0718,PRE_10TH,Male,13,<2 LPA,0,5.8,59.3,1,76.8,6,0,82.3,1,1,Maharashtra,MH,82.3,75.9,32.3,11.2,Gadchiroli,28.5,1,89.0,28.9,0.2689,0
SCH_2026_0719,PRE_10TH,Female,10,2-5 LPA,0,0.5,82.3,0,83.9,10,0,81.1,0,1,Rajasthan,RJ,66.1,52.1,26.0,17.2,Kota,8.2,0,39.7,21.0,0.031,0
SCH_2026_0720,PRE_10TH,Female,11,2-5 LPA,0,6.3,61.7,1,79.1,3,0,77.0,1,1,Bihar,BR,61.8,51.5,14.5,21.4,Muzaffarpur,35.1,1,90.3,38.0,0.4312,0
SCH_2026_0721,PRE_10TH,Female,10,5-10 LPA,1,3.9,65.4,1,69.9,10,0,88.6,1,0,Karnataka,KA,75.4,68.1,36.2,12.0,Raichur,36.8,1,74.6,34.0,0.2282,0
SCH_2026_0722,PRE_10TH,Male,13,<2 LPA,0,2.8,63.7,1,72.9,5,0,78.2,1,1,Rajasthan,RJ,66.1,52.1,26.0,17.2,Jaipur,6.9,0,47.6,22.5,0.1458,0
SCH_2026_0723,PRE_10TH,Male,10,<2 LPA,0,1.4,55.1,1,65.2,10,0,56.2,0,0,Bihar,BR,61.8,51.5,14.5,21.4,Katihar,48.7,1,91.1,44.3,0.4165,0
SCH_2026_0724,PRE_10TH,Female,11,2-5 LPA,1,0.7,81.9,0,80.9,2,0,57.3,1,1,Kerala,KL,94.0,92.1,43.2,3.2,Ernakulam,0.6,0,31.9,14.8,0.1439,0
SCH_2026_0725,PRE_10TH,Female,15,<2 LPA,1,1.2,83.7,0,86.8,7,0,48.8,2,1,Haryana,HR,75.6,65.9,29.8,12.5,Gurugram,2.5,0,31.2,20.5,0.173,0
SCH_2026_0726,PRE_10TH,Female,15,2-5 LPA,0,0.5,68.9,1,76.6,15,0,58.3,1,1,Kerala,KL,94.0,92.1,43.2,3.2,Thiruvananthapuram,0.9,0,46.2,15.2,0.092,1
SCH_2026_0727,PRE_10TH,Female,14,<2 LPA,0,0.7,85.9,0,91.5,8,0,55.4,0,1,Tamil Nadu,TN,80.1,73.4,51.4,8.1,Coimbatore,2.1,0,24.2,18.9,0.0666,0
SCH_2026_0728,PRE_10TH,Female,12,<2 LPA,1,5.3,76.5,0,96.3,9,0,42.8,3,0,Karnataka,KA,75.4,68.1,36.2,12.0,Yadgir,39.4,1,81.2,36.5,0.6869,1
SCH_2026_0729,PRE_10TH,Male,15,<2 LPA,1,0.5,85.6,0,89.4,7,0,85.0,2,1,Haryana,HR,75.6,65.9,29.8,12.5,Gurugram,2.5,0,31.2,20.5,0.0316,0
SCH_2026_0730,PRE_10TH,Female,12,5-10 LPA,0,2.1,61.1,1,61.3,11,0,58.8,0,0,Bihar,BR,61.8,51.5,14.5,21.4,Gaya,38.6,1,86.8,36.2,0.3685,0
SCH_2026_0731,PRE_10TH,Female,11,5-10 LPA,0,3.7,83.4,0,85.0,11,0,92.9,1,0,Maharashtra,MH,82.3,75.9,32.3,11.2,Gadchiroli,28.5,1,89.0,28.9,0.0797,0
SCH_2026_0732,PRE_10TH,Male,12,<2 LPA,0,1.5,75.8,0,88.3,8,0,75.6,0,1,Gujarat,GJ,78.0,69.7,21.3,17.9,Ahmedabad,3.8,0,15.9,20.2,0.0593,0
SCH_2026_0733,PRE_10TH,Female,9,2-5 LPA,0,1.0,77.0,0,83.4,13,0,98.0,0,1,Tamil Nadu,TN,80.1,73.4,51.4,8.1,Coimbatore,2.1,0,24.2,18.9,0.0164,0
SCH_2026_0734,PRE_10TH,Female,15,<2 LPA,0,0.8,76.3,0,88.0,2,0,53.1,0,1,Tamil Nadu,TN,80.1,73.4,51.4,8.1,Chennai,1.2,0,0.0,17.5,0.1605,0
SCH_2026_0735,PRE_10TH,Male,12,2-5 LPA,0,6.0,47.5,1,57.7,3,0,64.8,0,1,Gujarat,GJ,78.0,69.7,21.3,17.9,Narmada,32.4,1,89.5,30.5,0.597,1
SCH_2026_0736,PRE_10TH,Male,14,<2 LPA,1,6.6,60.0,1,70.0,8,0,59.5,1,1,Gujarat,GJ,78.0,69.7,21.3,17.9,Dahod,40.5,1,88.0,38.1,0.4873,0
SCH_2026_0737,PRE_10TH,Female,12,2-5 LPA,1,3.3,79.3,0,80.7,3,0,52.2,1,1,Haryana,HR,75.6,65.9,29.8,12.5,Nuh / Mewat,44.8,1,88.6,47.0,0.4075,0
SCH_2026_0738,PRE_10TH,Female,15,<2 LPA,1,1.5,68.7,1,78.1,10,0,82.4,3,1,Gujarat,GJ,78.0,69.7,21.3,17.9,Dahod,40.5,1,88.0,38.1,0.2294,0
SCH_2026_0739,PRE_10TH,Female,13,<2 LPA,0,2.9,75.5,0,90.1,5,0,56.3,0,1,Kerala,KL,94.0,92.1,43.2,3.2,Wayanad,4.1,1,96.1,18.0,0.1592,0
SCH_2026_0740,PRE_10TH,Female,12,<2 LPA,0,4.7,84.9,0,100.0,5,0,68.2,0,0,Uttar Pradesh,UP,67.7,57.2,23.2,16.8,Shravasti,49.6,1,96.5,48.2,0.2831,0
SCH_2026_0741,PRE_10TH,Male,14,<2 LPA,0,0.6,80.7,0,87.3,7,0,86.0,1,1,Maharashtra,MH,82.3,75.9,32.3,11.2,Mumbai,2.1,0,0.0,19.5,0.0347,0
SCH_2026_0742,PRE_10TH,Female,13,2-5 LPA,0,5.7,80.0,0,98.1,2,0,64.2,0,0,Gujarat,GJ,78.0,69.7,21.3,17.9,Dahod,40.5,1,88.0,38.1,0.4043,0
SCH_2026_0743,PRE_10TH,Male,13,<2 LPA,0,7.7,58.3,1,80.2,10,0,85.6,2,1,Karnataka,KA,75.4,68.1,36.2,12.0,Raichur,36.8,1,74.6,34.0,0.2884,0
SCH_2026_0744,PRE_10TH,Male,14,<2 LPA,1,4.3,81.8,0,97.0,8,0,73.4,0,1,Gujarat,GJ,78.0,69.7,21.3,17.9,Ahmedabad,3.8,0,15.9,20.2,0.0678,0
SCH_2026_0745,PRE_10TH,Male,11,<2 LPA,1,3.3,80.7,0,88.4,11,0,78.1,1,0,Karnataka,KA,75.4,68.1,36.2,12.0,Yadgir,39.4,1,81.2,36.5,0.0994,0
SCH_2026_0746,PRE_10TH,Female,11,5-10 LPA,1,0.5,64.6,1,73.8,11,0,56.0,2,1,Maharashtra,MH,82.3,75.9,32.3,11.2,Pune,3.9,0,39.1,21.0,0.2081,0
SCH_2026_0747,PRE_10TH,Female,13,2-5 LPA,1,13.2,65.5,1,90.3,5,0,51.1,3,0,Uttar Pradesh,UP,67.7,57.2,23.2,16.8,Shravasti,49.6,1,96.5,48.2,0.9217,1
SCH_2026_0748,PRE_10TH,Male,14,<2 LPA,1,2.6,100.0,0,100.0,11,0,62.6,1,0,Kerala,KL,94.0,92.1,43.2,3.2,Thiruvananthapuram,0.9,0,46.2,15.2,0.0328,0
SCH_2026_0749,PRE_10TH,Female,11,2-5 LPA,1,4.9,84.1,0,89.0,8,0,70.8,1,1,Haryana,HR,75.6,65.9,29.8,12.5,Nuh / Mewat,44.8,1,88.6,47.0,0.1907,0
SCH_2026_0750,PRE_10TH,Male,12,2-5 LPA,0,0.5,60.5,1,68.5,7,0,38.4,3,1,Tamil Nadu,TN,80.1,73.4,51.4,8.1,Coimbatore,2.1,0,24.2,18.9,0.3592,0
SCH_2026_0751,PRE_10TH,Female,13,<2 LPA,0,1.5,83.7,0,85.0,6,0,58.7,2,0,Karnataka,KA,75.4,68.1,36.2,12.0,Raichur,36.8,1,74.6,34.0,0.3408,0
SCH_2026_0752,PRE_10TH,Female,9,2-5 LPA,1,4.2,88.0,0,90.2,5,0,48.0,1,1,Karnataka,KA,75.4,68.1,36.2,12.0,Raichur,36.8,1,74.6,34.0,0.3035,0
SCH_2026_0753,PRE_10TH,Male,11,>10 LPA,0,2.5,74.4,1,75.3,9,1,71.9,0,0,Gujarat,GJ,78.0,69.7,21.3,17.9,Ahmedabad,3.8,0,15.9,20.2,0.1684,0
SCH_2026_0754,PRE_10TH,Female,15,2-5 LPA,1,6.0,37.8,1,51.6,10,0,93.5,2,0,Haryana,HR,75.6,65.9,29.8,12.5,Nuh / Mewat,44.8,1,88.6,47.0,0.6376,1
SCH_2026_0755,PRE_10TH,Male,13,<2 LPA,0,3.3,80.4,0,82.3,10,0,58.7,1,1,Uttar Pradesh,UP,67.7,57.2,23.2,16.8,Balrampur,47.9,1,92.3,45.0,0.205,0
SCH_2026_0756,PRE_10TH,Male,10,<2 LPA,0,1.4,100.0,0,100.0,13,0,63.6,3,1,Uttar Pradesh,UP,67.7,57.2,23.2,16.8,Lucknow,8.5,0,33.8,24.1,0.03,0
SCH_2026_0757,PRE_10TH,Male,13,2-5 LPA,0,2.8,68.3,1,75.0,11,0,56.0,1,1,Gujarat,GJ,78.0,69.7,21.3,17.9,Narmada,32.4,1,89.5,30.5,0.238,0
SCH_2026_0758,PRE_10TH,Male,13,<2 LPA,0,1.7,84.2,0,99.8,8,0,61.8,1,1,Kerala,KL,94.0,92.1,43.2,3.2,Ernakulam,0.6,0,31.9,14.8,0.0684,0
SCH_2026_0759,PRE_10TH,Male,14,<2 LPA,1,0.9,81.5,0,89.8,7,0,72.0,1,1,Uttar Pradesh,UP,67.7,57.2,23.2,16.8,Varanasi,16.3,0,56.6,29.4,0.0727,0
SCH_2026_0760,PRE_10TH,Male,13,>10 LPA,1,0.5,59.3,1,66.2,6,0,77.9,3,0,Maharashtra,MH,82.3,75.9,32.3,11.2,Gadchiroli,28.5,1,89.0,28.9,0.2296,0
SCH_2026_0761,PRE_10TH,Female,11,<2 LPA,1,2.1,49.8,1,60.5,7,1,59.7,0,1,Tamil Nadu,TN,80.1,73.4,51.4,8.1,Coimbatore,2.1,0,24.2,18.9,0.4833,0
SCH_2026_0762,PRE_10TH,Male,10,2-5 LPA,1,2.8,66.4,1,79.6,5,0,51.8,0,0,Maharashtra,MH,82.3,75.9,32.3,11.2,Gadchiroli,28.5,1,89.0,28.9,0.3701,0
SCH_2026_0763,PRE_10TH,Male,9,2-5 LPA,0,5.5,55.9,1,67.5,11,0,90.7,1,0,Gujarat,GJ,78.0,69.7,21.3,17.9,Narmada,32.4,1,89.5,30.5,0.197,0
SCH_2026_0764,PRE_10TH,Male,10,2-5 LPA,0,6.5,68.5,1,84.0,7,0,75.1,1,1,Gujarat,GJ,78.0,69.7,21.3,17.9,Dahod,40.5,1,88.0,38.1,0.285,0
SCH_2026_0765,PRE_10TH,Male,10,<2 LPA,1,0.5,56.6,1,65.0,7,0,68.9,1,1,Uttar Pradesh,UP,67.7,57.2,23.2,16.8,Lucknow,8.5,0,33.8,24.1,0.1788,0
SCH_2026_0766,PRE_10TH,Female,13,<2 LPA,1,2.7,79.4,0,83.2,6,0,20.1,1,1,Uttar Pradesh,UP,67.7,57.2,23.2,16.8,Shravasti,49.6,1,96.5,48.2,0.6304,1
SCH_2026_0767,PRE_10TH,Male,9,2-5 LPA,0,12.9,80.4,0,100.0,9,0,80.1,1,0,Uttar Pradesh,UP,67.7,57.2,23.2,16.8,Bahraich,54.4,1,92.1,46.5,0.3437,0
SCH_2026_0768,PRE_10TH,Female,9,<2 LPA,0,1.0,88.5,0,100.0,12,0,80.5,1,1,Rajasthan,RJ,66.1,52.1,26.0,17.2,Jaipur,6.9,0,47.6,22.5,0.0285,0
SCH_2026_0769,PRE_10TH,Male,14,<2 LPA,1,13.5,47.2,1,74.4,9,0,83.2,0,1,Kerala,KL,94.0,92.1,43.2,3.2,Wayanad,4.1,1,96.1,18.0,0.4065,0
SCH_2026_0770,PRE_10TH,Male,9,<2 LPA,1,7.9,45.1,1,65.0,10,1,64.1,0,1,Bihar,BR,61.8,51.5,14.5,21.4,Katihar,48.7,1,91.1,44.3,0.7985,1
SCH_2026_0771,PRE_10TH,Male,13,<2 LPA,0,3.5,57.4,1,70.9,12,0,88.9,1,1,Maharashtra,MH,82.3,75.9,32.3,11.2,Mumbai,2.1,0,0.0,19.5,0.081,0
SCH_2026_0772,PRE_10TH,Female,15,2-5 LPA,0,0.5,67.3,1,75.5,8,0,70.9,0,1,Gujarat,GJ,78.0,69.7,21.3,17.9,Ahmedabad,3.8,0,15.9,20.2,0.0879,0
SCH_2026_0773,PRE_10TH,Female,12,<2 LPA,1,4.3,73.4,1,87.2,1,0,57.0,2,1,Bihar,BR,61.8,51.5,14.5,21.4,Patna,18.2,0,56.4,28.5,0.4447,0
SCH_2026_0774,PRE_10TH,Male,13,5-10 LPA,0,8.3,73.3,1,100.0,5,0,12.3,1,1,Uttar Pradesh,UP,67.7,57.2,23.2,16.8,Bahraich,54.4,1,92.1,46.5,0.8482,1
SCH_2026_0775,PRE_10TH,Male,9,<2 LPA,0,1.5,80.9,0,96.7,6,0,62.0,0,1,Maharashtra,MH,82.3,75.9,32.3,11.2,Mumbai,2.1,0,0.0,19.5,0.0835,0
SCH_2026_0776,PRE_10TH,Male,10,5-10 LPA,1,4.5,66.0,1,74.5,6,0,75.8,0,1,Madhya Pradesh,MP,69.3,59.2,24.8,18.5,Bhopal,9.4,0,19.1,23.4,0.1548,0
SCH_2026_0777,PRE_10TH,Male,14,<2 LPA,0,0.5,58.3,1,65.0,9,0,76.7,0,1,Karnataka,KA,75.4,68.1,36.2,12.0,Bengaluru Urban,1.8,0,9.1,18.2,0.0949,0
SCH_2026_0778,PRE_10TH,Male,11,<2 LPA,0,3.7,54.0,1,63.6,3,0,41.1,1,0,Maharashtra,MH,82.3,75.9,32.3,11.2,Gadchiroli,28.5,1,89.0,28.9,0.6809,1
SCH_2026_0779,PRE_10TH,Female,15,2-5 LPA,1,5.7,53.8,1,65.5,5,0,41.7,0,1,Maharashtra,MH,82.3,75.9,32.3,11.2,Nandurbar,33.1,1,83.3,32.4,0.6781,1
SCH_2026_0780,PRE_10TH,Female,12,2-5 LPA,0,4.7,84.2,0,93.2,16,0,98.0,0,0,Kerala,KL,94.0,92.1,43.2,3.2,Wayanad,4.1,1,96.1,18.0,0.0235,0
SCH_2026_0781,PRE_10TH,Male,13,<2 LPA,1,8.4,45.0,1,64.2,10,0,66.7,2,1,Haryana,HR,75.6,65.9,29.8,12.5,Nuh / Mewat,44.8,1,88.6,47.0,0.6455,1
SCH_2026_0782,PRE_10TH,Male,10,<2 LPA,1,3.6,70.4,1,72.7,6,0,19.5,0,0,Gujarat,GJ,78.0,69.7,21.3,17.9,Narmada,32.4,1,89.5,30.5,0.6251,0
SCH_2026_0783,PRE_10TH,Male,9,<2 LPA,0,3.3,65.9,1,69.9,6,0,63.5,0,1,Gujarat,GJ,78.0,69.7,21.3,17.9,Dahod,40.5,1,88.0,38.1,0.3116,1
SCH_2026_0784,PRE_10TH,Male,9,<2 LPA,1,14.5,65.8,1,100.0,3,0,44.2,0,1,Gujarat,GJ,78.0,69.7,21.3,17.9,Dahod,40.5,1,88.0,38.1,0.8139,1
SCH_2026_0785,PRE_10TH,Male,9,<2 LPA,1,1.0,85.8,0,83.3,5,0,61.8,0,1,Haryana,HR,75.6,65.9,29.8,12.5,Gurugram,2.5,0,31.2,20.5,0.0702,0
SCH_2026_0786,PRE_10TH,Female,12,5-10 LPA,1,0.5,79.5,0,76.5,10,0,85.8,0,1,Kerala,KL,94.0,92.1,43.2,3.2,Ernakulam,0.6,0,31.9,14.8,0.0257,0
SCH_2026_0787,PRE_10TH,Male,11,2-5 LPA,1,1.6,68.2,1,81.7,7,1,73.2,2,1,Maharashtra,MH,82.3,75.9,32.3,11.2,Pune,3.9,0,39.1,21.0,0.2299,0
SCH_2026_0788,PRE_10TH,Male,9,2-5 LPA,1,0.5,93.7,0,92.8,8,0,62.2,1,1,Rajasthan,RJ,66.1,52.1,26.0,17.2,Kota,8.2,0,39.7,21.0,0.0453,0
SCH_2026_0789,PRE_10TH,Female,13,<2 LPA,0,1.0,86.7,0,94.3,6,0,91.0,3,1,Kerala,KL,94.0,92.1,43.2,3.2,Ernakulam,0.6,0,31.9,14.8,0.0543,0
SCH_2026_0790,PRE_10TH,Female,14,<2 LPA,1,3.7,83.2,0,91.6,10,0,74.8,3,1,Madhya Pradesh,MP,69.3,59.2,24.8,18.5,Barwani,46.1,1,85.5,37.1,0.2264,0
SCH_2026_0791,PRE_10TH,Male,13,<2 LPA,0,1.8,79.6,0,80.4,3,0,40.5,2,1,Karnataka,KA,75.4,68.1,36.2,12.0,Bengaluru Urban,1.8,0,9.1,18.2,0.2434,0
SCH_2026_0792,PRE_10TH,Male,10,<2 LPA,0,2.1,70.4,1,74.1,7,0,44.9,2,1,Madhya Pradesh,MP,69.3,59.2,24.8,18.5,Indore,6.8,0,25.9,21.8,0.2581,0
SCH_2026_0793,PRE_10TH,Male,14,2-5 LPA,1,0.5,86.2,0,86.4,7,0,55.8,0,1,Haryana,HR,75.6,65.9,29.8,12.5,Gurugram,2.5,0,31.2,20.5,0.0688,0
SCH_2026_0794,PRE_10TH,Male,11,2-5 LPA,1,0.5,69.7,1,67.4,5,0,56.7,1,1,Uttar Pradesh,UP,67.7,57.2,23.2,16.8,Noida / Gautam Buddha Nagar,7.1,0,40.9,22.0,0.1745,0
SCH_2026_0795,PRE_10TH,Male,9,2-5 LPA,0,1.7,85.9,0,95.0,2,0,24.2,1,1,Rajasthan,RJ,66.1,52.1,26.0,17.2,Barmer,34.2,1,93.0,35.8,0.4447,0
SCH_2026_0796,PRE_10TH,Male,11,5-10 LPA,1,5.8,57.6,1,72.3,11,0,66.4,0,0,Maharashtra,MH,82.3,75.9,32.3,11.2,Gadchiroli,28.5,1,89.0,28.9,0.3173,0
SCH_2026_0797,PRE_10TH,Male,15,2-5 LPA,0,0.5,75.4,0,80.6,9,0,76.9,0,1,Bihar,BR,61.8,51.5,14.5,21.4,Patna,18.2,0,56.4,28.5,0.0626,0
SCH_2026_0798,PRE_10TH,Male,15,<2 LPA,1,2.9,47.6,1,58.4,9,0,68.5,1,0,Madhya Pradesh,MP,69.3,59.2,24.8,18.5,Alirajpur,52.0,1,92.2,39.5,0.4954,0
SCH_2026_0799,PRE_10TH,Male,13,<2 LPA,0,6.7,76.5,0,86.0,0,0,71.4,1,1,Bihar,BR,61.8,51.5,14.5,21.4,Gaya,38.6,1,86.8,36.2,0.3555,0
SCH_2026_0800,PRE_10TH,Male,12,2-5 LPA,0,0.5,94.1,0,92.6,2,0,46.4,1,1,Rajasthan,RJ,66.1,52.1,26.0,17.2,Barmer,34.2,1,93.0,35.8,0.1814,0
SCH_2026_0801,PRE_10TH,Female,12,<2 LPA,1,2.7,64.7,1,67.3,3,0,57.1,3,1,Bihar,BR,61.8,51.5,14.5,21.4,Purnia,50.4,1,89.2,42.1,0.6819,1
SCH_2026_0802,PRE_10TH,Female,15,5-10 LPA,1,0.5,72.7,1,78.8,12,0,85.2,0,1,Karnataka,KA,75.4,68.1,36.2,12.0,Bengaluru Urban,1.8,0,9.1,18.2,0.031,0
SCH_2026_0803,PRE_10TH,Female,9,2-5 LPA,0,0.5,82.5,0,86.1,4,0,72.9,1,1,Tamil Nadu,TN,80.1,73.4,51.4,8.1,Coimbatore,2.1,0,24.2,18.9,0.0756,0
SCH_2026_0804,PRE_10TH,Male,15,2-5 LPA,0,4.0,80.0,0,87.8,6,0,47.7,0,1,Uttar Pradesh,UP,67.7,57.2,23.2,16.8,Bahraich,54.4,1,92.1,46.5,0.3752,0
SCH_2026_0805,PRE_10TH,Female,14,2-5 LPA,0,0.7,55.6,1,56.4,9,1,80.2,1,1,Kerala,KL,94.0,92.1,43.2,3.2,Thiruvananthapuram,0.9,0,46.2,15.2,0.249,0
SCH_2026_0806,PRE_10TH,Female,10,2-5 LPA,0,9.2,72.0,1,86.6,6,0,82.6,1,0,Bihar,BR,61.8,51.5,14.5,21.4,Muzaffarpur,35.1,1,90.3,38.0,0.4063,0
SCH_2026_0807,PRE_10TH,Male,14,>10 LPA,1,3.0,80.9,0,90.8,8,0,80.7,0,1,Uttar Pradesh,UP,67.7,57.2,23.2,16.8,Lucknow,8.5,0,33.8,24.1,0.0523,0
SCH_2026_0808,PRE_10TH,Male,13,2-5 LPA,1,3.1,65.1,1,77.2,11,1,52.4,1,0,Gujarat,GJ,78.0,69.7,21.3,17.9,Dahod,40.5,1,88.0,38.1,0.5622,1
SCH_2026_0809,PRE_10TH,Female,10,2-5 LPA,0,2.0,73.5,1,88.8,10,0,74.7,0,1,Kerala,KL,94.0,92.1,43.2,3.2,Wayanad,4.1,1,96.1,18.0,0.0618,0
SCH_2026_0810,PRE_10TH,Male,10,<2 LPA,0,1.0,91.6,0,96.3,16,0,85.4,2,1,Gujarat,GJ,78.0,69.7,21.3,17.9,Dahod,40.5,1,88.0,38.1,0.0263,0
SCH_2026_0811,PRE_10TH,Female,12,<2 LPA,0,4.3,42.1,1,50.1,5,1,42.2,1,0,Haryana,HR,75.6,65.9,29.8,12.5,Nuh / Mewat,44.8,1,88.6,47.0,0.9485,1
SCH_2026_0812,PRE_10TH,Female,11,<2 LPA,0,1.3,72.7,1,82.8,6,0,67.0,3,1,Tamil Nadu,TN,80.1,73.4,51.4,8.1,Coimbatore,2.1,0,24.2,18.9,0.2103,0
SCH_2026_0813,PRE_10TH,Male,15,2-5 LPA,0,2.6,95.3,0,96.0,7,0,62.5,3,0,Madhya Pradesh,MP,69.3,59.2,24.8,18.5,Barwani,46.1,1,85.5,37.1,0.147,0
SCH_2026_0814,PRE_10TH,Female,13,<2 LPA,0,0.5,59.6,1,65.0,2,0,42.6,1,1,Rajasthan,RJ,66.1,52.1,26.0,17.2,Jaipur,6.9,0,47.6,22.5,0.4608,0
SCH_2026_0815,PRE_10TH,Male,12,5-10 LPA,0,1.1,67.3,1,73.2,3,0,93.7,0,1,Rajasthan,RJ,66.1,52.1,26.0,17.2,Jaipur,6.9,0,47.6,22.5,0.0689,0
SCH_2026_0816,PRE_10TH,Male,9,2-5 LPA,1,2.3,67.9,1,81.4,7,0,72.5,0,1,Tamil Nadu,TN,80.1,73.4,51.4,8.1,Chennai,1.2,0,0.0,17.5,0.1019,0
SCH_2026_0817,PRE_10TH,Male,12,<2 LPA,0,2.9,98.9,0,99.4,7,0,81.5,0,1,Bihar,BR,61.8,51.5,14.5,21.4,Gaya,38.6,1,86.8,36.2,0.0444,1
SCH_2026_0818,PRE_10TH,Male,12,5-10 LPA,0,0.6,76.0,0,88.3,8,0,58.2,3,1,Rajasthan,RJ,66.1,52.1,26.0,17.2,Kota,8.2,0,39.7,21.0,0.1286,0
SCH_2026_0819,PRE_10TH,Female,13,<2 LPA,0,0.7,77.6,0,85.3,2,0,55.3,3,1,Tamil Nadu,TN,80.1,73.4,51.4,8.1,Ramanathapuram,7.8,1,69.7,22.1,0.3157,0
SCH_2026_0820,PRE_10TH,Female,10,2-5 LPA,1,3.7,64.2,1,81.0,5,0,98.0,2,1,Madhya Pradesh,MP,69.3,59.2,24.8,18.5,Bhopal,9.4,0,19.1,23.4,0.1401,0
SCH_2026_0821,PRE_10TH,Male,13,<2 LPA,0,0.9,73.6,1,84.3,2,0,53.8,2,1,Haryana,HR,75.6,65.9,29.8,12.5,Nuh / Mewat,44.8,1,88.6,47.0,0.3776,0
SCH_2026_0822,PRE_10TH,Male,15,2-5 LPA,0,1.0,64.5,1,75.5,4,0,54.6,1,1,Madhya Pradesh,MP,69.3,59.2,24.8,18.5,Indore,6.8,0,25.9,21.8,0.2471,0
SCH_2026_0823,PRE_10TH,Male,13,<2 LPA,1,0.6,75.5,0,80.4,9,0,92.2,1,1,Karnataka,KA,75.4,68.1,36.2,12.0,Bengaluru Urban,1.8,0,9.1,18.2,0.0303,0
SCH_2026_0824,PRE_10TH,Male,11,<2 LPA,0,10.2,37.5,1,61.6,5,0,51.3,3,1,Uttar Pradesh,UP,67.7,57.2,23.2,16.8,Bahraich,54.4,1,92.1,46.5,0.9149,1
SCH_2026_0825,PRE_10TH,Male,12,5-10 LPA,1,2.7,69.1,1,84.5,6,0,70.0,1,1,Uttar Pradesh,UP,67.7,57.2,23.2,16.8,Bahraich,54.4,1,92.1,46.5,0.2966,0
SCH_2026_0826,PRE_10TH,Male,11,<2 LPA,1,2.0,68.2,1,76.3,8,0,41.5,1,1,Haryana,HR,75.6,65.9,29.8,12.5,Nuh / Mewat,44.8,1,88.6,47.0,0.4359,0
SCH_2026_0827,PRE_10TH,Male,9,2-5 LPA,1,0.6,79.4,0,80.7,5,0,62.8,0,1,Bihar,BR,61.8,51.5,14.5,21.4,Purnia,50.4,1,89.2,42.1,0.1948,0
SCH_2026_0828,PRE_10TH,Female,10,>10 LPA,0,7.8,50.6,1,70.3,1,1,71.2,2,0,Bihar,BR,61.8,51.5,14.5,21.4,Katihar,48.7,1,91.1,44.3,0.933,1
SCH_2026_0829,PRE_10TH,Female,9,2-5 LPA,1,1.4,84.3,0,92.7,9,0,70.9,0,1,Kerala,KL,94.0,92.1,43.2,3.2,Thiruvananthapuram,0.9,0,46.2,15.2,0.0417,1
SCH_2026_0830,PRE_10TH,Female,15,2-5 LPA,0,13.4,35.4,1,64.9,3,0,61.0,0,0,Gujarat,GJ,78.0,69.7,21.3,17.9,Narmada,32.4,1,89.5,30.5,0.9179,0
SCH_2026_0831,PRE_10TH,Male,14,<2 LPA,0,4.6,80.5,0,95.3,6,0,51.6,2,1,Maharashtra,MH,82.3,75.9,32.3,11.2,Nandurbar,33.1,1,83.3,32.4,0.3006,0
SCH_2026_0832,PRE_10TH,Female,11,5-10 LPA,0,15.4,31.8,1,63.0,9,1,60.8,0,1,Haryana,HR,75.6,65.9,29.8,12.5,Nuh / Mewat,44.8,1,88.6,47.0,0.9522,1
SCH_2026_0833,PRE_10TH,Male,12,<2 LPA,0,4.1,61.8,1,71.2,8,0,71.2,1,1,Maharashtra,MH,82.3,75.9,32.3,11.2,Nandurbar,33.1,1,83.3,32.4,0.2699,0
SCH_2026_0834,PRE_10TH,Female,10,<2 LPA,0,6.7,47.8,1,55.2,5,1,52.1,1,1,Uttar Pradesh,UP,67.7,57.2,23.2,16.8,Balrampur,47.9,1,92.3,45.0,0.9015,1
SCH_2026_0835,PRE_10TH,Male,12,<2 LPA,0,4.3,70.6,1,89.1,4,0,68.1,2,0,Bihar,BR,61.8,51.5,14.5,21.4,Gaya,38.6,1,86.8,36.2,0.3435,0
SCH_2026_0836,PRE_10TH,Female,15,2-5 LPA,1,1.3,75.0,1,77.8,10,0,78.7,1,1,Rajasthan,RJ,66.1,52.1,26.0,17.2,Kota,8.2,0,39.7,21.0,0.0673,0
SCH_2026_0837,PRE_10TH,Male,10,5-10 LPA,0,1.2,55.2,1,60.6,10,0,87.7,1,1,Gujarat,GJ,78.0,69.7,21.3,17.9,Ahmedabad,3.8,0,15.9,20.2,0.0859,0
SCH_2026_0838,PRE_10TH,Male,10,<2 LPA,0,1.8,76.7,0,76.5,2,1,50.8,1,0,Bihar,BR,61.8,51.5,14.5,21.4,Gaya,38.6,1,86.8,36.2,0.5758,0
SCH_2026_0839,PRE_10TH,Female,12,2-5 LPA,1,0.5,92.2,0,93.6,3,0,80.7,1,1,Gujarat,GJ,78.0,69.7,21.3,17.9,Ahmedabad,3.8,0,15.9,20.2,0.043,0
SCH_2026_0840,PRE_10TH,Male,15,<2 LPA,1,5.5,70.2,1,84.8,3,0,70.7,2,0,Rajasthan,RJ,66.1,52.1,26.0,17.2,Jaisalmer,31.8,1,86.7,33.2,0.3466,0
SCH_2026_0841,PRE_10TH,Male,11,2-5 LPA,0,2.4,50.1,1,57.0,8,0,67.4,0,1,Madhya Pradesh,MP,69.3,59.2,24.8,18.5,Indore,6.8,0,25.9,21.8,0.2407,0
SCH_2026_0842,PRE_10TH,Female,10,<2 LPA,1,0.5,80.7,0,93.9,8,0,42.8,0,1,Uttar Pradesh,UP,67.7,57.2,23.2,16.8,Noida / Gautam Buddha Nagar,7.1,0,40.9,22.0,0.1309,0
SCH_2026_0843,PRE_10TH,Male,15,<2 LPA,0,2.5,75.7,0,88.6,5,0,83.1,1,1,Uttar Pradesh,UP,67.7,57.2,23.2,16.8,Lucknow,8.5,0,33.8,24.1,0.0771,0
SCH_2026_0844,PRE_10TH,Male,10,5-10 LPA,1,2.6,70.5,1,76.4,8,1,84.0,2,0,Haryana,HR,75.6,65.9,29.8,12.5,Nuh / Mewat,44.8,1,88.6,47.0,0.321,0
SCH_2026_0845,PRE_10TH,Male,10,<2 LPA,1,0.9,61.7,1,62.8,2,0,62.3,2,1,Rajasthan,RJ,66.1,52.1,26.0,17.2,Jaipur,6.9,0,47.6,22.5,0.266,0
SCH_2026_0846,PRE_10TH,Female,11,<2 LPA,1,0.5,83.5,0,84.0,3,0,71.8,0,1,Gujarat,GJ,78.0,69.7,21.3,17.9,Ahmedabad,3.8,0,15.9,20.2,0.0632,0
SCH_2026_0847,PRE_10TH,Male,14,2-5 LPA,0,3.1,64.8,1,77.9,2,0,62.1,1,0,Karnataka,KA,75.4,68.1,36.2,12.0,Raichur,36.8,1,74.6,34.0,0.4274,0
SCH_2026_0848,PRE_10TH,Female,15,2-5 LPA,0,1.3,67.8,1,76.8,6,0,61.0,0,1,Karnataka,KA,75.4,68.1,36.2,12.0,Bengaluru Urban,1.8,0,9.1,18.2,0.1424,1
SCH_2026_0849,PRE_10TH,Female,11,<2 LPA,1,2.0,67.7,1,81.3,10,0,73.5,1,1,Gujarat,GJ,78.0,69.7,21.3,17.9,Narmada,32.4,1,89.5,30.5,0.1747,0
SCH_2026_0850,PRE_10TH,Male,13,<2 LPA,0,3.7,54.7,1,66.4,9,0,55.6,1,0,Haryana,HR,75.6,65.9,29.8,12.5,Nuh / Mewat,44.8,1,88.6,47.0,0.5153,1
SCH_2026_0851,PRE_10TH,Male,15,2-5 LPA,1,2.4,66.1,1,69.4,4,0,56.7,0,1,Haryana,HR,75.6,65.9,29.8,12.5,Gurugram,2.5,0,31.2,20.5,0.22,0
SCH_2026_0852,PRE_10TH,Male,14,<2 LPA,1,10.4,67.4,1,87.9,5,0,82.4,1,1,Maharashtra,MH,82.3,75.9,32.3,11.2,Nandurbar,33.1,1,83.3,32.4,0.3458,0
SCH_2026_0853,PRE_10TH,Female,14,<2 LPA,0,0.5,58.4,1,60.5,14,0,98.0,1,1,Kerala,KL,94.0,92.1,43.2,3.2,Thiruvananthapuram,0.9,0,46.2,15.2,0.0421,0
SCH_2026_0854,PRE_10TH,Female,10,<2 LPA,1,1.3,65.9,1,66.4,5,1,49.3,0,1,Uttar Pradesh,UP,67.7,57.2,23.2,16.8,Lucknow,8.5,0,33.8,24.1,0.4403,0
SCH_2026_0855,PRE_10TH,Male,12,2-5 LPA,1,0.5,84.6,0,95.1,9,0,61.9,0,1,Uttar Pradesh,UP,67.7,57.2,23.2,16.8,Varanasi,16.3,0,56.6,29.4,0.0669,1
SCH_2026_0856,PRE_10TH,Male,13,<2 LPA,0,1.2,72.0,1,76.9,13,0,70.7,1,1,Kerala,KL,94.0,92.1,43.2,3.2,Ernakulam,0.6,0,31.9,14.8,0.0555,0
SCH_2026_0857,PRE_10TH,Female,11,2-5 LPA,0,5.4,72.1,1,82.3,7,0,60.4,3,1,Bihar,BR,61.8,51.5,14.5,21.4,Purnia,50.4,1,89.2,42.1,0.5785,1
SCH_2026_0858,PRE_10TH,Female,11,<2 LPA,1,9.6,64.6,1,84.5,5,0,50.0,3,1,Maharashtra,MH,82.3,75.9,32.3,11.2,Gadchiroli,28.5,1,89.0,28.9,0.7758,1
SCH_2026_0859,PRE_10TH,Female,9,2-5 LPA,1,0.5,64.8,1,74.1,14,0,98.0,2,1,Kerala,KL,94.0,92.1,43.2,3.2,Ernakulam,0.6,0,31.9,14.8,0.0425,0
SCH_2026_0860,PRE_10TH,Male,9,2-5 LPA,0,4.7,76.5,0,83.6,11,0,53.2,1,1,Rajasthan,RJ,66.1,52.1,26.0,17.2,Jaisalmer,31.8,1,86.7,33.2,0.2294,0
SCH_2026_0861,PRE_10TH,Female,10,<2 LPA,1,1.2,93.3,0,96.4,4,0,85.4,0,1,Madhya Pradesh,MP,69.3,59.2,24.8,18.5,Bhopal,9.4,0,19.1,23.4,0.0292,0
SCH_2026_0862,PRE_10TH,Female,14,2-5 LPA,1,2.4,88.3,0,88.6,8,0,50.6,1,1,Haryana,HR,75.6,65.9,29.8,12.5,Gurugram,2.5,0,31.2,20.5,0.1126,0
SCH_2026_0863,PRE_10TH,Male,13,>10 LPA,1,0.5,57.7,1,61.7,8,1,50.4,1,1,Uttar Pradesh,UP,67.7,57.2,23.2,16.8,Varanasi,16.3,0,56.6,29.4,0.4999,0
SCH_2026_0864,PRE_10TH,Female,11,<2 LPA,1,1.8,49.3,1,52.9,10,0,77.7,1,1,Kerala,KL,94.0,92.1,43.2,3.2,Thiruvananthapuram,0.9,0,46.2,15.2,0.1783,0
SCH_2026_0865,PRE_10TH,Male,10,<2 LPA,0,0.6,83.7,0,90.7,11,0,71.7,0,0,Maharashtra,MH,82.3,75.9,32.3,11.2,Pune,3.9,0,39.1,21.0,0.0377,0
SCH_2026_0866,PRE_10TH,Male,13,<2 LPA,1,5.6,69.2,1,90.6,2,0,49.8,0,1,Haryana,HR,75.6,65.9,29.8,12.5,Nuh / Mewat,44.8,1,88.6,47.0,0.5567,1
SCH_2026_0867,PRE_10TH,Male,14,<2 LPA,0,1.1,80.5,0,81.7,5,0,48.8,1,0,Bihar,BR,61.8,51.5,14.5,21.4,Katihar,48.7,1,91.1,44.3,0.3168,0
SCH_2026_0868,PRE_10TH,Male,13,5-10 LPA,1,0.8,54.1,1,56.4,8,0,73.2,0,1,Tamil Nadu,TN,80.1,73.4,51.4,8.1,Chennai,1.2,0,0.0,17.5,0.1374,0
SCH_2026_0869,PRE_10TH,Male,13,<2 LPA,1,1.0,70.9,1,73.9,9,0,64.0,0,1,Gujarat,GJ,78.0,69.7,21.3,17.9,Ahmedabad,3.8,0,15.9,20.2,0.0928,0
SCH_2026_0870,PRE_10TH,Female,14,<2 LPA,0,1.5,62.2,1,66.7,7,0,52.6,0,0,Rajasthan,RJ,66.1,52.1,26.0,17.2,Barmer,34.2,1,93.0,35.8,0.4495,0
SCH_2026_0871,PRE_10TH,Male,10,<2 LPA,0,0.8,80.9,0,88.6,16,0,74.5,2,1,Kerala,KL,94.0,92.1,43.2,3.2,Thiruvananthapuram,0.9,0,46.2,15.2,0.0278,0
SCH_2026_0872,PRE_10TH,Male,14,<2 LPA,1,1.5,77.1,0,80.3,4,0,57.2,1,1,Haryana,HR,75.6,65.9,29.8,12.5,Gurugram,2.5,0,31.2,20.5,0.1424,0
SCH_2026_0873,PRE_10TH,Male,13,<2 LPA,0,1.9,85.6,0,87.9,4,0,50.3,0,0,Madhya Pradesh,MP,69.3,59.2,24.8,18.5,Alirajpur,52.0,1,92.2,39.5,0.2883,0
SCH_2026_0874,PRE_10TH,Male,12,<2 LPA,0,8.4,53.7,1,76.2,7,0,66.1,1,1,Kerala,KL,94.0,92.1,43.2,3.2,Wayanad,4.1,1,96.1,18.0,0.393,0
SCH_2026_0875,PRE_10TH,Female,14,2-5 LPA,0,1.9,99.1,0,100.0,1,0,72.1,1,1,Rajasthan,RJ,66.1,52.1,26.0,17.2,Kota,8.2,0,39.7,21.0,0.0628,0
SCH_2026_0876,PRE_10TH,Female,9,2-5 LPA,0,3.4,85.3,0,94.9,6,0,59.0,0,1,Rajasthan,RJ,66.1,52.1,26.0,17.2,Jaipur,6.9,0,47.6,22.5,0.1036,0
SCH_2026_0877,PRE_10TH,Male,14,>10 LPA,0,0.9,69.1,1,75.2,7,0,59.0,0,1,Maharashtra,MH,82.3,75.9,32.3,11.2,Pune,3.9,0,39.1,21.0,0.133,0
SCH_2026_0878,PRE_10TH,Male,15,<2 LPA,0,4.6,67.4,1,77.3,6,1,64.1,0,1,Karnataka,KA,75.4,68.1,36.2,12.0,Yadgir,39.4,1,81.2,36.5,0.5286,1
SCH_2026_0879,PRE_10TH,Male,14,<2 LPA,1,1.5,77.7,0,85.9,9,1,81.1,0,1,Tamil Nadu,TN,80.1,73.4,51.4,8.1,Coimbatore,2.1,0,24.2,18.9,0.0903,0
SCH_2026_0880,PRE_10TH,Female,9,<2 LPA,0,0.6,72.6,1,78.2,12,0,98.0,2,1,Tamil Nadu,TN,80.1,73.4,51.4,8.1,Chennai,1.2,0,0.0,17.5,0.0362,0
SCH_2026_0881,PRE_10TH,Female,12,2-5 LPA,0,8.0,68.5,1,91.6,8,0,72.4,2,1,Uttar Pradesh,UP,67.7,57.2,23.2,16.8,Lucknow,8.5,0,33.8,24.1,0.2995,0
SCH_2026_0882,PRE_10TH,Male,9,<2 LPA,1,1.1,70.3,1,73.7,11,0,69.4,2,1,Rajasthan,RJ,66.1,52.1,26.0,17.2,Jaipur,6.9,0,47.6,22.5,0.0868,0
SCH_2026_0883,PRE_10TH,Male,15,<2 LPA,1,2.4,71.3,1,71.4,15,0,88.8,0,1,Kerala,KL,94.0,92.1,43.2,3.2,Ernakulam,0.6,0,31.9,14.8,0.028,0
SCH_2026_0884,PRE_10TH,Female,11,<2 LPA,0,2.2,74.6,1,86.3,7,0,59.3,0,1,Tamil Nadu,TN,80.1,73.4,51.4,8.1,Coimbatore,2.1,0,24.2,18.9,0.1177,0
SCH_2026_0885,PRE_10TH,Female,14,<2 LPA,1,2.0,81.2,0,84.0,12,0,97.0,1,1,Gujarat,GJ,78.0,69.7,21.3,17.9,Narmada,32.4,1,89.5,30.5,0.0414,0
SCH_2026_0886,PRE_10TH,Male,9,<2 LPA,1,2.4,54.8,1,61.5,8,1,62.9,2,1,Madhya Pradesh,MP,69.3,59.2,24.8,18.5,Barwani,46.1,1,85.5,37.1,0.6461,0
SCH_2026_0887,PRE_10TH,Female,15,2-5 LPA,0,1.7,81.8,0,90.8,1,0,73.6,2,1,Rajasthan,RJ,66.1,52.1,26.0,17.2,Jaipur,6.9,0,47.6,22.5,0.1515,0
SCH_2026_0888,PRE_10TH,Female,11,2-5 LPA,1,2.5,87.5,0,94.3,5,0,59.3,0,1,Madhya Pradesh,MP,69.3,59.2,24.8,18.5,Alirajpur,52.0,1,92.2,39.5,0.1974,0
SCH_2026_0889,PRE_10TH,Male,14,<2 LPA,0,0.6,68.8,1,71.7,6,0,85.0,0,1,Gujarat,GJ,78.0,69.7,21.3,17.9,Ahmedabad,3.8,0,15.9,20.2,0.0609,0
SCH_2026_0890,PRE_10TH,Male,12,<2 LPA,1,12.5,59.0,1,75.0,6,0,41.0,0,0,Rajasthan,RJ,66.1,52.1,26.0,17.2,Barmer,34.2,1,93.0,35.8,0.7989,1
SCH_2026_0891,PRE_10TH,Male,15,>10 LPA,0,1.2,77.5,0,78.0,4,0,59.0,0,1,Karnataka,KA,75.4,68.1,36.2,12.0,Raichur,36.8,1,74.6,34.0,0.2103,0
SCH_2026_0892,PRE_10TH,Female,9,<2 LPA,0,0.5,76.3,0,90.6,5,0,71.7,2,1,Kerala,KL,94.0,92.1,43.2,3.2,Ernakulam,0.6,0,31.9,14.8,0.1193,0
SCH_2026_0893,PRE_10TH,Male,14,<2 LPA,1,0.8,92.2,0,99.7,12,0,83.0,0,1,Bihar,BR,61.8,51.5,14.5,21.4,Gaya,38.6,1,86.8,36.2,0.0301,0
SCH_2026_0894,PRE_10TH,Male,14,<2 LPA,0,3.3,70.2,1,81.1,11,0,62.4,0,1,Karnataka,KA,75.4,68.1,36.2,12.0,Yadgir,39.4,1,81.2,36.5,0.2042,0
SCH_2026_0895,PRE_10TH,Male,14,<2 LPA,0,1.2,62.9,1,73.9,10,0,57.8,0,1,Rajasthan,RJ,66.1,52.1,26.0,17.2,Jaisalmer,31.8,1,86.7,33.2,0.2314,1
SCH_2026_0896,PRE_10TH,Female,9,2-5 LPA,0,0.7,87.2,0,85.0,7,0,60.0,0,1,Uttar Pradesh,UP,67.7,57.2,23.2,16.8,Lucknow,8.5,0,33.8,24.1,0.0654,0
SCH_2026_0897,PRE_10TH,Male,12,2-5 LPA,1,0.9,80.4,0,89.9,1,0,69.6,1,1,Uttar Pradesh,UP,67.7,57.2,23.2,16.8,Lucknow,8.5,0,33.8,24.1,0.1097,0
SCH_2026_0898,PRE_10TH,Male,14,<2 LPA,0,1.8,71.6,1,79.9,10,0,85.8,2,1,Tamil Nadu,TN,80.1,73.4,51.4,8.1,Coimbatore,2.1,0,24.2,18.9,0.0515,0
SCH_2026_0899,PRE_10TH,Female,13,<2 LPA,1,6.8,56.1,1,72.9,8,0,36.4,0,0,Maharashtra,MH,82.3,75.9,32.3,11.2,Gadchiroli,28.5,1,89.0,28.9,0.7453,1
SCH_2026_0900,PRE_10TH,Male,14,<2 LPA,1,4.3,48.6,1,53.2,7,1,49.4,0,1,Bihar,BR,61.8,51.5,14.5,21.4,Katihar,48.7,1,91.1,44.3,0.824,1
SCH_2026_0901,PRE_10TH,Male,13,2-5 LPA,1,0.5,84.4,0,100.0,12,0,72.3,2,1,Tamil Nadu,TN,80.1,73.4,51.4,8.1,Ramanathapuram,7.8,1,69.7,22.1,0.0384,0
SCH_2026_0902,PRE_10TH,Male,10,<2 LPA,1,3.8,51.9,1,60.8,8,0,68.2,2,1,Bihar,BR,61.8,51.5,14.5,21.4,Gaya,38.6,1,86.8,36.2,0.4309,0
SCH_2026_0903,PRE_10TH,Female,13,2-5 LPA,0,2.0,73.8,1,79.9,11,0,66.4,1,1,Tamil Nadu,TN,80.1,73.4,51.4,8.1,Chennai,1.2,0,0.0,17.5,0.0919,0
SCH_2026_0904,PRE_10TH,Female,13,2-5 LPA,1,3.0,70.0,1,81.6,5,0,37.0,0,1,Karnataka,KA,75.4,68.1,36.2,12.0,Bengaluru Urban,1.8,0,9.1,18.2,0.3149,0
SCH_2026_0905,PRE_10TH,Male,12,<2 LPA,0,1.0,79.6,0,86.0,10,0,80.5,0,1,Uttar Pradesh,UP,67.7,57.2,23.2,16.8,Noida / Gautam Buddha Nagar,7.1,0,40.9,22.0,0.0366,0
SCH_2026_0906,PRE_10TH,Male,10,<2 LPA,1,3.8,63.8,1,76.4,5,0,40.2,2,1,Gujarat,GJ,78.0,69.7,21.3,17.9,Narmada,32.4,1,89.5,30.5,0.5706,1
SCH_2026_0907,PRE_10TH,Female,14,<2 LPA,0,0.5,93.7,0,96.3,3,0,58.1,3,1,Gujarat,GJ,78.0,69.7,21.3,17.9,Ahmedabad,3.8,0,15.9,20.2,0.1446,0
SCH_2026_0908,PRE_10TH,Female,14,2-5 LPA,1,1.0,81.1,0,84.1,6,0,60.6,2,0,Haryana,HR,75.6,65.9,29.8,12.5,Gurugram,2.5,0,31.2,20.5,0.2047,0
SCH_2026_0909,PRE_10TH,Male,9,<2 LPA,1,1.0,80.4,0,92.5,7,0,81.6,0,1,Uttar Pradesh,UP,67.7,57.2,23.2,16.8,Lucknow,8.5,0,33.8,24.1,0.0442,0
SCH_2026_0910,PRE_10TH,Male,9,<2 LPA,0,0.5,70.5,1,82.5,6,0,69.1,0,1,Haryana,HR,75.6,65.9,29.8,12.5,Gurugram,2.5,0,31.2,20.5,0.0925,0
SCH_2026_0911,PRE_10TH,Male,12,<2 LPA,0,1.7,54.0,1,65.6,5,0,56.3,2,0,Rajasthan,RJ,66.1,52.1,26.0,17.2,Jaisalmer,31.8,1,86.7,33.2,0.4968,0
SCH_2026_0912,PRE_10TH,Female,13,2-5 LPA,0,15.0,41.6,1,73.9,4,0,47.4,0,1,Madhya Pradesh,MP,69.3,59.2,24.8,18.5,Alirajpur,52.0,1,92.2,39.5,0.9348,0
SCH_2026_0913,PRE_10TH,Female,12,<2 LPA,1,2.8,63.8,1,79.4,6,0,47.7,3,0,Bihar,BR,61.8,51.5,14.5,21.4,Katihar,48.7,1,91.1,44.3,0.7889,1
SCH_2026_0914,PRE_10TH,Female,14,5-10 LPA,1,0.5,53.0,1,59.7,7,1,60.1,1,0,Madhya Pradesh,MP,69.3,59.2,24.8,18.5,Indore,6.8,0,25.9,21.8,0.6042,1
SCH_2026_0915,PRE_10TH,Female,14,<2 LPA,0,0.9,60.1,1,62.3,2,0,73.6,1,1,Uttar Pradesh,UP,67.7,57.2,23.2,16.8,Noida / Gautam Buddha Nagar,7.1,0,40.9,22.0,0.2289,0
SCH_2026_0916,PRE_10TH,Male,9,5-10 LPA,1,6.1,52.6,1,66.5,5,1,27.0,1,1,Uttar Pradesh,UP,67.7,57.2,23.2,16.8,Balrampur,47.9,1,92.3,45.0,0.9305,1
SCH_2026_0917,PRE_10TH,Female,11,<2 LPA,0,0.5,80.8,0,88.6,2,0,76.7,2,1,Uttar Pradesh,UP,67.7,57.2,23.2,16.8,Noida / Gautam Buddha Nagar,7.1,0,40.9,22.0,0.119,0
SCH_2026_0918,PRE_10TH,Male,11,<2 LPA,0,2.3,77.3,0,77.6,9,0,71.9,2,1,Maharashtra,MH,82.3,75.9,32.3,11.2,Pune,3.9,0,39.1,21.0,0.075,0
SCH_2026_0919,PRE_10TH,Male,10,<2 LPA,0,4.7,78.9,0,90.5,12,0,87.5,0,0,Karnataka,KA,75.4,68.1,36.2,12.0,Raichur,36.8,1,74.6,34.0,0.0753,1
SCH_2026_0920,PRE_10TH,Female,10,<2 LPA,1,1.0,87.3,0,91.7,7,0,86.6,1,1,Karnataka,KA,75.4,68.1,36.2,12.0,Bengaluru Urban,1.8,0,9.1,18.2,0.0326,0
SCH_2026_0921,PRE_10TH,Male,14,<2 LPA,1,2.4,72.6,1,85.9,6,1,67.2,2,1,Madhya Pradesh,MP,69.3,59.2,24.8,18.5,Barwani,46.1,1,85.5,37.1,0.4538,0
SCH_2026_0922,PRE_10TH,Male,12,<2 LPA,1,0.5,85.0,0,97.9,4,0,56.4,0,1,Rajasthan,RJ,66.1,52.1,26.0,17.2,Jaipur,6.9,0,47.6,22.5,0.0958,0
SCH_2026_0923,PRE_10TH,Male,14,2-5 LPA,0,0.6,85.1,0,89.1,4,0,41.5,2,1,Rajasthan,RJ,66.1,52.1,26.0,17.2,Kota,8.2,0,39.7,21.0,0.1806,0
SCH_2026_0924,PRE_10TH,Male,10,2-5 LPA,1,0.5,94.5,0,92.3,5,0,89.6,1,1,Madhya Pradesh,MP,69.3,59.2,24.8,18.5,Indore,6.8,0,25.9,21.8,0.0212,0
SCH_2026_0925,PRE_10TH,Female,9,>10 LPA,1,3.4,81.0,0,94.1,1,0,53.6,0,0,Rajasthan,RJ,66.1,52.1,26.0,17.2,Jaisalmer,31.8,1,86.7,33.2,0.3934,1
SCH_2026_0926,PRE_10TH,Female,15,<2 LPA,0,1.2,64.9,1,66.2,5,0,58.2,1,0,Uttar Pradesh,UP,67.7,57.2,23.2,16.8,Shravasti,49.6,1,96.5,48.2,0.5516,1
SCH_2026_0927,PRE_10TH,Male,15,<2 LPA,1,2.6,91.3,0,91.0,3,0,75.1,0,1,Uttar Pradesh,UP,67.7,57.2,23.2,16.8,Bahraich,54.4,1,92.1,46.5,0.13,0
SCH_2026_0928,PRE_10TH,Female,13,2-5 LPA,0,0.5,82.9,0,85.2,8,0,73.7,0,1,Gujarat,GJ,78.0,69.7,21.3,17.9,Ahmedabad,3.8,0,15.9,20.2,0.0415,0
SCH_2026_0929,PRE_10TH,Female,12,2-5 LPA,0,7.1,51.0,1,72.3,4,1,67.3,0,1,Haryana,HR,75.6,65.9,29.8,12.5,Nuh / Mewat,44.8,1,88.6,47.0,0.786,1
SCH_2026_0930,PRE_10TH,Female,12,2-5 LPA,0,4.3,66.1,1,74.7,6,0,75.1,2,0,Madhya Pradesh,MP,69.3,59.2,24.8,18.5,Alirajpur,52.0,1,92.2,39.5,0.549,0
SCH_2026_0931,PRE_10TH,Female,13,5-10 LPA,1,0.9,71.6,1,81.8,8,0,69.1,0,1,Rajasthan,RJ,66.1,52.1,26.0,17.2,Jaipur,6.9,0,47.6,22.5,0.0866,0
SCH_2026_0932,PRE_10TH,Female,9,<2 LPA,1,12.9,36.7,1,59.5,6,0,52.3,0,1,Madhya Pradesh,MP,69.3,59.2,24.8,18.5,Alirajpur,52.0,1,92.2,39.5,0.9085,1
SCH_2026_0933,PRE_10TH,Male,13,2-5 LPA,0,0.5,75.9,0,76.1,7,0,76.7,1,0,Kerala,KL,94.0,92.1,43.2,3.2,Thiruvananthapuram,0.9,0,46.2,15.2,0.0615,0
SCH_2026_0934,PRE_10TH,Female,13,5-10 LPA,1,7.8,50.3,1,64.7,2,0,50.3,0,1,Haryana,HR,75.6,65.9,29.8,12.5,Nuh / Mewat,44.8,1,88.6,47.0,0.7893,0
SCH_2026_0935,PRE_10TH,Male,15,2-5 LPA,1,1.3,34.6,1,40.9,11,1,96.6,0,1,Madhya Pradesh,MP,69.3,59.2,24.8,18.5,Bhopal,9.4,0,19.1,23.4,0.2782,0
SCH_2026_0936,PRE_10TH,Male,10,5-10 LPA,1,6.9,58.8,1,73.4,7,0,76.5,0,1,Uttar Pradesh,UP,67.7,57.2,23.2,16.8,Lucknow,8.5,0,33.8,24.1,0.2306,0
SCH_2026_0937,PRE_10TH,Male,10,<2 LPA,0,1.2,55.5,1,58.1,7,0,42.4,1,1,Madhya Pradesh,MP,69.3,59.2,24.8,18.5,Indore,6.8,0,25.9,21.8,0.3784,1
SCH_2026_0938,PRE_10TH,Female,15,<2 LPA,1,1.1,60.4,1,59.8,7,0,67.4,1,1,Tamil Nadu,TN,80.1,73.4,51.4,8.1,Ramanathapuram,7.8,1,69.7,22.1,0.2019,0
SCH_2026_0939,PRE_10TH,Female,14,5-10 LPA,1,2.4,64.5,1,78.4,6,0,77.3,2,0,Haryana,HR,75.6,65.9,29.8,12.5,Gurugram,2.5,0,31.2,20.5,0.2636,0
SCH_2026_0940,PRE_10TH,Male,10,2-5 LPA,0,1.4,78.4,0,87.0,12,0,94.2,0,0,Gujarat,GJ,78.0,69.7,21.3,17.9,Ahmedabad,3.8,0,15.9,20.2,0.0225,0
SCH_2026_0941,PRE_10TH,Female,14,<2 LPA,1,2.9,70.6,1,75.4,6,0,68.3,2,1,Madhya Pradesh,MP,69.3,59.2,24.8,18.5,Bhopal,9.4,0,19.1,23.4,0.2247,0
SCH_2026_0942,PRE_10TH,Male,10,2-5 LPA,1,2.8,67.5,1,83.5,3,0,56.7,0,1,Gujarat,GJ,78.0,69.7,21.3,17.9,Narmada,32.4,1,89.5,30.5,0.3544,0
SCH_2026_0943,PRE_10TH,Male,9,2-5 LPA,1,1.9,89.6,0,93.3,13,0,98.0,1,1,Kerala,KL,94.0,92.1,43.2,3.2,Ernakulam,0.6,0,31.9,14.8,0.0111,0
SCH_2026_0944,PRE_10TH,Female,12,<2 LPA,0,0.8,91.3,0,94.3,6,0,71.0,0,1,Karnataka,KA,75.4,68.1,36.2,12.0,Bengaluru Urban,1.8,0,9.1,18.2,0.0367,1
SCH_2026_0945,PRE_10TH,Female,11,2-5 LPA,0,3.0,66.0,1,72.5,0,1,63.7,0,0,Haryana,HR,75.6,65.9,29.8,12.5,Nuh / Mewat,44.8,1,88.6,47.0,0.7367,1
SCH_2026_0946,PRE_10TH,Male,15,2-5 LPA,0,1.1,76.9,0,85.9,7,0,69.7,2,1,Kerala,KL,94.0,92.1,43.2,3.2,Thiruvananthapuram,0.9,0,46.2,15.2,0.0791,0
SCH_2026_0947,PRE_10TH,Male,10,<2 LPA,0,8.1,80.4,0,89.9,1,0,52.0,1,1,Uttar Pradesh,UP,67.7,57.2,23.2,16.8,Balrampur,47.9,1,92.3,45.0,0.5435,1
SCH_2026_0948,PRE_10TH,Female,10,<2 LPA,0,0.5,96.5,0,92.8,6,0,63.8,1,1,Uttar Pradesh,UP,67.7,57.2,23.2,16.8,Noida / Gautam Buddha Nagar,7.1,0,40.9,22.0,0.0532,0
SCH_2026_0949,PRE_10TH,Female,13,<2 LPA,0,1.3,56.4,1,59.1,5,0,60.0,1,1,Karnataka,KA,75.4,68.1,36.2,12.0,Bengaluru Urban,1.8,0,9.1,18.2,0.2958,0
SCH_2026_0950,PRE_10TH,Male,11,2-5 LPA,1,0.5,71.4,1,74.9,3,0,51.5,3,1,Maharashtra,MH,82.3,75.9,32.3,11.2,Pune,3.9,0,39.1,21.0,0.2365,0
SCH_2026_0951,PRE_10TH,Female,14,2-5 LPA,1,5.8,83.4,0,95.2,5,0,78.4,2,1,Maharashtra,MH,82.3,75.9,32.3,11.2,Gadchiroli,28.5,1,89.0,28.9,0.2041,0
SCH_2026_0952,PRE_10TH,Female,11,5-10 LPA,0,0.8,77.8,0,76.0,4,0,83.8,2,1,Tamil Nadu,TN,80.1,73.4,51.4,8.1,Chennai,1.2,0,0.0,17.5,0.0862,0
SCH_2026_0953,PRE_10TH,Female,11,<2 LPA,1,1.1,76.1,0,82.2,10,0,67.7,3,1,Karnataka,KA,75.4,68.1,36.2,12.0,Bengaluru Urban,1.8,0,9.1,18.2,0.1367,0
SCH_2026_0954,PRE_10TH,Female,10,5-10 LPA,1,1.0,81.5,0,79.8,5,0,43.2,2,1,Tamil Nadu,TN,80.1,73.4,51.4,8.1,Ramanathapuram,7.8,1,69.7,22.1,0.2637,0
SCH_2026_0955,PRE_10TH,Female,10,<2 LPA,1,0.8,81.5,0,89.3,10,1,86.5,0,1,Uttar Pradesh,UP,67.7,57.2,23.2,16.8,Varanasi,16.3,0,56.6,29.4,0.0728,0
SCH_2026_0956,PRE_10TH,Female,12,2-5 LPA,0,2.0,76.0,0,75.8,12,0,70.4,2,1,Haryana,HR,75.6,65.9,29.8,12.5,Nuh / Mewat,44.8,1,88.6,47.0,0.1938,0
SCH_2026_0957,PRE_10TH,Female,13,<2 LPA,1,3.0,66.3,1,76.6,9,0,72.4,1,1,Kerala,KL,94.0,92.1,43.2,3.2,Ernakulam,0.6,0,31.9,14.8,0.1311,0
SCH_2026_0958,PRE_10TH,Female,11,<2 LPA,1,1.4,89.1,0,100.0,6,0,69.4,2,0,Maharashtra,MH,82.3,75.9,32.3,11.2,Nandurbar,33.1,1,83.3,32.4,0.2037,0
SCH_2026_0959,PRE_10TH,Male,9,5-10 LPA,1,1.7,67.8,1,75.6,5,0,85.3,1,1,Haryana,HR,75.6,65.9,29.8,12.5,Gurugram,2.5,0,31.2,20.5,0.0819,0
SCH_2026_0960,PRE_10TH,Male,9,<2 LPA,0,1.3,79.3,0,82.9,11,0,56.6,1,1,Haryana,HR,75.6,65.9,29.8,12.5,Gurugram,2.5,0,31.2,20.5,0.0784,0
SCH_2026_0961,PRE_10TH,Male,9,<2 LPA,1,0.7,79.0,0,86.6,3,0,81.5,0,1,Bihar,BR,61.8,51.5,14.5,21.4,Patna,18.2,0,56.4,28.5,0.0745,0
SCH_2026_0962,PRE_10TH,Male,12,2-5 LPA,0,3.1,62.3,1,74.3,6,1,73.0,1,1,Madhya Pradesh,MP,69.3,59.2,24.8,18.5,Barwani,46.1,1,85.5,37.1,0.5185,1
SCH_2026_0963,PRE_10TH,Female,12,<2 LPA,0,2.6,66.8,1,74.5,11,0,43.7,1,1,Maharashtra,MH,82.3,75.9,32.3,11.2,Pune,3.9,0,39.1,21.0,0.2592,0
SCH_2026_0964,PRE_10TH,Female,9,<2 LPA,1,3.5,74.2,1,86.7,8,0,43.0,2,1,Gujarat,GJ,78.0,69.7,21.3,17.9,Narmada,32.4,1,89.5,30.5,0.4647,0
SCH_2026_0965,PRE_10TH,Female,12,2-5 LPA,0,1.2,77.7,0,78.8,8,0,62.3,2,1,Uttar Pradesh,UP,67.7,57.2,23.2,16.8,Noida / Gautam Buddha Nagar,7.1,0,40.9,22.0,0.1469,0
SCH_2026_0966,PRE_10TH,Female,13,<2 LPA,1,0.5,72.3,1,71.6,8,0,98.0,3,1,Karnataka,KA,75.4,68.1,36.2,12.0,Bengaluru Urban,1.8,0,9.1,18.2,0.0658,0
SCH_2026_0967,PRE_10TH,Female,15,<2 LPA,0,1.1,76.9,0,80.7,13,0,73.0,0,1,Tamil Nadu,TN,80.1,73.4,51.4,8.1,Coimbatore,2.1,0,24.2,18.9,0.0388,0
SCH_2026_0968,PRE_10TH,Male,14,<2 LPA,0,0.5,71.0,1,78.4,9,0,80.4,1,1,Uttar Pradesh,UP,67.7,57.2,23.2,16.8,Varanasi,16.3,0,56.6,29.4,0.0705,1
SCH_2026_0969,PRE_10TH,Female,12,5-10 LPA,0,1.8,86.0,0,85.9,9,0,68.0,0,1,Uttar Pradesh,UP,67.7,57.2,23.2,16.8,Varanasi,16.3,0,56.6,29.4,0.0598,0
SCH_2026_0970,PRE_10TH,Male,9,2-5 LPA,0,3.1,76.5,0,82.7,9,0,87.1,0,1,Gujarat,GJ,78.0,69.7,21.3,17.9,Dahod,40.5,1,88.0,38.1,0.087,0
SCH_2026_0971,PRE_10TH,Female,9,>10 LPA,1,2.8,89.8,0,93.2,9,0,87.0,0,1,Rajasthan,RJ,66.1,52.1,26.0,17.2,Kota,8.2,0,39.7,21.0,0.0257,0
SCH_2026_0972,PRE_10TH,Female,13,<2 LPA,1,1.5,57.3,1,61.6,10,0,76.6,0,1,Maharashtra,MH,82.3,75.9,32.3,11.2,Mumbai,2.1,0,0.0,19.5,0.1033,0
SCH_2026_0973,PRE_10TH,Female,12,5-10 LPA,0,4.5,62.0,1,70.7,4,0,69.7,0,0,Bihar,BR,61.8,51.5,14.5,21.4,Katihar,48.7,1,91.1,44.3,0.5221,1
SCH_2026_0974,PRE_10TH,Female,14,2-5 LPA,0,5.3,79.4,0,87.9,2,0,71.5,0,1,Bihar,BR,61.8,51.5,14.5,21.4,Muzaffarpur,35.1,1,90.3,38.0,0.2271,0
SCH_2026_0975,PRE_10TH,Male,13,2-5 LPA,0,5.6,44.4,1,51.4,4,1,51.9,1,0,Haryana,HR,75.6,65.9,29.8,12.5,Nuh / Mewat,44.8,1,88.6,47.0,0.8943,1
SCH_2026_0976,PRE_10TH,Male,15,<2 LPA,1,5.8,73.3,1,79.1,9,0,66.1,0,0,Kerala,KL,94.0,92.1,43.2,3.2,Wayanad,4.1,1,96.1,18.0,0.1436,0
SCH_2026_0977,PRE_10TH,Male,13,5-10 LPA,0,2.9,91.3,0,100.0,4,0,51.3,1,0,Haryana,HR,75.6,65.9,29.8,12.5,Nuh / Mewat,44.8,1,88.6,47.0,0.2445,0
SCH_2026_0978,PRE_10TH,Female,12,<2 LPA,1,3.2,52.6,1,67.0,13,0,62.3,0,1,Uttar Pradesh,UP,67.7,57.2,23.2,16.8,Noida / Gautam Buddha Nagar,7.1,0,40.9,22.0,0.199,0
SCH_2026_0979,PRE_10TH,Male,9,<2 LPA,1,5.1,75.8,0,79.8,7,0,94.8,0,0,Haryana,HR,75.6,65.9,29.8,12.5,Nuh / Mewat,44.8,1,88.6,47.0,0.1171,0
SCH_2026_0980,PRE_10TH,Female,9,2-5 LPA,1,2.4,84.9,0,84.8,9,0,85.3,0,1,Tamil Nadu,TN,80.1,73.4,51.4,8.1,Coimbatore,2.1,0,24.2,18.9,0.0289,0
SCH_2026_0981,PRE_10TH,Female,13,2-5 LPA,1,0.6,81.1,0,84.2,3,0,57.7,1,1,Uttar Pradesh,UP,67.7,57.2,23.2,16.8,Noida / Gautam Buddha Nagar,7.1,0,40.9,22.0,0.1518,0
SCH_2026_0982,PRE_10TH,Male,13,<2 LPA,0,0.6,66.7,1,72.3,9,0,77.6,2,1,Haryana,HR,75.6,65.9,29.8,12.5,Gurugram,2.5,0,31.2,20.5,0.0784,0
SCH_2026_0983,PRE_10TH,Male,14,2-5 LPA,1,5.9,64.8,1,80.7,9,0,69.0,0,0,Karnataka,KA,75.4,68.1,36.2,12.0,Raichur,36.8,1,74.6,34.0,0.3012,0
SCH_2026_0984,PRE_10TH,Male,9,2-5 LPA,1,1.0,76.1,0,75.0,7,0,47.3,1,0,Uttar Pradesh,UP,67.7,57.2,23.2,16.8,Bahraich,54.4,1,92.1,46.5,0.3596,0
SCH_2026_0985,PRE_10TH,Male,12,<2 LPA,0,2.0,75.7,0,78.4,7,0,60.1,1,1,Gujarat,GJ,78.0,69.7,21.3,17.9,Narmada,32.4,1,89.5,30.5,0.1953,0
SCH_2026_0986,PRE_10TH,Female,10,<2 LPA,1,1.0,62.4,1,64.2,5,0,63.9,2,1,Uttar Pradesh,UP,67.7,57.2,23.2,16.8,Shravasti,49.6,1,96.5,48.2,0.4846,0
SCH_2026_0987,PRE_10TH,Male,13,<2 LPA,0,3.6,77.5,0,82.6,6,0,59.9,0,1,Maharashtra,MH,82.3,75.9,32.3,11.2,Mumbai,2.1,0,0.0,19.5,0.1279,0
SCH_2026_0988,PRE_10TH,Male,15,<2 LPA,1,1.7,73.9,1,89.0,8,0,61.8,2,1,Rajasthan,RJ,66.1,52.1,26.0,17.2,Kota,8.2,0,39.7,21.0,0.1295,0
SCH_2026_0989,PRE_10TH,Male,11,<2 LPA,0,2.7,78.4,0,80.1,1,0,56.0,1,0,Kerala,KL,94.0,92.1,43.2,3.2,Wayanad,4.1,1,96.1,18.0,0.2129,0
SCH_2026_0990,PRE_10TH,Female,12,<2 LPA,0,4.8,77.9,0,82.3,10,0,88.6,3,1,Tamil Nadu,TN,80.1,73.4,51.4,8.1,Chennai,1.2,0,0.0,17.5,0.097,0
SCH_2026_0991,PRE_10TH,Female,11,<2 LPA,1,0.5,91.1,0,88.1,4,0,65.4,3,1,Haryana,HR,75.6,65.9,29.8,12.5,Gurugram,2.5,0,31.2,20.5,0.1168,0
SCH_2026_0992,PRE_10TH,Male,10,<2 LPA,0,1.6,75.2,0,74.5,10,0,71.3,2,0,Tamil Nadu,TN,80.1,73.4,51.4,8.1,Chennai,1.2,0,0.0,17.5,0.0745,0
SCH_2026_0993,PRE_10TH,Male,15,2-5 LPA,1,1.9,76.6,0,78.5,7,0,49.0,1,1,Kerala,KL,94.0,92.1,43.2,3.2,Ernakulam,0.6,0,31.9,14.8,0.1528,0
SCH_2026_0994,PRE_10TH,Male,10,2-5 LPA,0,1.4,66.5,1,78.1,6,0,67.6,3,0,Karnataka,KA,75.4,68.1,36.2,12.0,Raichur,36.8,1,74.6,34.0,0.2907,0
SCH_2026_0995,PRE_10TH,Male,10,<2 LPA,0,9.4,53.9,1,72.0,6,0,53.5,2,1,Haryana,HR,75.6,65.9,29.8,12.5,Nuh / Mewat,44.8,1,88.6,47.0,0.7489,1
SCH_2026_0996,PRE_10TH,Female,11,2-5 LPA,0,10.6,61.9,1,87.5,7,0,72.2,1,0,Maharashtra,MH,82.3,75.9,32.3,11.2,Nandurbar,33.1,1,83.3,32.4,0.6195,1
SCH_2026_0997,PRE_10TH,Female,10,5-10 LPA,0,3.3,68.8,1,80.7,5,0,61.5,0,1,Haryana,HR,75.6,65.9,29.8,12.5,Gurugram,2.5,0,31.2,20.5,0.1791,1
SCH_2026_0998,PRE_10TH,Female,11,<2 LPA,1,8.3,76.3,0,100.0,0,0,53.0,1,0,Haryana,HR,75.6,65.9,29.8,12.5,Nuh / Mewat,44.8,1,88.6,47.0,0.7361,1
SCH_2026_0999,PRE_10TH,Male,14,5-10 LPA,1,0.9,78.3,0,81.3,4,0,45.2,1,0,Tamil Nadu,TN,80.1,73.4,51.4,8.1,Ramanathapuram,7.8,1,69.7,22.1,0.2127,0
SCH_2026_1000,PRE_10TH,Male,15,5-10 LPA,0,5.3,31.4,1,45.5,10,1,53.8,3,1,Gujarat,GJ,78.0,69.7,21.3,17.9,Dahod,40.5,1,88.0,38.1,0.8952,1
SCH_2026_1001,PRE_10TH,Female,11,2-5 LPA,0,3.7,37.3,1,47.9,11,1,64.5,0,1,Gujarat,GJ,78.0,69.7,21.3,17.9,Dahod,40.5,1,88.0,38.1,0.7233,1
SCH_2026_1002,PRE_10TH,Male,15,2-5 LPA,0,1.2,96.3,0,98.7,6,0,67.1,2,1,Maharashtra,MH,82.3,75.9,32.3,11.2,Mumbai,2.1,0,0.0,19.5,0.0423,0
SCH_2026_1003,PRE_10TH,Female,12,<2 LPA,0,0.7,93.2,0,100.0,5,0,68.4,3,1,Uttar Pradesh,UP,67.7,57.2,23.2,16.8,Varanasi,16.3,0,56.6,29.4,0.1192,0
SCH_2026_1004,PRE_10TH,Male,9,<2 LPA,1,8.7,90.3,0,100.0,9,0,53.5,1,1,Haryana,HR,75.6,65.9,29.8,12.5,Nuh / Mewat,44.8,1,88.6,47.0,0.2777,0
SCH_2026_1005,PRE_10TH,Male,14,5-10 LPA,1,0.5,75.6,0,87.5,5,0,75.7,1,1,Haryana,HR,75.6,65.9,29.8,12.5,Gurugram,2.5,0,31.2,20.5,0.0707,0
SCH_2026_1006,PRE_10TH,Female,9,2-5 LPA,1,0.5,61.4,1,65.3,4,0,59.4,1,0,Madhya Pradesh,MP,69.3,59.2,24.8,18.5,Indore,6.8,0,25.9,21.8,0.3681,0
SCH_2026_1007,PRE_10TH,Male,11,5-10 LPA,1,1.4,76.4,0,86.7,5,0,65.7,0,1,Kerala,KL,94.0,92.1,43.2,3.2,Thiruvananthapuram,0.9,0,46.2,15.2,0.0927,0
SCH_2026_1008,PRE_10TH,Female,12,<2 LPA,1,2.3,83.0,0,95.5,4,0,56.2,1,1,Haryana,HR,75.6,65.9,29.8,12.5,Gurugram,2.5,0,31.2,20.5,0.1519,0
SCH_2026_1009,PRE_10TH,Female,11,5-10 LPA,1,2.6,62.6,1,71.3,5,0,70.6,2,1,Haryana,HR,75.6,65.9,29.8,12.5,Nuh / Mewat,44.8,1,88.6,47.0,0.45,0
SCH_2026_1010,PRE_10TH,Female,14,5-10 LPA,0,4.7,85.4,0,95.2,3,0,78.9,1,1,Rajasthan,RJ,66.1,52.1,26.0,17.2,Barmer,34.2,1,93.0,35.8,0.1645,1
SCH_2026_1011,PRE_10TH,Female,14,<2 LPA,0,1.3,68.3,1,80.9,13,0,58.8,2,0,Tamil Nadu,TN,80.1,73.4,51.4,8.1,Chennai,1.2,0,0.0,17.5,0.2204,0
SCH_2026_1012,PRE_10TH,Male,11,2-5 LPA,1,3.4,78.1,0,88.7,13,0,70.4,1,1,Karnataka,KA,75.4,68.1,36.2,12.0,Yadgir,39.4,1,81.2,36.5,0.1133,0
SCH_2026_1013,PRE_10TH,Female,13,2-5 LPA,1,2.8,50.1,1,55.8,8,1,71.9,0,1,Bihar,BR,61.8,51.5,14.5,21.4,Katihar,48.7,1,91.1,44.3,0.6045,1
SCH_2026_1014,PRE_10TH,Male,10,2-5 LPA,0,2.6,85.4,0,100.0,2,0,42.5,1,1,Madhya Pradesh,MP,69.3,59.2,24.8,18.5,Indore,6.8,0,25.9,21.8,0.2171,0
SCH_2026_1015,PRE_10TH,Male,13,<2 LPA,1,4.2,68.8,1,73.3,4,0,68.1,1,0,Uttar Pradesh,UP,67.7,57.2,23.2,16.8,Shravasti,49.6,1,96.5,48.2,0.3884,0
SCH_2026_1016,PRE_10TH,Male,12,2-5 LPA,1,1.1,87.1,0,92.1,8,0,83.2,2,1,Uttar Pradesh,UP,67.7,57.2,23.2,16.8,Lucknow,8.5,0,33.8,24.1,0.0349,0
SCH_2026_1017,PRE_10TH,Male,11,<2 LPA,0,3.1,63.4,1,73.2,6,1,72.5,0,1,Maharashtra,MH,82.3,75.9,32.3,11.2,Gadchiroli,28.5,1,89.0,28.9,0.3992,0
SCH_2026_1018,PRE_10TH,Male,13,<2 LPA,0,1.3,65.3,1,75.2,7,0,64.8,0,1,Gujarat,GJ,78.0,69.7,21.3,17.9,Ahmedabad,3.8,0,15.9,20.2,0.1341,0
SCH_2026_1019,PRE_10TH,Female,10,<2 LPA,1,6.3,69.5,1,86.7,11,0,53.4,2,1,Gujarat,GJ,78.0,69.7,21.3,17.9,Narmada,32.4,1,89.5,30.5,0.4509,0
SCH_2026_1020,PRE_10TH,Female,9,<2 LPA,0,2.0,69.3,1,71.6,8,0,61.5,0,1,Madhya Pradesh,MP,69.3,59.2,24.8,18.5,Bhopal,9.4,0,19.1,23.4,0.1411,0
SCH_2026_1021,PRE_10TH,Female,12,2-5 LPA,1,4.0,68.3,1,81.9,3,0,76.3,0,1,Bihar,BR,61.8,51.5,14.5,21.4,Patna,18.2,0,56.4,28.5,0.1871,0
SCH_2026_1022,PRE_10TH,Female,12,2-5 LPA,1,0.9,89.5,0,89.2,6,0,47.6,1,1,Kerala,KL,94.0,92.1,43.2,3.2,Thiruvananthapuram,0.9,0,46.2,15.2,0.1115,0
SCH_2026_1023,PRE_10TH,Female,11,2-5 LPA,0,1.3,53.9,1,59.1,13,0,98.0,2,1,Rajasthan,RJ,66.1,52.1,26.0,17.2,Kota,8.2,0,39.7,21.0,0.0908,0
SCH_2026_1024,PRE_10TH,Female,11,5-10 LPA,0,0.5,90.3,0,100.0,10,0,53.0,1,1,Bihar,BR,61.8,51.5,14.5,21.4,Patna,18.2,0,56.4,28.5,0.0894,0
SCH_2026_1025,PRE_10TH,Male,11,<2 LPA,1,0.5,81.7,0,80.6,6,0,63.8,0,1,Rajasthan,RJ,66.1,52.1,26.0,17.2,Kota,8.2,0,39.7,21.0,0.0766,0
SCH_2026_1026,PRE_10TH,Female,14,5-10 LPA,0,1.2,77.4,0,83.9,11,0,60.3,0,1,Maharashtra,MH,82.3,75.9,32.3,11.2,Pune,3.9,0,39.1,21.0,0.0707,1
SCH_2026_1027,PRE_10TH,Male,13,5-10 LPA,1,0.5,73.0,1,84.9,10,0,68.5,1,0,Kerala,KL,94.0,92.1,43.2,3.2,Ernakulam,0.6,0,31.9,14.8,0.0719,0
SCH_2026_1028,PRE_10TH,Male,14,2-5 LPA,0,12.0,67.9,1,94.5,7,0,44.7,1,1,Madhya Pradesh,MP,69.3,59.2,24.8,18.5,Alirajpur,52.0,1,92.2,39.5,0.7431,1
SCH_2026_1029,PRE_10TH,Female,14,<2 LPA,1,0.8,59.3,1,61.0,6,0,67.5,0,1,Rajasthan,RJ,66.1,52.1,26.0,17.2,Jaipur,6.9,0,47.6,22.5,0.1685,0
SCH_2026_1030,PRE_10TH,Female,11,<2 LPA,0,1.4,94.5,0,98.8,9,0,94.6,2,1,Gujarat,GJ,78.0,69.7,21.3,17.9,Ahmedabad,3.8,0,15.9,20.2,0.0227,0
SCH_2026_1031,PRE_10TH,Female,13,<2 LPA,0,0.9,66.3,1,71.9,4,1,91.8,1,1,Haryana,HR,75.6,65.9,29.8,12.5,Gurugram,2.5,0,31.2,20.5,0.1779,0
SCH_2026_1032,PRE_10TH,Female,11,5-10 LPA,1,0.7,68.3,1,76.7,4,0,82.4,0,1,Gujarat,GJ,78.0,69.7,21.3,17.9,Ahmedabad,3.8,0,15.9,20.2,0.0806,0
SCH_2026_1033,PRE_10TH,Female,14,<2 LPA,1,2.9,68.5,1,75.7,7,0,49.3,0,0,Karnataka,KA,75.4,68.1,36.2,12.0,Raichur,36.8,1,74.6,34.0,0.4624,0
SCH_2026_1034,PRE_10TH,Female,12,<2 LPA,1,0.6,75.0,1,73.0,4,0,78.3,3,1,Uttar Pradesh,UP,67.7,57.2,23.2,16.8,Lucknow,8.5,0,33.8,24.1,0.1659,0
SCH_2026_1035,PRE_10TH,Female,9,<2 LPA,0,3.9,30.9,1,38.7,5,1,51.7,0,0,Karnataka,KA,75.4,68.1,36.2,12.0,Raichur,36.8,1,74.6,34.0,0.93,1
SCH_2026_1036,PRE_10TH,Male,13,2-5 LPA,1,1.7,82.2,0,88.0,7,0,41.6,1,0,Madhya Pradesh,MP,69.3,59.2,24.8,18.5,Barwani,46.1,1,85.5,37.1,0.3243,0
SCH_2026_1037,PRE_10TH,Female,12,<2 LPA,0,0.5,67.4,1,74.8,5,0,58.4,2,0,Haryana,HR,75.6,65.9,29.8,12.5,Gurugram,2.5,0,31.2,20.5,0.345,0
SCH_2026_1038,PRE_10TH,Female,10,<2 LPA,1,9.9,56.3,1,71.1,5,0,64.1,0,1,Maharashtra,MH,82.3,75.9,32.3,11.2,Gadchiroli,28.5,1,89.0,28.9,0.562,1
SCH_2026_1039,PRE_10TH,Male,15,2-5 LPA,1,4.3,72.0,1,81.9,9,0,63.8,0,0,Madhya Pradesh,MP,69.3,59.2,24.8,18.5,Barwani,46.1,1,85.5,37.1,0.2707,0
SCH_2026_1040,PRE_10TH,Female,14,5-10 LPA,1,4.2,93.4,0,100.0,10,0,81.3,1,0,Maharashtra,MH,82.3,75.9,32.3,11.2,Gadchiroli,28.5,1,89.0,28.9,0.0867,0
SCH_2026_1041,PRE_10TH,Female,9,5-10 LPA,1,2.1,76.1,0,91.8,5,0,38.4,0,1,Madhya Pradesh,MP,69.3,59.2,24.8,18.5,Indore,6.8,0,25.9,21.8,0.2491,0
SCH_2026_1042,PRE_10TH,Female,11,2-5 LPA,1,3.1,70.0,1,85.8,11,0,52.2,2,1,Haryana,HR,75.6,65.9,29.8,12.5,Nuh / Mewat,44.8,1,88.6,47.0,0.4232,0
SCH_2026_1043,PRE_10TH,Female,10,2-5 LPA,0,0.5,64.0,1,72.5,8,0,86.0,3,1,Haryana,HR,75.6,65.9,29.8,12.5,Gurugram,2.5,0,31.2,20.5,0.1365,0
SCH_2026_1044,PRE_10TH,Female,11,<2 LPA,0,3.7,68.7,1,85.7,12,1,64.8,0,1,Uttar Pradesh,UP,67.7,57.2,23.2,16.8,Balrampur,47.9,1,92.3,45.0,0.4031,0
SCH_2026_1045,PRE_10TH,Male,13,<2 LPA,0,1.0,49.0,1,50.6,5,0,50.4,1,0,Tamil Nadu,TN,80.1,73.4,51.4,8.1,Ramanathapuram,7.8,1,69.7,22.1,0.4393,1
SCH_2026_1046,PRE_10TH,Male,12,2-5 LPA,0,0.7,66.6,1,77.7,5,0,79.0,0,1,Tamil Nadu,TN,80.1,73.4,51.4,8.1,Coimbatore,2.1,0,24.2,18.9,0.0859,0
SCH_2026_1047,PRE_10TH,Female,9,<2 LPA,0,2.3,66.2,1,72.6,3,0,53.7,1,0,Maharashtra,MH,82.3,75.9,32.3,11.2,Nandurbar,33.1,1,83.3,32.4,0.5652,1
SCH_2026_1048,PRE_10TH,Male,11,<2 LPA,1,2.4,69.9,1,86.4,9,0,84.6,1,1,Rajasthan,RJ,66.1,52.1,26.0,17.2,Barmer,34.2,1,93.0,35.8,0.1102,0
SCH_2026_1049,PRE_10TH,Female,9,2-5 LPA,0,1.9,67.6,1,81.9,10,0,60.6,0,1,Kerala,KL,94.0,92.1,43.2,3.2,Thiruvananthapuram,0.9,0,46.2,15.2,0.1152,0
SCH_2026_1050,PRE_10TH,Male,15,<2 LPA,0,1.7,60.4,1,65.1,9,0,57.0,0,1,Gujarat,GJ,78.0,69.7,21.3,17.9,Ahmedabad,3.8,0,15.9,20.2,0.185,0
SCH_2026_1051,PRE_10TH,Male,9,2-5 LPA,1,1.4,70.0,1,79.4,9,0,72.3,0,1,Tamil Nadu,TN,80.1,73.4,51.4,8.1,Chennai,1.2,0,0.0,17.5,0.0736,0
SCH_2026_1052,PRE_10TH,Male,15,<2 LPA,1,0.6,88.9,0,100.0,9,0,74.4,1,1,Gujarat,GJ,78.0,69.7,21.3,17.9,Ahmedabad,3.8,0,15.9,20.2,0.0319,0
SCH_2026_1053,PRE_10TH,Female,12,2-5 LPA,1,4.8,78.8,0,85.4,4,0,50.4,1,0,Uttar Pradesh,UP,67.7,57.2,23.2,16.8,Bahraich,54.4,1,92.1,46.5,0.6129,1
SCH_2026_1054,PRE_10TH,Male,10,<2 LPA,0,0.5,84.7,0,94.6,10,0,66.9,0,1,Rajasthan,RJ,66.1,52.1,26.0,17.2,Jaipur,6.9,0,47.6,22.5,0.044,0
SCH_2026_1055,PRE_10TH,Male,11,2-5 LPA,0,0.5,65.0,1,71.4,5,0,79.1,1,1,Madhya Pradesh,MP,69.3,59.2,24.8,18.5,Indore,6.8,0,25.9,21.8,0.1061,0
SCH_2026_1056,PRE_10TH,Female,9,<2 LPA,0,7.6,56.7,1,69.4,3,1,56.6,1,1,Madhya Pradesh,MP,69.3,59.2,24.8,18.5,Alirajpur,52.0,1,92.2,39.5,0.882,1
SCH_2026_1057,PRE_10TH,Male,13,<2 LPA,1,0.5,93.0,0,96.5,9,0,91.1,2,1,Haryana,HR,75.6,65.9,29.8,12.5,Gurugram,2.5,0,31.2,20.5,0.0158,1
SCH_2026_1058,PRE_10TH,Male,15,<2 LPA,0,1.3,100.0,0,98.8,8,0,55.1,3,1,Madhya Pradesh,MP,69.3,59.2,24.8,18.5,Alirajpur,52.0,1,92.2,39.5,0.1269,0
SCH_2026_1059,PRE_10TH,Female,10,<2 LPA,1,3.8,63.1,1,68.8,5,0,78.9,1,1,Maharashtra,MH,82.3,75.9,32.3,11.2,Pune,3.9,0,39.1,21.0,0.1829,0
SCH_2026_1060,PRE_10TH,Female,13,<2 LPA,0,4.8,67.6,1,71.9,8,0,66.4,0,1,Uttar Pradesh,UP,67.7,57.2,23.2,16.8,Shravasti,49.6,1,96.5,48.2,0.3172,1
SCH_2026_1061,PRE_10TH,Female,12,2-5 LPA,1,0.7,98.9,0,100.0,8,0,54.2,1,1,Bihar,BR,61.8,51.5,14.5,21.4,Patna,18.2,0,56.4,28.5,0.0712,0
SCH_2026_1062,PRE_10TH,Female,13,2-5 LPA,0,0.5,84.1,0,87.3,11,0,65.4,1,1,Madhya Pradesh,MP,69.3,59.2,24.8,18.5,Indore,6.8,0,25.9,21.8,0.0581,0
SCH_2026_1063,PRE_10TH,Male,11,<2 LPA,0,5.0,69.4,1,89.5,8,0,52.0,1,1,Gujarat,GJ,78.0,69.7,21.3,17.9,Narmada,32.4,1,89.5,30.5,0.3627,0
SCH_2026_1064,PRE_10TH,Male,13,5-10 LPA,0,0.5,62.6,1,74.5,5,0,55.2,1,1,Bihar,BR,61.8,51.5,14.5,21.4,Patna,18.2,0,56.4,28.5,0.2765,1
SCH_2026_1065,PRE_10TH,Male,9,2-5 LPA,1,1.3,60.9,1,70.1,6,1,71.2,0,1,Kerala,KL,94.0,92.1,43.2,3.2,Wayanad,4.1,1,96.1,18.0,0.2802,0
SCH_2026_1066,PRE_10TH,Male,11,<2 LPA,0,1.2,85.4,0,84.8,11,0,85.6,0,1,Tamil Nadu,TN,80.1,73.4,51.4,8.1,Chennai,1.2,0,0.0,17.5,0.0202,1
SCH_2026_1067,PRE_10TH,Male,14,2-5 LPA,1,1.4,83.1,0,82.4,8,0,82.9,0,1,Tamil Nadu,TN,80.1,73.4,51.4,8.1,Chennai,1.2,0,0.0,17.5,0.032,0
SCH_2026_1068,PRE_10TH,Male,9,<2 LPA,1,1.8,84.8,0,98.9,9,0,54.3,2,0,Tamil Nadu,TN,80.1,73.4,51.4,8.1,Ramanathapuram,7.8,1,69.7,22.1,0.1068,0
SCH_2026_1069,PRE_10TH,Female,12,2-5 LPA,0,3.6,64.1,1,78.4,6,0,54.7,1,0,Haryana,HR,75.6,65.9,29.8,12.5,Nuh / Mewat,44.8,1,88.6,47.0,0.6161,1
SCH_2026_1070,PRE_10TH,Female,11,<2 LPA,0,1.4,76.2,0,78.4,3,0,80.8,1,1,Rajasthan,RJ,66.1,52.1,26.0,17.2,Kota,8.2,0,39.7,21.0,0.1007,1
SCH_2026_1071,PRE_10TH,Male,13,5-10 LPA,1,4.0,52.8,1,58.4,7,1,66.1,2,0,Bihar,BR,61.8,51.5,14.5,21.4,Muzaffarpur,35.1,1,90.3,38.0,0.6756,0
SCH_2026_1072,PRE_10TH,Male,13,5-10 LPA,0,3.4,95.1,0,95.8,10,0,52.0,0,0,Rajasthan,RJ,66.1,52.1,26.0,17.2,Jaisalmer,31.8,1,86.7,33.2,0.1094,0
SCH_2026_1073,PRE_10TH,Female,15,<2 LPA,1,0.8,77.9,0,77.4,15,0,82.6,3,1,Tamil Nadu,TN,80.1,73.4,51.4,8.1,Chennai,1.2,0,0.0,17.5,0.0522,0
SCH_2026_1074,PRE_10TH,Female,13,>10 LPA,1,1.0,65.2,1,72.5,5,0,59.0,0,1,Tamil Nadu,TN,80.1,73.4,51.4,8.1,Chennai,1.2,0,0.0,17.5,0.1716,0
SCH_2026_1075,PRE_10TH,Female,15,<2 LPA,1,2.6,83.2,0,91.8,7,0,68.6,1,1,Gujarat,GJ,78.0,69.7,21.3,17.9,Narmada,32.4,1,89.5,30.5,0.1461,0
SCH_2026_1076,PRE_10TH,Female,9,<2 LPA,1,2.7,69.3,1,86.1,8,0,89.8,1,1,Tamil Nadu,TN,80.1,73.4,51.4,8.1,Chennai,1.2,0,0.0,17.5,0.0703,0
SCH_2026_1077,PRE_10TH,Female,14,2-5 LPA,0,6.5,67.1,1,79.4,7,0,34.7,0,1,Karnataka,KA,75.4,68.1,36.2,12.0,Yadgir,39.4,1,81.2,36.5,0.6091,0
SCH_2026_1078,PRE_10TH,Male,15,2-5 LPA,0,1.8,80.3,0,84.1,5,0,46.7,1,1,Uttar Pradesh,UP,67.7,57.2,23.2,16.8,Balrampur,47.9,1,92.3,45.0,0.3286,0
SCH_2026_1079,PRE_10TH,Female,10,>10 LPA,0,0.5,56.0,1,57.9,6,1,91.6,0,0,Tamil Nadu,TN,80.1,73.4,51.4,8.1,Coimbatore,2.1,0,24.2,18.9,0.2442,0
SCH_2026_1080,PRE_10TH,Male,14,<2 LPA,1,6.8,75.1,0,92.3,7,0,51.6,1,0,Maharashtra,MH,82.3,75.9,32.3,11.2,Gadchiroli,28.5,1,89.0,28.9,0.377,0
SCH_2026_1081,PRE_10TH,Female,9,5-10 LPA,0,5.1,73.9,1,82.5,7,1,70.5,1,1,Gujarat,GJ,78.0,69.7,21.3,17.9,Dahod,40.5,1,88.0,38.1,0.4738,0
SCH_2026_1082,PRE_10TH,Male,15,<2 LPA,1,0.6,100.0,0,100.0,6,0,70.3,0,1,Madhya Pradesh,MP,69.3,59.2,24.8,18.5,Bhopal,9.4,0,19.1,23.4,0.0291,0
SCH_2026_1083,PRE_10TH,Female,9,>10 LPA,0,10.3,52.6,1,75.9,5,1,29.1,0,0,Bihar,BR,61.8,51.5,14.5,21.4,Katihar,48.7,1,91.1,44.3,0.9675,1
SCH_2026_1084,PRE_10TH,Female,13,>10 LPA,0,1.8,86.3,0,90.3,7,0,84.6,3,1,Maharashtra,MH,82.3,75.9,32.3,11.2,Mumbai,2.1,0,0.0,19.5,0.0713,0
SCH_2026_1085,PRE_10TH,Male,14,<2 LPA,0,3.4,42.6,1,50.3,11,1,68.0,0,0,Gujarat,GJ,78.0,69.7,21.3,17.9,Dahod,40.5,1,88.0,38.1,0.659,1
SCH_2026_1086,PRE_10TH,Male,14,2-5 LPA,1,1.2,81.1,0,84.7,8,0,78.5,0,1,Tamil Nadu,TN,80.1,73.4,51.4,8.1,Coimbatore,2.1,0,24.2,18.9,0.0398,0
SCH_2026_1087,PRE_10TH,Female,11,2-5 LPA,1,7.2,70.3,1,87.5,10,0,54.9,1,1,Gujarat,GJ,78.0,69.7,21.3,17.9,Dahod,40.5,1,88.0,38.1,0.4408,1
SCH_2026_1088,PRE_10TH,Male,15,<2 LPA,0,6.5,53.5,1,70.3,7,1,44.7,0,1,Bihar,BR,61.8,51.5,14.5,21.4,Muzaffarpur,35.1,1,90.3,38.0,0.8142,0
SCH_2026_1089,PRE_10TH,Male,11,2-5 LPA,1,2.7,85.9,0,91.8,7,0,58.0,0,0,Gujarat,GJ,78.0,69.7,21.3,17.9,Dahod,40.5,1,88.0,38.1,0.1752,0
SCH_2026_1090,PRE_10TH,Female,13,<2 LPA,0,0.8,75.2,0,77.3,7,0,56.7,1,1,Kerala,KL,94.0,92.1,43.2,3.2,Thiruvananthapuram,0.9,0,46.2,15.2,0.1374,0
SCH_2026_1091,PRE_10TH,Female,11,>10 LPA,1,8.2,50.3,1,63.0,6,1,54.4,0,1,Madhya Pradesh,MP,69.3,59.2,24.8,18.5,Barwani,46.1,1,85.5,37.1,0.8569,1
SCH_2026_1092,PRE_10TH,Male,15,2-5 LPA,0,9.4,75.4,0,100.0,4,0,58.0,3,0,Bihar,BR,61.8,51.5,14.5,21.4,Gaya,38.6,1,86.8,36.2,0.5478,1
SCH_2026_1093,PRE_10TH,Female,13,<2 LPA,0,0.5,89.1,0,90.6,7,0,91.4,0,1,Haryana,HR,75.6,65.9,29.8,12.5,Gurugram,2.5,0,31.2,20.5,0.0183,0
SCH_2026_1094,PRE_10TH,Female,13,>10 LPA,0,13.4,44.3,1,73.8,5,0,73.8,0,0,Madhya Pradesh,MP,69.3,59.2,24.8,18.5,Alirajpur,52.0,1,92.2,39.5,0.8577,1
SCH_2026_1095,PRE_10TH,Male,9,>10 LPA,0,7.6,60.5,1,78.5,7,0,70.1,2,0,Rajasthan,RJ,66.1,52.1,26.0,17.2,Jaisalmer,31.8,1,86.7,33.2,0.4398,0
SCH_2026_1096,PRE_10TH,Female,15,<2 LPA,0,6.2,63.1,1,81.6,8,0,48.0,0,1,Bihar,BR,61.8,51.5,14.5,21.4,Gaya,38.6,1,86.8,36.2,0.5092,1
SCH_2026_1097,PRE_10TH,Female,11,<2 LPA,1,3.5,55.3,1,70.1,5,0,81.6,0,1,Maharashtra,MH,82.3,75.9,32.3,11.2,Nandurbar,33.1,1,83.3,32.4,0.2722,0
SCH_2026_1098,PRE_10TH,Female,13,5-10 LPA,0,2.6,61.2,1,72.3,7,1,44.1,0,1,Rajasthan,RJ,66.1,52.1,26.0,17.2,Barmer,34.2,1,93.0,35.8,0.6592,1
SCH_2026_1099,PRE_10TH,Male,12,<2 LPA,0,1.0,88.6,0,100.0,13,0,80.4,1,0,Karnataka,KA,75.4,68.1,36.2,12.0,Yadgir,39.4,1,81.2,36.5,0.0438,0
SCH_2026_1100,PRE_10TH,Female,14,2-5 LPA,0,3.4,57.4,1,61.9,1,1,57.2,3,1,Bihar,BR,61.8,51.5,14.5,21.4,Gaya,38.6,1,86.8,36.2,0.8747,1
SCH_2026_1101,PRE_10TH,Female,15,<2 LPA,1,0.5,82.9,0,89.9,5,0,88.5,2,1,Uttar Pradesh,UP,67.7,57.2,23.2,16.8,Lucknow,8.5,0,33.8,24.1,0.0619,0
SCH_2026_1102,PRE_10TH,Female,15,<2 LPA,1,1.3,48.8,1,56.4,9,1,86.0,0,1,Gujarat,GJ,78.0,69.7,21.3,17.9,Dahod,40.5,1,88.0,38.1,0.392,0
SCH_2026_1103,PRE_10TH,Male,9,<2 LPA,0,0.9,44.0,1,51.7,3,0,52.9,0,1,Tamil Nadu,TN,80.1,73.4,51.4,8.1,Chennai,1.2,0,0.0,17.5,0.4344,0
SCH_2026_1104,PRE_10TH,Female,10,2-5 LPA,1,6.0,77.0,0,87.3,4,0,55.3,3,0,Gujarat,GJ,78.0,69.7,21.3,17.9,Narmada,32.4,1,89.5,30.5,0.6626,1
SCH_2026_1105,PRE_10TH,Male,15,<2 LPA,0,2.1,75.1,0,74.8,5,0,68.2,1,1,Maharashtra,MH,82.3,75.9,32.3,11.2,Gadchiroli,28.5,1,89.0,28.9,0.1716,0
SCH_2026_1106,PRE_10TH,Male,10,<2 LPA,1,3.5,74.0,1,76.2,1,0,34.9,1,1,Bihar,BR,61.8,51.5,14.5,21.4,Purnia,50.4,1,89.2,42.1,0.6358,1
SCH_2026_1107,PRE_10TH,Male,12,2-5 LPA,0,1.4,81.5,0,87.6,9,0,75.6,2,1,Haryana,HR,75.6,65.9,29.8,12.5,Gurugram,2.5,0,31.2,20.5,0.0491,0
SCH_2026_1108,PRE_10TH,Female,15,<2 LPA,0,3.7,71.5,1,88.6,8,1,45.1,1,1,Bihar,BR,61.8,51.5,14.5,21.4,Purnia,50.4,1,89.2,42.1,0.6986,1
SCH_2026_1109,PRE_10TH,Female,12,<2 LPA,1,2.2,81.7,0,96.2,5,0,46.1,1,1,Bihar,BR,61.8,51.5,14.5,21.4,Patna,18.2,0,56.4,28.5,0.2523,0
SCH_2026_1110,PRE_10TH,Female,9,<2 LPA,0,3.1,74.5,1,76.0,4,0,58.7,1,1,Gujarat,GJ,78.0,69.7,21.3,17.9,Narmada,32.4,1,89.5,30.5,0.3244,0
SCH_2026_1111,PRE_10TH,Female,10,<2 LPA,0,3.2,44.6,1,57.3,3,1,34.8,2,1,Bihar,BR,61.8,51.5,14.5,21.4,Muzaffarpur,35.1,1,90.3,38.0,0.9396,1
SCH_2026_1112,PRE_10TH,Female,14,2-5 LPA,0,0.5,82.3,0,84.8,9,0,61.8,1,1,Haryana,HR,75.6,65.9,29.8,12.5,Gurugram,2.5,0,31.2,20.5,0.0758,0
SCH_2026_1113,PRE_10TH,Male,13,2-5 LPA,1,6.7,48.3,1,56.0,5,0,65.4,1,0,Rajasthan,RJ,66.1,52.1,26.0,17.2,Barmer,34.2,1,93.0,35.8,0.6178,1
SCH_2026_1114,PRE_10TH,Male,15,>10 LPA,0,3.9,62.6,1,76.9,7,0,98.0,0,1,Uttar Pradesh,UP,67.7,57.2,23.2,16.8,Varanasi,16.3,0,56.6,29.4,0.0878,0
SCH_2026_1115,PRE_10TH,Male,9,<2 LPA,0,0.8,99.4,0,97.7,11,0,75.6,0,1,Maharashtra,MH,82.3,75.9,32.3,11.2,Mumbai,2.1,0,0.0,19.5,0.0149,0
SCH_2026_1116,PRE_10TH,Male,11,2-5 LPA,1,2.5,77.2,0,85.5,8,0,58.2,2,0,Bihar,BR,61.8,51.5,14.5,21.4,Purnia,50.4,1,89.2,42.1,0.2906,0
SCH_2026_1117,PRE_10TH,Male,11,5-10 LPA,1,0.5,78.9,0,85.3,6,0,67.6,1,1,Maharashtra,MH,82.3,75.9,32.3,11.2,Pune,3.9,0,39.1,21.0,0.0762,0
SCH_2026_1118,PRE_10TH,Female,13,2-5 LPA,0,6.5,62.8,1,69.2,6,0,38.0,2,1,Karnataka,KA,75.4,68.1,36.2,12.0,Yadgir,39.4,1,81.2,36.5,0.77,1
SCH_2026_1119,PRE_10TH,Male,13,2-5 LPA,0,6.8,79.1,0,98.7,3,0,58.2,1,1,Karnataka,KA,75.4,68.1,36.2,12.0,Raichur,36.8,1,74.6,34.0,0.3721,0
SCH_2026_1120,PRE_10TH,Female,10,2-5 LPA,0,0.8,80.6,0,92.8,7,0,69.8,1,0,Madhya Pradesh,MP,69.3,59.2,24.8,18.5,Indore,6.8,0,25.9,21.8,0.1217,0
SCH_2026_1121,PRE_10TH,Male,11,<2 LPA,1,6.0,74.0,1,94.9,6,0,74.2,0,1,Tamil Nadu,TN,80.1,73.4,51.4,8.1,Chennai,1.2,0,0.0,17.5,0.1202,1
SCH_2026_1122,PRE_10TH,Male,14,5-10 LPA,0,2.7,80.0,0,90.8,6,0,59.3,2,1,Tamil Nadu,TN,80.1,73.4,51.4,8.1,Ramanathapuram,7.8,1,69.7,22.1,0.1383,0
SCH_2026_1123,PRE_10TH,Female,15,<2 LPA,1,0.9,66.0,1,77.5,4,0,40.4,2,0,Tamil Nadu,TN,80.1,73.4,51.4,8.1,Ramanathapuram,7.8,1,69.7,22.1,0.572,1
SCH_2026_1124,PRE_10TH,Male,11,5-10 LPA,1,1.7,86.7,0,96.8,11,0,79.5,0,1,Maharashtra,MH,82.3,75.9,32.3,11.2,Pune,3.9,0,39.1,21.0,0.0265,0
SCH_2026_1125,PRE_10TH,Male,15,5-10 LPA,1,0.6,81.1,0,91.7,8,0,63.0,3,1,Uttar Pradesh,UP,67.7,57.2,23.2,16.8,Noida / Gautam Buddha Nagar,7.1,0,40.9,22.0,0.088,0
SCH_2026_1126,PRE_10TH,Male,12,2-5 LPA,1,3.3,90.6,0,94.8,9,0,60.0,0,1,Kerala,KL,94.0,92.1,43.2,3.2,Thiruvananthapuram,0.9,0,46.2,15.2,0.0572,0
SCH_2026_1127,PRE_10TH,Female,12,2-5 LPA,1,6.9,49.2,1,65.1,8,1,60.0,0,1,Haryana,HR,75.6,65.9,29.8,12.5,Nuh / Mewat,44.8,1,88.6,47.0,0.7844,1
SCH_2026_1128,PRE_10TH,Male,12,2-5 LPA,0,3.6,66.1,1,80.3,4,0,40.4,0,1,Maharashtra,MH,82.3,75.9,32.3,11.2,Nandurbar,33.1,1,83.3,32.4,0.5139,1
SCH_2026_1129,PRE_10TH,Female,12,<2 LPA,1,1.9,48.4,1,54.0,13,0,59.3,2,0,Tamil Nadu,TN,80.1,73.4,51.4,8.1,Ramanathapuram,7.8,1,69.7,22.1,0.4552,0
SCH_2026_1130,PRE_10TH,Male,11,<2 LPA,1,11.2,40.1,1,65.6,3,0,79.7,1,1,Gujarat,GJ,78.0,69.7,21.3,17.9,Narmada,32.4,1,89.5,30.5,0.7149,0
SCH_2026_1131,PRE_10TH,Male,12,2-5 LPA,0,1.9,87.8,0,92.7,6,0,51.9,1,1,Uttar Pradesh,UP,67.7,57.2,23.2,16.8,Varanasi,16.3,0,56.6,29.4,0.1271,0
SCH_2026_1132,PRE_10TH,Male,11,<2 LPA,1,1.0,91.9,0,89.3,5,0,58.7,1,0,Bihar,BR,61.8,51.5,14.5,21.4,Patna,18.2,0,56.4,28.5,0.0959,0
SCH_2026_1133,PRE_10TH,Female,14,<2 LPA,1,4.6,81.4,0,89.1,10,0,56.1,0,1,Gujarat,GJ,78.0,69.7,21.3,17.9,Narmada,32.4,1,89.5,30.5,0.1751,0
SCH_2026_1134,PRE_10TH,Male,13,>10 LPA,1,0.8,97.0,0,100.0,7,0,57.1,2,1,Kerala,KL,94.0,92.1,43.2,3.2,Ernakulam,0.6,0,31.9,14.8,0.0492,0
SCH_2026_1135,PRE_10TH,Female,9,2-5 LPA,0,0.8,63.1,1,73.7,6,0,60.5,0,1,Madhya Pradesh,MP,69.3,59.2,24.8,18.5,Bhopal,9.4,0,19.1,23.4,0.185,1
SCH_2026_1136,PRE_10TH,Female,9,<2 LPA,0,2.7,61.1,1,68.7,11,0,68.6,1,1,Tamil Nadu,TN,80.1,73.4,51.4,8.1,Chennai,1.2,0,0.0,17.5,0.1535,0
SCH_2026_1137,PRE_10TH,Female,15,<2 LPA,0,8.0,53.4,1,73.3,6,1,59.6,1,1,Haryana,HR,75.6,65.9,29.8,12.5,Nuh / Mewat,44.8,1,88.6,47.0,0.847,1
SCH_2026_1138,PRE_10TH,Male,10,2-5 LPA,1,1.0,69.1,1,68.4,8,0,78.2,0,1,Haryana,HR,75.6,65.9,29.8,12.5,Nuh / Mewat,44.8,1,88.6,47.0,0.1421,0
SCH_2026_1139,PRE_10TH,Male,9,<2 LPA,1,0.5,76.0,0,73.7,8,0,71.7,1,1,Uttar Pradesh,UP,67.7,57.2,23.2,16.8,Varanasi,16.3,0,56.6,29.4,0.0819,0
SCH_2026_1140,PRE_10TH,Female,14,<2 LPA,0,0.6,84.1,0,91.8,6,0,82.8,0,1,Gujarat,GJ,78.0,69.7,21.3,17.9,Ahmedabad,3.8,0,15.9,20.2,0.0342,0
SCH_2026_1141,PRE_10TH,Male,15,2-5 LPA,0,3.2,83.3,0,100.0,8,0,62.2,0,1,Gujarat,GJ,78.0,69.7,21.3,17.9,Narmada,32.4,1,89.5,30.5,0.1347,0
SCH_2026_1142,PRE_10TH,Female,10,<2 LPA,1,6.0,74.4,1,82.3,11,0,97.5,1,0,Maharashtra,MH,82.3,75.9,32.3,11.2,Gadchiroli,28.5,1,89.0,28.9,0.1265,0
SCH_2026_1143,PRE_10TH,Female,15,>10 LPA,0,2.5,78.4,0,94.9,7,0,44.8,0,0,Maharashtra,MH,82.3,75.9,32.3,11.2,Gadchiroli,28.5,1,89.0,28.9,0.3402,0
SCH_2026_1144,PRE_10TH,Male,12,2-5 LPA,1,0.5,72.4,1,77.6,9,0,98.0,2,1,Kerala,KL,94.0,92.1,43.2,3.2,Thiruvananthapuram,0.9,0,46.2,15.2,0.0301,0
SCH_2026_1145,PRE_10TH,Female,9,<2 LPA,0,6.2,71.1,1,91.4,5,0,76.3,2,0,Karnataka,KA,75.4,68.1,36.2,12.0,Yadgir,39.4,1,81.2,36.5,0.4962,0
SCH_2026_1146,PRE_10TH,Male,12,2-5 LPA,0,1.1,52.2,1,62.9,9,0,82.1,0,1,Haryana,HR,75.6,65.9,29.8,12.5,Gurugram,2.5,0,31.2,20.5,0.1104,0
SCH_2026_1147,PRE_10TH,Female,14,2-5 LPA,0,2.8,77.6,0,91.6,4,0,49.4,0,1,Bihar,BR,61.8,51.5,14.5,21.4,Patna,18.2,0,56.4,28.5,0.2375,0
SCH_2026_1148,PRE_10TH,Female,9,<2 LPA,0,0.6,80.3,0,79.1,11,0,86.7,2,1,Tamil Nadu,TN,80.1,73.4,51.4,8.1,Chennai,1.2,0,0.0,17.5,0.0407,0
SCH_2026_1149,PRE_10TH,Female,11,<2 LPA,0,1.5,80.0,0,83.3,6,0,70.3,2,1,Kerala,KL,94.0,92.1,43.2,3.2,Ernakulam,0.6,0,31.9,14.8,0.1119,0
SCH_2026_1150,PRE_10TH,Male,12,<2 LPA,0,1.0,75.3,0,87.0,6,0,67.3,0,1,Haryana,HR,75.6,65.9,29.8,12.5,Gurugram,2.5,0,31.2,20.5,0.0854,0
SCH_2026_1151,PRE_10TH,Female,10,2-5 LPA,0,3.9,64.5,1,69.5,5,0,63.7,0,1,Bihar,BR,61.8,51.5,14.5,21.4,Gaya,38.6,1,86.8,36.2,0.3495,0
SCH_2026_1152,PRE_10TH,Male,12,2-5 LPA,1,3.8,85.3,0,92.1,10,0,47.9,1,1,Bihar,BR,61.8,51.5,14.5,21.4,Muzaffarpur,35.1,1,90.3,38.0,0.1986,0
SCH_2026_1153,PRE_10TH,Male,15,2-5 LPA,1,3.5,56.4,1,61.3,6,0,61.4,0,1,Bihar,BR,61.8,51.5,14.5,21.4,Gaya,38.6,1,86.8,36.2,0.4264,0
SCH_2026_1154,PRE_10TH,Female,9,2-5 LPA,0,0.6,85.7,0,84.7,6,0,64.0,0,1,Bihar,BR,61.8,51.5,14.5,21.4,Patna,18.2,0,56.4,28.5,0.0785,0
SCH_2026_1155,PRE_10TH,Female,10,<2 LPA,1,3.5,66.4,1,84.4,8,0,45.5,0,0,Haryana,HR,75.6,65.9,29.8,12.5,Nuh / Mewat,44.8,1,88.6,47.0,0.5556,1
SCH_2026_1156,PRE_10TH,Female,14,>10 LPA,0,3.6,84.4,0,97.8,6,0,60.9,1,1,Maharashtra,MH,82.3,75.9,32.3,11.2,Gadchiroli,28.5,1,89.0,28.9,0.1926,0
SCH_2026_1157,PRE_10TH,Female,13,5-10 LPA,0,0.5,61.8,1,70.5,6,0,95.4,2,0,Rajasthan,RJ,66.1,52.1,26.0,17.2,Jaipur,6.9,0,47.6,22.5,0.1576,0
SCH_2026_1158,PRE_10TH,Male,13,<2 LPA,1,1.8,69.7,1,70.5,8,0,98.0,1,1,Bihar,BR,61.8,51.5,14.5,21.4,Patna,18.2,0,56.4,28.5,0.0542,0
SCH_2026_1159,PRE_10TH,Female,15,>10 LPA,0,3.1,55.3,1,59.0,9,1,78.6,0,1,Karnataka,KA,75.4,68.1,36.2,12.0,Yadgir,39.4,1,81.2,36.5,0.431,0
SCH_2026_1160,PRE_10TH,Male,12,2-5 LPA,0,2.6,64.2,1,75.4,7,0,72.0,3,1,Kerala,KL,94.0,92.1,43.2,3.2,Thiruvananthapuram,0.9,0,46.2,15.2,0.1559,0
SCH_2026_1161,PRE_10TH,Female,9,<2 LPA,0,1.0,70.8,1,79.5,4,0,54.6,0,0,Maharashtra,MH,82.3,75.9,32.3,11.2,Mumbai,2.1,0,0.0,19.5,0.2443,0
SCH_2026_1162,PRE_10TH,Male,14,2-5 LPA,0,5.5,77.7,0,85.2,6,0,83.1,2,1,Uttar Pradesh,UP,67.7,57.2,23.2,16.8,Bahraich,54.4,1,92.1,46.5,0.2171,0
SCH_2026_1163,PRE_10TH,Female,12,2-5 LPA,0,0.5,84.1,0,85.1,6,0,49.6,2,1,Karnataka,KA,75.4,68.1,36.2,12.0,Bengaluru Urban,1.8,0,9.1,18.2,0.1639,1
SCH_2026_1164,PRE_10TH,Female,13,<2 LPA,0,3.7,76.2,0,90.2,7,0,38.6,0,0,Bihar,BR,61.8,51.5,14.5,21.4,Katihar,48.7,1,91.1,44.3,0.5514,1
SCH_2026_1165,PRE_10TH,Male,14,<2 LPA,0,0.5,84.6,0,100.0,9,0,59.2,3,1,Tamil Nadu,TN,80.1,73.4,51.4,8.1,Chennai,1.2,0,0.0,17.5,0.0712,1
SCH_2026_1166,PRE_10TH,Male,10,2-5 LPA,1,5.6,17.7,1,27.9,5,1,44.9,2,1,Haryana,HR,75.6,65.9,29.8,12.5,Nuh / Mewat,44.8,1,88.6,47.0,0.9707,1
SCH_2026_1167,PRE_10TH,Male,12,<2 LPA,0,5.2,87.6,0,100.0,13,0,48.8,3,1,Uttar Pradesh,UP,67.7,57.2,23.2,16.8,Shravasti,49.6,1,96.5,48.2,0.2444,0
SCH_2026_1168,PRE_10TH,Female,15,<2 LPA,0,0.5,75.9,0,76.9,11,0,59.5,2,1,Tamil Nadu,TN,80.1,73.4,51.4,8.1,Ramanathapuram,7.8,1,69.7,22.1,0.1317,0
SCH_2026_1169,PRE_10TH,Male,13,2-5 LPA,1,5.6,74.2,1,90.1,9,0,79.2,0,1,Karnataka,KA,75.4,68.1,36.2,12.0,Raichur,36.8,1,74.6,34.0,0.1481,0
SCH_2026_1170,PRE_10TH,Female,10,<2 LPA,1,2.2,54.0,1,55.9,10,1,81.1,1,1,Haryana,HR,75.6,65.9,29.8,12.5,Nuh / Mewat,44.8,1,88.6,47.0,0.4772,0
SCH_2026_1171,PRE_10TH,Female,9,<2 LPA,1,3.4,90.1,0,100.0,3,0,81.9,2,0,Gujarat,GJ,78.0,69.7,21.3,17.9,Ahmedabad,3.8,0,15.9,20.2,0.1242,0
SCH_2026_1172,PRE_10TH,Female,14,<2 LPA,1,0.5,78.9,0,90.5,13,0,58.4,1,1,Madhya Pradesh,MP,69.3,59.2,24.8,18.5,Bhopal,9.4,0,19.1,23.4,0.0824,0
SCH_2026_1173,PRE_10TH,Male,12,2-5 LPA,0,5.5,86.2,0,98.2,3,0,53.4,0,0,Gujarat,GJ,78.0,69.7,21.3,17.9,Narmada,32.4,1,89.5,30.5,0.2855,0
SCH_2026_1174,PRE_10TH,Female,9,2-5 LPA,1,4.1,46.9,1,57.2,5,0,71.4,2,1,Tamil Nadu,TN,80.1,73.4,51.4,8.1,Ramanathapuram,7.8,1,69.7,22.1,0.4788,0
SCH_2026_1175,PRE_10TH,Male,13,5-10 LPA,1,5.7,56.1,1,67.9,10,0,89.1,2,1,Karnataka,KA,75.4,68.1,36.2,12.0,Yadgir,39.4,1,81.2,36.5,0.2462,0
SCH_2026_1176,PRE_10TH,Male,14,<2 LPA,1,0.5,71.3,1,71.4,10,0,88.6,2,1,Gujarat,GJ,78.0,69.7,21.3,17.9,Ahmedabad,3.8,0,15.9,20.2,0.0423,0
SCH_2026_1177,PRE_10TH,Male,13,2-5 LPA,1,1.1,84.5,0,85.0,13,0,93.9,0,1,Kerala,KL,94.0,92.1,43.2,3.2,Thiruvananthapuram,0.9,0,46.2,15.2,0.0133,0
SCH_2026_1178,PRE_10TH,Female,14,5-10 LPA,0,1.1,88.4,0,98.0,15,0,95.4,1,1,Kerala,KL,94.0,92.1,43.2,3.2,Wayanad,4.1,1,96.1,18.0,0.0131,0
SCH_2026_1179,PRE_10TH,Female,14,<2 LPA,1,1.7,79.4,0,83.7,11,1,65.3,0,1,Uttar Pradesh,UP,67.7,57.2,23.2,16.8,Lucknow,8.5,0,33.8,24.1,0.1376,1
SCH_2026_1180,PRE_10TH,Female,9,>10 LPA,1,2.9,51.3,1,58.2,10,0,69.7,0,0,Karnataka,KA,75.4,68.1,36.2,12.0,Yadgir,39.4,1,81.2,36.5,0.4296,0
SCH_2026_1181,PRE_10TH,Female,9,<2 LPA,1,3.1,93.2,0,95.3,8,0,77.2,0,0,Kerala,KL,94.0,92.1,43.2,3.2,Wayanad,4.1,1,96.1,18.0,0.0493,0
SCH_2026_1182,PRE_10TH,Female,15,<2 LPA,1,1.7,86.0,0,95.6,10,0,98.0,0,1,Maharashtra,MH,82.3,75.9,32.3,11.2,Mumbai,2.1,0,0.0,19.5,0.0151,0
SCH_2026_1183,PRE_10TH,Male,14,5-10 LPA,0,7.3,89.9,0,99.1,7,0,74.6,2,0,Kerala,KL,94.0,92.1,43.2,3.2,Wayanad,4.1,1,96.1,18.0,0.0902,0
SCH_2026_1184,PRE_10TH,Male,13,2-5 LPA,1,13.1,49.8,1,73.8,7,1,67.5,0,1,Karnataka,KA,75.4,68.1,36.2,12.0,Raichur,36.8,1,74.6,34.0,0.8418,1
SCH_2026_1185,PRE_10TH,Male,15,>10 LPA,0,1.7,62.8,1,73.3,9,0,60.9,2,1,Madhya Pradesh,MP,69.3,59.2,24.8,18.5,Bhopal,9.4,0,19.1,23.4,0.1929,0
SCH_2026_1186,PRE_10TH,Female,9,<2 LPA,1,1.7,91.5,0,90.9,5,0,75.1,1,1,Tamil Nadu,TN,80.1,73.4,51.4,8.1,Ramanathapuram,7.8,1,69.7,22.1,0.057,0
SCH_2026_1187,PRE_10TH,Female,11,<2 LPA,1,1.4,79.0,0,88.2,10,0,80.1,0,1,Rajasthan,RJ,66.1,52.1,26.0,17.2,Jaisalmer,31.8,1,86.7,33.2,0.0639,0
SCH_2026_1188,PRE_10TH,Female,9,5-10 LPA,1,3.2,77.4,0,84.5,5,0,94.1,0,0,Gujarat,GJ,78.0,69.7,21.3,17.9,Ahmedabad,3.8,0,15.9,20.2,0.0692,0
SCH_2026_1189,PRE_10TH,Female,12,<2 LPA,0,1.7,81.8,0,87.6,5,0,68.0,0,1,Haryana,HR,75.6,65.9,29.8,12.5,Gurugram,2.5,0,31.2,20.5,0.0734,0
SCH_2026_1190,PRE_10TH,Male,15,<2 LPA,0,5.5,60.9,1,76.3,9,1,43.4,1,1,Bihar,BR,61.8,51.5,14.5,21.4,Purnia,50.4,1,89.2,42.1,0.7871,1
SCH_2026_1191,PRE_10TH,Male,14,2-5 LPA,0,0.5,86.9,0,95.3,8,0,80.6,0,0,Madhya Pradesh,MP,69.3,59.2,24.8,18.5,Indore,6.8,0,25.9,21.8,0.032,1
SCH_2026_1192,PRE_10TH,Female,10,2-5 LPA,0,1.0,68.2,1,77.7,6,0,67.3,1,1,Rajasthan,RJ,66.1,52.1,26.0,17.2,Jaipur,6.9,0,47.6,22.5,0.1577,0
SCH_2026_1193,PRE_10TH,Male,15,<2 LPA,0,6.5,37.3,1,48.9,4,0,98.0,1,1,Rajasthan,RJ,66.1,52.1,26.0,17.2,Kota,8.2,0,39.7,21.0,0.3272,0
SCH_2026_1194,PRE_10TH,Female,13,<2 LPA,0,4.3,87.4,0,93.3,1,0,57.0,1,1,Haryana,HR,75.6,65.9,29.8,12.5,Nuh / Mewat,44.8,1,88.6,47.0,0.3499,0
SCH_2026_1195,PRE_10TH,Male,9,2-5 LPA,0,0.5,68.9,1,77.6,7,0,82.2,0,1,Rajasthan,RJ,66.1,52.1,26.0,17.2,Kota,8.2,0,39.7,21.0,0.0667,0
SCH_2026_1196,PRE_10TH,Male,13,2-5 LPA,1,3.3,68.5,1,77.4,7,0,39.7,1,0,Rajasthan,RJ,66.1,52.1,26.0,17.2,Jaisalmer,31.8,1,86.7,33.2,0.4628,0
SCH_2026_1197,PRE_10TH,Female,10,<2 LPA,0,1.1,78.3,0,80.4,8,0,63.3,1,1,Gujarat,GJ,78.0,69.7,21.3,17.9,Ahmedabad,3.8,0,15.9,20.2,0.1,0
SCH_2026_1198,PRE_10TH,Male,10,<2 LPA,0,3.9,73.0,1,85.0,5,0,63.5,0,1,Maharashtra,MH,82.3,75.9,32.3,11.2,Nandurbar,33.1,1,83.3,32.4,0.2497,0
SCH_2026_1199,PRE_10TH,Female,11,<2 LPA,0,0.6,91.4,0,100.0,2,0,63.9,1,1,Tamil Nadu,TN,80.1,73.4,51.4,8.1,Ramanathapuram,7.8,1,69.7,22.1,0.0908,0
SCH_2026_1200,PRE_10TH,Female,13,2-5 LPA,0,7.6,89.0,0,96.0,6,0,70.9,0,1,Gujarat,GJ,78.0,69.7,21.3,17.9,Narmada,32.4,1,89.5,30.5,0.1503,0
SCH_2026_1201,PRE_10TH,Male,12,<2 LPA,0,2.3,79.2,0,96.0,6,0,77.0,0,1,Gujarat,GJ,78.0,69.7,21.3,17.9,Ahmedabad,3.8,0,15.9,20.2,0.0622,0
SCH_2026_1202,PRE_10TH,Male,10,<2 LPA,1,4.7,40.7,1,55.6,6,1,51.5,0,1,Karnataka,KA,75.4,68.1,36.2,12.0,Raichur,36.8,1,74.6,34.0,0.8472,1
SCH_2026_1203,PRE_10TH,Female,12,5-10 LPA,1,0.5,98.4,0,100.0,8,0,74.7,2,0,Rajasthan,RJ,66.1,52.1,26.0,17.2,Jaipur,6.9,0,47.6,22.5,0.0593,0
SCH_2026_1204,PRE_10TH,Female,12,<2 LPA,0,4.1,75.7,0,86.2,9,0,70.7,0,1,Rajasthan,RJ,66.1,52.1,26.0,17.2,Kota,8.2,0,39.7,21.0,0.094,0
SCH_2026_1205,PRE_10TH,Male,15,<2 LPA,0,1.8,74.3,1,83.1,1,1,55.2,0,1,Haryana,HR,75.6,65.9,29.8,12.5,Nuh / Mewat,44.8,1,88.6,47.0,0.5684,1
SCH_2026_1206,PRE_10TH,Female,9,<2 LPA,1,3.3,66.0,1,75.0,7,0,74.2,0,1,Kerala,KL,94.0,92.1,43.2,3.2,Thiruvananthapuram,0.9,0,46.2,15.2,0.1151,0
SCH_2026_1207,PRE_10TH,Female,14,2-5 LPA,0,0.9,79.5,0,89.6,4,0,71.2,0,1,Maharashtra,MH,82.3,75.9,32.3,11.2,Pune,3.9,0,39.1,21.0,0.0739,0
SCH_2026_1208,PRE_10TH,Male,12,5-10 LPA,1,1.6,83.3,0,96.3,7,0,65.5,2,1,Tamil Nadu,TN,80.1,73.4,51.4,8.1,Coimbatore,2.1,0,24.2,18.9,0.0751,0
SCH_2026_1209,PRE_10TH,Female,12,>10 LPA,1,2.9,91.9,0,100.0,3,0,33.9,0,0,Uttar Pradesh,UP,67.7,57.2,23.2,16.8,Shravasti,49.6,1,96.5,48.2,0.4751,1
SCH_2026_1210,PRE_10TH,Male,13,<2 LPA,0,4.4,68.7,1,85.3,6,0,78.6,3,1,Kerala,KL,94.0,92.1,43.2,3.2,Ernakulam,0.6,0,31.9,14.8,0.1381,0
SCH_2026_1211,PRE_10TH,Female,11,2-5 LPA,1,4.6,80.0,0,90.7,8,0,67.3,1,1,Haryana,HR,75.6,65.9,29.8,12.5,Nuh / Mewat,44.8,1,88.6,47.0,0.2368,0
SCH_2026_1212,PRE_10TH,Male,10,2-5 LPA,1,3.9,64.1,1,67.5,6,1,67.2,0,1,Uttar Pradesh,UP,67.7,57.2,23.2,16.8,Bahraich,54.4,1,92.1,46.5,0.5909,1
SCH_2026_1213,PRE_10TH,Male,13,5-10 LPA,1,0.8,80.0,0,89.2,8,0,40.1,0,1,Tamil Nadu,TN,80.1,73.4,51.4,8.1,Chennai,1.2,0,0.0,17.5,0.1359,0
SCH_2026_1214,PRE_10TH,Female,10,2-5 LPA,1,1.0,78.1,0,92.6,11,0,93.5,0,1,Karnataka,KA,75.4,68.1,36.2,12.0,Bengaluru Urban,1.8,0,9.1,18.2,0.021,0
SCH_2026_1215,PRE_10TH,Male,15,2-5 LPA,0,1.5,77.0,0,88.8,4,0,70.3,2,1,Rajasthan,RJ,66.1,52.1,26.0,17.2,Kota,8.2,0,39.7,21.0,0.1144,0
SCH_2026_1216,PRE_10TH,Female,12,2-5 LPA,0,18.0,66.1,1,100.0,7,0,80.3,1,0,Bihar,BR,61.8,51.5,14.5,21.4,Gaya,38.6,1,86.8,36.2,0.7334,1
SCH_2026_1217,PRE_10TH,Male,10,2-5 LPA,1,1.6,71.0,1,77.9,8,0,53.6,1,1,Bihar,BR,61.8,51.5,14.5,21.4,Patna,18.2,0,56.4,28.5,0.1988,0
SCH_2026_1218,PRE_10TH,Female,14,2-5 LPA,1,1.9,52.4,1,56.6,9,0,94.5,0,1,Maharashtra,MH,82.3,75.9,32.3,11.2,Mumbai,2.1,0,0.0,19.5,0.0805,0
SCH_2026_1219,PRE_10TH,Female,11,2-5 LPA,0,0.5,90.1,0,100.0,5,0,81.9,1,1,Uttar Pradesh,UP,67.7,57.2,23.2,16.8,Varanasi,16.3,0,56.6,29.4,0.0494,0
SCH_2026_1220,PRE_10TH,Male,15,2-5 LPA,1,2.5,89.9,0,100.0,4,0,55.6,1,1,Bihar,BR,61.8,51.5,14.5,21.4,Gaya,38.6,1,86.8,36.2,0.186,0
SCH_2026_1221,PRE_10TH,Female,12,5-10 LPA,1,4.5,59.0,1,63.3,3,0,73.1,0,0,Rajasthan,RJ,66.1,52.1,26.0,17.2,Jaisalmer,31.8,1,86.7,33.2,0.462,0
SCH_2026_1222,PRE_10TH,Male,12,>10 LPA,1,1.5,83.4,0,82.7,10,0,75.1,1,1,Kerala,KL,94.0,92.1,43.2,3.2,Ernakulam,0.6,0,31.9,14.8,0.0383,0
SCH_2026_1223,PRE_10TH,Male,14,<2 LPA,0,0.5,64.7,1,62.8,9,0,80.1,0,1,Bihar,BR,61.8,51.5,14.5,21.4,Patna,18.2,0,56.4,28.5,0.0882,0
SCH_2026_1224,PRE_10TH,Male,14,<2 LPA,1,3.4,67.1,1,77.8,4,0,62.8,1,1,Karnataka,KA,75.4,68.1,36.2,12.0,Bengaluru Urban,1.8,0,9.1,18.2,0.2101,1
SCH_2026_1225,PRE_10TH,Female,11,<2 LPA,0,0.8,63.7,1,69.2,7,0,79.3,0,0,Karnataka,KA,75.4,68.1,36.2,12.0,Yadgir,39.4,1,81.2,36.5,0.2317,0
SCH_2026_1226,PRE_10TH,Female,14,2-5 LPA,0,0.9,82.0,0,86.8,7,0,74.7,0,1,Gujarat,GJ,78.0,69.7,21.3,17.9,Ahmedabad,3.8,0,15.9,20.2,0.0475,0
SCH_2026_1227,PRE_10TH,Female,14,5-10 LPA,0,8.9,57.1,1,68.0,5,0,68.3,1,1,Kerala,KL,94.0,92.1,43.2,3.2,Wayanad,4.1,1,96.1,18.0,0.4404,1
SCH_2026_1228,PRE_10TH,Female,10,5-10 LPA,1,2.7,86.1,0,92.3,7,0,92.6,2,1,Haryana,HR,75.6,65.9,29.8,12.5,Gurugram,2.5,0,31.2,20.5,0.0462,0
SCH_2026_1229,PRE_10TH,Female,14,5-10 LPA,0,2.1,84.0,0,85.2,10,0,87.5,0,1,Madhya Pradesh,MP,69.3,59.2,24.8,18.5,Indore,6.8,0,25.9,21.8,0.0272,0
SCH_2026_1230,PRE_10TH,Male,15,2-5 LPA,0,3.8,88.8,0,91.2,5,1,80.4,0,1,Madhya Pradesh,MP,69.3,59.2,24.8,18.5,Barwani,46.1,1,85.5,37.1,0.2125,0
SCH_2026_1231,PRE_10TH,Female,12,5-10 LPA,1,4.3,62.7,1,79.6,2,0,51.1,1,1,Kerala,KL,94.0,92.1,43.2,3.2,Wayanad,4.1,1,96.1,18.0,0.4515,0
SCH_2026_1232,PRE_10TH,Male,9,2-5 LPA,0,3.5,62.5,1,77.5,1,0,66.4,0,1,Rajasthan,RJ,66.1,52.1,26.0,17.2,Jaisalmer,31.8,1,86.7,33.2,0.3798,0
SCH_2026_1233,PRE_10TH,Female,15,5-10 LPA,1,3.9,57.4,1,70.1,7,0,86.1,3,1,Gujarat,GJ,78.0,69.7,21.3,17.9,Ahmedabad,3.8,0,15.9,20.2,0.2626,0
SCH_2026_1234,PRE_10TH,Female,12,<2 LPA,0,2.3,85.1,0,89.6,12,0,82.2,0,1,Bihar,BR,61.8,51.5,14.5,21.4,Patna,18.2,0,56.4,28.5,0.0338,0
SCH_2026_1235,PRE_10TH,Male,15,2-5 LPA,1,3.7,73.7,1,78.7,3,0,63.7,0,0,Maharashtra,MH,82.3,75.9,32.3,11.2,Gadchiroli,28.5,1,89.0,28.9,0.2681,0
SCH_2026_1236,PRE_10TH,Male,11,2-5 LPA,1,8.6,54.3,1,68.2,14,0,98.0,0,1,Kerala,KL,94.0,92.1,43.2,3.2,Wayanad,4.1,1,96.1,18.0,0.0993,0
SCH_2026_1237,PRE_10TH,Male,15,2-5 LPA,1,4.8,72.8,1,88.6,6,0,66.9,1,1,Bihar,BR,61.8,51.5,14.5,21.4,Purnia,50.4,1,89.2,42.1,0.3212,1
SCH_2026_1238,PRE_10TH,Male,10,>10 LPA,1,5.5,68.2,1,80.5,7,0,76.2,0,0,Kerala,KL,94.0,92.1,43.2,3.2,Wayanad,4.1,1,96.1,18.0,0.1426,0
SCH_2026_1239,PRE_10TH,Female,10,5-10 LPA,0,1.4,70.4,1,72.7,12,0,98.0,3,1,Rajasthan,RJ,66.1,52.1,26.0,17.2,Kota,8.2,0,39.7,21.0,0.0659,0
SCH_2026_1240,PRE_10TH,Female,14,2-5 LPA,1,4.7,67.3,1,74.5,5,0,60.8,2,0,Gujarat,GJ,78.0,69.7,21.3,17.9,Dahod,40.5,1,88.0,38.1,0.6312,1
SCH_2026_1241,PRE_10TH,Male,14,5-10 LPA,0,3.2,68.8,1,83.7,9,0,91.7,1,1,Maharashtra,MH,82.3,75.9,32.3,11.2,Nandurbar,33.1,1,83.3,32.4,0.0981,0
SCH_2026_1242,PRE_10TH,Male,15,<2 LPA,1,0.9,69.4,1,81.3,5,1,81.0,0,1,Maharashtra,MH,82.3,75.9,32.3,11.2,Pune,3.9,0,39.1,21.0,0.1614,0
SCH_2026_1243,PRE_10TH,Male,9,5-10 LPA,1,5.1,55.1,1,61.0,8,0,79.4,0,1,Kerala,KL,94.0,92.1,43.2,3.2,Wayanad,4.1,1,96.1,18.0,0.1776,0
SCH_2026_1244,PRE_10TH,Male,14,5-10 LPA,1,1.9,59.7,1,72.3,7,0,49.4,2,1,Gujarat,GJ,78.0,69.7,21.3,17.9,Ahmedabad,3.8,0,15.9,20.2,0.3081,0
SCH_2026_1245,PRE_10TH,Female,13,<2 LPA,1,2.4,70.9,1,74.0,1,0,53.3,1,0,Karnataka,KA,75.4,68.1,36.2,12.0,Bengaluru Urban,1.8,0,9.1,18.2,0.4042,0
SCH_2026_1246,PRE_10TH,Male,10,2-5 LPA,1,0.7,94.0,0,95.3,6,0,76.2,2,1,Tamil Nadu,TN,80.1,73.4,51.4,8.1,Coimbatore,2.1,0,24.2,18.9,0.0324,0
SCH_2026_1247,PRE_10TH,Female,14,<2 LPA,1,3.2,71.1,1,84.5,7,0,61.2,0,0,Rajasthan,RJ,66.1,52.1,26.0,17.2,Jaisalmer,31.8,1,86.7,33.2,0.3189,0
SCH_2026_1248,PRE_10TH,Male,10,<2 LPA,0,4.4,51.6,1,68.1,2,0,64.7,1,1,Madhya Pradesh,MP,69.3,59.2,24.8,18.5,Barwani,46.1,1,85.5,37.1,0.6167,1
SCH_2026_1249,PRE_10TH,Female,14,<2 LPA,1,6.5,58.6,1,71.9,6,0,81.2,1,1,Uttar Pradesh,UP,67.7,57.2,23.2,16.8,Balrampur,47.9,1,92.3,45.0,0.4377,0
SCH_2026_1250,PRE_10TH,Male,11,<2 LPA,1,4.5,69.6,1,73.2,10,1,57.9,0,1,Haryana,HR,75.6,65.9,29.8,12.5,Gurugram,2.5,0,31.2,20.5,0.3018,0
SCH_2026_1251,PRE_10TH,Male,11,2-5 LPA,1,1.6,68.4,1,76.9,3,0,33.4,0,1,Madhya Pradesh,MP,69.3,59.2,24.8,18.5,Indore,6.8,0,25.9,21.8,0.3804,0
SCH_2026_1252,PRE_10TH,Female,13,2-5 LPA,1,1.7,80.4,0,84.5,5,0,87.3,0,1,Madhya Pradesh,MP,69.3,59.2,24.8,18.5,Alirajpur,52.0,1,92.2,39.5,0.1036,0
SCH_2026_1253,PRE_10TH,Female,13,<2 LPA,1,1.7,94.6,0,100.0,3,0,74.2,1,1,Maharashtra,MH,82.3,75.9,32.3,11.2,Pune,3.9,0,39.1,21.0,0.055,0
SCH_2026_1254,PRE_10TH,Female,15,<2 LPA,1,0.6,75.9,0,80.1,10,0,61.1,1,0,Maharashtra,MH,82.3,75.9,32.3,11.2,Mumbai,2.1,0,0.0,19.5,0.1403,0
SCH_2026_1255,PRE_10TH,Male,10,2-5 LPA,0,0.9,53.9,1,63.6,13,0,82.2,2,1,Tamil Nadu,TN,80.1,73.4,51.4,8.1,Ramanathapuram,7.8,1,69.7,22.1,0.098,0
SCH_2026_1256,PRE_10TH,Male,12,5-10 LPA,1,1.0,88.8,0,90.8,6,1,98.0,0,1,Madhya Pradesh,MP,69.3,59.2,24.8,18.5,Barwani,46.1,1,85.5,37.1,0.0881,0
SCH_2026_1257,PRE_10TH,Female,9,<2 LPA,0,1.3,71.9,1,86.4,2,0,52.1,0,1,Madhya Pradesh,MP,69.3,59.2,24.8,18.5,Bhopal,9.4,0,19.1,23.4,0.2318,0
SCH_2026_1258,PRE_10TH,Female,15,2-5 LPA,0,4.8,84.1,0,93.9,8,0,43.4,2,1,Bihar,BR,61.8,51.5,14.5,21.4,Gaya,38.6,1,86.8,36.2,0.4219,0
SCH_2026_1259,PRE_10TH,Male,15,2-5 LPA,0,8.0,34.3,1,52.8,8,1,70.7,1,0,Bihar,BR,61.8,51.5,14.5,21.4,Muzaffarpur,35.1,1,90.3,38.0,0.8475,1
SCH_2026_1260,PRE_10TH,Female,15,<2 LPA,0,1.0,67.5,1,68.5,8,0,57.0,0,1,Uttar Pradesh,UP,67.7,57.2,23.2,16.8,Varanasi,16.3,0,56.6,29.4,0.1739,0
SCH_2026_1261,PRE_10TH,Male,11,5-10 LPA,0,4.0,73.1,1,90.6,10,0,70.2,0,1,Maharashtra,MH,82.3,75.9,32.3,11.2,Gadchiroli,28.5,1,89.0,28.9,0.1395,0
SCH_2026_1262,PRE_10TH,Male,14,5-10 LPA,1,2.2,79.6,0,80.3,9,0,76.8,1,1,Kerala,KL,94.0,92.1,43.2,3.2,Ernakulam,0.6,0,31.9,14.8,0.0498,0
SCH_2026_1263,PRE_10TH,Female,11,2-5 LPA,0,0.5,81.3,0,88.2,7,0,91.0,1,1,Karnataka,KA,75.4,68.1,36.2,12.0,Bengaluru Urban,1.8,0,9.1,18.2,0.0345,0
SCH_2026_1264,PRE_10TH,Male,10,2-5 LPA,0,0.5,98.8,0,96.2,8,0,69.1,1,1,Madhya Pradesh,MP,69.3,59.2,24.8,18.5,Bhopal,9.4,0,19.1,23.4,0.0296,0
SCH_2026_1265,PRE_10TH,Female,10,>10 LPA,0,9.1,75.6,0,88.1,5,0,71.7,0,0,Rajasthan,RJ,66.1,52.1,26.0,17.2,Jaisalmer,31.8,1,86.7,33.2,0.3865,0
SCH_2026_1266,PRE_10TH,Female,14,5-10 LPA,0,4.4,75.6,0,89.5,8,0,77.9,1,0,Bihar,BR,61.8,51.5,14.5,21.4,Gaya,38.6,1,86.8,36.2,0.2593,0
SCH_2026_1267,PRE_10TH,Male,10,2-5 LPA,1,3.4,79.6,0,86.8,11,1,78.2,2,1,Tamil Nadu,TN,80.1,73.4,51.4,8.1,Chennai,1.2,0,0.0,17.5,0.1126,0
SCH_2026_1268,PRE_10TH,Male,13,2-5 LPA,0,3.9,61.8,1,75.5,8,1,61.5,0,0,Madhya Pradesh,MP,69.3,59.2,24.8,18.5,Barwani,46.1,1,85.5,37.1,0.6053,1
SCH_2026_1269,PRE_10TH,Male,13,<2 LPA,1,2.7,54.8,1,68.1,1,0,63.0,0,1,Maharashtra,MH,82.3,75.9,32.3,11.2,Gadchiroli,28.5,1,89.0,28.9,0.454,0
SCH_2026_1270,PRE_10TH,Male,15,<2 LPA,0,6.7,63.1,1,70.5,8,0,59.4,1,1,Bihar,BR,61.8,51.5,14.5,21.4,Patna,18.2,0,56.4,28.5,0.3483,0
SCH_2026_1271,PRE_10TH,Male,11,2-5 LPA,0,1.4,59.8,1,66.7,6,0,89.0,1,1,Uttar Pradesh,UP,67.7,57.2,23.2,16.8,Lucknow,8.5,0,33.8,24.1,0.1016,0
SCH_2026_1272,PRE_10TH,Male,14,2-5 LPA,0,1.5,66.1,1,70.7,6,0,55.0,0,1,Bihar,BR,61.8,51.5,14.5,21.4,Patna,18.2,0,56.4,28.5,0.2398,0
SCH_2026_1273,PRE_10TH,Female,11,<2 LPA,0,1.1,63.6,1,72.7,10,0,72.8,1,0,Tamil Nadu,TN,80.1,73.4,51.4,8.1,Ramanathapuram,7.8,1,69.7,22.1,0.1819,1
SCH_2026_1274,PRE_10TH,Female,11,2-5 LPA,1,2.9,82.9,0,85.2,6,0,77.0,1,0,Madhya Pradesh,MP,69.3,59.2,24.8,18.5,Alirajpur,52.0,1,92.2,39.5,0.2521,0
SCH_2026_1275,PRE_10TH,Female,11,<2 LPA,0,3.1,58.3,1,73.8,8,0,66.5,2,1,Bihar,BR,61.8,51.5,14.5,21.4,Katihar,48.7,1,91.1,44.3,0.5084,1
SCH_2026_1276,PRE_10TH,Male,14,<2 LPA,1,1.7,77.0,0,87.8,9,0,59.9,0,1,Haryana,HR,75.6,65.9,29.8,12.5,Nuh / Mewat,44.8,1,88.6,47.0,0.1816,0
SCH_2026_1277,PRE_10TH,Female,12,<2 LPA,1,0.6,93.1,0,100.0,6,0,62.3,1,1,Uttar Pradesh,UP,67.7,57.2,23.2,16.8,Varanasi,16.3,0,56.6,29.4,0.0778,0
SCH_2026_1278,PRE_10TH,Male,12,<2 LPA,1,7.5,87.8,0,100.0,4,0,65.7,0,1,Rajasthan,RJ,66.1,52.1,26.0,17.2,Jaisalmer,31.8,1,86.7,33.2,0.2042,0
SCH_2026_1279,PRE_10TH,Male,10,5-10 LPA,0,4.2,86.2,0,92.3,3,0,60.4,1,0,Bihar,BR,61.8,51.5,14.5,21.4,Muzaffarpur,35.1,1,90.3,38.0,0.2378,0
SCH_2026_1280,PRE_10TH,Male,15,<2 LPA,1,1.7,65.4,1,78.1,5,0,59.4,1,1,Gujarat,GJ,78.0,69.7,21.3,17.9,Narmada,32.4,1,89.5,30.5,0.3086,0
SCH_2026_1281,PRE_10TH,Female,12,2-5 LPA,1,7.5,86.8,0,95.8,6,0,46.9,1,1,Rajasthan,RJ,66.1,52.1,26.0,17.2,Barmer,34.2,1,93.0,35.8,0.385,0
SCH_2026_1282,PRE_10TH,Male,13,<2 LPA,1,1.0,76.1,0,90.0,3,0,45.1,0,1,Bihar,BR,61.8,51.5,14.5,21.4,Patna,18.2,0,56.4,28.5,0.2523,1
SCH_2026_1283,PRE_10TH,Female,9,5-10 LPA,0,8.4,60.3,1,70.3,7,0,38.2,0,1,Bihar,BR,61.8,51.5,14.5,21.4,Muzaffarpur,35.1,1,90.3,38.0,0.685,1
SCH_2026_1284,PRE_10TH,Male,11,2-5 LPA,0,1.3,81.0,0,80.5,7,0,85.7,1,1,Maharashtra,MH,82.3,75.9,32.3,11.2,Pune,3.9,0,39.1,21.0,0.0391,0
SCH_2026_1285,PRE_10TH,Female,13,<2 LPA,0,12.4,55.8,1,80.0,8,1,46.9,1,0,Uttar Pradesh,UP,67.7,57.2,23.2,16.8,Bahraich,54.4,1,92.1,46.5,0.9552,1
SCH_2026_1286,PRE_10TH,Female,14,<2 LPA,0,0.5,82.6,0,89.2,8,0,62.5,0,1,Kerala,KL,94.0,92.1,43.2,3.2,Thiruvananthapuram,0.9,0,46.2,15.2,0.0578,0
SCH_2026_1287,PRE_10TH,Female,10,<2 LPA,1,3.6,50.6,1,58.3,10,0,55.4,0,1,Maharashtra,MH,82.3,75.9,32.3,11.2,Pune,3.9,0,39.1,21.0,0.3042,0
SCH_2026_1288,PRE_10TH,Female,9,5-10 LPA,0,4.3,75.0,0,87.5,10,0,65.1,1,1,Haryana,HR,75.6,65.9,29.8,12.5,Nuh / Mewat,44.8,1,88.6,47.0,0.2547,1
SCH_2026_1289,PRE_10TH,Male,10,2-5 LPA,0,2.5,87.2,0,91.6,3,0,33.7,0,1,Madhya Pradesh,MP,69.3,59.2,24.8,18.5,Bhopal,9.4,0,19.1,23.4,0.2363,0
SCH_2026_1290,PRE_10TH,Female,9,2-5 LPA,1,1.6,85.6,0,91.1,7,0,55.1,0,1,Bihar,BR,61.8,51.5,14.5,21.4,Patna,18.2,0,56.4,28.5,0.1085,0
SCH_2026_1291,PRE_10TH,Female,14,<2 LPA,1,3.7,66.3,1,71.8,0,0,48.0,0,0,Bihar,BR,61.8,51.5,14.5,21.4,Katihar,48.7,1,91.1,44.3,0.7069,0
SCH_2026_1292,PRE_10TH,Female,12,<2 LPA,0,7.6,34.8,1,46.2,7,1,49.8,2,1,Bihar,BR,61.8,51.5,14.5,21.4,Muzaffarpur,35.1,1,90.3,38.0,0.9464,1
SCH_2026_1293,PRE_10TH,Female,11,<2 LPA,0,1.2,91.6,0,96.8,11,0,79.5,2,1,Kerala,KL,94.0,92.1,43.2,3.2,Ernakulam,0.6,0,31.9,14.8,0.0338,0
SCH_2026_1294,PRE_10TH,Female,12,5-10 LPA,1,2.2,56.9,1,70.7,6,0,53.9,0,1,Tamil Nadu,TN,80.1,73.4,51.4,8.1,Ramanathapuram,7.8,1,69.7,22.1,0.3034,0
SCH_2026_1295,PRE_10TH,Male,12,>10 LPA,0,6.1,45.1,1,62.5,3,1,29.7,1,1,Bihar,BR,61.8,51.5,14.5,21.4,Gaya,38.6,1,86.8,36.2,0.9431,1
SCH_2026_1296,PRE_10TH,Male,15,2-5 LPA,1,0.5,82.4,0,96.2,10,1,59.0,1,1,Maharashtra,MH,82.3,75.9,32.3,11.2,Mumbai,2.1,0,0.0,19.5,0.1354,0
SCH_2026_1297,PRE_10TH,Female,14,<2 LPA,0,3.6,82.6,0,84.0,10,0,94.4,0,1,Maharashtra,MH,82.3,75.9,32.3,11.2,Mumbai,2.1,0,0.0,19.5,0.0247,0
SCH_2026_1298,PRE_10TH,Female,15,<2 LPA,0,6.6,58.7,1,72.4,7,0,98.0,0,1,Gujarat,GJ,78.0,69.7,21.3,17.9,Narmada,32.4,1,89.5,30.5,0.1803,0
SCH_2026_1299,PRE_10TH,Male,11,2-5 LPA,0,1.1,92.8,0,96.0,7,0,68.1,1,1,Rajasthan,RJ,66.1,52.1,26.0,17.2,Kota,8.2,0,39.7,21.0,0.0448,0
SCH_2026_1300,PRE_10TH,Male,13,<2 LPA,0,1.4,77.0,0,87.2,4,0,52.4,1,1,Tamil Nadu,TN,80.1,73.4,51.4,8.1,Coimbatore,2.1,0,24.2,18.9,0.1623,0
SCH_2026_1301,PRE_10TH,Male,14,2-5 LPA,0,4.3,81.1,0,95.8,11,0,57.5,2,1,Gujarat,GJ,78.0,69.7,21.3,17.9,Narmada,32.4,1,89.5,30.5,0.1796,0
SCH_2026_1302,PRE_10TH,Female,11,2-5 LPA,0,4.9,69.8,1,73.6,4,0,58.7,0,1,Uttar Pradesh,UP,67.7,57.2,23.2,16.8,Shravasti,49.6,1,96.5,48.2,0.4358,0
SCH_2026_1303,PRE_10TH,Male,14,<2 LPA,0,9.8,63.8,1,86.4,1,0,73.9,2,1,Gujarat,GJ,78.0,69.7,21.3,17.9,Dahod,40.5,1,88.0,38.1,0.5755,0
SCH_2026_1304,PRE_10TH,Male,13,2-5 LPA,1,1.0,67.6,1,70.9,6,0,55.8,0,1,Karnataka,KA,75.4,68.1,36.2,12.0,Raichur,36.8,1,74.6,34.0,0.2802,0
SCH_2026_1305,PRE_10TH,Female,10,<2 LPA,1,3.9,61.5,1,74.1,5,0,53.4,0,1,Gujarat,GJ,78.0,69.7,21.3,17.9,Narmada,32.4,1,89.5,30.5,0.4396,0
SCH_2026_1306,PRE_10TH,Male,15,<2 LPA,0,4.5,80.4,0,85.7,7,0,83.4,1,1,Rajasthan,RJ,66.1,52.1,26.0,17.2,Jaisalmer,31.8,1,86.7,33.2,0.104,0
SCH_2026_1307,PRE_10TH,Female,13,2-5 LPA,0,1.8,78.8,0,82.5,10,0,59.1,0,1,Maharashtra,MH,82.3,75.9,32.3,11.2,Pune,3.9,0,39.1,21.0,0.0803,0
SCH_2026_1308,PRE_10TH,Male,14,2-5 LPA,0,3.5,59.0,1,67.3,0,0,62.9,0,1,Bihar,BR,61.8,51.5,14.5,21.4,Purnia,50.4,1,89.2,42.1,0.562,1
SCH_2026_1309,PRE_10TH,Female,9,5-10 LPA,0,0.6,70.6,1,79.9,7,0,91.7,0,1,Kerala,KL,94.0,92.1,43.2,3.2,Thiruvananthapuram,0.9,0,46.2,15.2,0.0402,0
SCH_2026_1310,PRE_10TH,Female,13,<2 LPA,0,1.2,74.4,1,79.2,6,0,56.5,1,1,Maharashtra,MH,82.3,75.9,32.3,11.2,Mumbai,2.1,0,0.0,19.5,0.1616,0
SCH_2026_1311,PRE_10TH,Male,13,2-5 LPA,0,5.0,68.2,1,81.5,10,0,65.4,0,1,Karnataka,KA,75.4,68.1,36.2,12.0,Bengaluru Urban,1.8,0,9.1,18.2,0.1365,0
SCH_2026_1312,PRE_10TH,Female,15,<2 LPA,0,0.5,58.5,1,64.7,8,0,47.6,0,1,Uttar Pradesh,UP,67.7,57.2,23.2,16.8,Lucknow,8.5,0,33.8,24.1,0.263,0
SCH_2026_1313,PRE_10TH,Female,9,<2 LPA,0,2.8,83.0,0,83.8,3,0,67.3,1,1,Rajasthan,RJ,66.1,52.1,26.0,17.2,Jaisalmer,31.8,1,86.7,33.2,0.2009,0
SCH_2026_1314,PRE_10TH,Female,13,5-10 LPA,0,6.0,51.7,1,61.2,6,1,43.1,1,1,Bihar,BR,61.8,51.5,14.5,21.4,Gaya,38.6,1,86.8,36.2,0.8816,1
SCH_2026_1315,PRE_10TH,Male,14,<2 LPA,0,2.1,75.6,0,86.0,5,0,85.7,2,0,Tamil Nadu,TN,80.1,73.4,51.4,8.1,Chennai,1.2,0,0.0,17.5,0.0701,0
SCH_2026_1316,PRE_10TH,Male,13,<2 LPA,1,13.6,44.9,1,70.3,5,1,72.1,1,1,Bihar,BR,61.8,51.5,14.5,21.4,Katihar,48.7,1,91.1,44.3,0.9073,1
SCH_2026_1317,PRE_10TH,Male,9,5-10 LPA,0,5.1,89.2,0,100.0,8,0,74.1,0,1,Haryana,HR,75.6,65.9,29.8,12.5,Gurugram,2.5,0,31.2,20.5,0.0518,0
SCH_2026_1318,PRE_10TH,Male,12,5-10 LPA,0,5.6,79.1,0,98.0,12,0,84.7,1,0,Rajasthan,RJ,66.1,52.1,26.0,17.2,Barmer,34.2,1,93.0,35.8,0.0928,0
SCH_2026_1319,PRE_10TH,Female,12,<2 LPA,1,1.1,64.7,1,70.7,4,0,51.2,0,0,Tamil Nadu,TN,80.1,73.4,51.4,8.1,Coimbatore,2.1,0,24.2,18.9,0.3261,1
SCH_2026_1320,PRE_10TH,Male,15,<2 LPA,0,3.4,59.9,1,73.7,7,0,73.5,3,0,Tamil Nadu,TN,80.1,73.4,51.4,8.1,Ramanathapuram,7.8,1,69.7,22.1,0.2259,0
SCH_2026_1321,PRE_10TH,Female,10,5-10 LPA,0,0.9,82.8,0,93.9,9,0,77.3,1,1,Madhya Pradesh,MP,69.3,59.2,24.8,18.5,Bhopal,9.4,0,19.1,23.4,0.0528,0
SCH_2026_1322,PRE_10TH,Male,9,<2 LPA,0,6.4,44.2,1,61.9,11,0,98.0,0,0,Madhya Pradesh,MP,69.3,59.2,24.8,18.5,Alirajpur,52.0,1,92.2,39.5,0.3254,0
SCH_2026_1323,PRE_10TH,Female,12,2-5 LPA,0,2.8,81.2,0,84.9,8,0,60.7,2,1,Gujarat,GJ,78.0,69.7,21.3,17.9,Narmada,32.4,1,89.5,30.5,0.2396,0
SCH_2026_1324,PRE_10TH,Female,9,2-5 LPA,1,6.5,43.1,1,56.2,7,0,68.7,1,1,Haryana,HR,75.6,65.9,29.8,12.5,Nuh / Mewat,44.8,1,88.6,47.0,0.6776,1
SCH_2026_1325,PRE_10TH,Male,13,5-10 LPA,0,5.7,81.0,0,91.8,1,0,69.6,2,1,Bihar,BR,61.8,51.5,14.5,21.4,Muzaffarpur,35.1,1,90.3,38.0,0.2838,0
SCH_2026_1326,PRE_10TH,Male,12,2-5 LPA,1,2.0,92.0,0,91.9,3,0,69.7,1,1,Tamil Nadu,TN,80.1,73.4,51.4,8.1,Ramanathapuram,7.8,1,69.7,22.1,0.0655,0
SCH_2026_1327,PRE_10TH,Male,13,<2 LPA,0,2.3,72.4,1,78.0,10,0,98.0,0,1,Kerala,KL,94.0,92.1,43.2,3.2,Thiruvananthapuram,0.9,0,46.2,15.2,0.0288,0
SCH_2026_1328,PRE_10TH,Female,11,<2 LPA,0,1.3,60.3,1,72.3,3,0,53.8,0,1,Haryana,HR,75.6,65.9,29.8,12.5,Gurugram,2.5,0,31.2,20.5,0.2792,0
SCH_2026_1329,PRE_10TH,Female,15,<2 LPA,1,0.8,49.5,1,56.4,12,0,98.0,1,1,Maharashtra,MH,82.3,75.9,32.3,11.2,Gadchiroli,28.5,1,89.0,28.9,0.1214,0
SCH_2026_1330,PRE_10TH,Male,14,<2 LPA,1,11.7,81.5,0,98.2,16,0,68.6,3,0,Kerala,KL,94.0,92.1,43.2,3.2,Wayanad,4.1,1,96.1,18.0,0.1377,0
SCH_2026_1331,PRE_10TH,Female,15,<2 LPA,0,2.3,64.8,1,71.8,10,0,71.1,2,1,Kerala,KL,94.0,92.1,43.2,3.2,Ernakulam,0.6,0,31.9,14.8,0.1616,0
SCH_2026_1332,PRE_10TH,Male,15,2-5 LPA,0,0.5,94.2,0,96.9,16,0,65.3,0,1,Tamil Nadu,TN,80.1,73.4,51.4,8.1,Chennai,1.2,0,0.0,17.5,0.0171,0
SCH_2026_1333,PRE_10TH,Male,15,<2 LPA,0,7.6,78.7,0,89.2,10,0,67.8,0,0,Kerala,KL,94.0,92.1,43.2,3.2,Wayanad,4.1,1,96.1,18.0,0.1246,0
SCH_2026_1334,PRE_10TH,Male,13,5-10 LPA,0,10.5,59.0,1,86.9,4,0,46.2,0,0,Bihar,BR,61.8,51.5,14.5,21.4,Purnia,50.4,1,89.2,42.1,0.8094,1
SCH_2026_1335,PRE_10TH,Male,15,2-5 LPA,0,1.6,63.2,1,74.2,6,0,82.0,0,1,Karnataka,KA,75.4,68.1,36.2,12.0,Raichur,36.8,1,74.6,34.0,0.1684,0
SCH_2026_1336,PRE_10TH,Male,14,<2 LPA,0,4.0,68.7,1,73.1,10,0,98.0,2,0,Gujarat,GJ,78.0,69.7,21.3,17.9,Narmada,32.4,1,89.5,30.5,0.0957,0
SCH_2026_1337,PRE_10TH,Male,10,2-5 LPA,1,0.9,69.3,1,77.7,9,0,49.6,0,1,Haryana,HR,75.6,65.9,29.8,12.5,Gurugram,2.5,0,31.2,20.5,0.15,0
SCH_2026_1338,PRE_10TH,Male,12,>10 LPA,1,0.8,89.3,0,93.9,13,0,29.3,1,0,Kerala,KL,94.0,92.1,43.2,3.2,Thiruvananthapuram,0.9,0,46.2,15.2,0.107,0
SCH_2026_1339,PRE_10TH,Male,13,>10 LPA,0,4.4,84.1,0,98.9,6,0,89.8,0,1,Maharashtra,MH,82.3,75.9,32.3,11.2,Mumbai,2.1,0,0.0,19.5,0.0406,0
SCH_2026_1340,PRE_10TH,Female,10,2-5 LPA,0,7.2,41.1,1,50.0,7,1,96.9,2,0,Karnataka,KA,75.4,68.1,36.2,12.0,Yadgir,39.4,1,81.2,36.5,0.8065,1
SCH_2026_1341,PRE_10TH,Male,11,5-10 LPA,0,9.0,49.3,1,69.8,6,0,56.5,0,0,Uttar Pradesh,UP,67.7,57.2,23.2,16.8,Balrampur,47.9,1,92.3,45.0,0.7554,1
SCH_2026_1342,PRE_10TH,Male,11,<2 LPA,1,0.7,69.8,1,71.5,9,0,70.7,0,1,Kerala,KL,94.0,92.1,43.2,3.2,Thiruvananthapuram,0.9,0,46.2,15.2,0.072,0
SCH_2026_1343,PRE_10TH,Male,15,<2 LPA,1,2.2,72.2,1,82.8,11,0,80.9,0,1,Kerala,KL,94.0,92.1,43.2,3.2,Ernakulam,0.6,0,31.9,14.8,0.0471,0
SCH_2026_1344,PRE_10TH,Female,13,2-5 LPA,1,1.9,61.6,1,74.7,5,0,82.8,1,1,Maharashtra,MH,82.3,75.9,32.3,11.2,Mumbai,2.1,0,0.0,19.5,0.1393,0
SCH_2026_1345,PRE_10TH,Female,9,2-5 LPA,0,1.4,73.1,1,84.7,9,1,49.0,1,1,Rajasthan,RJ,66.1,52.1,26.0,17.2,Jaipur,6.9,0,47.6,22.5,0.3569,0
SCH_2026_1346,PRE_10TH,Female,13,5-10 LPA,1,2.9,68.3,1,83.0,2,1,64.7,2,0,Kerala,KL,94.0,92.1,43.2,3.2,Wayanad,4.1,1,96.1,18.0,0.6226,1
SCH_2026_1347,PRE_10TH,Male,14,<2 LPA,1,0.8,75.1,0,76.5,9,0,88.8,0,1,Madhya Pradesh,MP,69.3,59.2,24.8,18.5,Barwani,46.1,1,85.5,37.1,0.0748,0
SCH_2026_1348,PRE_10TH,Female,13,2-5 LPA,0,7.2,78.4,0,100.0,6,0,41.7,1,1,Gujarat,GJ,78.0,69.7,21.3,17.9,Narmada,32.4,1,89.5,30.5,0.5048,1
SCH_2026_1349,PRE_10TH,Female,12,2-5 LPA,1,5.1,73.1,1,81.6,0,0,60.7,2,1,Bihar,BR,61.8,51.5,14.5,21.4,Katihar,48.7,1,91.1,44.3,0.61,1
SCH_2026_1350,PRE_10TH,Male,15,5-10 LPA,1,7.9,63.0,1,78.6,4,1,57.9,0,1,Bihar,BR,61.8,51.5,14.5,21.4,Purnia,50.4,1,89.2,42.1,0.786,1
SCH_2026_1351,PRE_10TH,Male,15,5-10 LPA,0,7.5,77.1,0,85.7,12,0,89.4,1,1,Maharashtra,MH,82.3,75.9,32.3,11.2,Gadchiroli,28.5,1,89.0,28.9,0.0889,0
SCH_2026_1352,PRE_10TH,Male,15,5-10 LPA,1,9.8,61.3,1,78.3,10,0,81.3,1,1,Uttar Pradesh,UP,67.7,57.2,23.2,16.8,Bahraich,54.4,1,92.1,46.5,0.4075,0
SCH_2026_1353,PRE_10TH,Female,13,2-5 LPA,1,7.9,44.3,1,61.9,5,0,66.4,2,0,Tamil Nadu,TN,80.1,73.4,51.4,8.1,Ramanathapuram,7.8,1,69.7,22.1,0.7519,1
SCH_2026_1354,PRE_10TH,Male,10,5-10 LPA,1,0.5,96.5,0,99.6,7,0,59.0,2,1,Uttar Pradesh,UP,67.7,57.2,23.2,16.8,Lucknow,8.5,0,33.8,24.1,0.0531,0
SCH_2026_1355,PRE_10TH,Male,14,<2 LPA,0,1.5,83.0,0,87.3,12,0,98.0,1,1,Rajasthan,RJ,66.1,52.1,26.0,17.2,Jaisalmer,31.8,1,86.7,33.2,0.0281,0
SCH_2026_1356,PRE_10TH,Female,11,<2 LPA,1,9.6,52.4,1,70.2,6,0,62.1,3,0,Madhya Pradesh,MP,69.3,59.2,24.8,18.5,Alirajpur,52.0,1,92.2,39.5,0.9005,1
SCH_2026_1357,PRE_10TH,Male,9,2-5 LPA,1,0.5,100.0,0,100.0,3,0,66.0,0,1,Gujarat,GJ,78.0,69.7,21.3,17.9,Ahmedabad,3.8,0,15.9,20.2,0.0377,0
SCH_2026_1358,PRE_10TH,Male,11,2-5 LPA,1,0.5,80.0,0,84.2,5,0,67.1,2,1,Haryana,HR,75.6,65.9,29.8,12.5,Gurugram,2.5,0,31.2,20.5,0.0846,0
SCH_2026_1359,PRE_10TH,Female,15,<2 LPA,1,2.9,83.1,0,83.5,4,0,91.7,0,0,Maharashtra,MH,82.3,75.9,32.3,11.2,Pune,3.9,0,39.1,21.0,0.0621,0
SCH_2026_1360,PRE_10TH,Male,9,<2 LPA,0,11.9,56.4,1,71.5,5,1,38.5,2,0,Karnataka,KA,75.4,68.1,36.2,12.0,Yadgir,39.4,1,81.2,36.5,0.9386,1
SCH_2026_1361,PRE_10TH,Female,11,2-5 LPA,0,6.4,71.2,1,81.2,8,0,81.4,1,1,Uttar Pradesh,UP,67.7,57.2,23.2,16.8,Bahraich,54.4,1,92.1,46.5,0.2965,0
SCH_2026_1362,PRE_10TH,Female,11,2-5 LPA,1,0.7,64.4,1,71.4,5,0,68.5,2,1,Tamil Nadu,TN,80.1,73.4,51.4,8.1,Coimbatore,2.1,0,24.2,18.9,0.2154,0
SCH_2026_1363,PRE_10TH,Female,9,<2 LPA,1,6.5,94.4,0,100.0,8,0,83.5,1,0,Bihar,BR,61.8,51.5,14.5,21.4,Muzaffarpur,35.1,1,90.3,38.0,0.1301,1
SCH_2026_1364,PRE_10TH,Male,13,5-10 LPA,0,1.4,61.4,1,69.5,10,0,85.6,0,1,Haryana,HR,75.6,65.9,29.8,12.5,Gurugram,2.5,0,31.2,20.5,0.0655,0
SCH_2026_1365,PRE_10TH,Male,12,<2 LPA,0,1.5,86.5,0,90.3,9,0,86.6,2,1,Tamil Nadu,TN,80.1,73.4,51.4,8.1,Coimbatore,2.1,0,24.2,18.9,0.0274,0
SCH_2026_1366,PRE_10TH,Female,14,<2 LPA,0,0.8,79.6,0,83.5,8,0,80.4,0,1,Tamil Nadu,TN,80.1,73.4,51.4,8.1,Coimbatore,2.1,0,24.2,18.9,0.0383,0
SCH_2026_1367,PRE_10TH,Male,10,<2 LPA,1,1.8,87.1,0,100.0,7,0,64.3,2,1,Tamil Nadu,TN,80.1,73.4,51.4,8.1,Chennai,1.2,0,0.0,17.5,0.067,0
SCH_2026_1368,PRE_10TH,Female,10,<2 LPA,1,4.2,53.0,1,63.8,0,0,39.7,0,1,Bihar,BR,61.8,51.5,14.5,21.4,Purnia,50.4,1,89.2,42.1,0.8043,1
SCH_2026_1369,PRE_10TH,Female,15,<2 LPA,0,1.2,57.1,1,60.2,7,1,54.1,0,0,Madhya Pradesh,MP,69.3,59.2,24.8,18.5,Alirajpur,52.0,1,92.2,39.5,0.7563,0
SCH_2026_1370,PRE_10TH,Female,15,2-5 LPA,0,2.4,77.9,0,83.6,5,1,45.2,1,1,Uttar Pradesh,UP,67.7,57.2,23.2,16.8,Lucknow,8.5,0,33.8,24.1,0.4485,1
SCH_2026_1371,PRE_10TH,Female,14,<2 LPA,1,0.8,86.7,0,88.5,10,0,75.8,1,1,Kerala,KL,94.0,92.1,43.2,3.2,Wayanad,4.1,1,96.1,18.0,0.039,0
SCH_2026_1372,PRE_10TH,Female,12,<2 LPA,1,9.3,57.9,1,81.1,4,0,71.8,2,1,Madhya Pradesh,MP,69.3,59.2,24.8,18.5,Barwani,46.1,1,85.5,37.1,0.7058,1
SCH_2026_1373,PRE_10TH,Male,14,<2 LPA,0,6.7,57.7,1,79.6,4,0,52.7,0,1,Bihar,BR,61.8,51.5,14.5,21.4,Katihar,48.7,1,91.1,44.3,0.6674,1
SCH_2026_1374,PRE_10TH,Male,13,<2 LPA,1,2.2,85.5,0,89.9,10,0,66.7,3,1,Haryana,HR,75.6,65.9,29.8,12.5,Nuh / Mewat,44.8,1,88.6,47.0,0.1321,0
SCH_2026_1375,PRE_10TH,Male,11,2-5 LPA,0,4.0,61.7,1,70.0,8,0,97.8,0,1,Maharashtra,MH,82.3,75.9,32.3,11.2,Nandurbar,33.1,1,83.3,32.4,0.1172,0
SCH_2026_1376,PRE_10TH,Male,14,2-5 LPA,0,2.3,83.5,0,85.1,1,0,85.1,1,0,Madhya Pradesh,MP,69.3,59.2,24.8,18.5,Alirajpur,52.0,1,92.2,39.5,0.1618,0
SCH_2026_1377,PRE_10TH,Male,11,<2 LPA,1,5.5,67.7,1,85.8,6,0,70.3,0,0,Bihar,BR,61.8,51.5,14.5,21.4,Gaya,38.6,1,86.8,36.2,0.3117,0
SCH_2026_1378,PRE_10TH,Male,13,2-5 LPA,0,8.6,70.6,1,83.6,11,0,67.8,2,1,Gujarat,GJ,78.0,69.7,21.3,17.9,Dahod,40.5,1,88.0,38.1,0.3257,0
SCH_2026_1379,PRE_10TH,Male,14,2-5 LPA,1,5.3,46.8,1,58.9,9,0,81.0,1,0,Haryana,HR,75.6,65.9,29.8,12.5,Nuh / Mewat,44.8,1,88.6,47.0,0.4331,0
SCH_2026_1380,PRE_10TH,Female,9,5-10 LPA,0,0.7,80.9,0,79.4,13,0,91.0,0,0,Tamil Nadu,TN,80.1,73.4,51.4,8.1,Ramanathapuram,7.8,1,69.7,22.1,0.0295,0
SCH_2026_1381,PRE_10TH,Female,14,5-10 LPA,0,1.6,79.9,0,81.0,10,0,67.4,2,1,Bihar,BR,61.8,51.5,14.5,21.4,Patna,18.2,0,56.4,28.5,0.1275,0
SCH_2026_1382,PRE_10TH,Female,9,2-5 LPA,0,0.5,89.2,0,94.1,16,0,98.0,0,1,Kerala,KL,94.0,92.1,43.2,3.2,Ernakulam,0.6,0,31.9,14.8,0.0069,0
SCH_2026_1383,PRE_10TH,Male,9,2-5 LPA,1,0.6,72.6,1,86.2,10,0,97.2,2,1,Uttar Pradesh,UP,67.7,57.2,23.2,16.8,Varanasi,16.3,0,56.6,29.4,0.0384,0
SCH_2026_1384,PRE_10TH,Female,15,<2 LPA,1,6.8,57.4,1,78.1,7,0,83.2,2,0,Rajasthan,RJ,66.1,52.1,26.0,17.2,Jaisalmer,31.8,1,86.7,33.2,0.5294,0
SCH_2026_1385,PRE_10TH,Female,10,<2 LPA,1,2.5,57.7,1,71.3,5,0,64.8,0,0,Rajasthan,RJ,66.1,52.1,26.0,17.2,Barmer,34.2,1,93.0,35.8,0.4616,0
SCH_2026_1386,PRE_10TH,Male,14,5-10 LPA,0,1.1,100.0,0,99.4,6,0,58.0,1,1,Uttar Pradesh,UP,67.7,57.2,23.2,16.8,Noida / Gautam Buddha Nagar,7.1,0,40.9,22.0,0.0489,0
SCH_2026_1387,PRE_10TH,Female,9,<2 LPA,0,0.5,84.9,0,82.5,2,0,71.9,2,1,Maharashtra,MH,82.3,75.9,32.3,11.2,Mumbai,2.1,0,0.0,19.5,0.1074,0
SCH_2026_1388,PRE_10TH,Male,10,5-10 LPA,0,7.0,80.2,0,89.7,2,0,69.9,0,1,Rajasthan,RJ,66.1,52.1,26.0,17.2,Barmer,34.2,1,93.0,35.8,0.2646,0
SCH_2026_1389,PRE_10TH,Male,9,2-5 LPA,1,2.8,67.0,1,79.3,3,0,75.2,2,1,Rajasthan,RJ,66.1,52.1,26.0,17.2,Jaisalmer,31.8,1,86.7,33.2,0.2571,0
SCH_2026_1390,PRE_10TH,Male,10,5-10 LPA,0,0.5,91.4,0,88.3,6,0,74.9,2,1,Tamil Nadu,TN,80.1,73.4,51.4,8.1,Ramanathapuram,7.8,1,69.7,22.1,0.0413,0
SCH_2026_1391,PRE_10TH,Male,12,5-10 LPA,1,0.8,71.9,1,81.7,9,0,95.4,1,1,Karnataka,KA,75.4,68.1,36.2,12.0,Bengaluru Urban,1.8,0,9.1,18.2,0.0323,0
SCH_2026_1392,PRE_10TH,Female,14,2-5 LPA,0,8.0,61.0,1,70.1,15,0,81.8,0,1,Rajasthan,RJ,66.1,52.1,26.0,17.2,Barmer,34.2,1,93.0,35.8,0.1832,0
SCH_2026_1393,PRE_10TH,Male,12,5-10 LPA,0,5.0,79.0,0,89.1,7,1,61.4,0,1,Bihar,BR,61.8,51.5,14.5,21.4,Muzaffarpur,35.1,1,90.3,38.0,0.3921,0
SCH_2026_1394,PRE_10TH,Female,13,2-5 LPA,1,1.3,90.7,0,91.3,8,0,80.4,0,0,Tamil Nadu,TN,80.1,73.4,51.4,8.1,Coimbatore,2.1,0,24.2,18.9,0.0386,0
SCH_2026_1395,PRE_10TH,Female,12,5-10 LPA,0,2.5,86.7,0,88.2,7,0,66.9,2,1,Gujarat,GJ,78.0,69.7,21.3,17.9,Narmada,32.4,1,89.5,30.5,0.1713,0
SCH_2026_1396,PRE_10TH,Female,15,<2 LPA,1,1.1,90.5,0,98.8,8,0,67.7,0,1,Rajasthan,RJ,66.1,52.1,26.0,17.2,Kota,8.2,0,39.7,21.0,0.0426,0
SCH_2026_1397,PRE_10TH,Male,14,<2 LPA,1,1.6,62.1,1,64.2,4,0,45.5,1,1,Rajasthan,RJ,66.1,52.1,26.0,17.2,Kota,8.2,0,39.7,21.0,0.3578,1
SCH_2026_1398,PRE_10TH,Female,13,<2 LPA,0,5.5,70.9,1,78.0,4,0,45.5,3,0,Bihar,BR,61.8,51.5,14.5,21.4,Gaya,38.6,1,86.8,36.2,0.795,1
SCH_2026_1399,PRE_10TH,Male,13,<2 LPA,1,1.8,67.0,1,72.3,12,0,82.1,1,1,Uttar Pradesh,UP,67.7,57.2,23.2,16.8,Varanasi,16.3,0,56.6,29.4,0.0733,0
SCH_2026_1400,PRE_10TH,Female,10,5-10 LPA,0,2.1,92.0,0,91.0,3,0,61.2,1,1,Madhya Pradesh,MP,69.3,59.2,24.8,18.5,Indore,6.8,0,25.9,21.8,0.1042,0
SCH_2026_1401,PRE_10TH,Male,12,<2 LPA,0,1.3,73.6,1,72.5,8,0,78.6,2,1,Madhya Pradesh,MP,69.3,59.2,24.8,18.5,Indore,6.8,0,25.9,21.8,0.0724,0
SCH_2026_1402,PRE_10TH,Male,10,2-5 LPA,0,1.1,65.1,1,71.9,3,0,82.5,1,1,Uttar Pradesh,UP,67.7,57.2,23.2,16.8,Noida / Gautam Buddha Nagar,7.1,0,40.9,22.0,0.1174,0
SCH_2026_1403,PRE_10TH,Male,11,<2 LPA,1,1.2,70.7,1,76.7,12,0,97.5,3,1,Tamil Nadu,TN,80.1,73.4,51.4,8.1,Chennai,1.2,0,0.0,17.5,0.031,0
SCH_2026_1404,PRE_10TH,Female,12,<2 LPA,0,3.1,60.9,1,64.5,9,0,74.0,3,0,Bihar,BR,61.8,51.5,14.5,21.4,Muzaffarpur,35.1,1,90.3,38.0,0.5107,1
SCH_2026_1405,PRE_10TH,Female,13,5-10 LPA,0,0.5,80.4,0,89.1,9,0,87.4,0,1,Haryana,HR,75.6,65.9,29.8,12.5,Gurugram,2.5,0,31.2,20.5,0.0263,0
SCH_2026_1406,PRE_10TH,Male,12,<2 LPA,0,0.9,66.1,1,72.0,10,0,98.0,1,0,Tamil Nadu,TN,80.1,73.4,51.4,8.1,Coimbatore,2.1,0,24.2,18.9,0.0393,0
SCH_2026_1407,PRE_10TH,Female,13,2-5 LPA,0,1.0,84.3,0,88.3,10,1,85.1,0,1,Kerala,KL,94.0,92.1,43.2,3.2,Thiruvananthapuram,0.9,0,46.2,15.2,0.0514,0
SCH_2026_1408,PRE_10TH,Female,13,<2 LPA,1,0.5,77.3,0,82.2,9,0,88.0,1,1,Maharashtra,MH,82.3,75.9,32.3,11.2,Mumbai,2.1,0,0.0,19.5,0.0391,0
SCH_2026_1409,PRE_10TH,Male,15,>10 LPA,0,2.6,62.1,1,72.7,9,0,57.6,0,1,Tamil Nadu,TN,80.1,73.4,51.4,8.1,Chennai,1.2,0,0.0,17.5,0.1795,0
SCH_2026_1410,PRE_10TH,Female,12,>10 LPA,0,3.0,61.4,1,69.0,10,1,62.1,0,1,Bihar,BR,61.8,51.5,14.5,21.4,Muzaffarpur,35.1,1,90.3,38.0,0.4632,0
SCH_2026_1411,PRE_10TH,Male,10,2-5 LPA,1,4.4,75.1,0,90.9,5,0,76.1,2,0,Kerala,KL,94.0,92.1,43.2,3.2,Thiruvananthapuram,0.9,0,46.2,15.2,0.1246,0
SCH_2026_1412,PRE_10TH,Male,11,2-5 LPA,1,3.7,76.6,0,83.9,7,0,45.5,0,1,Maharashtra,MH,82.3,75.9,32.3,11.2,Mumbai,2.1,0,0.0,19.5,0.1908,0
SCH_2026_1413,PRE_10TH,Female,13,<2 LPA,0,1.9,70.2,1,80.2,2,0,76.1,1,1,Rajasthan,RJ,66.1,52.1,26.0,17.2,Jaipur,6.9,0,47.6,22.5,0.162,0
SCH_2026_1414,PRE_10TH,Female,11,2-5 LPA,0,5.5,56.9,1,66.5,7,0,39.8,3,0,Bihar,BR,61.8,51.5,14.5,21.4,Purnia,50.4,1,89.2,42.1,0.8986,1
SCH_2026_1415,PRE_10TH,Male,13,2-5 LPA,1,2.0,76.5,0,84.2,6,0,51.0,0,1,Karnataka,KA,75.4,68.1,36.2,12.0,Raichur,36.8,1,74.6,34.0,0.2579,0
SCH_2026_1416,PRE_10TH,Male,11,>10 LPA,1,0.5,81.4,0,83.8,4,0,74.2,1,0,Tamil Nadu,TN,80.1,73.4,51.4,8.1,Ramanathapuram,7.8,1,69.7,22.1,0.0753,0
SCH_2026_1417,PRE_10TH,Female,11,<2 LPA,1,1.3,60.8,1,65.7,10,1,47.1,0,1,Madhya Pradesh,MP,69.3,59.2,24.8,18.5,Barwani,46.1,1,85.5,37.1,0.6034,1
SCH_2026_1418,PRE_10TH,Female,11,2-5 LPA,1,5.8,58.2,1,76.6,6,0,87.9,2,1,Uttar Pradesh,UP,67.7,57.2,23.2,16.8,Balrampur,47.9,1,92.3,45.0,0.4392,0
SCH_2026_1419,PRE_10TH,Male,9,5-10 LPA,0,1.3,68.2,1,69.7,6,0,54.3,1,0,Gujarat,GJ,78.0,69.7,21.3,17.9,Ahmedabad,3.8,0,15.9,20.2,0.2042,0
SCH_2026_1420,PRE_10TH,Male,13,<2 LPA,1,0.5,78.2,0,78.8,8,0,59.1,0,1,Rajasthan,RJ,66.1,52.1,26.0,17.2,Jaipur,6.9,0,47.6,22.5,0.0869,0
SCH_2026_1421,PRE_10TH,Male,10,>10 LPA,0,0.5,55.2,1,65.1,6,0,52.3,1,1,Madhya Pradesh,MP,69.3,59.2,24.8,18.5,Bhopal,9.4,0,19.1,23.4,0.3145,0
SCH_2026_1422,PRE_10TH,Female,11,>10 LPA,0,2.6,50.9,1,55.2,6,0,52.3,1,1,Bihar,BR,61.8,51.5,14.5,21.4,Muzaffarpur,35.1,1,90.3,38.0,0.595,1
SCH_2026_1423,PRE_10TH,Male,14,<2 LPA,1,1.4,69.3,1,74.4,9,0,73.8,3,1,Haryana,HR,75.6,65.9,29.8,12.5,Gurugram,2.5,0,31.2,20.5,0.0948,0
SCH_2026_1424,PRE_10TH,Female,10,<2 LPA,0,1.5,80.3,0,81.3,5,0,73.7,1,1,Haryana,HR,75.6,65.9,29.8,12.5,Gurugram,2.5,0,31.2,20.5,0.0844,0
SCH_2026_1425,PRE_10TH,Male,14,<2 LPA,1,6.1,57.6,1,78.2,11,1,64.4,3,1,Gujarat,GJ,78.0,69.7,21.3,17.9,Dahod,40.5,1,88.0,38.1,0.6474,1
SCH_2026_1426,PRE_10TH,Male,12,2-5 LPA,1,5.7,57.0,1,76.6,9,0,60.6,0,1,Uttar Pradesh,UP,67.7,57.2,23.2,16.8,Balrampur,47.9,1,92.3,45.0,0.4794,0
SCH_2026_1427,PRE_10TH,Female,9,<2 LPA,1,9.9,50.2,1,66.6,10,0,70.4,1,1,Haryana,HR,75.6,65.9,29.8,12.5,Nuh / Mewat,44.8,1,88.6,47.0,0.6307,1
SCH_2026_1428,PRE_10TH,Male,14,<2 LPA,0,1.9,65.2,1,72.1,7,0,71.8,0,1,Karnataka,KA,75.4,68.1,36.2,12.0,Raichur,36.8,1,74.6,34.0,0.2027,0
SCH_2026_1429,PRE_10TH,Male,13,2-5 LPA,1,2.7,64.5,1,71.3,7,0,43.9,0,0,Tamil Nadu,TN,80.1,73.4,51.4,8.1,Ramanathapuram,7.8,1,69.7,22.1,0.3197,0
SCH_2026_1430,PRE_10TH,Female,14,2-5 LPA,0,3.1,90.6,0,98.4,8,0,47.6,2,0,Maharashtra,MH,82.3,75.9,32.3,11.2,Gadchiroli,28.5,1,89.0,28.9,0.3281,0
SCH_2026_1431,PRE_10TH,Female,11,<2 LPA,0,3.2,69.9,1,86.0,8,0,84.7,0,0,Gujarat,GJ,78.0,69.7,21.3,17.9,Narmada,32.4,1,89.5,30.5,0.1689,0
SCH_2026_1432,PRE_10TH,Female,11,<2 LPA,0,8.6,68.1,1,77.9,8,0,57.1,1,1,Uttar Pradesh,UP,67.7,57.2,23.2,16.8,Shravasti,49.6,1,96.5,48.2,0.5743,1
SCH_2026_1433,PRE_10TH,Male,10,2-5 LPA,0,2.0,93.4,0,98.5,7,0,95.7,0,1,Karnataka,KA,75.4,68.1,36.2,12.0,Bengaluru Urban,1.8,0,9.1,18.2,0.0154,0
SCH_2026_1434,PRE_10TH,Female,10,<2 LPA,0,2.1,54.6,1,58.0,7,0,64.7,2,1,Tamil Nadu,TN,80.1,73.4,51.4,8.1,Chennai,1.2,0,0.0,17.5,0.3252,0
SCH_2026_1435,PRE_10TH,Female,10,2-5 LPA,0,2.6,80.3,0,89.8,7,0,22.8,0,1,Uttar Pradesh,UP,67.7,57.2,23.2,16.8,Shravasti,49.6,1,96.5,48.2,0.503,1
SCH_2026_1436,PRE_10TH,Male,15,2-5 LPA,0,5.3,52.0,1,57.3,8,0,59.3,0,0,Karnataka,KA,75.4,68.1,36.2,12.0,Yadgir,39.4,1,81.2,36.5,0.5339,1
SCH_2026_1437,PRE_10TH,Female,10,<2 LPA,1,3.8,77.9,0,83.1,11,0,58.5,1,1,Kerala,KL,94.0,92.1,43.2,3.2,Wayanad,4.1,1,96.1,18.0,0.1276,0
SCH_2026_1438,PRE_10TH,Male,12,5-10 LPA,0,0.5,61.5,1,71.7,8,0,66.6,1,1,Kerala,KL,94.0,92.1,43.2,3.2,Thiruvananthapuram,0.9,0,46.2,15.2,0.1308,0
SCH_2026_1439,PRE_10TH,Female,14,<2 LPA,1,4.7,56.6,1,73.6,2,0,62.9,0,1,Gujarat,GJ,78.0,69.7,21.3,17.9,Narmada,32.4,1,89.5,30.5,0.4966,0
SCH_2026_1440,PRE_10TH,Male,12,2-5 LPA,1,3.1,72.0,1,81.8,5,0,67.4,3,1,Bihar,BR,61.8,51.5,14.5,21.4,Patna,18.2,0,56.4,28.5,0.2108,0
SCH_2026_1441,PRE_10TH,Male,9,2-5 LPA,0,2.2,86.3,0,90.2,10,0,66.1,3,1,Uttar Pradesh,UP,67.7,57.2,23.2,16.8,Lucknow,8.5,0,33.8,24.1,0.068,0
SCH_2026_1442,PRE_10TH,Male,11,2-5 LPA,1,2.4,64.2,1,79.5,5,0,63.0,1,1,Haryana,HR,75.6,65.9,29.8,12.5,Gurugram,2.5,0,31.2,20.5,0.1991,0
SCH_2026_1443,PRE_10TH,Female,15,<2 LPA,1,2.7,74.9,1,82.7,0,0,44.8,2,1,Bihar,BR,61.8,51.5,14.5,21.4,Muzaffarpur,35.1,1,90.3,38.0,0.5899,1
SCH_2026_1444,PRE_10TH,Female,12,5-10 LPA,1,6.1,57.7,1,78.5,13,1,76.2,3,0,Karnataka,KA,75.4,68.1,36.2,12.0,Yadgir,39.4,1,81.2,36.5,0.7485,1
SCH_2026_1445,PRE_10TH,Male,10,5-10 LPA,0,1.5,85.8,0,100.0,10,0,82.3,0,0,Karnataka,KA,75.4,68.1,36.2,12.0,Raichur,36.8,1,74.6,34.0,0.054,0
SCH_2026_1446,PRE_10TH,Male,12,5-10 LPA,1,4.2,54.4,1,71.0,6,0,75.6,1,1,Rajasthan,RJ,66.1,52.1,26.0,17.2,Barmer,34.2,1,93.0,35.8,0.3493,0
SCH_2026_1447,PRE_10TH,Female,11,2-5 LPA,0,2.8,61.5,1,69.6,11,0,47.4,1,1,Tamil Nadu,TN,80.1,73.4,51.4,8.1,Ramanathapuram,7.8,1,69.7,22.1,0.3002,0
SCH_2026_1448,PRE_10TH,Female,13,<2 LPA,1,4.0,61.9,1,68.6,7,0,38.3,0,0,Madhya Pradesh,MP,69.3,59.2,24.8,18.5,Barwani,46.1,1,85.5,37.1,0.6984,1
SCH_2026_1449,PRE_10TH,Male,10,2-5 LPA,1,3.5,64.7,1,79.1,4,0,68.6,2,1,Haryana,HR,75.6,65.9,29.8,12.5,Nuh / Mewat,44.8,1,88.6,47.0,0.3859,0
SCH_2026_1450,PRE_10TH,Male,10,<2 LPA,1,2.9,73.0,1,83.8,1,0,21.5,1,0,Tamil Nadu,TN,80.1,73.4,51.4,8.1,Ramanathapuram,7.8,1,69.7,22.1,0.5605,0
SCH_2026_1451,PRE_10TH,Male,11,2-5 LPA,0,1.6,89.9,0,97.0,7,0,51.9,1,1,Rajasthan,RJ,66.1,52.1,26.0,17.2,Jaipur,6.9,0,47.6,22.5,0.0894,0
SCH_2026_1452,PRE_10TH,Female,9,<2 LPA,1,1.2,92.0,0,100.0,3,0,51.0,0,0,Madhya Pradesh,MP,69.3,59.2,24.8,18.5,Bhopal,9.4,0,19.1,23.4,0.1541,0
SCH_2026_1453,PRE_10TH,Female,15,<2 LPA,1,2.3,65.3,1,71.4,6,0,52.9,3,1,Madhya Pradesh,MP,69.3,59.2,24.8,18.5,Barwani,46.1,1,85.5,37.1,0.6247,1
SCH_2026_1454,PRE_10TH,Female,9,2-5 LPA,1,3.2,82.9,0,89.8,7,0,80.6,1,1,Gujarat,GJ,78.0,69.7,21.3,17.9,Narmada,32.4,1,89.5,30.5,0.1089,0
SCH_2026_1455,PRE_10TH,Male,10,2-5 LPA,0,1.1,62.8,1,70.5,5,0,71.1,2,0,Madhya Pradesh,MP,69.3,59.2,24.8,18.5,Barwani,46.1,1,85.5,37.1,0.3287,1
SCH_2026_1456,PRE_10TH,Female,14,<2 LPA,0,3.9,70.4,1,85.9,11,0,62.9,2,1,Maharashtra,MH,82.3,75.9,32.3,11.2,Gadchiroli,28.5,1,89.0,28.9,0.2819,0
SCH_2026_1457,PRE_10TH,Male,14,<2 LPA,0,6.5,64.0,1,72.6,7,0,74.5,2,1,Gujarat,GJ,78.0,69.7,21.3,17.9,Narmada,32.4,1,89.5,30.5,0.3171,0
SCH_2026_1458,PRE_10TH,Female,12,2-5 LPA,0,5.7,88.7,0,100.0,14,0,92.7,0,1,Kerala,KL,94.0,92.1,43.2,3.2,Wayanad,4.1,1,96.1,18.0,0.0194,0
SCH_2026_1459,PRE_10TH,Male,10,<2 LPA,0,0.5,47.5,1,52.7,3,0,66.7,3,1,Rajasthan,RJ,66.1,52.1,26.0,17.2,Jaipur,6.9,0,47.6,22.5,0.3622,0
SCH_2026_1460,PRE_10TH,Male,14,<2 LPA,0,7.6,80.8,0,94.8,4,0,60.9,0,1,Bihar,BR,61.8,51.5,14.5,21.4,Gaya,38.6,1,86.8,36.2,0.3245,0
SCH_2026_1461,PRE_10TH,Female,15,<2 LPA,1,1.6,77.2,0,92.0,6,0,59.4,2,1,Rajasthan,RJ,66.1,52.1,26.0,17.2,Kota,8.2,0,39.7,21.0,0.1984,0
SCH_2026_1462,PRE_10TH,Female,12,2-5 LPA,1,0.8,73.2,1,71.1,7,0,73.0,2,1,Gujarat,GJ,78.0,69.7,21.3,17.9,Ahmedabad,3.8,0,15.9,20.2,0.1229,0
SCH_2026_1463,PRE_10TH,Female,12,<2 LPA,0,8.2,81.3,0,96.9,8,0,51.0,2,0,Gujarat,GJ,78.0,69.7,21.3,17.9,Narmada,32.4,1,89.5,30.5,0.567,1
SCH_2026_1464,PRE_10TH,Female,14,<2 LPA,1,1.5,75.3,0,82.2,9,0,63.2,1,1,Kerala,KL,94.0,92.1,43.2,3.2,Thiruvananthapuram,0.9,0,46.2,15.2,0.1042,0
SCH_2026_1465,PRE_10TH,Female,13,2-5 LPA,0,1.4,61.6,1,61.4,16,0,98.0,1,0,Kerala,KL,94.0,92.1,43.2,3.2,Ernakulam,0.6,0,31.9,14.8,0.0533,0
SCH_2026_1466,PRE_10TH,Male,9,5-10 LPA,1,0.6,52.2,1,51.8,8,0,83.1,0,1,Uttar Pradesh,UP,67.7,57.2,23.2,16.8,Lucknow,8.5,0,33.8,24.1,0.1209,0
SCH_2026_1467,PRE_10TH,Female,11,2-5 LPA,1,6.3,62.3,1,73.5,7,0,75.6,1,1,Karnataka,KA,75.4,68.1,36.2,12.0,Yadgir,39.4,1,81.2,36.5,0.3789,0
SCH_2026_1468,PRE_10TH,Female,10,5-10 LPA,0,2.1,88.5,0,96.0,11,0,69.1,1,1,Uttar Pradesh,UP,67.7,57.2,23.2,16.8,Varanasi,16.3,0,56.6,29.4,0.0612,0
SCH_2026_1469,PRE_10TH,Male,12,2-5 LPA,0,4.2,70.2,1,79.6,7,0,72.5,2,0,Karnataka,KA,75.4,68.1,36.2,12.0,Raichur,36.8,1,74.6,34.0,0.2558,0
SCH_2026_1470,PRE_10TH,Female,15,5-10 LPA,1,0.8,91.6,0,92.6,3,0,38.7,3,1,Madhya Pradesh,MP,69.3,59.2,24.8,18.5,Alirajpur,52.0,1,92.2,39.5,0.499,0
SCH_2026_1471,PRE_10TH,Male,12,<2 LPA,1,9.6,53.9,1,79.0,8,0,47.1,0,0,Haryana,HR,75.6,65.9,29.8,12.5,Nuh / Mewat,44.8,1,88.6,47.0,0.7511,1
SCH_2026_1472,PRE_10TH,Female,11,<2 LPA,0,5.6,53.8,1,71.1,6,1,75.1,1,1,Madhya Pradesh,MP,69.3,59.2,24.8,18.5,Alirajpur,52.0,1,92.2,39.5,0.7337,1
SCH_2026_1473,PRE_10TH,Male,10,2-5 LPA,0,3.9,75.4,0,81.1,4,0,61.6,2,1,Karnataka,KA,75.4,68.1,36.2,12.0,Yadgir,39.4,1,81.2,36.5,0.3202,0
SCH_2026_1474,PRE_10TH,Female,14,<2 LPA,1,9.6,56.7,1,69.5,3,0,69.3,1,1,Kerala,KL,94.0,92.1,43.2,3.2,Wayanad,4.1,1,96.1,18.0,0.4982,1
SCH_2026_1475,PRE_10TH,Male,10,2-5 LPA,1,2.1,87.0,0,97.9,8,0,78.6,2,1,Tamil Nadu,TN,80.1,73.4,51.4,8.1,Chennai,1.2,0,0.0,17.5,0.0401,0
SCH_2026_1476,PRE_10TH,Male,12,<2 LPA,1,2.5,71.7,1,79.9,5,0,65.4,0,0,Madhya Pradesh,MP,69.3,59.2,24.8,18.5,Barwani,46.1,1,85.5,37.1,0.2842,0
SCH_2026_1477,PRE_10TH,Female,12,<2 LPA,1,2.5,64.0,1,67.4,3,1,32.4,0,1,Bihar,BR,61.8,51.5,14.5,21.4,Purnia,50.4,1,89.2,42.1,0.8291,1
SCH_2026_1478,PRE_10TH,Female,14,2-5 LPA,0,1.5,99.7,0,100.0,11,0,91.9,1,1,Haryana,HR,75.6,65.9,29.8,12.5,Gurugram,2.5,0,31.2,20.5,0.0124,0
SCH_2026_1479,PRE_10TH,Male,15,<2 LPA,1,4.3,66.0,1,74.6,11,0,78.9,0,1,Gujarat,GJ,78.0,69.7,21.3,17.9,Narmada,32.4,1,89.5,30.5,0.1444,0
SCH_2026_1480,PRE_10TH,Male,10,<2 LPA,1,0.5,78.0,0,90.5,10,0,32.7,1,1,Gujarat,GJ,78.0,69.7,21.3,17.9,Ahmedabad,3.8,0,15.9,20.2,0.1743,0
SCH_2026_1481,PRE_10TH,Female,12,>10 LPA,0,6.1,61.1,1,69.3,7,0,76.4,1,0,Rajasthan,RJ,66.1,52.1,26.0,17.2,Jaisalmer,31.8,1,86.7,33.2,0.4517,0
SCH_2026_1482,PRE_10TH,Female,10,<2 LPA,1,4.2,92.5,0,100.0,8,0,14.7,0,0,Uttar Pradesh,UP,67.7,57.2,23.2,16.8,Shravasti,49.6,1,96.5,48.2,0.5758,1
SCH_2026_1483,PRE_10TH,Female,13,2-5 LPA,1,1.5,70.3,1,77.8,7,0,78.4,3,1,Haryana,HR,75.6,65.9,29.8,12.5,Gurugram,2.5,0,31.2,20.5,0.1606,1
SCH_2026_1484,PRE_10TH,Female,14,2-5 LPA,1,2.5,93.6,0,100.0,11,0,73.9,0,1,Madhya Pradesh,MP,69.3,59.2,24.8,18.5,Barwani,46.1,1,85.5,37.1,0.0586,0
SCH_2026_1485,PRE_10TH,Female,15,2-5 LPA,0,3.1,83.6,0,84.9,6,0,46.8,2,1,Uttar Pradesh,UP,67.7,57.2,23.2,16.8,Balrampur,47.9,1,92.3,45.0,0.4328,0
SCH_2026_1486,PRE_10TH,Female,15,2-5 LPA,1,3.9,79.9,0,85.3,6,0,68.4,0,1,Bihar,BR,61.8,51.5,14.5,21.4,Muzaffarpur,35.1,1,90.3,38.0,0.1642,0
SCH_2026_1487,PRE_10TH,Female,12,<2 LPA,1,2.8,50.0,1,57.9,11,1,73.7,1,1,Gujarat,GJ,78.0,69.7,21.3,17.9,Narmada,32.4,1,89.5,30.5,0.5261,1
SCH_2026_1488,PRE_10TH,Female,14,<2 LPA,1,3.1,78.4,0,79.2,0,0,60.6,0,0,Madhya Pradesh,MP,69.3,59.2,24.8,18.5,Alirajpur,52.0,1,92.2,39.5,0.4724,0
SCH_2026_1489,PRE_10TH,Male,9,2-5 LPA,0,2.4,92.3,0,100.0,12,0,52.7,2,1,Uttar Pradesh,UP,67.7,57.2,23.2,16.8,Bahraich,54.4,1,92.1,46.5,0.1518,0
SCH_2026_1490,PRE_10TH,Male,13,5-10 LPA,1,3.0,56.4,1,68.9,6,0,58.0,0,1,Karnataka,KA,75.4,68.1,36.2,12.0,Yadgir,39.4,1,81.2,36.5,0.4429,1
SCH_2026_1491,PRE_10TH,Female,10,<2 LPA,0,7.1,88.5,0,97.1,9,0,90.9,3,0,Rajasthan,RJ,66.1,52.1,26.0,17.2,Barmer,34.2,1,93.0,35.8,0.2099,0
SCH_2026_1492,PRE_10TH,Female,12,2-5 LPA,0,6.0,80.2,0,89.7,7,0,68.3,1,1,Maharashtra,MH,82.3,75.9,32.3,11.2,Nandurbar,33.1,1,83.3,32.4,0.2324,0
SCH_2026_1493,PRE_10TH,Male,9,>10 LPA,0,3.5,75.4,0,79.2,8,0,69.5,0,1,Madhya Pradesh,MP,69.3,59.2,24.8,18.5,Indore,6.8,0,25.9,21.8,0.0965,0
SCH_2026_1494,PRE_10TH,Male,15,2-5 LPA,1,3.7,88.2,0,93.9,11,0,50.9,1,0,Maharashtra,MH,82.3,75.9,32.3,11.2,Nandurbar,33.1,1,83.3,32.4,0.1593,0
SCH_2026_1495,PRE_10TH,Female,15,2-5 LPA,0,4.1,62.7,1,68.4,6,0,84.4,2,0,Haryana,HR,75.6,65.9,29.8,12.5,Nuh / Mewat,44.8,1,88.6,47.0,0.4638,0
SCH_2026_1496,PRE_10TH,Male,9,2-5 LPA,0,2.0,65.0,1,79.6,2,0,65.8,1,1,Tamil Nadu,TN,80.1,73.4,51.4,8.1,Chennai,1.2,0,0.0,17.5,0.2036,0
SCH_2026_1497,PRE_10TH,Male,12,2-5 LPA,1,1.9,66.5,1,72.5,4,0,53.7,0,1,Uttar Pradesh,UP,67.7,57.2,23.2,16.8,Bahraich,54.4,1,92.1,46.5,0.45,0
SCH_2026_1498,PRE_10TH,Male,13,2-5 LPA,0,9.7,53.7,1,80.1,10,0,62.9,1,1,Maharashtra,MH,82.3,75.9,32.3,11.2,Nandurbar,33.1,1,83.3,32.4,0.5432,1
SCH_2026_1499,PRE_10TH,Male,14,>10 LPA,0,0.5,82.3,0,93.6,12,0,66.3,1,1,Kerala,KL,94.0,92.1,43.2,3.2,Thiruvananthapuram,0.9,0,46.2,15.2,0.0415,0
SCH_2026_1500,PRE_10TH,Female,10,<2 LPA,0,18.0,47.2,1,82.8,6,0,51.0,0,1,Gujarat,GJ,78.0,69.7,21.3,17.9,Narmada,32.4,1,89.5,30.5,0.8905,1
SCH_2026_1501,PRE_10TH,Male,14,2-5 LPA,1,6.5,81.1,0,87.0,10,0,65.4,0,1,Gujarat,GJ,78.0,69.7,21.3,17.9,Narmada,32.4,1,89.5,30.5,0.1637,1
SCH_2026_1502,PRE_10TH,Female,9,<2 LPA,1,2.0,59.0,1,67.7,10,1,98.0,1,1,Gujarat,GJ,78.0,69.7,21.3,17.9,Ahmedabad,3.8,0,15.9,20.2,0.1493,0
SCH_2026_1503,PRE_10TH,Male,11,2-5 LPA,0,1.9,67.2,1,74.1,5,0,57.1,0,1,Bihar,BR,61.8,51.5,14.5,21.4,Katihar,48.7,1,91.1,44.3,0.3656,0
SCH_2026_1504,PRE_10TH,Male,9,2-5 LPA,1,3.6,64.6,1,79.0,8,0,98.0,0,0,Bihar,BR,61.8,51.5,14.5,21.4,Katihar,48.7,1,91.1,44.3,0.1417,0
SCH_2026_1505,PRE_10TH,Male,9,<2 LPA,1,4.0,63.5,1,74.9,9,0,56.0,0,1,Maharashtra,MH,82.3,75.9,32.3,11.2,Pune,3.9,0,39.1,21.0,0.2139,0
SCH_2026_1506,PRE_10TH,Male,9,<2 LPA,0,3.6,49.2,1,52.8,12,0,86.3,3,0,Gujarat,GJ,78.0,69.7,21.3,17.9,Narmada,32.4,1,89.5,30.5,0.2545,0
SCH_2026_1507,PRE_10TH,Male,13,<2 LPA,1,4.7,61.7,1,76.8,7,0,73.7,0,1,Tamil Nadu,TN,80.1,73.4,51.4,8.1,Coimbatore,2.1,0,24.2,18.9,0.1629,0
SCH_2026_1508,PRE_10TH,Male,14,5-10 LPA,0,0.5,74.2,1,80.3,14,0,62.6,0,1,Rajasthan,RJ,66.1,52.1,26.0,17.2,Kota,8.2,0,39.7,21.0,0.06,0
SCH_2026_1509,PRE_10TH,Female,9,5-10 LPA,1,0.6,80.1,0,92.7,4,0,75.7,0,0,Rajasthan,RJ,66.1,52.1,26.0,17.2,Kota,8.2,0,39.7,21.0,0.0983,0
SCH_2026_1510,PRE_10TH,Female,10,2-5 LPA,1,0.9,68.1,1,76.0,10,0,65.1,0,1,Haryana,HR,75.6,65.9,29.8,12.5,Gurugram,2.5,0,31.2,20.5,0.0906,0
SCH_2026_1511,PRE_10TH,Female,9,5-10 LPA,0,0.5,86.1,0,89.4,10,0,81.4,2,1,Gujarat,GJ,78.0,69.7,21.3,17.9,Ahmedabad,3.8,0,15.9,20.2,0.0425,0
SCH_2026_1512,PRE_10TH,Male,10,<2 LPA,0,4.4,96.6,0,99.5,8,0,86.3,2,1,Karnataka,KA,75.4,68.1,36.2,12.0,Yadgir,39.4,1,81.2,36.5,0.0558,0
SCH_2026_1513,PRE_10TH,Female,10,5-10 LPA,0,2.3,69.9,1,81.7,12,0,98.0,1,1,Gujarat,GJ,78.0,69.7,21.3,17.9,Dahod,40.5,1,88.0,38.1,0.0773,0
SCH_2026_1514,PRE_10TH,Female,9,<2 LPA,1,4.2,67.4,1,75.7,12,0,81.8,0,1,Kerala,KL,94.0,92.1,43.2,3.2,Wayanad,4.1,1,96.1,18.0,0.0694,1
SCH_2026_1515,PRE_10TH,Male,15,2-5 LPA,0,0.5,88.1,0,98.0,7,0,39.5,0,1,Maharashtra,MH,82.3,75.9,32.3,11.2,Pune,3.9,0,39.1,21.0,0.1099,0
SCH_2026_1516,PRE_10TH,Male,10,<2 LPA,1,5.5,77.7,0,84.9,4,1,69.1,0,1,Uttar Pradesh,UP,67.7,57.2,23.2,16.8,Balrampur,47.9,1,92.3,45.0,0.4777,0
SCH_2026_1517,PRE_10TH,Male,10,<2 LPA,0,0.5,78.3,0,80.5,6,0,75.1,0,1,Uttar Pradesh,UP,67.7,57.2,23.2,16.8,Varanasi,16.3,0,56.6,29.4,0.071,0
SCH_2026_1518,PRE_10TH,Female,11,<2 LPA,1,2.0,78.0,0,78.2,10,0,76.8,1,1,Tamil Nadu,TN,80.1,73.4,51.4,8.1,Chennai,1.2,0,0.0,17.5,0.0593,0
SCH_2026_1519,PRE_10TH,Male,9,<2 LPA,0,0.6,74.1,1,74.0,5,0,67.0,0,1,Rajasthan,RJ,66.1,52.1,26.0,17.2,Jaipur,6.9,0,47.6,22.5,0.0998,0
SCH_2026_1520,PRE_10TH,Female,13,5-10 LPA,0,0.5,72.3,1,85.1,3,0,93.6,1,0,Tamil Nadu,TN,80.1,73.4,51.4,8.1,Chennai,1.2,0,0.0,17.5,0.0946,0
SCH_2026_1521,PRE_10TH,Female,9,2-5 LPA,1,2.0,76.2,0,76.7,11,0,95.4,2,1,Maharashtra,MH,82.3,75.9,32.3,11.2,Pune,3.9,0,39.1,21.0,0.0451,0
SCH_2026_1522,PRE_10TH,Female,14,2-5 LPA,0,8.4,75.7,0,86.1,10,0,53.5,1,1,Haryana,HR,75.6,65.9,29.8,12.5,Nuh / Mewat,44.8,1,88.6,47.0,0.4495,0
SCH_2026_1523,PRE_10TH,Male,14,5-10 LPA,1,2.8,71.8,1,75.4,4,0,53.3,0,0,Rajasthan,RJ,66.1,52.1,26.0,17.2,Jaisalmer,31.8,1,86.7,33.2,0.3359,0
SCH_2026_1524,PRE_10TH,Female,13,5-10 LPA,0,2.0,69.1,1,79.4,12,1,36.4,2,1,Gujarat,GJ,78.0,69.7,21.3,17.9,Dahod,40.5,1,88.0,38.1,0.6958,1
SCH_2026_1525,PRE_10TH,Female,9,5-10 LPA,0,1.9,65.0,1,70.8,4,0,72.7,1,1,Gujarat,GJ,78.0,69.7,21.3,17.9,Dahod,40.5,1,88.0,38.1,0.3143,0
SCH_2026_1526,PRE_10TH,Male,10,<2 LPA,0,0.5,94.3,0,91.9,0,0,72.0,1,1,Haryana,HR,75.6,65.9,29.8,12.5,Gurugram,2.5,0,31.2,20.5,0.0528,0
SCH_2026_1527,PRE_10TH,Female,13,<2 LPA,0,10.5,57.2,1,81.1,7,0,52.8,1,1,Karnataka,KA,75.4,68.1,36.2,12.0,Raichur,36.8,1,74.6,34.0,0.7278,1
SCH_2026_1528,PRE_10TH,Female,9,5-10 LPA,1,4.2,69.0,1,80.8,6,0,53.7,1,1,Gujarat,GJ,78.0,69.7,21.3,17.9,Narmada,32.4,1,89.5,30.5,0.4153,0
SCH_2026_1529,PRE_10TH,Male,12,>10 LPA,1,3.3,67.4,1,70.6,9,1,58.5,0,0,Madhya Pradesh,MP,69.3,59.2,24.8,18.5,Barwani,46.1,1,85.5,37.1,0.5319,1
SCH_2026_1530,PRE_10TH,Female,14,2-5 LPA,1,2.7,79.3,0,83.2,9,0,76.6,1,1,Kerala,KL,94.0,92.1,43.2,3.2,Thiruvananthapuram,0.9,0,46.2,15.2,0.0662,0
SCH_2026_1531,PRE_10TH,Female,11,5-10 LPA,1,1.1,60.2,1,63.6,8,1,53.9,0,1,Madhya Pradesh,MP,69.3,59.2,24.8,18.5,Barwani,46.1,1,85.5,37.1,0.5847,1
SCH_2026_1532,PRE_10TH,Female,14,5-10 LPA,0,0.5,82.2,0,88.6,8,0,77.8,0,1,Gujarat,GJ,78.0,69.7,21.3,17.9,Ahmedabad,3.8,0,15.9,20.2,0.0373,1
SCH_2026_1533,PRE_10TH,Male,15,2-5 LPA,0,3.0,64.9,1,70.2,10,0,98.0,0,1,Gujarat,GJ,78.0,69.7,21.3,17.9,Narmada,32.4,1,89.5,30.5,0.078,0
SCH_2026_1534,PRE_10TH,Female,9,<2 LPA,1,1.0,85.2,0,84.8,8,0,75.2,2,1,Gujarat,GJ,78.0,69.7,21.3,17.9,Ahmedabad,3.8,0,15.9,20.2,0.0672,1
SCH_2026_1535,PRE_10TH,Female,13,<2 LPA,1,3.9,87.5,0,100.0,9,0,98.0,2,1,Kerala,KL,94.0,92.1,43.2,3.2,Wayanad,4.1,1,96.1,18.0,0.0367,0
SCH_2026_1536,PRE_10TH,Female,14,<2 LPA,1,5.9,73.1,1,81.5,9,0,41.7,3,0,Bihar,BR,61.8,51.5,14.5,21.4,Katihar,48.7,1,91.1,44.3,0.7755,1
SCH_2026_1537,PRE_10TH,Female,13,2-5 LPA,1,2.4,85.2,0,87.8,7,0,39.9,2,1,Gujarat,GJ,78.0,69.7,21.3,17.9,Ahmedabad,3.8,0,15.9,20.2,0.2407,0
SCH_2026_1538,PRE_10TH,Female,11,2-5 LPA,1,4.2,86.1,0,88.2,7,0,59.0,0,0,Madhya Pradesh,MP,69.3,59.2,24.8,18.5,Alirajpur,52.0,1,92.2,39.5,0.3027,0
SCH_2026_1539,PRE_10TH,Female,14,<2 LPA,0,1.1,59.5,1,61.9,7,1,66.2,2,0,Kerala,KL,94.0,92.1,43.2,3.2,Ernakulam,0.6,0,31.9,14.8,0.5422,1
SCH_2026_1540,PRE_10TH,Female,14,<2 LPA,1,9.3,45.6,1,59.5,10,1,93.3,1,0,Bihar,BR,61.8,51.5,14.5,21.4,Purnia,50.4,1,89.2,42.1,0.7818,0
SCH_2026_1541,PRE_10TH,Female,12,<2 LPA,0,4.7,50.7,1,67.0,7,0,73.4,0,0,Gujarat,GJ,78.0,69.7,21.3,17.9,Dahod,40.5,1,88.0,38.1,0.5219,1
SCH_2026_1542,PRE_10TH,Male,12,<2 LPA,1,5.0,76.1,0,82.3,10,0,55.7,2,0,Haryana,HR,75.6,65.9,29.8,12.5,Nuh / Mewat,44.8,1,88.6,47.0,0.3247,0
SCH_2026_1543,PRE_10TH,Female,12,2-5 LPA,1,1.8,70.1,1,78.4,8,0,82.5,0,0,Kerala,KL,94.0,92.1,43.2,3.2,Wayanad,4.1,1,96.1,18.0,0.0943,0
SCH_2026_1544,PRE_10TH,Female,13,2-5 LPA,1,4.5,65.8,1,76.2,11,0,41.4,1,1,Gujarat,GJ,78.0,69.7,21.3,17.9,Narmada,32.4,1,89.5,30.5,0.4666,0
SCH_2026_1545,PRE_10TH,Female,11,2-5 LPA,1,1.0,71.2,1,85.2,7,0,70.2,0,1,Gujarat,GJ,78.0,69.7,21.3,17.9,Ahmedabad,3.8,0,15.9,20.2,0.0868,0
SCH_2026_1546,PRE_10TH,Male,12,2-5 LPA,0,3.4,88.9,0,100.0,4,0,66.9,2,0,Kerala,KL,94.0,92.1,43.2,3.2,Wayanad,4.1,1,96.1,18.0,0.0977,0
SCH_2026_1547,PRE_10TH,Female,14,>10 LPA,0,4.0,62.3,1,69.2,8,0,73.5,2,0,Rajasthan,RJ,66.1,52.1,26.0,17.2,Jaisalmer,31.8,1,86.7,33.2,0.4557,1
SCH_2026_1548,PRE_10TH,Female,11,5-10 LPA,0,5.8,42.0,1,53.1,8,0,73.2,0,1,Karnataka,KA,75.4,68.1,36.2,12.0,Raichur,36.8,1,74.6,34.0,0.504,1
SCH_2026_1549,PRE_10TH,Male,12,<2 LPA,1,8.3,75.9,0,94.6,11,0,98.0,0,1,Karnataka,KA,75.4,68.1,36.2,12.0,Raichur,36.8,1,74.6,34.0,0.0896,0
SCH_2026_1550,PRE_10TH,Female,12,<2 LPA,0,2.9,43.0,1,49.9,8,0,68.1,0,1,Kerala,KL,94.0,92.1,43.2,3.2,Thiruvananthapuram,0.9,0,46.2,15.2,0.2859,0
SCH_2026_1551,PRE_10TH,Male,10,2-5 LPA,0,2.9,77.6,0,84.2,14,0,71.0,0,1,Maharashtra,MH,82.3,75.9,32.3,11.2,Gadchiroli,28.5,1,89.0,28.9,0.075,0
SCH_2026_1552,PRE_10TH,Female,13,2-5 LPA,1,0.5,69.3,1,67.2,8,0,77.2,0,0,Uttar Pradesh,UP,67.7,57.2,23.2,16.8,Lucknow,8.5,0,33.8,24.1,0.1087,0
SCH_2026_1553,PRE_10TH,Male,11,<2 LPA,1,10.3,57.2,1,80.3,6,0,57.7,1,0,Bihar,BR,61.8,51.5,14.5,21.4,Gaya,38.6,1,86.8,36.2,0.6887,1
SCH_2026_1554,PRE_10TH,Male,15,<2 LPA,0,0.5,69.4,1,74.7,6,0,46.1,1,1,Gujarat,GJ,78.0,69.7,21.3,17.9,Ahmedabad,3.8,0,15.9,20.2,0.212,0
SCH_2026_1555,PRE_10TH,Male,10,5-10 LPA,0,0.7,69.8,1,75.3,10,0,62.0,0,1,Tamil Nadu,TN,80.1,73.4,51.4,8.1,Chennai,1.2,0,0.0,17.5,0.0887,0
SCH_2026_1556,PRE_10TH,Male,9,<2 LPA,0,5.4,78.4,0,82.7,7,0,63.8,0,1,Kerala,KL,94.0,92.1,43.2,3.2,Thiruvananthapuram,0.9,0,46.2,15.2,0.1209,0
SCH_2026_1557,PRE_10TH,Female,13,2-5 LPA,0,11.1,63.3,1,80.2,6,1,78.3,1,1,Karnataka,KA,75.4,68.1,36.2,12.0,Raichur,36.8,1,74.6,34.0,0.6947,1
SCH_2026_1558,PRE_10TH,Female,11,<2 LPA,1,0.5,81.5,0,83.6,6,0,62.9,1,0,Tamil Nadu,TN,80.1,73.4,51.4,8.1,Coimbatore,2.1,0,24.2,18.9,0.1389,0
SCH_2026_1559,PRE_10TH,Male,13,2-5 LPA,1,5.4,44.4,1,54.6,9,0,75.1,1,1,Uttar Pradesh,UP,67.7,57.2,23.2,16.8,Shravasti,49.6,1,96.5,48.2,0.5144,1
SCH_2026_1560,PRE_10TH,Male,14,2-5 LPA,0,1.7,74.2,1,85.5,9,0,73.6,1,1,Kerala,KL,94.0,92.1,43.2,3.2,Ernakulam,0.6,0,31.9,14.8,0.0655,0
SCH_2026_1561,PRE_10TH,Female,15,5-10 LPA,0,0.5,63.3,1,69.1,5,0,61.9,2,1,Kerala,KL,94.0,92.1,43.2,3.2,Ernakulam,0.6,0,31.9,14.8,0.2559,0
SCH_2026_1562,PRE_10TH,Female,15,5-10 LPA,1,0.6,78.8,0,79.4,8,0,83.5,1,0,Tamil Nadu,TN,80.1,73.4,51.4,8.1,Ramanathapuram,7.8,1,69.7,22.1,0.0785,0
SCH_2026_1563,PRE_10TH,Female,12,<2 LPA,0,1.9,53.1,1,64.6,9,0,70.3,0,1,Bihar,BR,61.8,51.5,14.5,21.4,Katihar,48.7,1,91.1,44.3,0.3339,0
SCH_2026_1564,PRE_10TH,Female,11,<2 LPA,0,4.6,51.3,1,66.7,10,0,39.8,0,1,Uttar Pradesh,UP,67.7,57.2,23.2,16.8,Shravasti,49.6,1,96.5,48.2,0.6713,1
SCH_2026_1565,PRE_10TH,Male,12,2-5 LPA,1,2.4,84.3,0,85.1,10,0,52.5,0,1,Maharashtra,MH,82.3,75.9,32.3,11.2,Pune,3.9,0,39.1,21.0,0.0842,0
SCH_2026_1566,PRE_10TH,Male,9,5-10 LPA,1,2.0,69.5,1,73.2,13,0,77.8,1,1,Karnataka,KA,75.4,68.1,36.2,12.0,Bengaluru Urban,1.8,0,9.1,18.2,0.0549,0
SCH_2026_1567,PRE_10TH,Female,13,<2 LPA,1,0.8,54.0,1,61.8,7,1,62.2,1,1,Gujarat,GJ,78.0,69.7,21.3,17.9,Ahmedabad,3.8,0,15.9,20.2,0.4565,0
SCH_2026_1568,PRE_10TH,Female,13,5-10 LPA,0,0.6,69.4,1,70.6,3,0,66.6,0,0,Maharashtra,MH,82.3,75.9,32.3,11.2,Gadchiroli,28.5,1,89.0,28.9,0.2832,0
SCH_2026_1569,PRE_10TH,Male,12,<2 LPA,0,4.2,51.3,1,61.9,4,1,63.6,0,0,Madhya Pradesh,MP,69.3,59.2,24.8,18.5,Alirajpur,52.0,1,92.2,39.5,0.7881,1
SCH_2026_1570,PRE_10TH,Male,10,<2 LPA,1,0.9,87.8,0,86.6,11,0,63.9,0,1,Uttar Pradesh,UP,67.7,57.2,23.2,16.8,Lucknow,8.5,0,33.8,24.1,0.0425,0
SCH_2026_1571,PRE_10TH,Male,12,<2 LPA,0,1.0,100.0,0,100.0,3,0,72.1,0,1,Haryana,HR,75.6,65.9,29.8,12.5,Gurugram,2.5,0,31.2,20.5,0.0316,0
SCH_2026_1572,PRE_10TH,Female,15,<2 LPA,0,4.8,34.9,1,47.8,6,1,90.1,0,1,Kerala,KL,94.0,92.1,43.2,3.2,Wayanad,4.1,1,96.1,18.0,0.4956,0
SCH_2026_1573,PRE_10TH,Female,9,2-5 LPA,0,0.8,61.7,1,69.3,4,1,31.4,2,1,Uttar Pradesh,UP,67.7,57.2,23.2,16.8,Shravasti,49.6,1,96.5,48.2,0.8821,1
SCH_2026_1574,PRE_10TH,Male,12,>10 LPA,0,10.5,85.9,0,100.0,5,0,78.6,2,1,Maharashtra,MH,82.3,75.9,32.3,11.2,Nandurbar,33.1,1,83.3,32.4,0.224,0
SCH_2026_1575,PRE_10TH,Male,14,>10 LPA,0,2.1,86.4,0,96.4,8,0,92.6,2,1,Maharashtra,MH,82.3,75.9,32.3,11.2,Pune,3.9,0,39.1,21.0,0.0269,0
SCH_2026_1576,PRE_10TH,Male,13,<2 LPA,1,4.5,62.7,1,78.7,8,0,98.0,2,0,Madhya Pradesh,MP,69.3,59.2,24.8,18.5,Barwani,46.1,1,85.5,37.1,0.185,0
SCH_2026_1577,PRE_10TH,Female,12,<2 LPA,1,3.6,67.0,1,80.7,10,0,61.5,1,1,Madhya Pradesh,MP,69.3,59.2,24.8,18.5,Alirajpur,52.0,1,92.2,39.5,0.373,0
SCH_2026_1578,PRE_10TH,Female,9,5-10 LPA,1,3.1,61.7,1,66.0,6,1,70.7,1,1,Madhya Pradesh,MP,69.3,59.2,24.8,18.5,Barwani,46.1,1,85.5,37.1,0.5957,1
SCH_2026_1579,PRE_10TH,Male,13,<2 LPA,0,2.1,43.0,1,52.3,7,0,84.0,0,1,Gujarat,GJ,78.0,69.7,21.3,17.9,Dahod,40.5,1,88.0,38.1,0.3326,0
SCH_2026_1580,PRE_10TH,Male,13,<2 LPA,1,4.6,55.5,1,63.2,6,0,65.4,0,0,Madhya Pradesh,MP,69.3,59.2,24.8,18.5,Alirajpur,52.0,1,92.2,39.5,0.5209,1
SCH_2026_1581,PRE_10TH,Male,12,2-5 LPA,1,3.5,74.0,1,80.8,6,0,50.1,0,0,Rajasthan,RJ,66.1,52.1,26.0,17.2,Barmer,34.2,1,93.0,35.8,0.3327,0
SCH_2026_1582,PRE_10TH,Female,15,5-10 LPA,1,7.3,62.3,1,78.6,8,0,73.2,0,1,Kerala,KL,94.0,92.1,43.2,3.2,Wayanad,4.1,1,96.1,18.0,0.2025,0
SCH_2026_1583,PRE_10TH,Male,14,<2 LPA,0,1.4,69.4,1,77.8,6,0,60.7,2,1,Madhya Pradesh,MP,69.3,59.2,24.8,18.5,Bhopal,9.4,0,19.1,23.4,0.1796,0
SCH_2026_1584,PRE_10TH,Female,11,2-5 LPA,1,4.4,65.7,1,78.6,7,0,60.1,1,1,Kerala,KL,94.0,92.1,43.2,3.2,Wayanad,4.1,1,96.1,18.0,0.2625,1
SCH_2026_1585,PRE_10TH,Male,13,<2 LPA,1,5.5,59.4,1,71.4,12,0,67.9,3,0,Kerala,KL,94.0,92.1,43.2,3.2,Wayanad,4.1,1,96.1,18.0,0.2255,0
SCH_2026_1586,PRE_10TH,Female,13,<2 LPA,1,2.5,66.6,1,80.4,11,0,83.5,0,0,Gujarat,GJ,78.0,69.7,21.3,17.9,Dahod,40.5,1,88.0,38.1,0.1737,1
SCH_2026_1587,PRE_10TH,Male,15,5-10 LPA,1,8.0,61.3,1,85.5,5,0,77.6,1,0,Bihar,BR,61.8,51.5,14.5,21.4,Katihar,48.7,1,91.1,44.3,0.477,0
SCH_2026_1588,PRE_10TH,Male,15,2-5 LPA,0,4.7,48.6,1,54.7,1,0,63.5,3,1,Rajasthan,RJ,66.1,52.1,26.0,17.2,Barmer,34.2,1,93.0,35.8,0.6686,1
SCH_2026_1589,PRE_10TH,Female,10,5-10 LPA,0,14.1,61.7,1,92.9,8,0,49.5,1,1,Karnataka,KA,75.4,68.1,36.2,12.0,Yadgir,39.4,1,81.2,36.5,0.7879,1
SCH_2026_1590,PRE_10TH,Male,15,5-10 LPA,0,1.4,96.7,0,97.2,9,0,97.9,1,1,Madhya Pradesh,MP,69.3,59.2,24.8,18.5,Bhopal,9.4,0,19.1,23.4,0.0124,0
SCH_2026_1591,PRE_10TH,Male,10,<2 LPA,1,0.5,80.0,0,87.8,6,0,82.3,2,1,Maharashtra,MH,82.3,75.9,32.3,11.2,Pune,3.9,0,39.1,21.0,0.0489,0
SCH_2026_1592,PRE_10TH,Female,12,<2 LPA,0,4.3,52.1,1,60.5,7,1,50.9,1,1,Uttar Pradesh,UP,67.7,57.2,23.2,16.8,Bahraich,54.4,1,92.1,46.5,0.8506,1
SCH_2026_1593,PRE_10TH,Female,9,2-5 LPA,1,7.3,59.6,1,82.3,6,0,35.4,1,1,Uttar Pradesh,UP,67.7,57.2,23.2,16.8,Shravasti,49.6,1,96.5,48.2,0.8083,1
SCH_2026_1594,PRE_10TH,Male,9,5-10 LPA,1,2.9,94.1,0,96.9,8,0,74.9,2,0,Gujarat,GJ,78.0,69.7,21.3,17.9,Dahod,40.5,1,88.0,38.1,0.0837,0
SCH_2026_1595,PRE_10TH,Female,11,<2 LPA,0,4.5,41.8,1,55.3,12,1,84.9,0,0,Karnataka,KA,75.4,68.1,36.2,12.0,Yadgir,39.4,1,81.2,36.5,0.619,0
SCH_2026_1596,PRE_10TH,Female,13,2-5 LPA,1,2.0,97.3,0,98.8,10,0,98.0,1,1,Kerala,KL,94.0,92.1,43.2,3.2,Ernakulam,0.6,0,31.9,14.8,0.0123,1
SCH_2026_1597,PRE_10TH,Male,10,<2 LPA,0,3.8,57.4,1,64.4,5,0,70.6,0,1,Bihar,BR,61.8,51.5,14.5,21.4,Purnia,50.4,1,89.2,42.1,0.4212,0
SCH_2026_1598,PRE_10TH,Female,9,<2 LPA,1,0.5,72.1,1,80.5,8,0,75.8,1,1,Maharashtra,MH,82.3,75.9,32.3,11.2,Pune,3.9,0,39.1,21.0,0.0813,0
SCH_2026_1599,PRE_10TH,Male,14,<2 LPA,0,3.4,97.9,0,100.0,7,0,51.8,1,1,Tamil Nadu,TN,80.1,73.4,51.4,8.1,Chennai,1.2,0,0.0,17.5,0.0704,0
SCH_2026_1600,PRE_10TH,Male,14,<2 LPA,0,0.5,82.6,0,87.8,8,0,52.1,0,1,Gujarat,GJ,78.0,69.7,21.3,17.9,Ahmedabad,3.8,0,15.9,20.2,0.0853,1
SCH_2026_1601,PRE_10TH,Male,15,<2 LPA,0,1.0,67.3,1,72.1,2,0,42.3,0,1,Bihar,BR,61.8,51.5,14.5,21.4,Patna,18.2,0,56.4,28.5,0.3738,0
SCH_2026_1602,PRE_10TH,Male,10,<2 LPA,1,6.3,57.4,1,77.7,4,0,74.2,0,1,Kerala,KL,94.0,92.1,43.2,3.2,Wayanad,4.1,1,96.1,18.0,0.2705,0
SCH_2026_1603,PRE_10TH,Male,15,<2 LPA,0,1.8,97.8,0,98.1,2,0,61.0,1,1,Haryana,HR,75.6,65.9,29.8,12.5,Gurugram,2.5,0,31.2,20.5,0.0646,0
SCH_2026_1604,PRE_10TH,Female,15,<2 LPA,1,2.5,70.9,1,72.8,4,0,46.8,0,1,Haryana,HR,75.6,65.9,29.8,12.5,Gurugram,2.5,0,31.2,20.5,0.246,0
SCH_2026_1605,PRE_10TH,Female,15,<2 LPA,0,6.4,67.1,1,85.4,6,0,52.0,1,0,Kerala,KL,94.0,92.1,43.2,3.2,Wayanad,4.1,1,96.1,18.0,0.4901,0
SCH_2026_1606,PRE_10TH,Male,12,<2 LPA,0,5.1,85.6,0,90.9,13,0,61.8,1,1,Karnataka,KA,75.4,68.1,36.2,12.0,Raichur,36.8,1,74.6,34.0,0.1252,0
SCH_2026_1607,PRE_10TH,Male,12,<2 LPA,0,4.3,78.7,0,90.7,7,0,48.5,1,1,Tamil Nadu,TN,80.1,73.4,51.4,8.1,Ramanathapuram,7.8,1,69.7,22.1,0.2035,0
SCH_2026_1608,PRE_10TH,Male,15,2-5 LPA,0,4.8,46.1,1,51.1,5,1,67.2,2,0,Bihar,BR,61.8,51.5,14.5,21.4,Katihar,48.7,1,91.1,44.3,0.819,1
SCH_2026_1609,PRE_10TH,Male,13,2-5 LPA,1,2.4,65.2,1,66.0,8,0,77.5,0,1,Rajasthan,RJ,66.1,52.1,26.0,17.2,Jaipur,6.9,0,47.6,22.5,0.1013,0
SCH_2026_1610,PRE_10TH,Female,11,<2 LPA,1,1.8,65.8,1,77.4,15,1,98.0,2,1,Tamil Nadu,TN,80.1,73.4,51.4,8.1,Coimbatore,2.1,0,24.2,18.9,0.0989,0
SCH_2026_1611,PRE_10TH,Female,10,<2 LPA,1,4.2,75.8,0,96.5,13,0,65.6,0,1,Kerala,KL,94.0,92.1,43.2,3.2,Wayanad,4.1,1,96.1,18.0,0.077,0
SCH_2026_1612,PRE_10TH,Female,11,2-5 LPA,1,3.2,66.2,1,69.7,7,0,79.7,3,0,Maharashtra,MH,82.3,75.9,32.3,11.2,Nandurbar,33.1,1,83.3,32.4,0.4366,0
SCH_2026_1613,PRE_10TH,Female,10,<2 LPA,1,2.2,79.1,0,80.8,12,0,88.0,1,1,Karnataka,KA,75.4,68.1,36.2,12.0,Yadgir,39.4,1,81.2,36.5,0.0706,0
SCH_2026_1614,PRE_10TH,Female,13,<2 LPA,1,0.7,72.0,1,84.3,5,0,88.6,0,1,Uttar Pradesh,UP,67.7,57.2,23.2,16.8,Noida / Gautam Buddha Nagar,7.1,0,40.9,22.0,0.0547,0
SCH_2026_1615,PRE_10TH,Male,9,2-5 LPA,1,2.2,100.0,0,100.0,8,0,70.4,1,1,Tamil Nadu,TN,80.1,73.4,51.4,8.1,Coimbatore,2.1,0,24.2,18.9,0.0284,0
SCH_2026_1616,PRE_10TH,Male,15,<2 LPA,1,2.5,67.3,1,71.6,7,0,57.6,1,1,Rajasthan,RJ,66.1,52.1,26.0,17.2,Jaipur,6.9,0,47.6,22.5,0.1977,0
SCH_2026_1617,PRE_10TH,Female,14,<2 LPA,0,1.8,81.9,0,97.5,8,0,54.3,3,1,Kerala,KL,94.0,92.1,43.2,3.2,Ernakulam,0.6,0,31.9,14.8,0.1943,0
SCH_2026_1618,PRE_10TH,Male,13,<2 LPA,1,2.2,74.1,1,86.5,8,0,46.7,0,0,Maharashtra,MH,82.3,75.9,32.3,11.2,Mumbai,2.1,0,0.0,19.5,0.1765,0
SCH_2026_1619,PRE_10TH,Female,12,<2 LPA,0,11.3,74.4,1,100.0,8,0,66.6,1,1,Karnataka,KA,75.4,68.1,36.2,12.0,Raichur,36.8,1,74.6,34.0,0.4364,0
SCH_2026_1620,PRE_10TH,Male,14,<2 LPA,0,2.4,64.6,1,75.2,3,0,69.8,0,0,Karnataka,KA,75.4,68.1,36.2,12.0,Raichur,36.8,1,74.6,34.0,0.3088,0
SCH_2026_1621,PRE_10TH,Female,10,<2 LPA,0,1.7,66.8,1,80.3,7,0,54.8,0,1,Tamil Nadu,TN,80.1,73.4,51.4,8.1,Chennai,1.2,0,0.0,17.5,0.1716,0
SCH_2026_1622,PRE_10TH,Female,11,5-10 LPA,1,0.7,50.7,1,58.8,13,0,82.4,1,1,Haryana,HR,75.6,65.9,29.8,12.5,Gurugram,2.5,0,31.2,20.5,0.1089,0
SCH_2026_1623,PRE_10TH,Female,15,<2 LPA,0,2.1,64.3,1,74.6,6,0,69.2,1,1,Maharashtra,MH,82.3,75.9,32.3,11.2,Gadchiroli,28.5,1,89.0,28.9,0.2685,0
SCH_2026_1624,PRE_10TH,Male,10,5-10 LPA,1,1.0,65.2,1,72.5,4,0,58.9,0,1,Haryana,HR,75.6,65.9,29.8,12.5,Gurugram,2.5,0,31.2,20.5,0.1872,0
SCH_2026_1625,PRE_10TH,Male,10,2-5 LPA,1,2.0,71.0,1,85.8,15,0,70.0,0,1,Kerala,KL,94.0,92.1,43.2,3.2,Thiruvananthapuram,0.9,0,46.2,15.2,0.0517,1
SCH_2026_1626,PRE_10TH,Female,11,2-5 LPA,0,6.1,81.2,0,94.8,7,0,78.3,0,0,Madhya Pradesh,MP,69.3,59.2,24.8,18.5,Alirajpur,52.0,1,92.2,39.5,0.2574,0
SCH_2026_1627,PRE_10TH,Female,9,2-5 LPA,1,8.4,48.4,1,63.7,1,1,67.2,1,1,Rajasthan,RJ,66.1,52.1,26.0,17.2,Barmer,34.2,1,93.0,35.8,0.871,1
SCH_2026_1628,PRE_10TH,Female,9,2-5 LPA,0,6.7,55.2,1,72.5,5,1,68.4,1,1,Uttar Pradesh,UP,67.7,57.2,23.2,16.8,Bahraich,54.4,1,92.1,46.5,0.8075,1
SCH_2026_1629,PRE_10TH,Female,14,2-5 LPA,0,1.4,79.0,0,86.5,7,0,77.5,0,1,Rajasthan,RJ,66.1,52.1,26.0,17.2,Kota,8.2,0,39.7,21.0,0.056,0
SCH_2026_1630,PRE_10TH,Male,12,<2 LPA,1,12.3,68.2,1,84.9,7,0,62.0,3,0,Bihar,BR,61.8,51.5,14.5,21.4,Katihar,48.7,1,91.1,44.3,0.6661,1
SCH_2026_1631,PRE_10TH,Male,15,2-5 LPA,0,14.9,72.8,1,93.9,11,0,98.0,3,1,Kerala,KL,94.0,92.1,43.2,3.2,Wayanad,4.1,1,96.1,18.0,0.1451,0
SCH_2026_1632,PRE_10TH,Male,9,5-10 LPA,1,1.1,70.2,1,81.1,6,0,33.5,1,1,Karnataka,KA,75.4,68.1,36.2,12.0,Yadgir,39.4,1,81.2,36.5,0.4697,0
SCH_2026_1633,PRE_10TH,Female,13,<2 LPA,1,0.6,66.8,1,67.6,5,0,77.4,0,1,Uttar Pradesh,UP,67.7,57.2,23.2,16.8,Noida / Gautam Buddha Nagar,7.1,0,40.9,22.0,0.0974,0
SCH_2026_1634,PRE_10TH,Female,15,<2 LPA,1,7.4,76.1,0,100.0,7,0,50.3,1,1,Rajasthan,RJ,66.1,52.1,26.0,17.2,Jaisalmer,31.8,1,86.7,33.2,0.4376,0
SCH_2026_1635,PRE_10TH,Female,9,5-10 LPA,1,2.8,78.5,0,87.3,8,0,56.7,0,1,Rajasthan,RJ,66.1,52.1,26.0,17.2,Jaipur,6.9,0,47.6,22.5,0.1182,0
SCH_2026_1636,PRE_10TH,Female,13,<2 LPA,1,2.7,63.2,1,69.2,11,1,59.6,0,1,Haryana,HR,75.6,65.9,29.8,12.5,Nuh / Mewat,44.8,1,88.6,47.0,0.4841,0
SCH_2026_1637,PRE_10TH,Male,15,2-5 LPA,0,1.0,93.2,0,97.7,8,0,91.2,1,1,Kerala,KL,94.0,92.1,43.2,3.2,Thiruvananthapuram,0.9,0,46.2,15.2,0.0158,0
SCH_2026_1638,PRE_10TH,Female,10,<2 LPA,0,7.7,60.2,1,81.6,8,0,56.3,0,1,Maharashtra,MH,82.3,75.9,32.3,11.2,Gadchiroli,28.5,1,89.0,28.9,0.4624,0
SCH_2026_1639,PRE_10TH,Female,15,5-10 LPA,1,0.5,99.9,0,100.0,7,0,82.8,1,1,Maharashtra,MH,82.3,75.9,32.3,11.2,Pune,3.9,0,39.1,21.0,0.0211,0
SCH_2026_1640,PRE_10TH,Male,10,<2 LPA,1,1.0,89.5,0,99.3,5,0,40.4,0,1,Madhya Pradesh,MP,69.3,59.2,24.8,18.5,Indore,6.8,0,25.9,21.8,0.1291,0
SCH_2026_1641,PRE_10TH,Male,15,<2 LPA,0,4.8,72.5,1,86.7,14,0,98.0,1,1,Haryana,HR,75.6,65.9,29.8,12.5,Gurugram,2.5,0,31.2,20.5,0.0316,0
SCH_2026_1642,PRE_10TH,Female,11,2-5 LPA,0,3.3,77.8,0,89.7,9,0,84.3,1,1,Rajasthan,RJ,66.1,52.1,26.0,17.2,Jaisalmer,31.8,1,86.7,33.2,0.1026,0
SCH_2026_1643,PRE_10TH,Female,10,<2 LPA,1,4.2,51.8,1,64.7,3,0,82.2,0,1,Haryana,HR,75.6,65.9,29.8,12.5,Nuh / Mewat,44.8,1,88.6,47.0,0.4065,0
SCH_2026_1644,PRE_10TH,Female,9,<2 LPA,1,1.6,77.7,0,80.3,7,0,90.7,1,1,Bihar,BR,61.8,51.5,14.5,21.4,Katihar,48.7,1,91.1,44.3,0.1101,0
SCH_2026_1645,PRE_10TH,Female,13,<2 LPA,0,4.8,60.1,1,73.3,9,0,66.1,0,0,Gujarat,GJ,78.0,69.7,21.3,17.9,Dahod,40.5,1,88.0,38.1,0.4449,0
SCH_2026_1646,PRE_10TH,Male,10,5-10 LPA,0,1.4,76.7,0,78.7,8,0,81.5,0,1,Tamil Nadu,TN,80.1,73.4,51.4,8.1,Chennai,1.2,0,0.0,17.5,0.0442,0
SCH_2026_1647,PRE_10TH,Female,11,<2 LPA,1,2.9,56.9,1,70.1,6,0,70.2,2,1,Haryana,HR,75.6,65.9,29.8,12.5,Nuh / Mewat,44.8,1,88.6,47.0,0.5045,1
SCH_2026_1648,PRE_10TH,Female,11,<2 LPA,1,2.1,79.6,0,93.9,7,0,98.0,0,1,Karnataka,KA,75.4,68.1,36.2,12.0,Bengaluru Urban,1.8,0,9.1,18.2,0.0263,1
SCH_2026_1649,PRE_10TH,Male,10,<2 LPA,1,0.7,100.0,0,100.0,6,0,98.0,1,1,Rajasthan,RJ,66.1,52.1,26.0,17.2,Kota,8.2,0,39.7,21.0,0.0121,0
SCH_2026_1650,PRE_10TH,Male,12,2-5 LPA,1,2.6,78.3,0,82.4,5,0,79.0,1,0,Gujarat,GJ,78.0,69.7,21.3,17.9,Dahod,40.5,1,88.0,38.1,0.1522,0
SCH_2026_1651,PRE_10TH,Male,11,2-5 LPA,1,5.7,56.2,1,69.8,7,1,67.2,0,1,Uttar Pradesh,UP,67.7,57.2,23.2,16.8,Shravasti,49.6,1,96.5,48.2,0.6809,1
SCH_2026_1652,PRE_10TH,Female,10,>10 LPA,0,2.4,71.2,1,86.0,13,0,56.8,1,0,Madhya Pradesh,MP,69.3,59.2,24.8,18.5,Indore,6.8,0,25.9,21.8,0.2001,0
SCH_2026_1653,PRE_10TH,Male,12,5-10 LPA,1,1.6,80.5,0,80.2,7,0,79.8,1,1,Madhya Pradesh,MP,69.3,59.2,24.8,18.5,Indore,6.8,0,25.9,21.8,0.0528,1
SCH_2026_1654,PRE_10TH,Male,15,2-5 LPA,1,2.7,46.2,1,52.4,5,0,65.8,0,1,Madhya Pradesh,MP,69.3,59.2,24.8,18.5,Alirajpur,52.0,1,92.2,39.5,0.5646,0
SCH_2026_1655,PRE_10TH,Male,13,5-10 LPA,0,0.7,65.3,1,67.0,5,0,68.4,1,1,Haryana,HR,75.6,65.9,29.8,12.5,Gurugram,2.5,0,31.2,20.5,0.1376,0
SCH_2026_1656,PRE_10TH,Male,11,2-5 LPA,0,2.3,69.1,1,83.2,12,0,63.1,1,1,Kerala,KL,94.0,92.1,43.2,3.2,Thiruvananthapuram,0.9,0,46.2,15.2,0.0977,0
SCH_2026_1657,PRE_10TH,Male,13,2-5 LPA,0,0.7,50.7,1,58.0,5,0,71.2,1,1,Tamil Nadu,TN,80.1,73.4,51.4,8.1,Chennai,1.2,0,0.0,17.5,0.2133,0
SCH_2026_1658,PRE_10TH,Female,12,<2 LPA,1,7.6,50.0,1,69.8,9,0,85.4,1,0,Karnataka,KA,75.4,68.1,36.2,12.0,Raichur,36.8,1,74.6,34.0,0.5265,1
SCH_2026_1659,PRE_10TH,Female,13,<2 LPA,1,1.6,89.1,0,93.5,7,0,73.3,0,1,Maharashtra,MH,82.3,75.9,32.3,11.2,Mumbai,2.1,0,0.0,19.5,0.0384,0
SCH_2026_1660,PRE_10TH,Male,10,2-5 LPA,0,4.2,70.3,1,88.4,3,0,85.7,0,1,Rajasthan,RJ,66.1,52.1,26.0,17.2,Jaisalmer,31.8,1,86.7,33.2,0.1694,0
SCH_2026_1661,PRE_10TH,Female,9,2-5 LPA,0,16.2,51.4,1,87.7,5,0,44.2,0,1,Madhya Pradesh,MP,69.3,59.2,24.8,18.5,Alirajpur,52.0,1,92.2,39.5,0.9166,1
SCH_2026_1662,PRE_10TH,Male,13,<2 LPA,0,5.2,70.5,1,75.2,13,0,76.5,0,0,Gujarat,GJ,78.0,69.7,21.3,17.9,Dahod,40.5,1,88.0,38.1,0.1559,0
SCH_2026_1663,PRE_10TH,Female,13,2-5 LPA,0,5.2,75.4,0,80.8,6,0,51.2,0,0,Bihar,BR,61.8,51.5,14.5,21.4,Purnia,50.4,1,89.2,42.1,0.5237,1
SCH_2026_1664,PRE_10TH,Female,13,>10 LPA,1,3.4,81.7,0,85.3,0,0,50.3,0,1,Gujarat,GJ,78.0,69.7,21.3,17.9,Dahod,40.5,1,88.0,38.1,0.366,0
SCH_2026_1665,PRE_10TH,Female,11,2-5 LPA,1,3.1,76.5,0,81.6,8,0,63.3,1,1,Haryana,HR,75.6,65.9,29.8,12.5,Nuh / Mewat,44.8,1,88.6,47.0,0.258,0
SCH_2026_1666,PRE_10TH,Male,12,2-5 LPA,1,0.5,60.2,1,70.0,10,1,69.3,3,1,Haryana,HR,75.6,65.9,29.8,12.5,Gurugram,2.5,0,31.2,20.5,0.263,0
SCH_2026_1667,PRE_10TH,Male,13,2-5 LPA,0,3.9,80.4,0,94.8,10,0,84.5,2,0,Karnataka,KA,75.4,68.1,36.2,12.0,Yadgir,39.4,1,81.2,36.5,0.1017,0
SCH_2026_1668,PRE_10TH,Female,11,2-5 LPA,0,4.0,70.5,1,74.4,16,0,92.2,0,0,Kerala,KL,94.0,92.1,43.2,3.2,Wayanad,4.1,1,96.1,18.0,0.048,0
SCH_2026_1669,PRE_10TH,Male,12,5-10 LPA,0,2.3,95.2,0,95.6,6,0,54.8,0,1,Haryana,HR,75.6,65.9,29.8,12.5,Gurugram,2.5,0,31.2,20.5,0.064,1
SCH_2026_1670,PRE_10TH,Male,11,<2 LPA,0,2.0,87.1,0,86.5,6,0,73.9,2,1,Maharashtra,MH,82.3,75.9,32.3,11.2,Gadchiroli,28.5,1,89.0,28.9,0.0892,0
SCH_2026_1671,PRE_10TH,Female,9,2-5 LPA,0,3.2,46.8,1,59.4,4,1,72.3,0,1,Haryana,HR,75.6,65.9,29.8,12.5,Gurugram,2.5,0,31.2,20.5,0.4999,0
SCH_2026_1672,PRE_10TH,Male,13,5-10 LPA,1,1.5,96.3,0,97.4,4,0,75.2,2,1,Gujarat,GJ,78.0,69.7,21.3,17.9,Ahmedabad,3.8,0,15.9,20.2,0.04,0
SCH_2026_1673,PRE_10TH,Male,9,5-10 LPA,0,18.0,30.4,1,61.9,2,0,65.6,1,1,Bihar,BR,61.8,51.5,14.5,21.4,Katihar,48.7,1,91.1,44.3,0.9558,1
SCH_2026_1674,PRE_10TH,Male,11,2-5 LPA,0,1.6,66.9,1,78.8,6,0,50.9,1,0,Madhya Pradesh,MP,69.3,59.2,24.8,18.5,Alirajpur,52.0,1,92.2,39.5,0.4551,0
SCH_2026_1675,PRE_10TH,Female,14,<2 LPA,0,0.6,91.2,0,90.7,4,0,70.2,2,1,Karnataka,KA,75.4,68.1,36.2,12.0,Bengaluru Urban,1.8,0,9.1,18.2,0.0763,0
SCH_2026_1676,PRE_10TH,Male,12,5-10 LPA,0,0.9,85.0,0,90.9,4,0,79.1,0,1,Gujarat,GJ,78.0,69.7,21.3,17.9,Ahmedabad,3.8,0,15.9,20.2,0.045,0
SCH_2026_1677,PRE_10TH,Male,12,2-5 LPA,0,1.0,72.5,1,85.6,4,0,48.3,0,0,Bihar,BR,61.8,51.5,14.5,21.4,Patna,18.2,0,56.4,28.5,0.2631,0
SCH_2026_1678,PRE_10TH,Male,9,>10 LPA,1,3.3,73.2,1,90.9,2,0,72.8,1,1,Maharashtra,MH,82.3,75.9,32.3,11.2,Nandurbar,33.1,1,83.3,32.4,0.2346,0
SCH_2026_1679,PRE_10TH,Male,13,<2 LPA,1,3.9,68.0,1,75.3,5,0,66.5,1,1,Tamil Nadu,TN,80.1,73.4,51.4,8.1,Chennai,1.2,0,0.0,17.5,0.1778,0
SCH_2026_1680,PRE_10TH,Male,15,<2 LPA,1,2.1,60.3,1,62.8,10,1,53.7,1,0,Haryana,HR,75.6,65.9,29.8,12.5,Nuh / Mewat,44.8,1,88.6,47.0,0.6136,1
SCH_2026_1681,PRE_10TH,Male,15,2-5 LPA,1,8.1,65.2,1,87.6,6,0,61.0,2,1,Rajasthan,RJ,66.1,52.1,26.0,17.2,Jaisalmer,31.8,1,86.7,33.2,0.4786,0
SCH_2026_1682,PRE_10TH,Male,15,2-5 LPA,0,3.2,47.6,1,54.0,7,0,95.5,0,1,Bihar,BR,61.8,51.5,14.5,21.4,Muzaffarpur,35.1,1,90.3,38.0,0.2183,0
SCH_2026_1683,PRE_10TH,Male,9,5-10 LPA,0,8.5,65.8,1,76.9,6,1,52.1,0,0,Bihar,BR,61.8,51.5,14.5,21.4,Gaya,38.6,1,86.8,36.2,0.7584,1
SCH_2026_1684,PRE_10TH,Male,13,>10 LPA,1,0.5,80.3,0,93.0,11,0,65.7,2,1,Kerala,KL,94.0,92.1,43.2,3.2,Ernakulam,0.6,0,31.9,14.8,0.0539,0
SCH_2026_1685,PRE_10TH,Male,15,<2 LPA,0,2.5,67.0,1,75.1,10,0,73.4,0,1,Maharashtra,MH,82.3,75.9,32.3,11.2,Pune,3.9,0,39.1,21.0,0.0888,0
SCH_2026_1686,PRE_10TH,Female,13,<2 LPA,1,0.8,99.9,0,100.0,3,0,78.1,1,1,Uttar Pradesh,UP,67.7,57.2,23.2,16.8,Varanasi,16.3,0,56.6,29.4,0.0441,0
SCH_2026_1687,PRE_10TH,Male,14,2-5 LPA,0,10.5,56.7,1,68.9,5,1,66.9,0,0,Bihar,BR,61.8,51.5,14.5,21.4,Gaya,38.6,1,86.8,36.2,0.7944,1
SCH_2026_1688,PRE_10TH,Male,11,5-10 LPA,0,5.2,66.0,1,72.6,8,0,80.1,1,0,Gujarat,GJ,78.0,69.7,21.3,17.9,Narmada,32.4,1,89.5,30.5,0.216,0
SCH_2026_1689,PRE_10TH,Female,12,2-5 LPA,1,3.7,68.6,1,82.6,15,0,70.3,2,1,Rajasthan,RJ,66.1,52.1,26.0,17.2,Jaipur,6.9,0,47.6,22.5,0.1314,0
SCH_2026_1690,PRE_10TH,Female,14,<2 LPA,0,6.4,63.6,1,80.6,8,0,76.3,0,0,Maharashtra,MH,82.3,75.9,32.3,11.2,Gadchiroli,28.5,1,89.0,28.9,0.3298,0
SCH_2026_1691,PRE_10TH,Female,15,2-5 LPA,0,5.4,35.2,1,49.9,2,1,26.0,2,1,Bihar,BR,61.8,51.5,14.5,21.4,Katihar,48.7,1,91.1,44.3,0.9836,1
SCH_2026_1692,PRE_10TH,Male,13,5-10 LPA,1,0.5,40.5,1,43.2,6,1,47.6,3,1,Bihar,BR,61.8,51.5,14.5,21.4,Katihar,48.7,1,91.1,44.3,0.8655,0
SCH_2026_1693,PRE_10TH,Female,15,<2 LPA,0,3.1,86.5,0,99.5,4,0,18.5,2,1,Gujarat,GJ,78.0,69.7,21.3,17.9,Dahod,40.5,1,88.0,38.1,0.6453,1
SCH_2026_1694,PRE_10TH,Female,11,2-5 LPA,0,1.4,95.1,0,100.0,6,0,52.7,0,1,Uttar Pradesh,UP,67.7,57.2,23.2,16.8,Bahraich,54.4,1,92.1,46.5,0.1574,0
SCH_2026_1695,PRE_10TH,Male,10,5-10 LPA,0,0.5,60.9,1,59.4,8,0,74.0,2,1,Madhya Pradesh,MP,69.3,59.2,24.8,18.5,Bhopal,9.4,0,19.1,23.4,0.1336,0
SCH_2026_1696,PRE_10TH,Male,11,>10 LPA,0,1.0,65.5,1,75.5,4,0,69.0,0,0,Bihar,BR,61.8,51.5,14.5,21.4,Patna,18.2,0,56.4,28.5,0.1935,0
SCH_2026_1697,PRE_10TH,Female,10,<2 LPA,0,1.3,60.3,1,69.0,3,0,68.2,1,0,Tamil Nadu,TN,80.1,73.4,51.4,8.1,Ramanathapuram,7.8,1,69.7,22.1,0.3545,0
SCH_2026_1698,PRE_10TH,Male,14,5-10 LPA,1,8.7,66.5,1,78.3,10,0,98.0,0,1,Rajasthan,RJ,66.1,52.1,26.0,17.2,Barmer,34.2,1,93.0,35.8,0.1398,0
SCH_2026_1699,PRE_10TH,Male,9,2-5 LPA,1,3.1,58.2,1,70.2,11,1,58.6,1,1,Karnataka,KA,75.4,68.1,36.2,12.0,Raichur,36.8,1,74.6,34.0,0.542,1
SCH_2026_1700,PRE_10TH,Male,15,2-5 LPA,0,3.0,69.3,1,71.9,7,0,65.3,1,1,Gujarat,GJ,78.0,69.7,21.3,17.9,Ahmedabad,3.8,0,15.9,20.2,0.1471,0
SCH_2026_1701,PRE_10TH,Male,9,2-5 LPA,0,3.2,68.0,1,72.8,6,1,71.2,0,1,Kerala,KL,94.0,92.1,43.2,3.2,Wayanad,4.1,1,96.1,18.0,0.2613,0
SCH_2026_1702,PRE_10TH,Female,10,<2 LPA,0,3.8,68.5,1,76.4,11,0,62.4,1,0,Kerala,KL,94.0,92.1,43.2,3.2,Wayanad,4.1,1,96.1,18.0,0.2344,0
SCH_2026_1703,PRE_10TH,Male,10,<2 LPA,0,2.4,81.6,0,100.0,7,0,83.1,3,1,Karnataka,KA,75.4,68.1,36.2,12.0,Raichur,36.8,1,74.6,34.0,0.1018,1
SCH_2026_1704,PRE_10TH,Female,14,2-5 LPA,0,5.9,68.5,1,85.8,3,0,59.3,0,1,Bihar,BR,61.8,51.5,14.5,21.4,Gaya,38.6,1,86.8,36.2,0.4385,1
SCH_2026_1705,PRE_10TH,Female,14,<2 LPA,0,0.7,76.0,0,83.7,6,0,50.3,0,1,Kerala,KL,94.0,92.1,43.2,3.2,Thiruvananthapuram,0.9,0,46.2,15.2,0.1313,0
SCH_2026_1706,PRE_10TH,Male,13,2-5 LPA,0,2.4,52.8,1,62.0,7,0,65.7,0,1,Uttar Pradesh,UP,67.7,57.2,23.2,16.8,Noida / Gautam Buddha Nagar,7.1,0,40.9,22.0,0.2446,0
SCH_2026_1707,PRE_10TH,Male,10,2-5 LPA,1,1.0,77.2,0,80.5,13,0,90.9,0,1,Maharashtra,MH,82.3,75.9,32.3,11.2,Mumbai,2.1,0,0.0,19.5,0.0208,0
SCH_2026_1708,PRE_10TH,Male,14,<2 LPA,1,1.3,86.1,0,84.6,6,0,59.7,1,1,Tamil Nadu,TN,80.1,73.4,51.4,8.1,Chennai,1.2,0,0.0,17.5,0.076,0
SCH_2026_1709,PRE_10TH,Female,12,<2 LPA,1,0.5,64.7,1,74.9,9,0,57.0,2,0,Kerala,KL,94.0,92.1,43.2,3.2,Ernakulam,0.6,0,31.9,14.8,0.303,0
SCH_2026_1710,PRE_10TH,Male,14,2-5 LPA,0,0.7,82.1,0,88.0,9,0,85.9,1,1,Tamil Nadu,TN,80.1,73.4,51.4,8.1,Coimbatore,2.1,0,24.2,18.9,0.0284,0
SCH_2026_1711,PRE_10TH,Male,10,<2 LPA,0,0.6,94.2,0,92.7,3,0,56.8,0,0,Maharashtra,MH,82.3,75.9,32.3,11.2,Nandurbar,33.1,1,83.3,32.4,0.1221,0
SCH_2026_1712,PRE_10TH,Male,9,5-10 LPA,1,2.7,56.9,1,70.9,14,0,82.4,1,1,Uttar Pradesh,UP,67.7,57.2,23.2,16.8,Lucknow,8.5,0,33.8,24.1,0.0908,0
SCH_2026_1713,PRE_10TH,Female,15,<2 LPA,1,1.4,55.9,1,66.5,2,0,79.5,1,1,Tamil Nadu,TN,80.1,73.4,51.4,8.1,Ramanathapuram,7.8,1,69.7,22.1,0.2399,1
SCH_2026_1714,PRE_10TH,Female,13,2-5 LPA,0,5.4,50.9,1,69.4,6,1,54.5,0,0,Uttar Pradesh,UP,67.7,57.2,23.2,16.8,Balrampur,47.9,1,92.3,45.0,0.87,1
SCH_2026_1715,PRE_10TH,Male,14,5-10 LPA,0,3.3,88.8,0,92.0,10,0,85.5,1,1,Kerala,KL,94.0,92.1,43.2,3.2,Thiruvananthapuram,0.9,0,46.2,15.2,0.0263,0
SCH_2026_1716,PRE_10TH,Female,11,2-5 LPA,1,6.2,53.0,1,70.8,8,0,74.7,2,0,Madhya Pradesh,MP,69.3,59.2,24.8,18.5,Barwani,46.1,1,85.5,37.1,0.679,1
SCH_2026_1717,PRE_10TH,Male,11,2-5 LPA,0,2.3,92.0,0,100.0,10,0,74.8,1,0,Tamil Nadu,TN,80.1,73.4,51.4,8.1,Ramanathapuram,7.8,1,69.7,22.1,0.0366,0
SCH_2026_1718,PRE_10TH,Male,11,5-10 LPA,0,0.5,55.9,1,62.4,8,0,67.0,0,1,Maharashtra,MH,82.3,75.9,32.3,11.2,Mumbai,2.1,0,0.0,19.5,0.1514,0
SCH_2026_1719,PRE_10TH,Male,9,<2 LPA,1,3.4,65.7,1,68.7,4,0,75.4,2,1,Haryana,HR,75.6,65.9,29.8,12.5,Gurugram,2.5,0,31.2,20.5,0.1673,0
SCH_2026_1720,PRE_10TH,Male,10,<2 LPA,0,0.5,79.5,0,87.6,4,0,67.7,1,1,Rajasthan,RJ,66.1,52.1,26.0,17.2,Jaipur,6.9,0,47.6,22.5,0.0908,1
SCH_2026_1721,PRE_10TH,Female,12,<2 LPA,0,8.5,58.7,1,70.5,7,1,72.1,1,1,Gujarat,GJ,78.0,69.7,21.3,17.9,Dahod,40.5,1,88.0,38.1,0.7176,1
SCH_2026_1722,PRE_10TH,Male,10,<2 LPA,0,1.4,81.9,0,83.0,8,0,78.3,1,1,Gujarat,GJ,78.0,69.7,21.3,17.9,Ahmedabad,3.8,0,15.9,20.2,0.0451,0
SCH_2026_1723,PRE_10TH,Male,14,<2 LPA,0,0.6,66.6,1,74.2,8,0,94.9,2,0,Rajasthan,RJ,66.1,52.1,26.0,17.2,Jaisalmer,31.8,1,86.7,33.2,0.0908,0
SCH_2026_1724,PRE_10TH,Female,13,<2 LPA,0,4.5,73.4,1,80.4,3,0,40.8,1,0,Uttar Pradesh,UP,67.7,57.2,23.2,16.8,Lucknow,8.5,0,33.8,24.1,0.5403,1
SCH_2026_1725,PRE_10TH,Male,15,<2 LPA,0,1.7,63.3,1,66.9,8,0,71.2,1,1,Madhya Pradesh,MP,69.3,59.2,24.8,18.5,Bhopal,9.4,0,19.1,23.4,0.1397,0
SCH_2026_1726,PRE_10TH,Male,9,2-5 LPA,1,0.6,88.9,0,89.3,9,0,42.4,1,1,Madhya Pradesh,MP,69.3,59.2,24.8,18.5,Bhopal,9.4,0,19.1,23.4,0.1013,0
SCH_2026_1727,PRE_10TH,Male,9,<2 LPA,1,6.0,86.6,0,100.0,7,0,76.3,0,1,Tamil Nadu,TN,80.1,73.4,51.4,8.1,Coimbatore,2.1,0,24.2,18.9,0.0636,0
SCH_2026_1728,PRE_10TH,Female,13,5-10 LPA,1,0.8,62.9,1,64.0,10,0,71.1,0,1,Kerala,KL,94.0,92.1,43.2,3.2,Thiruvananthapuram,0.9,0,46.2,15.2,0.0888,0
SCH_2026_1729,PRE_10TH,Female,11,2-5 LPA,1,4.8,59.9,1,64.3,12,0,57.7,1,1,Gujarat,GJ,78.0,69.7,21.3,17.9,Narmada,32.4,1,89.5,30.5,0.3842,1
SCH_2026_1730,PRE_10TH,Male,13,<2 LPA,1,5.1,76.3,0,97.4,8,0,97.5,1,1,Karnataka,KA,75.4,68.1,36.2,12.0,Yadgir,39.4,1,81.2,36.5,0.0896,0
SCH_2026_1731,PRE_10TH,Female,11,2-5 LPA,0,8.4,79.6,0,89.3,11,0,96.9,2,1,Haryana,HR,75.6,65.9,29.8,12.5,Nuh / Mewat,44.8,1,88.6,47.0,0.1577,1
SCH_2026_1732,PRE_10TH,Male,10,<2 LPA,1,1.9,95.6,0,97.8,2,0,84.8,1,0,Haryana,HR,75.6,65.9,29.8,12.5,Gurugram,2.5,0,31.2,20.5,0.0358,0
SCH_2026_1733,PRE_10TH,Female,11,2-5 LPA,1,7.2,62.9,1,73.5,7,0,61.2,3,0,Uttar Pradesh,UP,67.7,57.2,23.2,16.8,Balrampur,47.9,1,92.3,45.0,0.788,0
SCH_2026_1734,PRE_10TH,Male,9,<2 LPA,0,2.0,87.6,0,95.1,9,0,59.0,0,0,Bihar,BR,61.8,51.5,14.5,21.4,Muzaffarpur,35.1,1,90.3,38.0,0.1161,0
SCH_2026_1735,PRE_10TH,Female,10,5-10 LPA,0,0.5,81.9,0,89.1,4,0,98.0,0,1,Rajasthan,RJ,66.1,52.1,26.0,17.2,Jaipur,6.9,0,47.6,22.5,0.0276,0
SCH_2026_1736,PRE_10TH,Male,15,2-5 LPA,0,1.0,61.6,1,67.4,8,0,80.1,2,0,Tamil Nadu,TN,80.1,73.4,51.4,8.1,Ramanathapuram,7.8,1,69.7,22.1,0.1197,0
SCH_2026_1737,PRE_10TH,Male,14,<2 LPA,0,2.2,68.4,1,79.5,8,0,73.5,0,1,Gujarat,GJ,78.0,69.7,21.3,17.9,Ahmedabad,3.8,0,15.9,20.2,0.093,0
SCH_2026_1738,PRE_10TH,Male,11,<2 LPA,0,6.3,61.1,1,79.2,2,0,44.9,0,1,Karnataka,KA,75.4,68.1,36.2,12.0,Bengaluru Urban,1.8,0,9.1,18.2,0.4968,0
SCH_2026_1739,PRE_10TH,Male,11,2-5 LPA,1,0.6,90.4,0,90.0,9,0,78.8,1,0,Kerala,KL,94.0,92.1,43.2,3.2,Ernakulam,0.6,0,31.9,14.8,0.0262,0
SCH_2026_1740,PRE_10TH,Male,14,5-10 LPA,1,1.5,77.7,0,77.7,9,0,46.5,0,1,Rajasthan,RJ,66.1,52.1,26.0,17.2,Kota,8.2,0,39.7,21.0,0.1393,0
SCH_2026_1741,PRE_10TH,Male,14,<2 LPA,0,1.4,67.1,1,78.1,6,0,37.4,0,1,Tamil Nadu,TN,80.1,73.4,51.4,8.1,Ramanathapuram,7.8,1,69.7,22.1,0.3077,0
SCH_2026_1742,PRE_10TH,Female,14,>10 LPA,1,4.3,49.0,1,54.9,5,1,30.4,2,1,Uttar Pradesh,UP,67.7,57.2,23.2,16.8,Balrampur,47.9,1,92.3,45.0,0.9496,1
SCH_2026_1743,PRE_10TH,Male,11,5-10 LPA,0,1.0,77.4,0,88.8,9,0,79.4,2,0,Bihar,BR,61.8,51.5,14.5,21.4,Patna,18.2,0,56.4,28.5,0.0723,0
SCH_2026_1744,PRE_10TH,Male,10,2-5 LPA,0,2.7,45.5,1,55.4,6,1,51.8,0,1,Karnataka,KA,75.4,68.1,36.2,12.0,Yadgir,39.4,1,81.2,36.5,0.7858,0
SCH_2026_1745,PRE_10TH,Male,9,2-5 LPA,1,2.2,71.8,1,84.5,8,0,47.1,1,1,Rajasthan,RJ,66.1,52.1,26.0,17.2,Jaipur,6.9,0,47.6,22.5,0.205,0
SCH_2026_1746,PRE_10TH,Female,9,<2 LPA,1,4.1,82.1,0,89.0,9,0,75.8,0,1,Madhya Pradesh,MP,69.3,59.2,24.8,18.5,Indore,6.8,0,25.9,21.8,0.0595,0
SCH_2026_1747,PRE_10TH,Male,9,2-5 LPA,1,2.7,68.3,1,82.3,6,0,80.6,0,1,Maharashtra,MH,82.3,75.9,32.3,11.2,Gadchiroli,28.5,1,89.0,28.9,0.1413,0
SCH_2026_1748,PRE_10TH,Female,13,5-10 LPA,0,1.8,64.3,1,78.8,3,0,62.2,1,1,Madhya Pradesh,MP,69.3,59.2,24.8,18.5,Bhopal,9.4,0,19.1,23.4,0.2821,0
SCH_2026_1749,PRE_10TH,Male,15,<2 LPA,1,2.0,54.4,1,67.0,4,0,61.2,2,1,Madhya Pradesh,MP,69.3,59.2,24.8,18.5,Bhopal,9.4,0,19.1,23.4,0.3467,0
SCH_2026_1750,PRE_10TH,Female,14,>10 LPA,1,5.4,93.4,0,96.7,6,0,80.3,3,0,Maharashtra,MH,82.3,75.9,32.3,11.2,Nandurbar,33.1,1,83.3,32.4,0.2382,0
SCH_2026_1751,PRE_10TH,Female,11,<2 LPA,0,5.5,52.0,1,68.3,7,0,42.6,0,0,Uttar Pradesh,UP,67.7,57.2,23.2,16.8,Bahraich,54.4,1,92.1,46.5,0.8146,1
SCH_2026_1752,PRE_10TH,Male,15,2-5 LPA,1,3.3,75.6,0,85.7,6,0,43.6,1,1,Rajasthan,RJ,66.1,52.1,26.0,17.2,Jaisalmer,31.8,1,86.7,33.2,0.3529,0
SCH_2026_1753,PRE_10TH,Female,13,<2 LPA,1,0.5,64.6,1,65.1,4,1,70.0,2,1,Tamil Nadu,TN,80.1,73.4,51.4,8.1,Chennai,1.2,0,0.0,17.5,0.3853,0
SCH_2026_1754,PRE_10TH,Male,15,2-5 LPA,0,1.3,69.9,1,68.9,13,0,80.4,1,0,Kerala,KL,94.0,92.1,43.2,3.2,Wayanad,4.1,1,96.1,18.0,0.0517,0
SCH_2026_1755,PRE_10TH,Male,14,<2 LPA,0,0.7,85.3,0,92.2,10,0,54.9,1,1,Maharashtra,MH,82.3,75.9,32.3,11.2,Mumbai,2.1,0,0.0,19.5,0.0645,0
SCH_2026_1756,PRE_10TH,Male,15,<2 LPA,0,2.3,72.8,1,76.2,9,0,81.6,3,1,Rajasthan,RJ,66.1,52.1,26.0,17.2,Barmer,34.2,1,93.0,35.8,0.1255,1
SCH_2026_1757,PRE_10TH,Female,12,<2 LPA,1,1.7,79.4,0,95.5,4,0,61.4,0,0,Maharashtra,MH,82.3,75.9,32.3,11.2,Gadchiroli,28.5,1,89.0,28.9,0.2409,0
SCH_2026_1758,PRE_10TH,Female,13,<2 LPA,1,3.5,65.1,1,78.8,7,0,81.3,0,0,Haryana,HR,75.6,65.9,29.8,12.5,Nuh / Mewat,44.8,1,88.6,47.0,0.2905,0
SCH_2026_1759,PRE_10TH,Female,13,<2 LPA,1,3.4,78.5,0,88.0,9,0,63.1,0,1,Gujarat,GJ,78.0,69.7,21.3,17.9,Narmada,32.4,1,89.5,30.5,0.1506,0
SCH_2026_1760,PRE_10TH,Female,13,<2 LPA,0,6.4,61.6,1,79.0,4,0,72.3,0,0,Bihar,BR,61.8,51.5,14.5,21.4,Muzaffarpur,35.1,1,90.3,38.0,0.4918,0
SCH_2026_1761,PRE_10TH,Male,15,5-10 LPA,1,1.3,84.0,0,83.9,4,0,69.4,2,1,Bihar,BR,61.8,51.5,14.5,21.4,Muzaffarpur,35.1,1,90.3,38.0,0.1397,0
SCH_2026_1762,PRE_10TH,Female,15,2-5 LPA,0,1.6,78.6,0,85.5,10,0,62.4,2,1,Tamil Nadu,TN,80.1,73.4,51.4,8.1,Chennai,1.2,0,0.0,17.5,0.1164,0
SCH_2026_1763,PRE_10TH,Male,14,>10 LPA,0,1.2,71.9,1,77.7,8,0,79.0,1,1,Maharashtra,MH,82.3,75.9,32.3,11.2,Pune,3.9,0,39.1,21.0,0.0659,1
SCH_2026_1764,PRE_10TH,Female,13,2-5 LPA,1,1.4,66.2,1,73.2,4,0,47.9,2,1,Madhya Pradesh,MP,69.3,59.2,24.8,18.5,Bhopal,9.4,0,19.1,23.4,0.4138,0
SCH_2026_1765,PRE_10TH,Female,11,2-5 LPA,0,9.7,56.6,1,74.4,6,0,53.1,1,1,Karnataka,KA,75.4,68.1,36.2,12.0,Yadgir,39.4,1,81.2,36.5,0.7384,1
SCH_2026_1766,PRE_10TH,Female,14,<2 LPA,0,2.3,73.2,1,88.0,12,0,67.9,2,1,Haryana,HR,75.6,65.9,29.8,12.5,Gurugram,2.5,0,31.2,20.5,0.1168,0
SCH_2026_1767,PRE_10TH,Male,15,<2 LPA,0,3.9,61.7,1,65.4,4,0,52.0,2,1,Bihar,BR,61.8,51.5,14.5,21.4,Purnia,50.4,1,89.2,42.1,0.601,1
SCH_2026_1768,PRE_10TH,Male,15,<2 LPA,0,6.3,46.6,1,55.7,11,0,73.0,1,1,Bihar,BR,61.8,51.5,14.5,21.4,Muzaffarpur,35.1,1,90.3,38.0,0.4235,0
SCH_2026_1769,PRE_10TH,Male,10,2-5 LPA,1,1.9,89.0,0,92.2,3,0,78.9,0,1,Rajasthan,RJ,66.1,52.1,26.0,17.2,Kota,8.2,0,39.7,21.0,0.05,0
SCH_2026_1770,PRE_10TH,Female,12,<2 LPA,0,0.5,87.7,0,99.8,6,0,61.4,2,1,Madhya Pradesh,MP,69.3,59.2,24.8,18.5,Bhopal,9.4,0,19.1,23.4,0.1136,0
SCH_2026_1771,PRE_10TH,Male,9,2-5 LPA,1,2.3,65.1,1,73.4,14,0,87.9,1,1,Haryana,HR,75.6,65.9,29.8,12.5,Gurugram,2.5,0,31.2,20.5,0.0457,0
SCH_2026_1772,PRE_10TH,Male,13,<2 LPA,1,2.9,68.6,1,71.8,6,0,91.7,1,1,Bihar,BR,61.8,51.5,14.5,21.4,Muzaffarpur,35.1,1,90.3,38.0,0.1237,0
SCH_2026_1773,PRE_10TH,Female,13,<2 LPA,0,1.7,74.6,1,84.4,7,0,79.7,3,0,Tamil Nadu,TN,80.1,73.4,51.4,8.1,Ramanathapuram,7.8,1,69.7,22.1,0.2096,0
SCH_2026_1774,PRE_10TH,Male,9,<2 LPA,0,0.6,77.3,0,83.0,2,0,63.2,3,1,Rajasthan,RJ,66.1,52.1,26.0,17.2,Kota,8.2,0,39.7,21.0,0.1583,0
SCH_2026_1775,PRE_10TH,Female,14,2-5 LPA,0,4.6,58.2,1,63.4,8,0,78.8,0,0,Karnataka,KA,75.4,68.1,36.2,12.0,Yadgir,39.4,1,81.2,36.5,0.3655,0
SCH_2026_1776,PRE_10TH,Male,15,<2 LPA,0,1.1,76.6,0,79.0,7,0,83.2,1,1,Uttar Pradesh,UP,67.7,57.2,23.2,16.8,Lucknow,8.5,0,33.8,24.1,0.0544,0
SCH_2026_1777,PRE_10TH,Male,13,2-5 LPA,1,2.3,73.9,1,84.6,10,0,45.3,3,1,Tamil Nadu,TN,80.1,73.4,51.4,8.1,Coimbatore,2.1,0,24.2,18.9,0.1894,0
SCH_2026_1778,PRE_10TH,Male,11,2-5 LPA,1,2.4,53.9,1,59.6,11,1,73.1,0,1,Kerala,KL,94.0,92.1,43.2,3.2,Ernakulam,0.6,0,31.9,14.8,0.2612,1
SCH_2026_1779,PRE_10TH,Male,14,2-5 LPA,1,5.2,71.2,1,89.6,10,0,74.0,2,0,Karnataka,KA,75.4,68.1,36.2,12.0,Raichur,36.8,1,74.6,34.0,0.2166,0
SCH_2026_1780,PRE_10TH,Male,12,5-10 LPA,0,4.6,81.0,0,92.4,3,0,59.7,2,1,Kerala,KL,94.0,92.1,43.2,3.2,Thiruvananthapuram,0.9,0,46.2,15.2,0.1761,0
SCH_2026_1781,PRE_10TH,Male,14,2-5 LPA,1,10.2,86.1,0,100.0,5,0,86.9,1,1,Madhya Pradesh,MP,69.3,59.2,24.8,18.5,Barwani,46.1,1,85.5,37.1,0.198,0
SCH_2026_1782,PRE_10TH,Male,14,<2 LPA,1,3.4,68.5,1,81.8,7,1,84.3,0,1,Madhya Pradesh,MP,69.3,59.2,24.8,18.5,Alirajpur,52.0,1,92.2,39.5,0.3488,0
SCH_2026_1783,PRE_10TH,Female,12,5-10 LPA,0,6.5,75.6,0,87.8,12,0,57.6,0,0,Gujarat,GJ,78.0,69.7,21.3,17.9,Dahod,40.5,1,88.0,38.1,0.339,0
SCH_2026_1784,PRE_10TH,Male,12,5-10 LPA,1,5.7,75.3,0,80.5,6,1,62.8,0,1,Bihar,BR,61.8,51.5,14.5,21.4,Gaya,38.6,1,86.8,36.2,0.4777,0
SCH_2026_1785,PRE_10TH,Female,10,5-10 LPA,1,1.5,77.6,0,87.6,6,0,65.1,1,1,Karnataka,KA,75.4,68.1,36.2,12.0,Yadgir,39.4,1,81.2,36.5,0.2132,0
SCH_2026_1786,PRE_10TH,Female,14,2-5 LPA,1,2.5,57.8,1,72.3,6,0,68.0,1,1,Maharashtra,MH,82.3,75.9,32.3,11.2,Mumbai,2.1,0,0.0,19.5,0.2408,0
SCH_2026_1787,PRE_10TH,Male,10,>10 LPA,1,1.8,83.1,0,89.4,6,0,72.5,0,1,Rajasthan,RJ,66.1,52.1,26.0,17.2,Barmer,34.2,1,93.0,35.8,0.1014,0
SCH_2026_1788,PRE_10TH,Male,12,5-10 LPA,0,3.2,87.4,0,100.0,14,0,87.9,3,0,Kerala,KL,94.0,92.1,43.2,3.2,Wayanad,4.1,1,96.1,18.0,0.0258,0
SCH_2026_1789,PRE_10TH,Female,11,2-5 LPA,0,4.0,67.5,1,83.9,10,0,39.8,0,1,Uttar Pradesh,UP,67.7,57.2,23.2,16.8,Shravasti,49.6,1,96.5,48.2,0.4799,0
SCH_2026_1790,PRE_10TH,Female,12,2-5 LPA,1,5.0,82.7,0,95.0,6,0,52.1,0,1,Madhya Pradesh,MP,69.3,59.2,24.8,18.5,Barwani,46.1,1,85.5,37.1,0.3028,0
SCH_2026_1791,PRE_10TH,Male,10,2-5 LPA,1,1.0,81.6,0,85.7,6,0,51.0,1,1,Haryana,HR,75.6,65.9,29.8,12.5,Gurugram,2.5,0,31.2,20.5,0.1194,0
SCH_2026_1792,PRE_10TH,Female,15,<2 LPA,1,2.3,78.0,0,94.8,11,0,49.7,0,1,Maharashtra,MH,82.3,75.9,32.3,11.2,Nandurbar,33.1,1,83.3,32.4,0.1799,0
SCH_2026_1793,PRE_10TH,Male,14,<2 LPA,0,0.6,87.3,0,89.5,4,0,36.8,0,1,Rajasthan,RJ,66.1,52.1,26.0,17.2,Kota,8.2,0,39.7,21.0,0.1652,0
SCH_2026_1794,PRE_10TH,Male,10,<2 LPA,1,2.6,57.7,1,72.2,5,0,46.3,1,1,Maharashtra,MH,82.3,75.9,32.3,11.2,Pune,3.9,0,39.1,21.0,0.3877,0
SCH_2026_1795,PRE_10TH,Male,9,>10 LPA,0,4.5,49.2,1,61.1,7,0,63.3,2,0,Maharashtra,MH,82.3,75.9,32.3,11.2,Gadchiroli,28.5,1,89.0,28.9,0.5147,1
SCH_2026_1796,PRE_10TH,Female,11,<2 LPA,0,1.0,71.7,1,77.9,5,0,85.4,2,1,Madhya Pradesh,MP,69.3,59.2,24.8,18.5,Bhopal,9.4,0,19.1,23.4,0.116,0
SCH_2026_1797,PRE_10TH,Male,11,5-10 LPA,0,7.5,29.5,1,47.6,4,1,58.6,1,1,Bihar,BR,61.8,51.5,14.5,21.4,Katihar,48.7,1,91.1,44.3,0.9424,1
SCH_2026_1798,PRE_10TH,Female,13,<2 LPA,0,5.3,91.8,0,100.0,6,0,81.5,0,1,Rajasthan,RJ,66.1,52.1,26.0,17.2,Kota,8.2,0,39.7,21.0,0.0479,0
SCH_2026_1799,PRE_10TH,Male,11,<2 LPA,0,2.0,69.1,1,69.0,4,0,84.2,1,0,Haryana,HR,75.6,65.9,29.8,12.5,Gurugram,2.5,0,31.2,20.5,0.0968,0
SCH_2026_1800,PRE_10TH,Female,11,2-5 LPA,0,1.6,79.4,0,83.9,6,0,71.9,1,1,Maharashtra,MH,82.3,75.9,32.3,11.2,Mumbai,2.1,0,0.0,19.5,0.0861,0
SCH_2026_1801,PRE_10TH,Male,9,<2 LPA,0,1.1,97.2,0,97.5,8,0,77.3,1,1,Bihar,BR,61.8,51.5,14.5,21.4,Purnia,50.4,1,89.2,42.1,0.0568,0
SCH_2026_1802,PRE_10TH,Male,13,2-5 LPA,0,5.6,65.6,1,71.8,7,0,64.6,0,1,Madhya Pradesh,MP,69.3,59.2,24.8,18.5,Alirajpur,52.0,1,92.2,39.5,0.4045,0
SCH_2026_1803,PRE_10TH,Female,9,<2 LPA,1,2.4,67.3,1,74.6,12,0,60.6,2,1,Maharashtra,MH,82.3,75.9,32.3,11.2,Mumbai,2.1,0,0.0,19.5,0.1825,0
SCH_2026_1804,PRE_10TH,Female,12,2-5 LPA,0,3.7,74.5,1,81.9,6,0,53.7,2,0,Maharashtra,MH,82.3,75.9,32.3,11.2,Nandurbar,33.1,1,83.3,32.4,0.5308,1
SCH_2026_1805,PRE_10TH,Female,10,<2 LPA,1,1.1,73.5,1,85.1,6,0,39.8,0,1,Tamil Nadu,TN,80.1,73.4,51.4,8.1,Chennai,1.2,0,0.0,17.5,0.2062,0
SCH_2026_1806,PRE_10TH,Male,12,2-5 LPA,0,1.3,82.6,0,81.7,5,0,61.2,2,0,Tamil Nadu,TN,80.1,73.4,51.4,8.1,Ramanathapuram,7.8,1,69.7,22.1,0.1187,0
SCH_2026_1807,PRE_10TH,Female,9,<2 LPA,1,3.5,87.4,0,88.9,0,1,54.8,1,0,Uttar Pradesh,UP,67.7,57.2,23.2,16.8,Bahraich,54.4,1,92.1,46.5,0.718,1
SCH_2026_1808,PRE_10TH,Male,15,<2 LPA,1,2.9,71.1,1,79.1,9,0,71.6,0,0,Haryana,HR,75.6,65.9,29.8,12.5,Gurugram,2.5,0,31.2,20.5,0.0945,0
SCH_2026_1809,PRE_10TH,Female,11,<2 LPA,0,2.6,81.9,0,85.6,6,0,71.1,1,1,Maharashtra,MH,82.3,75.9,32.3,11.2,Pune,3.9,0,39.1,21.0,0.0919,0
SCH_2026_1810,PRE_10TH,Male,10,<2 LPA,0,7.3,29.8,1,45.9,9,1,74.3,3,0,Karnataka,KA,75.4,68.1,36.2,12.0,Raichur,36.8,1,74.6,34.0,0.8631,1
SCH_2026_1811,PRE_10TH,Female,10,5-10 LPA,0,2.1,68.0,1,76.5,7,0,42.0,2,1,Maharashtra,MH,82.3,75.9,32.3,11.2,Pune,3.9,0,39.1,21.0,0.3801,0
SCH_2026_1812,PRE_10TH,Male,11,5-10 LPA,1,0.5,65.8,1,66.9,5,0,68.6,2,1,Karnataka,KA,75.4,68.1,36.2,12.0,Raichur,36.8,1,74.6,34.0,0.2473,0
SCH_2026_1813,PRE_10TH,Female,9,<2 LPA,0,2.8,81.3,0,82.9,3,0,49.3,1,1,Gujarat,GJ,78.0,69.7,21.3,17.9,Dahod,40.5,1,88.0,38.1,0.3773,0
SCH_2026_1814,PRE_10TH,Male,15,<2 LPA,1,1.6,84.6,0,92.3,2,0,62.9,3,1,Tamil Nadu,TN,80.1,73.4,51.4,8.1,Coimbatore,2.1,0,24.2,18.9,0.12,0
SCH_2026_1815,PRE_10TH,Male,14,5-10 LPA,0,2.8,79.1,0,92.9,8,0,54.4,3,1,Rajasthan,RJ,66.1,52.1,26.0,17.2,Jaipur,6.9,0,47.6,22.5,0.156,0
SCH_2026_1816,PRE_10TH,Male,11,<2 LPA,1,10.4,50.4,1,65.5,5,0,73.2,1,1,Kerala,KL,94.0,92.1,43.2,3.2,Wayanad,4.1,1,96.1,18.0,0.4654,1
SCH_2026_1817,PRE_10TH,Female,14,<2 LPA,1,4.0,66.9,1,77.1,9,0,86.0,1,1,Kerala,KL,94.0,92.1,43.2,3.2,Wayanad,4.1,1,96.1,18.0,0.0995,0
SCH_2026_1818,PRE_10TH,Female,14,2-5 LPA,0,4.5,62.8,1,73.1,3,0,70.4,0,0,Karnataka,KA,75.4,68.1,36.2,12.0,Raichur,36.8,1,74.6,34.0,0.4668,0
SCH_2026_1819,PRE_10TH,Male,14,2-5 LPA,0,8.9,71.1,1,83.3,0,0,77.6,0,1,Karnataka,KA,75.4,68.1,36.2,12.0,Yadgir,39.4,1,81.2,36.5,0.4046,0
SCH_2026_1820,PRE_10TH,Female,9,<2 LPA,1,1.3,75.6,0,74.3,7,0,74.1,1,1,Uttar Pradesh,UP,67.7,57.2,23.2,16.8,Lucknow,8.5,0,33.8,24.1,0.095,0
SCH_2026_1821,PRE_10TH,Male,14,2-5 LPA,1,4.1,93.1,0,94.7,3,0,42.1,2,1,Bihar,BR,61.8,51.5,14.5,21.4,Purnia,50.4,1,89.2,42.1,0.3667,0
SCH_2026_1822,PRE_10TH,Female,15,5-10 LPA,1,3.8,59.0,1,74.7,4,0,55.4,0,1,Gujarat,GJ,78.0,69.7,21.3,17.9,Dahod,40.5,1,88.0,38.1,0.5059,1
SCH_2026_1823,PRE_10TH,Female,15,2-5 LPA,1,4.2,84.4,0,100.0,5,0,66.3,1,1,Gujarat,GJ,78.0,69.7,21.3,17.9,Narmada,32.4,1,89.5,30.5,0.1988,0
SCH_2026_1824,PRE_10TH,Female,13,<2 LPA,0,2.6,99.9,0,100.0,7,0,52.0,1,1,Tamil Nadu,TN,80.1,73.4,51.4,8.1,Coimbatore,2.1,0,24.2,18.9,0.073,0
SCH_2026_1825,PRE_10TH,Male,10,<2 LPA,0,11.1,41.7,1,65.6,9,0,82.4,1,0,Rajasthan,RJ,66.1,52.1,26.0,17.2,Barmer,34.2,1,93.0,35.8,0.5947,1
SCH_2026_1826,PRE_10TH,Female,10,<2 LPA,0,1.6,54.9,1,61.9,10,1,79.9,1,0,Kerala,KL,94.0,92.1,43.2,3.2,Thiruvananthapuram,0.9,0,46.2,15.2,0.3586,0
SCH_2026_1827,PRE_10TH,Female,9,2-5 LPA,0,0.5,82.1,0,87.3,16,0,74.2,0,1,Kerala,KL,94.0,92.1,43.2,3.2,Thiruvananthapuram,0.9,0,46.2,15.2,0.0215,0
SCH_2026_1828,PRE_10TH,Male,10,2-5 LPA,1,4.5,59.7,1,76.3,7,0,74.2,0,0,Rajasthan,RJ,66.1,52.1,26.0,17.2,Barmer,34.2,1,93.0,35.8,0.2984,0
SCH_2026_1829,PRE_10TH,Female,15,5-10 LPA,0,2.1,78.2,0,79.0,13,0,78.4,0,1,Tamil Nadu,TN,80.1,73.4,51.4,8.1,Ramanathapuram,7.8,1,69.7,22.1,0.0382,0
SCH_2026_1830,PRE_10TH,Male,12,2-5 LPA,1,5.6,79.2,0,88.1,7,0,98.0,1,1,Haryana,HR,75.6,65.9,29.8,12.5,Nuh / Mewat,44.8,1,88.6,47.0,0.0981,0
SCH_2026_1831,PRE_10TH,Male,12,2-5 LPA,0,4.6,70.3,1,88.1,10,0,36.0,2,1,Karnataka,KA,75.4,68.1,36.2,12.0,Yadgir,39.4,1,81.2,36.5,0.4915,1
SCH_2026_1832,PRE_10TH,Male,14,<2 LPA,1,0.5,74.5,1,88.2,10,0,69.5,2,1,Tamil Nadu,TN,80.1,73.4,51.4,8.1,Coimbatore,2.1,0,24.2,18.9,0.0675,0
SCH_2026_1833,PRE_10TH,Male,11,<2 LPA,0,1.7,94.6,0,93.7,7,0,30.7,1,1,Haryana,HR,75.6,65.9,29.8,12.5,Nuh / Mewat,44.8,1,88.6,47.0,0.264,0
SCH_2026_1834,PRE_10TH,Male,9,<2 LPA,1,8.9,66.2,1,85.1,8,0,61.3,2,1,Maharashtra,MH,82.3,75.9,32.3,11.2,Gadchiroli,28.5,1,89.0,28.9,0.4308,0
SCH_2026_1835,PRE_10TH,Female,11,<2 LPA,1,2.5,58.4,1,69.5,3,0,69.5,3,0,Gujarat,GJ,78.0,69.7,21.3,17.9,Dahod,40.5,1,88.0,38.1,0.6964,1
SCH_2026_1836,PRE_10TH,Female,15,2-5 LPA,0,1.9,62.4,1,74.0,3,0,75.4,1,1,Madhya Pradesh,MP,69.3,59.2,24.8,18.5,Indore,6.8,0,25.9,21.8,0.2059,0
SCH_2026_1837,PRE_10TH,Female,12,<2 LPA,1,1.6,80.3,0,81.9,9,0,63.9,1,1,Bihar,BR,61.8,51.5,14.5,21.4,Gaya,38.6,1,86.8,36.2,0.1646,1
SCH_2026_1838,PRE_10TH,Female,10,5-10 LPA,0,1.5,77.6,0,84.1,3,0,52.4,0,1,Madhya Pradesh,MP,69.3,59.2,24.8,18.5,Bhopal,9.4,0,19.1,23.4,0.1784,0
SCH_2026_1839,PRE_10TH,Male,15,5-10 LPA,0,0.5,77.7,0,89.1,12,0,87.3,1,0,Kerala,KL,94.0,92.1,43.2,3.2,Ernakulam,0.6,0,31.9,14.8,0.0269,0
SCH_2026_1840,PRE_10TH,Male,13,5-10 LPA,1,2.3,29.8,1,35.3,8,1,86.1,2,1,Haryana,HR,75.6,65.9,29.8,12.5,Gurugram,2.5,0,31.2,20.5,0.51,1
SCH_2026_1841,PRE_10TH,Female,9,2-5 LPA,0,1.9,79.7,0,81.2,8,0,72.7,1,1,Madhya Pradesh,MP,69.3,59.2,24.8,18.5,Bhopal,9.4,0,19.1,23.4,0.085,0
SCH_2026_1842,PRE_10TH,Male,15,2-5 LPA,1,1.5,60.3,1,61.7,12,0,96.4,0,1,Tamil Nadu,TN,80.1,73.4,51.4,8.1,Chennai,1.2,0,0.0,17.5,0.0402,0
SCH_2026_1843,PRE_10TH,Male,11,<2 LPA,1,0.5,67.7,1,76.3,3,0,76.7,2,1,Tamil Nadu,TN,80.1,73.4,51.4,8.1,Chennai,1.2,0,0.0,17.5,0.1163,0
SCH_2026_1844,PRE_10TH,Male,13,<2 LPA,1,6.2,56.4,1,64.2,8,1,62.4,0,1,Madhya Pradesh,MP,69.3,59.2,24.8,18.5,Barwani,46.1,1,85.5,37.1,0.6956,1
SCH_2026_1845,PRE_10TH,Male,14,2-5 LPA,0,1.9,74.2,1,84.8,9,0,59.2,0,1,Rajasthan,RJ,66.1,52.1,26.0,17.2,Kota,8.2,0,39.7,21.0,0.1123,0
SCH_2026_1846,PRE_10TH,Female,13,2-5 LPA,1,2.2,59.2,1,61.9,4,0,84.0,1,1,Haryana,HR,75.6,65.9,29.8,12.5,Gurugram,2.5,0,31.2,20.5,0.1636,0
SCH_2026_1847,PRE_10TH,Female,9,5-10 LPA,0,8.6,46.1,1,61.9,7,0,88.6,1,1,Bihar,BR,61.8,51.5,14.5,21.4,Muzaffarpur,35.1,1,90.3,38.0,0.4938,0
SCH_2026_1848,PRE_10TH,Male,11,2-5 LPA,0,1.6,78.3,0,81.6,13,0,89.4,0,1,Gujarat,GJ,78.0,69.7,21.3,17.9,Dahod,40.5,1,88.0,38.1,0.0468,0
SCH_2026_1849,PRE_10TH,Female,15,<2 LPA,1,3.8,70.1,1,81.8,5,0,76.1,2,1,Rajasthan,RJ,66.1,52.1,26.0,17.2,Barmer,34.2,1,93.0,35.8,0.3089,0
SCH_2026_1850,PRE_10TH,Male,14,<2 LPA,1,2.4,99.2,0,98.4,9,0,68.8,1,1,Madhya Pradesh,MP,69.3,59.2,24.8,18.5,Indore,6.8,0,25.9,21.8,0.0321,0
SCH_2026_1851,PRE_10TH,Male,14,<2 LPA,0,0.8,74.2,1,77.6,4,1,55.5,0,1,Kerala,KL,94.0,92.1,43.2,3.2,Thiruvananthapuram,0.9,0,46.2,15.2,0.2765,0
SCH_2026_1852,PRE_10TH,Female,13,5-10 LPA,1,2.8,79.2,0,88.6,0,0,35.9,0,0,Bihar,BR,61.8,51.5,14.5,21.4,Gaya,38.6,1,86.8,36.2,0.6008,1
SCH_2026_1853,PRE_10TH,Female,9,2-5 LPA,0,8.0,79.2,0,100.0,3,0,27.6,1,1,Bihar,BR,61.8,51.5,14.5,21.4,Muzaffarpur,35.1,1,90.3,38.0,0.705,1
SCH_2026_1854,PRE_10TH,Female,12,<2 LPA,0,4.6,86.9,0,95.5,0,0,78.0,0,1,Rajasthan,RJ,66.1,52.1,26.0,17.2,Barmer,34.2,1,93.0,35.8,0.1506,1
SCH_2026_1855,PRE_10TH,Female,10,2-5 LPA,1,3.7,92.1,0,100.0,10,0,47.8,2,1,Uttar Pradesh,UP,67.7,57.2,23.2,16.8,Lucknow,8.5,0,33.8,24.1,0.1505,0
SCH_2026_1856,PRE_10TH,Female,12,2-5 LPA,1,14.5,54.1,1,76.9,4,1,58.2,0,1,Bihar,BR,61.8,51.5,14.5,21.4,Gaya,38.6,1,86.8,36.2,0.9042,1
SCH_2026_1857,PRE_10TH,Male,10,<2 LPA,0,6.3,70.0,1,79.6,8,0,69.3,0,1,Bihar,BR,61.8,51.5,14.5,21.4,Gaya,38.6,1,86.8,36.2,0.2665,0
SCH_2026_1858,PRE_10TH,Male,15,5-10 LPA,0,0.7,67.9,1,69.5,7,0,88.8,0,1,Kerala,KL,94.0,92.1,43.2,3.2,Thiruvananthapuram,0.9,0,46.2,15.2,0.0497,0
SCH_2026_1859,PRE_10TH,Female,11,2-5 LPA,0,0.5,81.4,0,88.1,5,0,82.1,1,1,Haryana,HR,75.6,65.9,29.8,12.5,Gurugram,2.5,0,31.2,20.5,0.0547,0
SCH_2026_1860,PRE_10TH,Female,12,5-10 LPA,1,0.5,77.9,0,80.1,9,0,49.0,1,1,Rajasthan,RJ,66.1,52.1,26.0,17.2,Kota,8.2,0,39.7,21.0,0.1494,0
SCH_2026_1861,PRE_10TH,Male,11,<2 LPA,1,3.5,82.9,0,93.4,1,0,48.3,1,1,Uttar Pradesh,UP,67.7,57.2,23.2,16.8,Shravasti,49.6,1,96.5,48.2,0.4191,0
SCH_2026_1862,PRE_10TH,Male,10,<2 LPA,1,0.5,65.6,1,69.3,10,0,59.3,1,0,Uttar Pradesh,UP,67.7,57.2,23.2,16.8,Lucknow,8.5,0,33.8,24.1,0.1489,0
SCH_2026_1863,PRE_10TH,Male,13,2-5 LPA,0,1.2,91.2,0,100.0,2,0,42.0,0,0,Maharashtra,MH,82.3,75.9,32.3,11.2,Mumbai,2.1,0,0.0,19.5,0.144,1
SCH_2026_1864,PRE_10TH,Male,11,2-5 LPA,1,1.1,56.2,1,59.1,8,1,53.1,1,1,Madhya Pradesh,MP,69.3,59.2,24.8,18.5,Alirajpur,52.0,1,92.2,39.5,0.6799,1
SCH_2026_1865,PRE_10TH,Female,12,2-5 LPA,0,6.8,75.6,0,89.0,6,0,51.4,1,1,Rajasthan,RJ,66.1,52.1,26.0,17.2,Barmer,34.2,1,93.0,35.8,0.4467,0
SCH_2026_1866,PRE_10TH,Male,14,2-5 LPA,0,2.8,68.0,1,80.9,7,0,76.3,1,1,Madhya Pradesh,MP,69.3,59.2,24.8,18.5,Bhopal,9.4,0,19.1,23.4,0.1184,0
SCH_2026_1867,PRE_10TH,Female,15,2-5 LPA,0,0.5,100.0,0,100.0,1,0,88.8,1,1,Uttar Pradesh,UP,67.7,57.2,23.2,16.8,Noida / Gautam Buddha Nagar,7.1,0,40.9,22.0,0.029,0
SCH_2026_1868,PRE_10TH,Female,13,<2 LPA,0,3.4,79.0,0,87.4,5,0,60.1,0,0,Rajasthan,RJ,66.1,52.1,26.0,17.2,Jaisalmer,31.8,1,86.7,33.2,0.2917,0
SCH_2026_1869,PRE_10TH,Female,13,5-10 LPA,0,2.6,64.3,1,77.4,13,0,58.6,1,1,Karnataka,KA,75.4,68.1,36.2,12.0,Raichur,36.8,1,74.6,34.0,0.2765,0
SCH_2026_1870,PRE_10TH,Male,14,<2 LPA,0,0.5,73.0,1,72.4,5,0,84.9,1,0,Haryana,HR,75.6,65.9,29.8,12.5,Gurugram,2.5,0,31.2,20.5,0.0634,0
SCH_2026_1871,PRE_10TH,Female,11,>10 LPA,1,7.0,91.7,0,100.0,5,0,42.2,2,0,Madhya Pradesh,MP,69.3,59.2,24.8,18.5,Alirajpur,52.0,1,92.2,39.5,0.646,1
SCH_2026_1872,PRE_10TH,Male,15,>10 LPA,1,0.9,49.0,1,58.1,16,1,73.9,1,1,Kerala,KL,94.0,92.1,43.2,3.2,Ernakulam,0.6,0,31.9,14.8,0.2077,0
SCH_2026_1873,PRE_10TH,Male,12,2-5 LPA,1,6.3,57.8,1,73.8,4,1,77.6,3,1,Karnataka,KA,75.4,68.1,36.2,12.0,Raichur,36.8,1,74.6,34.0,0.6564,1
SCH_2026_1874,PRE_10TH,Male,15,<2 LPA,1,0.5,72.4,1,78.3,0,0,19.1,0,1,Tamil Nadu,TN,80.1,73.4,51.4,8.1,Coimbatore,2.1,0,24.2,18.9,0.4624,0
SCH_2026_1875,PRE_10TH,Female,15,5-10 LPA,1,0.5,96.0,0,100.0,5,0,38.7,0,0,Bihar,BR,61.8,51.5,14.5,21.4,Patna,18.2,0,56.4,28.5,0.1789,0
SCH_2026_1876,PRE_10TH,Male,15,<2 LPA,1,6.9,67.4,1,77.2,9,0,91.0,0,0,Maharashtra,MH,82.3,75.9,32.3,11.2,Nandurbar,33.1,1,83.3,32.4,0.1562,0
SCH_2026_1877,PRE_10TH,Female,13,<2 LPA,0,2.6,46.6,1,51.4,8,0,64.0,0,1,Bihar,BR,61.8,51.5,14.5,21.4,Patna,18.2,0,56.4,28.5,0.3487,0
SCH_2026_1878,PRE_10TH,Female,12,<2 LPA,1,1.6,72.0,1,84.9,7,0,55.0,2,0,Uttar Pradesh,UP,67.7,57.2,23.2,16.8,Bahraich,54.4,1,92.1,46.5,0.5696,1
SCH_2026_1879,PRE_10TH,Female,13,<2 LPA,1,2.8,73.6,1,79.0,11,0,98.0,1,1,Tamil Nadu,TN,80.1,73.4,51.4,8.1,Ramanathapuram,7.8,1,69.7,22.1,0.041,0
SCH_2026_1880,PRE_10TH,Female,14,5-10 LPA,0,6.1,63.3,1,70.2,6,1,69.1,1,1,Gujarat,GJ,78.0,69.7,21.3,17.9,Dahod,40.5,1,88.0,38.1,0.6493,1
SCH_2026_1881,PRE_10TH,Female,13,2-5 LPA,1,4.6,74.1,1,79.2,14,0,68.9,3,0,Gujarat,GJ,78.0,69.7,21.3,17.9,Narmada,32.4,1,89.5,30.5,0.3461,1
SCH_2026_1882,PRE_10TH,Male,13,2-5 LPA,1,5.8,72.6,1,90.0,11,0,80.1,1,1,Gujarat,GJ,78.0,69.7,21.3,17.9,Narmada,32.4,1,89.5,30.5,0.1367,0
SCH_2026_1883,PRE_10TH,Male,11,2-5 LPA,1,5.1,71.4,1,88.4,11,0,85.5,1,1,Maharashtra,MH,82.3,75.9,32.3,11.2,Gadchiroli,28.5,1,89.0,28.9,0.1053,0
SCH_2026_1884,PRE_10TH,Female,11,2-5 LPA,1,4.0,36.0,1,41.3,5,1,66.8,0,1,Maharashtra,MH,82.3,75.9,32.3,11.2,Gadchiroli,28.5,1,89.0,28.9,0.7713,1
SCH_2026_1885,PRE_10TH,Male,14,2-5 LPA,0,9.8,49.8,1,65.3,6,0,71.8,1,1,Bihar,BR,61.8,51.5,14.5,21.4,Muzaffarpur,35.1,1,90.3,38.0,0.6004,1
SCH_2026_1886,PRE_10TH,Female,14,<2 LPA,0,0.5,78.4,0,76.1,6,0,59.1,1,1,Rajasthan,RJ,66.1,52.1,26.0,17.2,Jaipur,6.9,0,47.6,22.5,0.1299,0
SCH_2026_1887,PRE_10TH,Male,13,<2 LPA,1,1.4,90.2,0,91.0,7,0,84.5,1,1,Karnataka,KA,75.4,68.1,36.2,12.0,Bengaluru Urban,1.8,0,9.1,18.2,0.0265,1
SCH_2026_1888,PRE_10TH,Male,12,2-5 LPA,0,1.9,86.1,0,91.9,8,0,80.2,0,1,Rajasthan,RJ,66.1,52.1,26.0,17.2,Jaipur,6.9,0,47.6,22.5,0.0361,0
SCH_2026_1889,PRE_10TH,Male,15,<2 LPA,1,1.0,92.7,0,92.4,11,0,59.8,1,1,Kerala,KL,94.0,92.1,43.2,3.2,Ernakulam,0.6,0,31.9,14.8,0.0377,0
SCH_2026_1890,PRE_10TH,Female,15,<2 LPA,0,1.5,66.4,1,77.1,11,0,86.9,1,1,Haryana,HR,75.6,65.9,29.8,12.5,Gurugram,2.5,0,31.2,20.5,0.0626,0
SCH_2026_1891,PRE_10TH,Male,14,>10 LPA,0,0.6,61.3,1,65.6,5,0,73.0,0,1,Uttar Pradesh,UP,67.7,57.2,23.2,16.8,Noida / Gautam Buddha Nagar,7.1,0,40.9,22.0,0.1384,0
SCH_2026_1892,PRE_10TH,Male,15,<2 LPA,1,1.2,84.9,0,86.0,8,0,43.1,2,1,Madhya Pradesh,MP,69.3,59.2,24.8,18.5,Bhopal,9.4,0,19.1,23.4,0.1436,0
SCH_2026_1893,PRE_10TH,Male,15,2-5 LPA,0,1.7,88.1,0,100.0,12,0,55.9,0,1,Kerala,KL,94.0,92.1,43.2,3.2,Ernakulam,0.6,0,31.9,14.8,0.0477,0
SCH_2026_1894,PRE_10TH,Male,14,<2 LPA,0,5.2,72.6,1,81.1,10,0,49.1,1,1,Haryana,HR,75.6,65.9,29.8,12.5,Nuh / Mewat,44.8,1,88.6,47.0,0.378,0
SCH_2026_1895,PRE_10TH,Female,12,<2 LPA,0,0.5,75.5,0,74.9,10,0,94.1,0,1,Uttar Pradesh,UP,67.7,57.2,23.2,16.8,Varanasi,16.3,0,56.6,29.4,0.0314,0
SCH_2026_1896,PRE_10TH,Female,14,<2 LPA,0,9.9,81.5,0,94.6,7,0,38.3,0,1,Bihar,BR,61.8,51.5,14.5,21.4,Muzaffarpur,35.1,1,90.3,38.0,0.4988,0
SCH_2026_1897,PRE_10TH,Female,12,<2 LPA,1,0.5,66.4,1,66.4,3,0,43.2,0,1,Madhya Pradesh,MP,69.3,59.2,24.8,18.5,Indore,6.8,0,25.9,21.8,0.2948,0
SCH_2026_1898,PRE_10TH,Female,14,<2 LPA,0,2.1,84.9,0,100.0,8,0,49.8,2,0,Maharashtra,MH,82.3,75.9,32.3,11.2,Mumbai,2.1,0,0.0,19.5,0.2348,0
SCH_2026_1899,PRE_10TH,Female,9,2-5 LPA,1,3.6,77.4,0,89.0,10,0,72.3,3,1,Kerala,KL,94.0,92.1,43.2,3.2,Wayanad,4.1,1,96.1,18.0,0.1515,0
SCH_2026_1900,PRE_10TH,Male,12,5-10 LPA,0,4.4,70.8,1,82.2,6,0,46.9,1,1,Uttar Pradesh,UP,67.7,57.2,23.2,16.8,Balrampur,47.9,1,92.3,45.0,0.4874,0
SCH_2026_1901,PRE_10TH,Female,11,2-5 LPA,1,2.0,66.0,1,81.0,6,0,68.2,0,1,Tamil Nadu,TN,80.1,73.4,51.4,8.1,Chennai,1.2,0,0.0,17.5,0.1307,0
SCH_2026_1902,PRE_10TH,Female,15,>10 LPA,1,5.3,70.1,1,80.4,4,0,58.8,1,1,Maharashtra,MH,82.3,75.9,32.3,11.2,Nandurbar,33.1,1,83.3,32.4,0.4342,0
SCH_2026_1903,PRE_10TH,Female,14,<2 LPA,0,2.2,92.0,0,97.6,7,0,25.0,2,1,Gujarat,GJ,78.0,69.7,21.3,17.9,Ahmedabad,3.8,0,15.9,20.2,0.2754,0
SCH_2026_1904,PRE_10TH,Female,15,<2 LPA,0,0.9,65.0,1,68.0,7,0,58.0,0,1,Madhya Pradesh,MP,69.3,59.2,24.8,18.5,Indore,6.8,0,25.9,21.8,0.1693,0
SCH_2026_1905,PRE_10TH,Female,9,<2 LPA,0,0.7,77.8,0,76.7,8,0,67.3,0,0,Gujarat,GJ,78.0,69.7,21.3,17.9,Ahmedabad,3.8,0,15.9,20.2,0.099,0
SCH_2026_1906,PRE_10TH,Male,9,2-5 LPA,0,0.9,64.4,1,71.1,5,0,66.6,1,1,Madhya Pradesh,MP,69.3,59.2,24.8,18.5,Indore,6.8,0,25.9,21.8,0.1655,0
SCH_2026_1907,PRE_10TH,Male,11,<2 LPA,0,6.3,86.2,0,93.1,4,0,51.7,1,1,Karnataka,KA,75.4,68.1,36.2,12.0,Raichur,36.8,1,74.6,34.0,0.3215,0
SCH_2026_1908,PRE_10TH,Female,12,2-5 LPA,0,1.4,75.3,0,85.0,3,0,63.2,2,1,Tamil Nadu,TN,80.1,73.4,51.4,8.1,Chennai,1.2,0,0.0,17.5,0.2026,0
SCH_2026_1909,PRE_10TH,Male,10,<2 LPA,0,3.6,70.3,1,83.2,9,0,59.1,1,1,Rajasthan,RJ,66.1,52.1,26.0,17.2,Barmer,34.2,1,93.0,35.8,0.2562,0
SCH_2026_1910,PRE_10TH,Male,14,<2 LPA,1,0.5,62.5,1,70.3,1,0,60.5,2,1,Rajasthan,RJ,66.1,52.1,26.0,17.2,Jaipur,6.9,0,47.6,22.5,0.2782,0
SCH_2026_1911,PRE_10TH,Male,13,<2 LPA,1,2.3,54.5,1,67.1,4,0,87.7,0,1,Madhya Pradesh,MP,69.3,59.2,24.8,18.5,Indore,6.8,0,25.9,21.8,0.147,0
SCH_2026_1912,PRE_10TH,Female,10,5-10 LPA,1,7.9,71.7,1,80.8,8,0,76.7,1,0,Rajasthan,RJ,66.1,52.1,26.0,17.2,Barmer,34.2,1,93.0,35.8,0.3797,0
SCH_2026_1913,PRE_10TH,Female,13,2-5 LPA,0,3.5,89.9,0,93.8,7,0,68.3,0,1,Tamil Nadu,TN,80.1,73.4,51.4,8.1,Chennai,1.2,0,0.0,17.5,0.0532,0
SCH_2026_1914,PRE_10TH,Female,10,5-10 LPA,0,1.4,75.3,0,78.4,6,0,64.0,0,1,Tamil Nadu,TN,80.1,73.4,51.4,8.1,Chennai,1.2,0,0.0,17.5,0.0956,0
SCH_2026_1915,PRE_10TH,Female,11,2-5 LPA,1,3.9,64.3,1,79.8,7,0,40.2,1,1,Haryana,HR,75.6,65.9,29.8,12.5,Nuh / Mewat,44.8,1,88.6,47.0,0.6174,1
SCH_2026_1916,PRE_10TH,Female,12,<2 LPA,1,0.5,57.7,1,63.7,6,0,73.8,1,1,Gujarat,GJ,78.0,69.7,21.3,17.9,Ahmedabad,3.8,0,15.9,20.2,0.1754,0
SCH_2026_1917,PRE_10TH,Male,10,2-5 LPA,0,5.7,58.8,1,77.4,8,0,80.9,1,1,Gujarat,GJ,78.0,69.7,21.3,17.9,Narmada,32.4,1,89.5,30.5,0.2652,0
SCH_2026_1918,PRE_10TH,Female,12,<2 LPA,1,2.1,71.5,1,81.6,7,0,58.8,1,0,Rajasthan,RJ,66.1,52.1,26.0,17.2,Jaipur,6.9,0,47.6,22.5,0.2648,0
SCH_2026_1919,PRE_10TH,Male,11,2-5 LPA,1,0.9,68.9,1,71.9,2,0,69.0,1,0,Rajasthan,RJ,66.1,52.1,26.0,17.2,Jaipur,6.9,0,47.6,22.5,0.1715,0
SCH_2026_1920,PRE_10TH,Male,10,2-5 LPA,1,1.7,59.2,1,65.7,5,0,60.6,0,1,Uttar Pradesh,UP,67.7,57.2,23.2,16.8,Varanasi,16.3,0,56.6,29.4,0.2727,0
SCH_2026_1921,PRE_10TH,Female,13,<2 LPA,1,8.3,70.2,1,93.2,10,0,66.7,0,1,Karnataka,KA,75.4,68.1,36.2,12.0,Raichur,36.8,1,74.6,34.0,0.2925,0
SCH_2026_1922,PRE_10TH,Male,9,2-5 LPA,1,6.4,76.8,0,100.0,7,0,66.4,2,1,Haryana,HR,75.6,65.9,29.8,12.5,Nuh / Mewat,44.8,1,88.6,47.0,0.3067,0
SCH_2026_1923,PRE_10TH,Female,12,2-5 LPA,1,1.0,79.8,0,80.4,8,0,69.0,0,1,Tamil Nadu,TN,80.1,73.4,51.4,8.1,Coimbatore,2.1,0,24.2,18.9,0.0571,1
SCH_2026_1924,PRE_10TH,Female,9,2-5 LPA,0,6.9,50.5,1,70.7,4,0,70.2,2,1,Uttar Pradesh,UP,67.7,57.2,23.2,16.8,Varanasi,16.3,0,56.6,29.4,0.5922,1
SCH_2026_1925,PRE_10TH,Male,9,<2 LPA,0,5.3,77.8,0,95.6,1,0,61.2,0,1,Rajasthan,RJ,66.1,52.1,26.0,17.2,Jaisalmer,31.8,1,86.7,33.2,0.3148,0
SCH_2026_1926,PRE_10TH,Male,11,<2 LPA,0,5.8,68.7,1,85.4,7,0,54.1,1,1,Bihar,BR,61.8,51.5,14.5,21.4,Muzaffarpur,35.1,1,90.3,38.0,0.4066,0
SCH_2026_1927,PRE_10TH,Female,12,5-10 LPA,0,5.0,79.2,0,82.7,7,0,47.1,1,1,Rajasthan,RJ,66.1,52.1,26.0,17.2,Barmer,34.2,1,93.0,35.8,0.3732,0
SCH_2026_1928,PRE_10TH,Male,13,<2 LPA,1,1.5,74.9,1,89.8,6,0,64.5,0,1,Kerala,KL,94.0,92.1,43.2,3.2,Thiruvananthapuram,0.9,0,46.2,15.2,0.0967,0
SCH_2026_1929,PRE_10TH,Male,9,2-5 LPA,0,1.2,86.4,0,85.3,0,0,48.1,1,1,Tamil Nadu,TN,80.1,73.4,51.4,8.1,Coimbatore,2.1,0,24.2,18.9,0.1649,0
SCH_2026_1930,PRE_10TH,Male,15,5-10 LPA,0,1.3,77.8,0,90.6,12,0,47.2,0,1,Madhya Pradesh,MP,69.3,59.2,24.8,18.5,Bhopal,9.4,0,19.1,23.4,0.1098,0
SCH_2026_1931,PRE_10TH,Female,14,5-10 LPA,1,1.2,61.4,1,61.3,4,0,43.8,0,1,Haryana,HR,75.6,65.9,29.8,12.5,Gurugram,2.5,0,31.2,20.5,0.3216,0
SCH_2026_1932,PRE_10TH,Female,10,<2 LPA,0,4.9,67.1,1,71.9,9,1,63.5,1,1,Uttar Pradesh,UP,67.7,57.2,23.2,16.8,Bahraich,54.4,1,92.1,46.5,0.632,1
SCH_2026_1933,PRE_10TH,Male,15,5-10 LPA,0,3.1,62.1,1,73.4,0,1,66.6,1,1,Haryana,HR,75.6,65.9,29.8,12.5,Gurugram,2.5,0,31.2,20.5,0.479,0
SCH_2026_1934,PRE_10TH,Male,15,<2 LPA,0,2.2,68.9,1,69.8,6,0,47.7,1,1,Tamil Nadu,TN,80.1,73.4,51.4,8.1,Ramanathapuram,7.8,1,69.7,22.1,0.257,0
SCH_2026_1935,PRE_10TH,Female,12,>10 LPA,0,4.1,73.4,1,79.4,3,0,65.6,0,1,Bihar,BR,61.8,51.5,14.5,21.4,Purnia,50.4,1,89.2,42.1,0.3411,0
SCH_2026_1936,PRE_10TH,Male,11,2-5 LPA,1,3.8,67.6,1,71.1,7,0,60.6,1,1,Karnataka,KA,75.4,68.1,36.2,12.0,Raichur,36.8,1,74.6,34.0,0.3175,0
SCH_2026_1937,PRE_10TH,Female,9,2-5 LPA,1,2.0,73.9,1,81.9,7,0,90.9,0,1,Kerala,KL,94.0,92.1,43.2,3.2,Ernakulam,0.6,0,31.9,14.8,0.0417,0
SCH_2026_1938,PRE_10TH,Male,11,<2 LPA,1,0.8,79.8,0,95.4,8,0,76.6,1,1,Kerala,KL,94.0,92.1,43.2,3.2,Thiruvananthapuram,0.9,0,46.2,15.2,0.0461,0
SCH_2026_1939,PRE_10TH,Male,12,5-10 LPA,0,3.3,69.2,1,74.2,9,0,79.6,1,1,Tamil Nadu,TN,80.1,73.4,51.4,8.1,Chennai,1.2,0,0.0,17.5,0.0809,0
SCH_2026_1940,PRE_10TH,Male,13,<2 LPA,1,0.5,74.8,1,78.1,5,0,91.0,1,1,Uttar Pradesh,UP,67.7,57.2,23.2,16.8,Lucknow,8.5,0,33.8,24.1,0.0495,0
SCH_2026_1941,PRE_10TH,Male,15,2-5 LPA,0,0.7,71.1,1,73.3,5,0,68.5,2,1,Rajasthan,RJ,66.1,52.1,26.0,17.2,Kota,8.2,0,39.7,21.0,0.1317,0
SCH_2026_1942,PRE_10TH,Female,10,5-10 LPA,0,1.5,72.5,1,77.7,3,0,70.7,1,1,Tamil Nadu,TN,80.1,73.4,51.4,8.1,Coimbatore,2.1,0,24.2,18.9,0.1443,0
SCH_2026_1943,PRE_10TH,Female,12,<2 LPA,0,2.5,55.7,1,66.7,7,0,48.2,1,1,Bihar,BR,61.8,51.5,14.5,21.4,Patna,18.2,0,56.4,28.5,0.4727,0
SCH_2026_1944,PRE_10TH,Female,9,>10 LPA,1,0.5,90.7,0,88.6,9,0,64.5,1,1,Rajasthan,RJ,66.1,52.1,26.0,17.2,Jaipur,6.9,0,47.6,22.5,0.0529,0
SCH_2026_1945,PRE_10TH,Female,15,<2 LPA,1,0.5,77.5,0,75.9,3,0,42.0,1,1,Tamil Nadu,TN,80.1,73.4,51.4,8.1,Chennai,1.2,0,0.0,17.5,0.2423,1
SCH_2026_1946,PRE_10TH,Male,13,<2 LPA,1,2.7,72.9,1,73.3,8,1,66.9,0,1,Madhya Pradesh,MP,69.3,59.2,24.8,18.5,Barwani,46.1,1,85.5,37.1,0.3798,0
SCH_2026_1947,PRE_10TH,Female,10,<2 LPA,0,7.5,79.0,0,90.4,9,0,68.6,2,1,Bihar,BR,61.8,51.5,14.5,21.4,Purnia,50.4,1,89.2,42.1,0.3801,0
SCH_2026_1948,PRE_10TH,Female,9,<2 LPA,1,0.5,82.7,0,83.3,13,0,62.6,1,1,Kerala,KL,94.0,92.1,43.2,3.2,Ernakulam,0.6,0,31.9,14.8,0.0519,0
SCH_2026_1949,PRE_10TH,Male,10,<2 LPA,0,1.6,92.2,0,90.8,3,0,80.8,3,1,Maharashtra,MH,82.3,75.9,32.3,11.2,Pune,3.9,0,39.1,21.0,0.0472,1
SCH_2026_1950,PRE_10TH,Male,12,2-5 LPA,1,1.0,75.0,1,83.6,7,0,55.6,2,1,Karnataka,KA,75.4,68.1,36.2,12.0,Bengaluru Urban,1.8,0,9.1,18.2,0.1342,0
SCH_2026_1951,PRE_10TH,Male,11,<2 LPA,1,0.5,66.5,1,70.0,10,0,84.2,3,1,Madhya Pradesh,MP,69.3,59.2,24.8,18.5,Indore,6.8,0,25.9,21.8,0.0697,0
SCH_2026_1952,PRE_10TH,Female,14,<2 LPA,1,0.6,97.5,0,100.0,3,0,65.4,0,1,Rajasthan,RJ,66.1,52.1,26.0,17.2,Jaipur,6.9,0,47.6,22.5,0.046,0
SCH_2026_1953,PRE_10TH,Female,14,5-10 LPA,0,1.1,59.9,1,64.0,10,0,55.3,1,1,Gujarat,GJ,78.0,69.7,21.3,17.9,Ahmedabad,3.8,0,15.9,20.2,0.2238,0
SCH_2026_1954,PRE_10TH,Male,11,<2 LPA,0,1.8,46.3,1,51.3,8,1,65.3,1,0,Bihar,BR,61.8,51.5,14.5,21.4,Katihar,48.7,1,91.1,44.3,0.7087,1
SCH_2026_1955,PRE_10TH,Male,14,2-5 LPA,1,3.7,72.0,1,79.8,7,0,63.4,1,1,Karnataka,KA,75.4,68.1,36.2,12.0,Raichur,36.8,1,74.6,34.0,0.2555,0
SCH_2026_1956,PRE_10TH,Female,9,<2 LPA,1,3.4,44.6,1,56.1,3,0,47.9,0,1,Madhya Pradesh,MP,69.3,59.2,24.8,18.5,Bhopal,9.4,0,19.1,23.4,0.5852,0
SCH_2026_1957,PRE_10TH,Male,10,5-10 LPA,1,1.3,98.5,0,100.0,7,0,70.7,2,1,Maharashtra,MH,82.3,75.9,32.3,11.2,Mumbai,2.1,0,0.0,19.5,0.0318,0
SCH_2026_1958,PRE_10TH,Female,9,<2 LPA,0,6.3,60.7,1,75.0,6,0,52.7,2,0,Maharashtra,MH,82.3,75.9,32.3,11.2,Gadchiroli,28.5,1,89.0,28.9,0.7298,1
SCH_2026_1959,PRE_10TH,Female,13,5-10 LPA,0,7.1,69.5,1,90.5,3,0,44.0,1,1,Madhya Pradesh,MP,69.3,59.2,24.8,18.5,Alirajpur,52.0,1,92.2,39.5,0.7221,1
SCH_2026_1960,PRE_10TH,Male,10,<2 LPA,1,1.8,80.1,0,96.4,5,0,42.9,0,0,Bihar,BR,61.8,51.5,14.5,21.4,Gaya,38.6,1,86.8,36.2,0.3197,0
SCH_2026_1961,PRE_10TH,Male,12,<2 LPA,1,3.4,51.2,1,64.7,4,0,26.0,1,1,Rajasthan,RJ,66.1,52.1,26.0,17.2,Barmer,34.2,1,93.0,35.8,0.7905,1
SCH_2026_1962,PRE_10TH,Male,9,<2 LPA,0,0.8,68.9,1,75.2,7,0,42.0,1,1,Tamil Nadu,TN,80.1,73.4,51.4,8.1,Chennai,1.2,0,0.0,17.5,0.2234,0
SCH_2026_1963,PRE_10TH,Male,9,<2 LPA,1,5.1,47.9,1,58.9,3,0,80.9,0,1,Bihar,BR,61.8,51.5,14.5,21.4,Gaya,38.6,1,86.8,36.2,0.4586,1
SCH_2026_1964,PRE_10TH,Female,11,2-5 LPA,1,0.5,76.0,0,81.6,9,0,74.0,2,1,Kerala,KL,94.0,92.1,43.2,3.2,Thiruvananthapuram,0.9,0,46.2,15.2,0.0851,0
SCH_2026_1965,PRE_10TH,Male,12,2-5 LPA,1,5.8,57.7,1,66.6,3,0,58.2,1,0,Rajasthan,RJ,66.1,52.1,26.0,17.2,Barmer,34.2,1,93.0,35.8,0.5894,1
SCH_2026_1966,PRE_10TH,Male,14,2-5 LPA,0,1.1,65.0,1,76.5,3,0,56.2,0,0,Rajasthan,RJ,66.1,52.1,26.0,17.2,Jaisalmer,31.8,1,86.7,33.2,0.3533,0
SCH_2026_1967,PRE_10TH,Female,9,2-5 LPA,1,4.8,68.1,1,80.3,6,0,92.0,1,1,Rajasthan,RJ,66.1,52.1,26.0,17.2,Jaisalmer,31.8,1,86.7,33.2,0.1721,0
SCH_2026_1968,PRE_10TH,Male,10,2-5 LPA,1,0.5,86.4,0,92.2,10,0,71.1,1,1,Haryana,HR,75.6,65.9,29.8,12.5,Gurugram,2.5,0,31.2,20.5,0.0355,0
SCH_2026_1969,PRE_10TH,Male,12,<2 LPA,0,1.0,65.5,1,74.5,7,0,63.8,0,1,Gujarat,GJ,78.0,69.7,21.3,17.9,Ahmedabad,3.8,0,15.9,20.2,0.1335,0
SCH_2026_1970,PRE_10TH,Female,13,<2 LPA,0,3.4,85.7,0,93.4,8,0,98.0,2,1,Rajasthan,RJ,66.1,52.1,26.0,17.2,Jaisalmer,31.8,1,86.7,33.2,0.0685,0
SCH_2026_1971,PRE_10TH,Female,9,<2 LPA,0,2.5,97.8,0,97.0,8,0,71.7,0,1,Tamil Nadu,TN,80.1,73.4,51.4,8.1,Coimbatore,2.1,0,24.2,18.9,0.0283,0
SCH_2026_1972,PRE_10TH,Male,15,5-10 LPA,0,1.8,83.8,0,92.8,6,0,72.0,1,1,Bihar,BR,61.8,51.5,14.5,21.4,Purnia,50.4,1,89.2,42.1,0.1443,0
SCH_2026_1973,PRE_10TH,Male,10,<2 LPA,0,1.0,57.5,1,68.6,9,0,63.0,0,1,Kerala,KL,94.0,92.1,43.2,3.2,Thiruvananthapuram,0.9,0,46.2,15.2,0.1545,0
SCH_2026_1974,PRE_10TH,Female,9,2-5 LPA,1,2.8,69.3,1,72.1,2,0,51.9,1,1,Karnataka,KA,75.4,68.1,36.2,12.0,Yadgir,39.4,1,81.2,36.5,0.5002,1
SCH_2026_1975,PRE_10TH,Male,12,2-5 LPA,1,2.5,71.2,1,82.3,12,0,70.4,2,1,Maharashtra,MH,82.3,75.9,32.3,11.2,Mumbai,2.1,0,0.0,19.5,0.0804,0
SCH_2026_1976,PRE_10TH,Female,12,2-5 LPA,1,0.6,52.6,1,59.0,9,1,73.0,0,1,Tamil Nadu,TN,80.1,73.4,51.4,8.1,Chennai,1.2,0,0.0,17.5,0.2645,1
SCH_2026_1977,PRE_10TH,Female,10,<2 LPA,1,2.5,95.2,0,100.0,11,0,93.9,0,1,Kerala,KL,94.0,92.1,43.2,3.2,Thiruvananthapuram,0.9,0,46.2,15.2,0.0114,0
SCH_2026_1978,PRE_10TH,Female,13,5-10 LPA,0,1.8,71.8,1,87.2,9,0,67.8,0,1,Karnataka,KA,75.4,68.1,36.2,12.0,Bengaluru Urban,1.8,0,9.1,18.2,0.0835,0
SCH_2026_1979,PRE_10TH,Male,9,2-5 LPA,0,0.6,85.4,0,84.4,8,0,52.7,0,1,Tamil Nadu,TN,80.1,73.4,51.4,8.1,Ramanathapuram,7.8,1,69.7,22.1,0.081,0
SCH_2026_1980,PRE_10TH,Female,11,5-10 LPA,0,4.0,65.4,1,73.1,8,0,76.0,0,0,Gujarat,GJ,78.0,69.7,21.3,17.9,Narmada,32.4,1,89.5,30.5,0.2716,0
SCH_2026_1981,PRE_10TH,Male,13,<2 LPA,0,4.3,55.6,1,71.2,7,0,67.6,2,1,Uttar Pradesh,UP,67.7,57.2,23.2,16.8,Bahraich,54.4,1,92.1,46.5,0.507,1
SCH_2026_1982,PRE_10TH,Female,12,<2 LPA,0,8.5,88.5,0,100.0,9,0,40.5,0,0,Rajasthan,RJ,66.1,52.1,26.0,17.2,Barmer,34.2,1,93.0,35.8,0.4294,0
SCH_2026_1983,PRE_10TH,Female,11,2-5 LPA,0,0.5,77.5,0,79.8,5,0,59.1,0,1,Gujarat,GJ,78.0,69.7,21.3,17.9,Ahmedabad,3.8,0,15.9,20.2,0.1046,0
SCH_2026_1984,PRE_10TH,Female,14,2-5 LPA,1,2.7,88.2,0,100.0,7,0,62.7,2,1,Karnataka,KA,75.4,68.1,36.2,12.0,Yadgir,39.4,1,81.2,36.5,0.207,0
SCH_2026_1985,PRE_10TH,Female,14,<2 LPA,1,2.4,90.1,0,90.0,8,0,78.1,1,0,Gujarat,GJ,78.0,69.7,21.3,17.9,Narmada,32.4,1,89.5,30.5,0.1118,0
SCH_2026_1986,PRE_10TH,Male,10,<2 LPA,0,1.2,77.8,0,90.7,5,0,60.5,0,1,Uttar Pradesh,UP,67.7,57.2,23.2,16.8,Balrampur,47.9,1,92.3,45.0,0.2232,0
SCH_2026_1987,PRE_10TH,Male,11,5-10 LPA,0,7.0,91.1,0,100.0,6,0,68.9,0,0,Madhya Pradesh,MP,69.3,59.2,24.8,18.5,Barwani,46.1,1,85.5,37.1,0.1882,0
SCH_2026_1988,PRE_10TH,Female,14,2-5 LPA,1,1.2,72.4,1,77.5,11,0,94.1,2,1,Rajasthan,RJ,66.1,52.1,26.0,17.2,Jaipur,6.9,0,47.6,22.5,0.0536,0
SCH_2026_1989,PRE_10TH,Female,15,<2 LPA,1,7.1,54.4,1,67.4,9,0,67.2,1,1,Kerala,KL,94.0,92.1,43.2,3.2,Wayanad,4.1,1,96.1,18.0,0.3522,0
SCH_2026_1990,PRE_10TH,Male,9,>10 LPA,1,5.0,67.5,1,85.9,6,0,65.2,2,1,Uttar Pradesh,UP,67.7,57.2,23.2,16.8,Varanasi,16.3,0,56.6,29.4,0.2653,0
SCH_2026_1991,PRE_10TH,Male,12,<2 LPA,0,0.9,77.7,0,84.1,10,0,64.4,1,1,Karnataka,KA,75.4,68.1,36.2,12.0,Bengaluru Urban,1.8,0,9.1,18.2,0.0666,0
SCH_2026_1992,PRE_10TH,Male,15,<2 LPA,0,2.0,76.3,0,85.1,6,0,68.7,0,1,Madhya Pradesh,MP,69.3,59.2,24.8,18.5,Alirajpur,52.0,1,92.2,39.5,0.2033,0
SCH_2026_1993,PRE_10TH,Male,12,2-5 LPA,1,1.3,74.9,1,75.7,11,0,50.3,1,1,Maharashtra,MH,82.3,75.9,32.3,11.2,Mumbai,2.1,0,0.0,19.5,0.1147,0
SCH_2026_1994,PRE_10TH,Female,10,2-5 LPA,0,0.6,71.5,1,79.9,3,0,45.1,1,1,Madhya Pradesh,MP,69.3,59.2,24.8,18.5,Bhopal,9.4,0,19.1,23.4,0.3101,0
SCH_2026_1995,PRE_10TH,Female,13,2-5 LPA,0,9.3,34.0,1,52.9,5,1,51.7,1,0,Madhya Pradesh,MP,69.3,59.2,24.8,18.5,Alirajpur,52.0,1,92.2,39.5,0.9757,1
SCH_2026_1996,PRE_10TH,Male,15,<2 LPA,0,2.9,72.8,1,76.4,6,0,65.3,3,1,Bihar,BR,61.8,51.5,14.5,21.4,Katihar,48.7,1,91.1,44.3,0.315,0
SCH_2026_1997,PRE_10TH,Male,13,<2 LPA,1,6.8,83.1,0,90.5,8,0,89.5,3,1,Karnataka,KA,75.4,68.1,36.2,12.0,Raichur,36.8,1,74.6,34.0,0.1175,0
SCH_2026_1998,PRE_10TH,Female,12,<2 LPA,1,1.4,78.8,0,94.2,9,0,95.2,0,1,Kerala,KL,94.0,92.1,43.2,3.2,Wayanad,4.1,1,96.1,18.0,0.0249,0
SCH_2026_1999,PRE_10TH,Male,14,5-10 LPA,1,1.1,41.0,1,42.4,4,1,46.9,0,1,Bihar,BR,61.8,51.5,14.5,21.4,Katihar,48.7,1,91.1,44.3,0.8615,1
SCH_2026_2000,PRE_10TH,Male,14,2-5 LPA,1,6.4,55.1,1,63.2,11,1,61.2,1,0,Bihar,BR,61.8,51.5,14.5,21.4,Katihar,48.7,1,91.1,44.3,0.7206,1
