student_id,educational_tier,gender,age,family_income_slab,is_first_generation,phd_tenure_months,fellowship_disbursement_delay_days,advisor_meeting_frequency_per_month,peer_reviewed_submissions,comprehensive_exam_attempts,research_stagnation_index,stipend_adequacy_ratio,lab_isolation_index,state,state_code,state_literacy_rate,state_female_literacy,state_ger_higher_ed,state_dropout_rate_secondary,district,district_mpi_pct,is_aspirational_district,district_rurality_pct,district_ptr_ratio,ground_truth_risk_prob,is_dropout
PHD_2026_0001,DOCTORATE,Male,29,5-10 LPA,0,23,2,7,2,1,0.08,0.95,0.85,Karnataka,KA,75.4,68.1,36.2,12.0,Bengaluru Urban,1.8,0,9.1,18.2,0.0383,0
PHD_2026_0002,DOCTORATE,Female,30,>10 LPA,0,49,36,1,1,1,0.54,0.86,0.53,Madhya Pradesh,MP,69.3,59.2,24.8,18.5,Alirajpur,52.0,1,92.2,39.5,0.3576,0
PHD_2026_0003,DOCTORATE,Male,24,2-5 LPA,1,12,16,3,1,2,0.03,0.86,0.2,Haryana,HR,75.6,65.9,29.8,12.5,Gurugram,2.5,0,31.2,20.5,0.0792,0
PHD_2026_0004,DOCTORATE,Female,28,2-5 LPA,0,19,18,2,0,2,0.57,0.91,0.42,Karnataka,KA,75.4,68.1,36.2,12.0,Raichur,36.8,1,74.6,34.0,0.34,1
PHD_2026_0005,DOCTORATE,Male,28,2-5 LPA,0,44,3,2,2,1,0.66,0.95,0.52,Uttar Pradesh,UP,67.7,57.2,23.2,16.8,Lucknow,8.5,0,33.8,24.1,0.101,0
PHD_2026_0006,DOCTORATE,Male,29,2-5 LPA,0,17,9,3,0,2,0.37,0.91,0.41,Kerala,KL,94.0,92.1,43.2,3.2,Thiruvananthapuram,0.9,0,46.2,15.2,0.224,0
PHD_2026_0007,DOCTORATE,Male,25,>10 LPA,0,29,35,0,1,3,0.45,0.57,0.68,Gujarat,GJ,78.0,69.7,21.3,17.9,Dahod,40.5,1,88.0,38.1,0.5339,1
PHD_2026_0008,DOCTORATE,Male,29,>10 LPA,0,37,6,2,2,1,0.15,0.87,0.68,Bihar,BR,61.8,51.5,14.5,21.4,Purnia,50.4,1,89.2,42.1,0.0438,0
PHD_2026_0009,DOCTORATE,Male,28,5-10 LPA,0,47,14,5,1,1,0.12,0.96,0.48,Karnataka,KA,75.4,68.1,36.2,12.0,Yadgir,39.4,1,81.2,36.5,0.0577,0
PHD_2026_0010,DOCTORATE,Male,32,<2 LPA,0,65,15,0,2,2,0.67,0.78,0.56,Rajasthan,RJ,66.1,52.1,26.0,17.2,Jaisalmer,31.8,1,86.7,33.2,0.4157,0
PHD_2026_0011,DOCTORATE,Male,30,2-5 LPA,0,55,21,2,2,1,0.25,0.52,0.92,Gujarat,GJ,78.0,69.7,21.3,17.9,Ahmedabad,3.8,0,15.9,20.2,0.0956,0
PHD_2026_0012,DOCTORATE,Male,30,5-10 LPA,0,28,15,3,0,1,0.32,0.7,0.53,Kerala,KL,94.0,92.1,43.2,3.2,Ernakulam,0.6,0,31.9,14.8,0.1565,0
PHD_2026_0013,DOCTORATE,Female,28,5-10 LPA,1,32,127,2,0,1,0.35,0.2,0.55,Gujarat,GJ,78.0,69.7,21.3,17.9,Dahod,40.5,1,88.0,38.1,0.5922,1
PHD_2026_0014,DOCTORATE,Male,28,5-10 LPA,0,18,22,3,2,1,0.49,0.95,0.8,Karnataka,KA,75.4,68.1,36.2,12.0,Raichur,36.8,1,74.6,34.0,0.1141,0
PHD_2026_0015,DOCTORATE,Female,26,2-5 LPA,0,56,0,5,3,1,0.18,0.88,0.78,Gujarat,GJ,78.0,69.7,21.3,17.9,Dahod,40.5,1,88.0,38.1,0.0297,0
PHD_2026_0016,DOCTORATE,Female,32,5-10 LPA,0,8,55,3,0,1,0.59,0.76,0.69,Maharashtra,MH,82.3,75.9,32.3,11.2,Pune,3.9,0,39.1,21.0,0.3956,1
PHD_2026_0017,DOCTORATE,Female,25,2-5 LPA,0,22,33,1,0,1,0.65,0.55,0.16,Tamil Nadu,TN,80.1,73.4,51.4,8.1,Chennai,1.2,0,0.0,17.5,0.4881,0
PHD_2026_0018,DOCTORATE,Male,26,>10 LPA,1,64,12,2,2,1,0.65,0.95,0.72,Karnataka,KA,75.4,68.1,36.2,12.0,Yadgir,39.4,1,81.2,36.5,0.1277,0
PHD_2026_0019,DOCTORATE,Male,27,2-5 LPA,0,15,19,2,3,2,0.19,0.68,0.78,Rajasthan,RJ,66.1,52.1,26.0,17.2,Kota,8.2,0,39.7,21.0,0.0814,0
PHD_2026_0020,DOCTORATE,Male,27,2-5 LPA,0,46,3,3,1,2,0.24,1.25,0.33,Uttar Pradesh,UP,67.7,57.2,23.2,16.8,Balrampur,47.9,1,92.3,45.0,0.0898,0
PHD_2026_0021,DOCTORATE,Male,27,5-10 LPA,0,18,2,6,1,1,0.0,0.8,0.6,Bihar,BR,61.8,51.5,14.5,21.4,Patna,18.2,0,56.4,28.5,0.0454,0
PHD_2026_0022,DOCTORATE,Male,29,<2 LPA,1,18,3,3,0,1,0.21,0.91,0.75,Uttar Pradesh,UP,67.7,57.2,23.2,16.8,Varanasi,16.3,0,56.6,29.4,0.1108,0
PHD_2026_0023,DOCTORATE,Male,24,5-10 LPA,1,70,31,3,2,2,0.0,0.97,0.59,Uttar Pradesh,UP,67.7,57.2,23.2,16.8,Shravasti,49.6,1,96.5,48.2,0.074,0
PHD_2026_0024,DOCTORATE,Male,32,5-10 LPA,0,62,4,5,3,2,0.39,0.97,0.45,Kerala,KL,94.0,92.1,43.2,3.2,Wayanad,4.1,1,96.1,18.0,0.0679,0
PHD_2026_0025,DOCTORATE,Female,25,2-5 LPA,0,33,8,1,2,1,0.58,0.73,0.85,Uttar Pradesh,UP,67.7,57.2,23.2,16.8,Shravasti,49.6,1,96.5,48.2,0.2571,0
PHD_2026_0026,DOCTORATE,Female,30,<2 LPA,1,54,35,5,2,1,0.32,0.52,0.16,Kerala,KL,94.0,92.1,43.2,3.2,Ernakulam,0.6,0,31.9,14.8,0.0794,0
PHD_2026_0027,DOCTORATE,Female,28,2-5 LPA,0,67,16,2,7,2,0.14,1.06,0.05,Uttar Pradesh,UP,67.7,57.2,23.2,16.8,Varanasi,16.3,0,56.6,29.4,0.0058,0
PHD_2026_0028,DOCTORATE,Female,32,<2 LPA,0,32,39,4,0,1,0.54,0.91,0.48,Gujarat,GJ,78.0,69.7,21.3,17.9,Narmada,32.4,1,89.5,30.5,0.2661,0
PHD_2026_0029,DOCTORATE,Male,28,5-10 LPA,1,9,12,3,1,2,0.18,1.12,0.42,Uttar Pradesh,UP,67.7,57.2,23.2,16.8,Shravasti,49.6,1,96.5,48.2,0.1023,1
PHD_2026_0030,DOCTORATE,Male,30,<2 LPA,0,53,2,4,1,2,0.47,0.58,0.26,Bihar,BR,61.8,51.5,14.5,21.4,Gaya,38.6,1,86.8,36.2,0.1854,0
PHD_2026_0031,DOCTORATE,Male,32,<2 LPA,0,15,19,5,0,1,0.0,0.77,0.56,Madhya Pradesh,MP,69.3,59.2,24.8,18.5,Barwani,46.1,1,85.5,37.1,0.0864,0
PHD_2026_0032,DOCTORATE,Male,27,<2 LPA,0,39,4,5,1,1,0.26,0.91,0.65,Tamil Nadu,TN,80.1,73.4,51.4,8.1,Chennai,1.2,0,0.0,17.5,0.0768,0
PHD_2026_0033,DOCTORATE,Male,29,2-5 LPA,0,56,0,2,4,3,0.22,1.24,0.85,Karnataka,KA,75.4,68.1,36.2,12.0,Yadgir,39.4,1,81.2,36.5,0.0334,0
PHD_2026_0034,DOCTORATE,Male,26,<2 LPA,0,67,0,3,5,1,0.14,1.08,0.96,Haryana,HR,75.6,65.9,29.8,12.5,Nuh / Mewat,44.8,1,88.6,47.0,0.0114,0
PHD_2026_0035,DOCTORATE,Male,31,<2 LPA,0,32,0,7,0,1,0.0,0.65,0.4,Madhya Pradesh,MP,69.3,59.2,24.8,18.5,Indore,6.8,0,25.9,21.8,0.0638,0
PHD_2026_0036,DOCTORATE,Male,33,5-10 LPA,1,42,22,3,1,1,0.43,0.89,0.54,Karnataka,KA,75.4,68.1,36.2,12.0,Raichur,36.8,1,74.6,34.0,0.1298,0
PHD_2026_0037,DOCTORATE,Male,30,2-5 LPA,1,45,58,6,2,1,0.4,0.2,0.62,Tamil Nadu,TN,80.1,73.4,51.4,8.1,Chennai,1.2,0,0.0,17.5,0.1969,0
PHD_2026_0038,DOCTORATE,Female,26,5-10 LPA,0,8,16,3,0,1,0.28,0.8,0.59,Karnataka,KA,75.4,68.1,36.2,12.0,Bengaluru Urban,1.8,0,9.1,18.2,0.1452,0
PHD_2026_0039,DOCTORATE,Female,25,5-10 LPA,0,30,1,2,0,3,0.12,1.03,0.57,Karnataka,KA,75.4,68.1,36.2,12.0,Raichur,36.8,1,74.6,34.0,0.1346,0
PHD_2026_0040,DOCTORATE,Male,24,>10 LPA,0,49,5,3,0,1,0.31,0.94,0.37,Uttar Pradesh,UP,67.7,57.2,23.2,16.8,Bahraich,54.4,1,92.1,46.5,0.1068,0
PHD_2026_0041,DOCTORATE,Male,28,<2 LPA,1,35,70,4,1,3,0.22,0.58,0.08,Rajasthan,RJ,66.1,52.1,26.0,17.2,Jaisalmer,31.8,1,86.7,33.2,0.241,1
PHD_2026_0042,DOCTORATE,Male,26,2-5 LPA,0,67,10,6,1,1,0.13,1.3,0.54,Madhya Pradesh,MP,69.3,59.2,24.8,18.5,Barwani,46.1,1,85.5,37.1,0.0478,0
PHD_2026_0043,DOCTORATE,Female,31,2-5 LPA,0,51,22,2,3,1,0.04,1.15,0.94,Maharashtra,MH,82.3,75.9,32.3,11.2,Mumbai,2.1,0,0.0,19.5,0.0292,0
PHD_2026_0044,DOCTORATE,Male,27,5-10 LPA,0,16,6,2,0,1,0.42,0.78,0.73,Madhya Pradesh,MP,69.3,59.2,24.8,18.5,Barwani,46.1,1,85.5,37.1,0.1815,0
PHD_2026_0045,DOCTORATE,Male,31,2-5 LPA,0,39,13,2,0,1,0.29,1.42,0.39,Maharashtra,MH,82.3,75.9,32.3,11.2,Mumbai,2.1,0,0.0,19.5,0.0892,0
PHD_2026_0046,DOCTORATE,Female,32,<2 LPA,0,62,66,2,2,1,0.78,0.74,0.71,Tamil Nadu,TN,80.1,73.4,51.4,8.1,Ramanathapuram,7.8,1,69.7,22.1,0.3311,0
PHD_2026_0047,DOCTORATE,Male,28,<2 LPA,0,13,29,4,0,1,0.43,0.69,0.81,Karnataka,KA,75.4,68.1,36.2,12.0,Raichur,36.8,1,74.6,34.0,0.2629,0
PHD_2026_0048,DOCTORATE,Female,29,>10 LPA,0,20,34,3,1,2,0.21,0.97,0.9,Bihar,BR,61.8,51.5,14.5,21.4,Katihar,48.7,1,91.1,44.3,0.2075,0
PHD_2026_0049,DOCTORATE,Male,33,5-10 LPA,0,19,98,3,1,2,0.96,0.2,0.49,Tamil Nadu,TN,80.1,73.4,51.4,8.1,Ramanathapuram,7.8,1,69.7,22.1,0.8051,1
PHD_2026_0050,DOCTORATE,Female,32,>10 LPA,0,70,11,2,4,2,0.33,1.3,0.75,Kerala,KL,94.0,92.1,43.2,3.2,Ernakulam,0.6,0,31.9,14.8,0.0445,0
PHD_2026_0051,DOCTORATE,Male,31,5-10 LPA,0,14,25,3,1,1,0.45,0.61,0.14,Tamil Nadu,TN,80.1,73.4,51.4,8.1,Coimbatore,2.1,0,24.2,18.9,0.1253,0
PHD_2026_0052,DOCTORATE,Female,27,5-10 LPA,0,28,6,4,1,1,0.0,1.1,0.68,Rajasthan,RJ,66.1,52.1,26.0,17.2,Kota,8.2,0,39.7,21.0,0.0426,0
PHD_2026_0053,DOCTORATE,Male,27,5-10 LPA,0,28,0,4,1,1,0.12,1.03,0.63,Gujarat,GJ,78.0,69.7,21.3,17.9,Narmada,32.4,1,89.5,30.5,0.0511,0
PHD_2026_0054,DOCTORATE,Female,28,>10 LPA,1,16,34,3,0,1,0.02,0.93,0.36,Kerala,KL,94.0,92.1,43.2,3.2,Ernakulam,0.6,0,31.9,14.8,0.0873,0
PHD_2026_0055,DOCTORATE,Male,26,>10 LPA,1,33,23,2,3,1,0.39,0.83,0.86,Bihar,BR,61.8,51.5,14.5,21.4,Gaya,38.6,1,86.8,36.2,0.069,1
PHD_2026_0056,DOCTORATE,Female,30,2-5 LPA,0,50,23,5,0,1,0.0,0.6,0.5,Uttar Pradesh,UP,67.7,57.2,23.2,16.8,Shravasti,49.6,1,96.5,48.2,0.0965,0
PHD_2026_0057,DOCTORATE,Male,28,2-5 LPA,0,59,46,1,2,2,0.52,0.46,0.78,Karnataka,KA,75.4,68.1,36.2,12.0,Raichur,36.8,1,74.6,34.0,0.5365,1
PHD_2026_0058,DOCTORATE,Male,32,2-5 LPA,0,70,81,2,0,1,0.15,0.2,0.27,Maharashtra,MH,82.3,75.9,32.3,11.2,Pune,3.9,0,39.1,21.0,0.2742,0
PHD_2026_0059,DOCTORATE,Female,31,<2 LPA,0,58,10,3,3,1,0.41,0.7,0.59,Haryana,HR,75.6,65.9,29.8,12.5,Nuh / Mewat,44.8,1,88.6,47.0,0.0533,0
PHD_2026_0060,DOCTORATE,Male,33,<2 LPA,0,53,64,6,4,1,0.01,0.21,0.47,Haryana,HR,75.6,65.9,29.8,12.5,Nuh / Mewat,44.8,1,88.6,47.0,0.0393,0
PHD_2026_0061,DOCTORATE,Female,33,5-10 LPA,1,27,62,2,2,1,0.88,0.2,0.55,Bihar,BR,61.8,51.5,14.5,21.4,Katihar,48.7,1,91.1,44.3,0.4154,1
PHD_2026_0062,DOCTORATE,Male,30,<2 LPA,1,64,12,0,1,1,0.49,0.55,0.61,Madhya Pradesh,MP,69.3,59.2,24.8,18.5,Bhopal,9.4,0,19.1,23.4,0.3085,0
PHD_2026_0063,DOCTORATE,Female,24,5-10 LPA,0,26,20,5,1,1,0.0,1.09,0.3,Karnataka,KA,75.4,68.1,36.2,12.0,Bengaluru Urban,1.8,0,9.1,18.2,0.04,0
PHD_2026_0064,DOCTORATE,Male,30,>10 LPA,1,38,10,2,0,2,0.24,0.86,0.48,Tamil Nadu,TN,80.1,73.4,51.4,8.1,Ramanathapuram,7.8,1,69.7,22.1,0.1941,0
PHD_2026_0065,DOCTORATE,Female,30,2-5 LPA,1,29,57,4,0,1,0.53,0.39,0.61,Rajasthan,RJ,66.1,52.1,26.0,17.2,Jaisalmer,31.8,1,86.7,33.2,0.4134,0
PHD_2026_0066,DOCTORATE,Female,24,>10 LPA,1,21,66,2,0,2,0.68,0.22,0.19,Rajasthan,RJ,66.1,52.1,26.0,17.2,Kota,8.2,0,39.7,21.0,0.6342,1
PHD_2026_0067,DOCTORATE,Female,26,5-10 LPA,0,70,2,2,2,1,0.51,1.06,0.54,Haryana,HR,75.6,65.9,29.8,12.5,Nuh / Mewat,44.8,1,88.6,47.0,0.0706,0
PHD_2026_0068,DOCTORATE,Female,29,>10 LPA,0,23,15,2,2,2,0.78,0.51,0.22,Tamil Nadu,TN,80.1,73.4,51.4,8.1,Coimbatore,2.1,0,24.2,18.9,0.2608,0
PHD_2026_0069,DOCTORATE,Female,27,5-10 LPA,0,57,13,4,4,3,0.37,0.68,0.64,Rajasthan,RJ,66.1,52.1,26.0,17.2,Barmer,34.2,1,93.0,35.8,0.0654,1
PHD_2026_0070,DOCTORATE,Male,26,<2 LPA,0,54,109,1,1,1,0.6,0.2,0.2,Tamil Nadu,TN,80.1,73.4,51.4,8.1,Coimbatore,2.1,0,24.2,18.9,0.6863,1
PHD_2026_0071,DOCTORATE,Female,29,2-5 LPA,1,13,3,1,1,1,0.2,0.86,0.59,Kerala,KL,94.0,92.1,43.2,3.2,Ernakulam,0.6,0,31.9,14.8,0.1436,0
PHD_2026_0072,DOCTORATE,Male,32,>10 LPA,0,24,48,4,3,1,0.0,0.49,0.58,Rajasthan,RJ,66.1,52.1,26.0,17.2,Jaisalmer,31.8,1,86.7,33.2,0.0434,1
PHD_2026_0073,DOCTORATE,Female,33,<2 LPA,1,69,29,3,1,2,0.0,0.97,0.35,Uttar Pradesh,UP,67.7,57.2,23.2,16.8,Balrampur,47.9,1,92.3,45.0,0.0922,1
PHD_2026_0074,DOCTORATE,Male,29,>10 LPA,0,22,21,2,0,1,0.54,0.67,0.4,Rajasthan,RJ,66.1,52.1,26.0,17.2,Jaisalmer,31.8,1,86.7,33.2,0.2307,0
PHD_2026_0075,DOCTORATE,Male,24,>10 LPA,0,45,17,1,0,1,0.31,1.0,0.45,Karnataka,KA,75.4,68.1,36.2,12.0,Yadgir,39.4,1,81.2,36.5,0.2556,0
PHD_2026_0076,DOCTORATE,Male,26,<2 LPA,0,16,5,5,1,2,0.48,1.05,0.83,Gujarat,GJ,78.0,69.7,21.3,17.9,Dahod,40.5,1,88.0,38.1,0.2173,0
PHD_2026_0077,DOCTORATE,Male,24,<2 LPA,0,68,45,2,2,1,0.1,0.42,0.41,Karnataka,KA,75.4,68.1,36.2,12.0,Bengaluru Urban,1.8,0,9.1,18.2,0.0717,0
PHD_2026_0078,DOCTORATE,Male,29,5-10 LPA,0,37,30,6,3,1,0.0,0.47,0.33,Haryana,HR,75.6,65.9,29.8,12.5,Gurugram,2.5,0,31.2,20.5,0.0282,0
PHD_2026_0079,DOCTORATE,Male,25,5-10 LPA,0,9,83,1,0,1,0.53,0.24,0.33,Karnataka,KA,75.4,68.1,36.2,12.0,Raichur,36.8,1,74.6,34.0,0.6794,1
PHD_2026_0080,DOCTORATE,Female,33,5-10 LPA,1,7,2,3,0,3,0.08,1.38,0.81,Haryana,HR,75.6,65.9,29.8,12.5,Nuh / Mewat,44.8,1,88.6,47.0,0.1224,0
PHD_2026_0081,DOCTORATE,Male,25,5-10 LPA,0,11,2,2,1,1,0.24,0.81,0.66,Karnataka,KA,75.4,68.1,36.2,12.0,Bengaluru Urban,1.8,0,9.1,18.2,0.0769,0
PHD_2026_0082,DOCTORATE,Male,30,5-10 LPA,0,10,81,1,1,1,0.27,0.32,0.26,Kerala,KL,94.0,92.1,43.2,3.2,Thiruvananthapuram,0.9,0,46.2,15.2,0.4037,0
PHD_2026_0083,DOCTORATE,Female,25,<2 LPA,0,6,8,2,0,2,0.57,1.11,0.6,Gujarat,GJ,78.0,69.7,21.3,17.9,Ahmedabad,3.8,0,15.9,20.2,0.3112,0
PHD_2026_0084,DOCTORATE,Female,32,2-5 LPA,0,37,77,1,1,1,0.24,0.27,0.73,Tamil Nadu,TN,80.1,73.4,51.4,8.1,Ramanathapuram,7.8,1,69.7,22.1,0.4701,1
PHD_2026_0085,DOCTORATE,Female,26,5-10 LPA,1,22,60,4,0,1,0.01,0.31,0.48,Uttar Pradesh,UP,67.7,57.2,23.2,16.8,Noida / Gautam Buddha Nagar,7.1,0,40.9,22.0,0.1809,0
PHD_2026_0086,DOCTORATE,Female,28,2-5 LPA,0,12,2,2,0,1,0.67,1.0,0.43,Maharashtra,MH,82.3,75.9,32.3,11.2,Mumbai,2.1,0,0.0,19.5,0.2017,0
PHD_2026_0087,DOCTORATE,Male,28,5-10 LPA,1,24,40,7,2,1,0.03,0.72,0.4,Rajasthan,RJ,66.1,52.1,26.0,17.2,Jaipur,6.9,0,47.6,22.5,0.0487,0
PHD_2026_0088,DOCTORATE,Male,26,<2 LPA,0,33,24,1,1,1,0.59,0.67,0.97,Bihar,BR,61.8,51.5,14.5,21.4,Muzaffarpur,35.1,1,90.3,38.0,0.4495,0
PHD_2026_0089,DOCTORATE,Male,27,2-5 LPA,0,8,36,2,0,1,0.37,0.49,0.77,Madhya Pradesh,MP,69.3,59.2,24.8,18.5,Barwani,46.1,1,85.5,37.1,0.2756,0
PHD_2026_0090,DOCTORATE,Female,26,2-5 LPA,1,30,64,7,1,1,0.32,0.62,0.73,Karnataka,KA,75.4,68.1,36.2,12.0,Bengaluru Urban,1.8,0,9.1,18.2,0.2302,0
PHD_2026_0091,DOCTORATE,Male,24,5-10 LPA,0,43,16,1,1,1,0.46,0.77,0.57,Gujarat,GJ,78.0,69.7,21.3,17.9,Dahod,40.5,1,88.0,38.1,0.2718,0
PHD_2026_0092,DOCTORATE,Female,28,5-10 LPA,0,27,54,3,3,1,0.51,0.84,0.73,Kerala,KL,94.0,92.1,43.2,3.2,Wayanad,4.1,1,96.1,18.0,0.1227,0
PHD_2026_0093,DOCTORATE,Male,32,2-5 LPA,0,54,29,3,1,1,0.45,0.57,0.82,Haryana,HR,75.6,65.9,29.8,12.5,Nuh / Mewat,44.8,1,88.6,47.0,0.2064,0
PHD_2026_0094,DOCTORATE,Male,33,5-10 LPA,0,49,12,1,1,1,0.5,0.77,0.43,Uttar Pradesh,UP,67.7,57.2,23.2,16.8,Lucknow,8.5,0,33.8,24.1,0.2576,0
PHD_2026_0095,DOCTORATE,Male,32,2-5 LPA,0,28,20,4,1,1,0.0,0.83,0.54,Gujarat,GJ,78.0,69.7,21.3,17.9,Ahmedabad,3.8,0,15.9,20.2,0.0552,0
PHD_2026_0096,DOCTORATE,Female,28,5-10 LPA,0,43,27,2,2,1,0.38,0.96,0.12,Rajasthan,RJ,66.1,52.1,26.0,17.2,Barmer,34.2,1,93.0,35.8,0.0598,1
PHD_2026_0097,DOCTORATE,Male,28,2-5 LPA,0,64,28,4,2,1,0.24,1.08,0.25,Karnataka,KA,75.4,68.1,36.2,12.0,Bengaluru Urban,1.8,0,9.1,18.2,0.0474,0
PHD_2026_0098,DOCTORATE,Male,32,5-10 LPA,1,44,3,2,3,2,0.04,0.9,0.59,Bihar,BR,61.8,51.5,14.5,21.4,Muzaffarpur,35.1,1,90.3,38.0,0.0365,0
PHD_2026_0099,DOCTORATE,Male,32,5-10 LPA,0,37,91,3,0,2,0.71,0.45,0.4,Tamil Nadu,TN,80.1,73.4,51.4,8.1,Chennai,1.2,0,0.0,17.5,0.7329,1
PHD_2026_0100,DOCTORATE,Male,32,<2 LPA,0,35,46,2,2,2,0.42,0.58,0.41,Karnataka,KA,75.4,68.1,36.2,12.0,Yadgir,39.4,1,81.2,36.5,0.2179,0
PHD_2026_0101,DOCTORATE,Female,25,<2 LPA,0,45,17,3,1,1,0.39,1.25,0.35,Kerala,KL,94.0,92.1,43.2,3.2,Thiruvananthapuram,0.9,0,46.2,15.2,0.0811,1
PHD_2026_0102,DOCTORATE,Female,27,>10 LPA,0,44,6,5,0,1,0.0,1.18,0.33,Rajasthan,RJ,66.1,52.1,26.0,17.2,Jaisalmer,31.8,1,86.7,33.2,0.0487,0
PHD_2026_0103,DOCTORATE,Male,30,2-5 LPA,1,6,107,3,0,1,0.34,0.2,0.8,Madhya Pradesh,MP,69.3,59.2,24.8,18.5,Alirajpur,52.0,1,92.2,39.5,0.5596,1
PHD_2026_0104,DOCTORATE,Female,30,2-5 LPA,0,43,13,3,5,1,0.34,1.25,0.4,Kerala,KL,94.0,92.1,43.2,3.2,Wayanad,4.1,1,96.1,18.0,0.0126,0
PHD_2026_0105,DOCTORATE,Male,30,2-5 LPA,0,62,20,1,2,1,0.55,1.09,0.48,Kerala,KL,94.0,92.1,43.2,3.2,Ernakulam,0.6,0,31.9,14.8,0.1919,0
PHD_2026_0106,DOCTORATE,Female,29,5-10 LPA,1,38,19,1,1,3,0.27,1.02,0.45,Gujarat,GJ,78.0,69.7,21.3,17.9,Ahmedabad,3.8,0,15.9,20.2,0.2796,0
PHD_2026_0107,DOCTORATE,Male,28,5-10 LPA,0,61,54,1,2,1,0.44,0.55,0.1,Gujarat,GJ,78.0,69.7,21.3,17.9,Narmada,32.4,1,89.5,30.5,0.2465,0
PHD_2026_0108,DOCTORATE,Female,27,<2 LPA,0,21,7,1,0,1,0.53,0.97,0.64,Maharashtra,MH,82.3,75.9,32.3,11.2,Nandurbar,33.1,1,83.3,32.4,0.3588,0
PHD_2026_0109,DOCTORATE,Female,24,<2 LPA,1,43,4,1,2,1,0.32,0.99,0.81,Uttar Pradesh,UP,67.7,57.2,23.2,16.8,Balrampur,47.9,1,92.3,45.0,0.1333,0
PHD_2026_0110,DOCTORATE,Female,27,<2 LPA,0,58,70,2,5,2,0.77,0.55,0.29,Madhya Pradesh,MP,69.3,59.2,24.8,18.5,Indore,6.8,0,25.9,21.8,0.1717,0
PHD_2026_0111,DOCTORATE,Male,30,5-10 LPA,0,47,15,7,0,2,0.3,1.05,0.46,Madhya Pradesh,MP,69.3,59.2,24.8,18.5,Barwani,46.1,1,85.5,37.1,0.2061,0
PHD_2026_0112,DOCTORATE,Male,32,2-5 LPA,1,59,36,6,1,1,0.4,0.59,0.65,Haryana,HR,75.6,65.9,29.8,12.5,Nuh / Mewat,44.8,1,88.6,47.0,0.1843,0
PHD_2026_0113,DOCTORATE,Female,32,>10 LPA,0,35,14,3,1,1,0.26,0.83,0.46,Maharashtra,MH,82.3,75.9,32.3,11.2,Nandurbar,33.1,1,83.3,32.4,0.0826,0
PHD_2026_0114,DOCTORATE,Male,29,2-5 LPA,0,37,10,4,1,2,0.0,1.11,0.35,Gujarat,GJ,78.0,69.7,21.3,17.9,Dahod,40.5,1,88.0,38.1,0.0655,0
PHD_2026_0115,DOCTORATE,Female,30,2-5 LPA,0,58,56,1,1,2,0.33,0.39,0.23,Haryana,HR,75.6,65.9,29.8,12.5,Nuh / Mewat,44.8,1,88.6,47.0,0.4898,0
PHD_2026_0116,DOCTORATE,Male,27,2-5 LPA,0,67,12,4,5,1,0.21,0.96,0.49,Madhya Pradesh,MP,69.3,59.2,24.8,18.5,Bhopal,9.4,0,19.1,23.4,0.0121,0
PHD_2026_0117,DOCTORATE,Male,25,<2 LPA,0,37,78,3,3,1,0.68,0.2,0.62,Tamil Nadu,TN,80.1,73.4,51.4,8.1,Chennai,1.2,0,0.0,17.5,0.2803,0
PHD_2026_0118,DOCTORATE,Male,29,<2 LPA,1,18,23,4,1,1,0.1,0.74,0.88,Karnataka,KA,75.4,68.1,36.2,12.0,Bengaluru Urban,1.8,0,9.1,18.2,0.0933,0
PHD_2026_0119,DOCTORATE,Female,26,2-5 LPA,1,9,32,8,0,1,0.36,0.71,0.63,Kerala,KL,94.0,92.1,43.2,3.2,Ernakulam,0.6,0,31.9,14.8,0.2161,0
PHD_2026_0120,DOCTORATE,Male,33,<2 LPA,0,16,2,5,0,1,0.0,1.42,0.22,Bihar,BR,61.8,51.5,14.5,21.4,Muzaffarpur,35.1,1,90.3,38.0,0.0373,0
PHD_2026_0121,DOCTORATE,Female,24,5-10 LPA,0,39,42,2,0,2,0.2,0.6,0.34,Uttar Pradesh,UP,67.7,57.2,23.2,16.8,Noida / Gautam Buddha Nagar,7.1,0,40.9,22.0,0.271,0
PHD_2026_0122,DOCTORATE,Female,26,5-10 LPA,0,55,3,4,0,2,0.1,1.03,0.72,Karnataka,KA,75.4,68.1,36.2,12.0,Yadgir,39.4,1,81.2,36.5,0.1459,0
PHD_2026_0123,DOCTORATE,Male,32,5-10 LPA,0,9,16,7,0,1,0.23,0.74,0.84,Maharashtra,MH,82.3,75.9,32.3,11.2,Gadchiroli,28.5,1,89.0,28.9,0.1587,0
PHD_2026_0124,DOCTORATE,Male,32,<2 LPA,1,27,1,6,1,1,0.17,0.78,0.51,Maharashtra,MH,82.3,75.9,32.3,11.2,Gadchiroli,28.5,1,89.0,28.9,0.0602,0
PHD_2026_0125,DOCTORATE,Female,32,5-10 LPA,1,51,4,0,2,2,0.43,0.9,0.82,Madhya Pradesh,MP,69.3,59.2,24.8,18.5,Bhopal,9.4,0,19.1,23.4,0.2843,0
PHD_2026_0126,DOCTORATE,Male,27,2-5 LPA,0,44,13,3,1,1,0.13,0.96,0.55,Karnataka,KA,75.4,68.1,36.2,12.0,Raichur,36.8,1,74.6,34.0,0.0616,0
PHD_2026_0127,DOCTORATE,Male,24,5-10 LPA,0,7,15,3,0,1,0.34,0.87,0.75,Karnataka,KA,75.4,68.1,36.2,12.0,Yadgir,39.4,1,81.2,36.5,0.1693,0
PHD_2026_0128,DOCTORATE,Male,32,<2 LPA,1,66,5,4,3,1,0.02,1.13,0.54,Kerala,KL,94.0,92.1,43.2,3.2,Wayanad,4.1,1,96.1,18.0,0.0162,0
PHD_2026_0129,DOCTORATE,Male,25,2-5 LPA,1,21,51,6,0,1,0.0,0.67,0.45,Bihar,BR,61.8,51.5,14.5,21.4,Purnia,50.4,1,89.2,42.1,0.1304,1
PHD_2026_0130,DOCTORATE,Female,25,<2 LPA,1,51,48,3,0,1,0.05,0.61,0.4,Bihar,BR,61.8,51.5,14.5,21.4,Katihar,48.7,1,91.1,44.3,0.1384,0
PHD_2026_0131,DOCTORATE,Male,27,2-5 LPA,1,33,24,4,0,2,0.35,0.76,0.42,Gujarat,GJ,78.0,69.7,21.3,17.9,Dahod,40.5,1,88.0,38.1,0.2784,1
PHD_2026_0132,DOCTORATE,Male,29,2-5 LPA,1,53,0,2,1,1,0.07,1.0,0.86,Madhya Pradesh,MP,69.3,59.2,24.8,18.5,Bhopal,9.4,0,19.1,23.4,0.0551,0
PHD_2026_0133,DOCTORATE,Male,33,2-5 LPA,0,42,15,7,1,1,0.38,1.28,0.57,Tamil Nadu,TN,80.1,73.4,51.4,8.1,Ramanathapuram,7.8,1,69.7,22.1,0.0881,0
PHD_2026_0134,DOCTORATE,Female,28,<2 LPA,0,54,59,9,2,1,0.0,0.42,0.05,Gujarat,GJ,78.0,69.7,21.3,17.9,Dahod,40.5,1,88.0,38.1,0.0559,0
PHD_2026_0135,DOCTORATE,Female,26,5-10 LPA,0,17,5,3,1,1,0.15,0.85,0.74,Karnataka,KA,75.4,68.1,36.2,12.0,Raichur,36.8,1,74.6,34.0,0.069,0
PHD_2026_0136,DOCTORATE,Male,30,5-10 LPA,0,29,16,4,1,1,0.42,0.89,0.92,Gujarat,GJ,78.0,69.7,21.3,17.9,Narmada,32.4,1,89.5,30.5,0.1509,0
PHD_2026_0137,DOCTORATE,Female,31,<2 LPA,1,63,1,3,2,1,0.24,0.99,0.46,Gujarat,GJ,78.0,69.7,21.3,17.9,Dahod,40.5,1,88.0,38.1,0.0387,0
PHD_2026_0138,DOCTORATE,Female,33,5-10 LPA,1,33,8,1,3,1,0.47,0.97,0.25,Bihar,BR,61.8,51.5,14.5,21.4,Gaya,38.6,1,86.8,36.2,0.0877,0
PHD_2026_0139,DOCTORATE,Female,25,2-5 LPA,0,26,29,3,1,1,0.15,1.23,0.37,Bihar,BR,61.8,51.5,14.5,21.4,Gaya,38.6,1,86.8,36.2,0.06,0
PHD_2026_0140,DOCTORATE,Female,30,2-5 LPA,0,8,36,3,2,1,0.57,0.57,0.42,Madhya Pradesh,MP,69.3,59.2,24.8,18.5,Alirajpur,52.0,1,92.2,39.5,0.1511,0
PHD_2026_0141,DOCTORATE,Female,33,<2 LPA,0,26,109,3,0,2,0.48,0.2,0.23,Kerala,KL,94.0,92.1,43.2,3.2,Ernakulam,0.6,0,31.9,14.8,0.6901,1
PHD_2026_0142,DOCTORATE,Male,28,2-5 LPA,0,15,13,3,0,1,0.0,0.7,0.6,Haryana,HR,75.6,65.9,29.8,12.5,Gurugram,2.5,0,31.2,20.5,0.0848,0
PHD_2026_0143,DOCTORATE,Female,33,5-10 LPA,0,53,0,2,2,1,0.34,1.31,0.35,Uttar Pradesh,UP,67.7,57.2,23.2,16.8,Varanasi,16.3,0,56.6,29.4,0.0363,1
PHD_2026_0144,DOCTORATE,Female,32,5-10 LPA,0,6,26,3,0,2,0.34,0.78,0.56,Haryana,HR,75.6,65.9,29.8,12.5,Nuh / Mewat,44.8,1,88.6,47.0,0.2984,0
PHD_2026_0145,DOCTORATE,Female,25,2-5 LPA,1,63,21,4,3,1,0.59,0.73,0.36,Kerala,KL,94.0,92.1,43.2,3.2,Wayanad,4.1,1,96.1,18.0,0.076,0
PHD_2026_0146,DOCTORATE,Female,31,>10 LPA,0,70,4,3,4,1,0.19,1.35,0.15,Karnataka,KA,75.4,68.1,36.2,12.0,Yadgir,39.4,1,81.2,36.5,0.0097,0
PHD_2026_0147,DOCTORATE,Male,28,<2 LPA,0,50,22,5,1,1,0.0,0.63,0.1,Kerala,KL,94.0,92.1,43.2,3.2,Thiruvananthapuram,0.9,0,46.2,15.2,0.0464,0
PHD_2026_0148,DOCTORATE,Female,29,5-10 LPA,0,48,48,1,2,2,0.72,0.43,0.78,Tamil Nadu,TN,80.1,73.4,51.4,8.1,Coimbatore,2.1,0,24.2,18.9,0.6532,1
PHD_2026_0149,DOCTORATE,Male,33,2-5 LPA,0,23,0,4,0,1,0.08,0.86,0.71,Bihar,BR,61.8,51.5,14.5,21.4,Purnia,50.4,1,89.2,42.1,0.0832,0
PHD_2026_0150,DOCTORATE,Male,26,2-5 LPA,0,53,13,1,0,2,0.04,0.64,0.55,Bihar,BR,61.8,51.5,14.5,21.4,Purnia,50.4,1,89.2,42.1,0.3118,0
PHD_2026_0151,DOCTORATE,Female,25,5-10 LPA,1,24,93,4,0,1,0.32,0.32,0.65,Uttar Pradesh,UP,67.7,57.2,23.2,16.8,Balrampur,47.9,1,92.3,45.0,0.4465,1
PHD_2026_0152,DOCTORATE,Female,28,2-5 LPA,0,64,2,4,0,1,0.18,0.94,0.27,Uttar Pradesh,UP,67.7,57.2,23.2,16.8,Lucknow,8.5,0,33.8,24.1,0.0743,0
PHD_2026_0153,DOCTORATE,Female,25,5-10 LPA,0,36,7,4,1,1,0.29,0.79,0.7,Haryana,HR,75.6,65.9,29.8,12.5,Gurugram,2.5,0,31.2,20.5,0.0959,0
PHD_2026_0154,DOCTORATE,Female,26,5-10 LPA,0,48,62,3,0,1,0.48,0.5,0.76,Karnataka,KA,75.4,68.1,36.2,12.0,Raichur,36.8,1,74.6,34.0,0.4138,0
PHD_2026_0155,DOCTORATE,Female,29,2-5 LPA,0,33,34,2,0,3,0.45,0.87,0.47,Uttar Pradesh,UP,67.7,57.2,23.2,16.8,Shravasti,49.6,1,96.5,48.2,0.348,0
PHD_2026_0156,DOCTORATE,Female,33,>10 LPA,0,31,19,4,3,1,0.32,0.81,0.63,Rajasthan,RJ,66.1,52.1,26.0,17.2,Barmer,34.2,1,93.0,35.8,0.0487,0
PHD_2026_0157,DOCTORATE,Female,28,2-5 LPA,0,44,11,3,2,1,0.14,1.15,0.67,Bihar,BR,61.8,51.5,14.5,21.4,Patna,18.2,0,56.4,28.5,0.0387,0
PHD_2026_0158,DOCTORATE,Female,24,<2 LPA,0,39,2,3,1,1,0.35,1.07,0.72,Maharashtra,MH,82.3,75.9,32.3,11.2,Gadchiroli,28.5,1,89.0,28.9,0.0865,0
PHD_2026_0159,DOCTORATE,Female,27,2-5 LPA,1,51,56,5,3,2,0.0,0.66,0.43,Kerala,KL,94.0,92.1,43.2,3.2,Ernakulam,0.6,0,31.9,14.8,0.0736,0
PHD_2026_0160,DOCTORATE,Male,31,2-5 LPA,0,33,7,3,0,1,0.31,0.85,0.59,Maharashtra,MH,82.3,75.9,32.3,11.2,Mumbai,2.1,0,0.0,19.5,0.1333,0
PHD_2026_0161,DOCTORATE,Female,27,2-5 LPA,0,16,30,8,1,1,0.34,0.9,0.62,Rajasthan,RJ,66.1,52.1,26.0,17.2,Barmer,34.2,1,93.0,35.8,0.1273,0
PHD_2026_0162,DOCTORATE,Female,26,5-10 LPA,1,32,2,3,1,1,0.2,0.78,0.65,Uttar Pradesh,UP,67.7,57.2,23.2,16.8,Noida / Gautam Buddha Nagar,7.1,0,40.9,22.0,0.072,1
PHD_2026_0163,DOCTORATE,Female,24,2-5 LPA,1,52,112,3,3,1,0.53,0.2,0.4,Haryana,HR,75.6,65.9,29.8,12.5,Nuh / Mewat,44.8,1,88.6,47.0,0.2825,0
PHD_2026_0164,DOCTORATE,Male,25,<2 LPA,0,69,44,6,1,1,0.13,0.56,0.05,Uttar Pradesh,UP,67.7,57.2,23.2,16.8,Lucknow,8.5,0,33.8,24.1,0.0824,0
PHD_2026_0165,DOCTORATE,Female,31,<2 LPA,0,67,17,5,1,1,0.3,0.66,0.43,Madhya Pradesh,MP,69.3,59.2,24.8,18.5,Alirajpur,52.0,1,92.2,39.5,0.0989,0
PHD_2026_0166,DOCTORATE,Male,24,5-10 LPA,0,18,9,5,0,1,0.19,0.67,0.55,Bihar,BR,61.8,51.5,14.5,21.4,Gaya,38.6,1,86.8,36.2,0.1158,0
PHD_2026_0167,DOCTORATE,Female,26,2-5 LPA,0,21,8,7,0,1,0.0,1.15,0.73,Gujarat,GJ,78.0,69.7,21.3,17.9,Narmada,32.4,1,89.5,30.5,0.0677,0
PHD_2026_0168,DOCTORATE,Male,28,5-10 LPA,0,51,6,1,0,1,0.35,1.07,0.08,Haryana,HR,75.6,65.9,29.8,12.5,Gurugram,2.5,0,31.2,20.5,0.1884,0
PHD_2026_0169,DOCTORATE,Male,28,5-10 LPA,1,51,0,3,6,1,0.0,0.99,0.55,Uttar Pradesh,UP,67.7,57.2,23.2,16.8,Varanasi,16.3,0,56.6,29.4,0.0041,0
PHD_2026_0170,DOCTORATE,Female,29,>10 LPA,1,56,1,2,2,1,0.19,1.16,0.85,Tamil Nadu,TN,80.1,73.4,51.4,8.1,Ramanathapuram,7.8,1,69.7,22.1,0.042,0
PHD_2026_0171,DOCTORATE,Male,31,5-10 LPA,0,30,13,2,1,1,0.6,0.65,0.68,Madhya Pradesh,MP,69.3,59.2,24.8,18.5,Alirajpur,52.0,1,92.2,39.5,0.1967,0
PHD_2026_0172,DOCTORATE,Male,30,2-5 LPA,1,23,59,2,3,2,0.63,0.49,0.86,Tamil Nadu,TN,80.1,73.4,51.4,8.1,Coimbatore,2.1,0,24.2,18.9,0.3387,0
PHD_2026_0173,DOCTORATE,Female,27,<2 LPA,0,71,14,6,1,1,0.27,0.96,0.36,Uttar Pradesh,UP,67.7,57.2,23.2,16.8,Noida / Gautam Buddha Nagar,7.1,0,40.9,22.0,0.0731,0
PHD_2026_0174,DOCTORATE,Male,26,2-5 LPA,0,65,38,5,2,1,0.1,0.65,0.55,Gujarat,GJ,78.0,69.7,21.3,17.9,Narmada,32.4,1,89.5,30.5,0.0633,0
PHD_2026_0175,DOCTORATE,Male,33,2-5 LPA,0,19,15,1,1,2,0.65,0.79,0.79,Kerala,KL,94.0,92.1,43.2,3.2,Wayanad,4.1,1,96.1,18.0,0.5555,1
PHD_2026_0176,DOCTORATE,Male,24,2-5 LPA,0,46,4,2,0,1,0.1,1.05,0.34,Karnataka,KA,75.4,68.1,36.2,12.0,Bengaluru Urban,1.8,0,9.1,18.2,0.0635,1
PHD_2026_0177,DOCTORATE,Male,24,2-5 LPA,0,63,40,4,0,1,0.2,0.54,0.36,Karnataka,KA,75.4,68.1,36.2,12.0,Raichur,36.8,1,74.6,34.0,0.1669,0
PHD_2026_0178,DOCTORATE,Male,26,2-5 LPA,0,18,3,2,1,1,0.2,1.21,0.4,Maharashtra,MH,82.3,75.9,32.3,11.2,Gadchiroli,28.5,1,89.0,28.9,0.0482,0
PHD_2026_0179,DOCTORATE,Male,25,5-10 LPA,0,16,90,4,0,2,0.33,0.39,0.27,Tamil Nadu,TN,80.1,73.4,51.4,8.1,Ramanathapuram,7.8,1,69.7,22.1,0.5217,1
PHD_2026_0180,DOCTORATE,Female,31,2-5 LPA,0,12,66,6,0,1,0.66,0.33,0.85,Maharashtra,MH,82.3,75.9,32.3,11.2,Gadchiroli,28.5,1,89.0,28.9,0.5701,1
PHD_2026_0181,DOCTORATE,Male,24,2-5 LPA,0,38,39,1,3,1,0.18,0.62,0.87,Bihar,BR,61.8,51.5,14.5,21.4,Katihar,48.7,1,91.1,44.3,0.1362,0
PHD_2026_0182,DOCTORATE,Male,24,>10 LPA,0,60,21,6,2,1,0.27,1.04,0.64,Maharashtra,MH,82.3,75.9,32.3,11.2,Pune,3.9,0,39.1,21.0,0.0603,0
PHD_2026_0183,DOCTORATE,Male,31,5-10 LPA,0,6,4,0,0,3,0.35,1.15,0.7,Uttar Pradesh,UP,67.7,57.2,23.2,16.8,Bahraich,54.4,1,92.1,46.5,0.3943,0
PHD_2026_0184,DOCTORATE,Male,27,2-5 LPA,0,43,68,5,0,1,0.1,0.33,0.42,Karnataka,KA,75.4,68.1,36.2,12.0,Yadgir,39.4,1,81.2,36.5,0.2251,0
PHD_2026_0185,DOCTORATE,Male,24,2-5 LPA,1,46,20,1,3,3,0.38,0.44,0.69,Maharashtra,MH,82.3,75.9,32.3,11.2,Nandurbar,33.1,1,83.3,32.4,0.2562,1
PHD_2026_0186,DOCTORATE,Male,31,2-5 LPA,0,51,35,5,3,1,0.0,0.57,0.24,Gujarat,GJ,78.0,69.7,21.3,17.9,Narmada,32.4,1,89.5,30.5,0.0269,0
PHD_2026_0187,DOCTORATE,Male,28,>10 LPA,0,24,14,3,1,1,0.0,0.68,0.7,Madhya Pradesh,MP,69.3,59.2,24.8,18.5,Bhopal,9.4,0,19.1,23.4,0.0616,0
PHD_2026_0188,DOCTORATE,Female,31,2-5 LPA,0,63,62,2,4,1,0.44,0.23,0.11,Haryana,HR,75.6,65.9,29.8,12.5,Nuh / Mewat,44.8,1,88.6,47.0,0.0722,0
PHD_2026_0189,DOCTORATE,Female,32,2-5 LPA,0,20,26,4,0,1,0.1,0.77,0.5,Tamil Nadu,TN,80.1,73.4,51.4,8.1,Coimbatore,2.1,0,24.2,18.9,0.1124,0
PHD_2026_0190,DOCTORATE,Female,27,5-10 LPA,0,63,10,2,1,3,0.08,0.81,0.47,Maharashtra,MH,82.3,75.9,32.3,11.2,Pune,3.9,0,39.1,21.0,0.0994,0
PHD_2026_0191,DOCTORATE,Male,29,5-10 LPA,1,47,4,4,1,1,0.25,0.84,0.35,Karnataka,KA,75.4,68.1,36.2,12.0,Raichur,36.8,1,74.6,34.0,0.0639,0
PHD_2026_0192,DOCTORATE,Female,33,>10 LPA,0,61,3,8,2,2,0.26,1.1,0.45,Karnataka,KA,75.4,68.1,36.2,12.0,Bengaluru Urban,1.8,0,9.1,18.2,0.0725,0
PHD_2026_0193,DOCTORATE,Male,24,<2 LPA,1,13,6,6,1,1,0.0,1.09,0.61,Uttar Pradesh,UP,67.7,57.2,23.2,16.8,Shravasti,49.6,1,96.5,48.2,0.0408,0
PHD_2026_0194,DOCTORATE,Male,26,5-10 LPA,0,6,13,3,0,1,0.4,0.8,0.59,Uttar Pradesh,UP,67.7,57.2,23.2,16.8,Bahraich,54.4,1,92.1,46.5,0.1742,0
PHD_2026_0195,DOCTORATE,Female,30,<2 LPA,0,65,89,1,1,1,0.4,0.2,0.17,Gujarat,GJ,78.0,69.7,21.3,17.9,Dahod,40.5,1,88.0,38.1,0.5071,1
PHD_2026_0196,DOCTORATE,Male,32,<2 LPA,1,68,151,7,5,1,0.08,0.2,0.53,Madhya Pradesh,MP,69.3,59.2,24.8,18.5,Bhopal,9.4,0,19.1,23.4,0.1059,0
PHD_2026_0197,DOCTORATE,Male,32,5-10 LPA,0,23,52,2,1,1,0.22,0.58,0.22,Gujarat,GJ,78.0,69.7,21.3,17.9,Dahod,40.5,1,88.0,38.1,0.1228,0
PHD_2026_0198,DOCTORATE,Male,33,2-5 LPA,0,37,12,2,1,2,0.2,1.06,0.7,Madhya Pradesh,MP,69.3,59.2,24.8,18.5,Bhopal,9.4,0,19.1,23.4,0.1319,0
PHD_2026_0199,DOCTORATE,Male,29,5-10 LPA,0,61,8,4,0,1,0.0,0.88,0.45,Gujarat,GJ,78.0,69.7,21.3,17.9,Ahmedabad,3.8,0,15.9,20.2,0.0648,0
PHD_2026_0200,DOCTORATE,Female,28,2-5 LPA,0,47,39,3,2,2,0.54,0.59,0.64,Maharashtra,MH,82.3,75.9,32.3,11.2,Nandurbar,33.1,1,83.3,32.4,0.2775,0
PHD_2026_0201,DOCTORATE,Male,31,2-5 LPA,0,48,64,2,2,1,0.6,0.72,0.35,Kerala,KL,94.0,92.1,43.2,3.2,Thiruvananthapuram,0.9,0,46.2,15.2,0.198,0
PHD_2026_0202,DOCTORATE,Male,29,2-5 LPA,1,65,37,1,2,1,0.16,1.11,0.36,Maharashtra,MH,82.3,75.9,32.3,11.2,Gadchiroli,28.5,1,89.0,28.9,0.1055,0
PHD_2026_0203,DOCTORATE,Male,26,<2 LPA,0,35,18,4,2,1,0.0,1.15,0.39,Madhya Pradesh,MP,69.3,59.2,24.8,18.5,Indore,6.8,0,25.9,21.8,0.0258,0
PHD_2026_0204,DOCTORATE,Male,28,<2 LPA,0,23,17,4,1,1,0.23,0.92,0.37,Madhya Pradesh,MP,69.3,59.2,24.8,18.5,Bhopal,9.4,0,19.1,23.4,0.0716,0
PHD_2026_0205,DOCTORATE,Male,30,5-10 LPA,1,59,15,2,2,1,0.19,0.8,0.81,Bihar,BR,61.8,51.5,14.5,21.4,Gaya,38.6,1,86.8,36.2,0.0614,1
PHD_2026_0206,DOCTORATE,Female,24,>10 LPA,0,31,20,6,2,2,0.0,0.66,0.58,Maharashtra,MH,82.3,75.9,32.3,11.2,Gadchiroli,28.5,1,89.0,28.9,0.0753,0
PHD_2026_0207,DOCTORATE,Male,29,2-5 LPA,1,47,6,5,2,1,0.52,0.75,0.53,Tamil Nadu,TN,80.1,73.4,51.4,8.1,Coimbatore,2.1,0,24.2,18.9,0.089,0
PHD_2026_0208,DOCTORATE,Male,24,5-10 LPA,0,10,61,3,0,1,0.0,0.45,0.73,Tamil Nadu,TN,80.1,73.4,51.4,8.1,Coimbatore,2.1,0,24.2,18.9,0.1972,0
PHD_2026_0209,DOCTORATE,Male,31,>10 LPA,0,55,13,3,2,1,0.13,0.83,0.77,Madhya Pradesh,MP,69.3,59.2,24.8,18.5,Alirajpur,52.0,1,92.2,39.5,0.0503,0
PHD_2026_0210,DOCTORATE,Male,33,2-5 LPA,0,31,0,1,1,1,0.32,1.14,0.85,Haryana,HR,75.6,65.9,29.8,12.5,Gurugram,2.5,0,31.2,20.5,0.176,1
PHD_2026_0211,DOCTORATE,Female,28,<2 LPA,0,37,44,1,2,2,0.45,0.68,0.13,Kerala,KL,94.0,92.1,43.2,3.2,Wayanad,4.1,1,96.1,18.0,0.3385,0
PHD_2026_0212,DOCTORATE,Male,31,5-10 LPA,1,67,15,2,2,1,0.26,1.01,0.61,Haryana,HR,75.6,65.9,29.8,12.5,Nuh / Mewat,44.8,1,88.6,47.0,0.0544,0
PHD_2026_0213,DOCTORATE,Male,25,>10 LPA,1,25,48,1,2,1,0.22,0.37,0.51,Karnataka,KA,75.4,68.1,36.2,12.0,Bengaluru Urban,1.8,0,9.1,18.2,0.2168,0
PHD_2026_0214,DOCTORATE,Female,28,2-5 LPA,0,23,9,1,2,1,0.06,0.56,0.39,Madhya Pradesh,MP,69.3,59.2,24.8,18.5,Alirajpur,52.0,1,92.2,39.5,0.081,0
PHD_2026_0215,DOCTORATE,Male,31,<2 LPA,0,66,55,1,3,1,0.23,0.38,0.74,Gujarat,GJ,78.0,69.7,21.3,17.9,Narmada,32.4,1,89.5,30.5,0.1924,0
PHD_2026_0216,DOCTORATE,Male,30,<2 LPA,0,36,40,2,0,1,0.56,0.51,0.19,Madhya Pradesh,MP,69.3,59.2,24.8,18.5,Alirajpur,52.0,1,92.2,39.5,0.2844,0
PHD_2026_0217,DOCTORATE,Male,31,<2 LPA,0,23,53,7,0,1,0.28,0.48,0.41,Uttar Pradesh,UP,67.7,57.2,23.2,16.8,Varanasi,16.3,0,56.6,29.4,0.2366,0
PHD_2026_0218,DOCTORATE,Female,31,5-10 LPA,0,67,1,2,2,1,0.16,1.25,0.57,Kerala,KL,94.0,92.1,43.2,3.2,Thiruvananthapuram,0.9,0,46.2,15.2,0.0308,0
PHD_2026_0219,DOCTORATE,Male,28,5-10 LPA,0,33,7,3,1,1,0.24,0.86,0.35,Gujarat,GJ,78.0,69.7,21.3,17.9,Dahod,40.5,1,88.0,38.1,0.0654,0
PHD_2026_0220,DOCTORATE,Female,31,>10 LPA,0,45,31,1,1,1,0.61,0.56,0.6,Bihar,BR,61.8,51.5,14.5,21.4,Gaya,38.6,1,86.8,36.2,0.431,0
PHD_2026_0221,DOCTORATE,Male,27,2-5 LPA,0,50,40,4,2,1,0.04,0.7,0.38,Madhya Pradesh,MP,69.3,59.2,24.8,18.5,Indore,6.8,0,25.9,21.8,0.05,0
PHD_2026_0222,DOCTORATE,Male,26,<2 LPA,1,29,63,1,0,1,0.12,0.83,0.8,Rajasthan,RJ,66.1,52.1,26.0,17.2,Jaisalmer,31.8,1,86.7,33.2,0.3935,0
PHD_2026_0223,DOCTORATE,Female,26,2-5 LPA,0,57,11,3,4,1,0.52,1.26,0.54,Maharashtra,MH,82.3,75.9,32.3,11.2,Gadchiroli,28.5,1,89.0,28.9,0.0312,0
PHD_2026_0224,DOCTORATE,Female,26,<2 LPA,0,45,60,2,4,1,0.34,0.46,0.46,Uttar Pradesh,UP,67.7,57.2,23.2,16.8,Bahraich,54.4,1,92.1,46.5,0.0645,0
PHD_2026_0225,DOCTORATE,Male,31,5-10 LPA,0,59,14,3,1,1,0.32,0.9,0.51,Maharashtra,MH,82.3,75.9,32.3,11.2,Pune,3.9,0,39.1,21.0,0.0924,0
PHD_2026_0226,DOCTORATE,Female,33,5-10 LPA,1,14,23,2,1,2,0.43,0.64,0.46,Uttar Pradesh,UP,67.7,57.2,23.2,16.8,Bahraich,54.4,1,92.1,46.5,0.2412,0
PHD_2026_0227,DOCTORATE,Female,28,<2 LPA,1,53,69,5,1,2,0.29,0.74,0.11,Karnataka,KA,75.4,68.1,36.2,12.0,Raichur,36.8,1,74.6,34.0,0.2517,0
PHD_2026_0228,DOCTORATE,Male,30,2-5 LPA,0,59,0,5,0,1,0.0,0.96,0.35,Karnataka,KA,75.4,68.1,36.2,12.0,Yadgir,39.4,1,81.2,36.5,0.0516,0
PHD_2026_0229,DOCTORATE,Male,29,2-5 LPA,0,43,39,4,1,1,0.29,0.65,0.3,Bihar,BR,61.8,51.5,14.5,21.4,Gaya,38.6,1,86.8,36.2,0.1206,0
PHD_2026_0230,DOCTORATE,Female,29,5-10 LPA,0,59,50,3,4,1,0.2,0.46,0.3,Madhya Pradesh,MP,69.3,59.2,24.8,18.5,Alirajpur,52.0,1,92.2,39.5,0.0373,0
PHD_2026_0231,DOCTORATE,Female,24,5-10 LPA,0,10,15,1,0,1,0.19,0.84,0.72,Karnataka,KA,75.4,68.1,36.2,12.0,Bengaluru Urban,1.8,0,9.1,18.2,0.2545,0
PHD_2026_0232,DOCTORATE,Male,30,2-5 LPA,0,25,4,4,2,2,0.01,1.18,0.81,Madhya Pradesh,MP,69.3,59.2,24.8,18.5,Alirajpur,52.0,1,92.2,39.5,0.0541,0
PHD_2026_0233,DOCTORATE,Female,29,5-10 LPA,0,32,2,5,4,3,0.24,0.95,0.12,Gujarat,GJ,78.0,69.7,21.3,17.9,Dahod,40.5,1,88.0,38.1,0.0248,0
PHD_2026_0234,DOCTORATE,Male,27,2-5 LPA,0,62,46,2,1,1,0.41,0.6,0.74,Maharashtra,MH,82.3,75.9,32.3,11.2,Nandurbar,33.1,1,83.3,32.4,0.2218,0
PHD_2026_0235,DOCTORATE,Female,32,5-10 LPA,0,55,13,2,2,2,0.18,0.94,0.62,Rajasthan,RJ,66.1,52.1,26.0,17.2,Barmer,34.2,1,93.0,35.8,0.0861,0
PHD_2026_0236,DOCTORATE,Male,32,5-10 LPA,1,29,22,3,2,1,0.01,0.74,0.73,Uttar Pradesh,UP,67.7,57.2,23.2,16.8,Bahraich,54.4,1,92.1,46.5,0.0456,0
PHD_2026_0237,DOCTORATE,Female,25,>10 LPA,0,7,6,2,0,1,0.56,1.03,0.79,Uttar Pradesh,UP,67.7,57.2,23.2,16.8,Noida / Gautam Buddha Nagar,7.1,0,40.9,22.0,0.2124,0
PHD_2026_0238,DOCTORATE,Male,25,>10 LPA,0,48,8,4,5,1,0.25,0.71,0.2,Karnataka,KA,75.4,68.1,36.2,12.0,Yadgir,39.4,1,81.2,36.5,0.0115,0
PHD_2026_0239,DOCTORATE,Female,28,2-5 LPA,1,58,28,6,1,2,0.21,1.0,0.94,Tamil Nadu,TN,80.1,73.4,51.4,8.1,Ramanathapuram,7.8,1,69.7,22.1,0.1941,0
PHD_2026_0240,DOCTORATE,Female,24,<2 LPA,0,68,9,4,2,1,0.0,0.85,0.24,Gujarat,GJ,78.0,69.7,21.3,17.9,Dahod,40.5,1,88.0,38.1,0.0243,0
PHD_2026_0241,DOCTORATE,Female,26,<2 LPA,0,10,81,5,2,1,0.06,0.45,0.45,Bihar,BR,61.8,51.5,14.5,21.4,Katihar,48.7,1,91.1,44.3,0.1094,1
PHD_2026_0242,DOCTORATE,Male,32,<2 LPA,0,7,23,5,0,1,0.01,0.87,0.44,Kerala,KL,94.0,92.1,43.2,3.2,Wayanad,4.1,1,96.1,18.0,0.0808,0
PHD_2026_0243,DOCTORATE,Male,30,>10 LPA,1,51,37,3,3,1,0.41,0.71,0.32,Kerala,KL,94.0,92.1,43.2,3.2,Wayanad,4.1,1,96.1,18.0,0.0639,0
PHD_2026_0244,DOCTORATE,Male,29,2-5 LPA,1,39,44,3,2,2,0.59,0.79,0.37,Uttar Pradesh,UP,67.7,57.2,23.2,16.8,Noida / Gautam Buddha Nagar,7.1,0,40.9,22.0,0.2523,0
PHD_2026_0245,DOCTORATE,Female,32,2-5 LPA,0,48,31,4,0,1,0.04,0.78,0.53,Rajasthan,RJ,66.1,52.1,26.0,17.2,Kota,8.2,0,39.7,21.0,0.1081,0
PHD_2026_0246,DOCTORATE,Male,28,>10 LPA,0,64,17,2,5,3,0.51,1.29,0.72,Tamil Nadu,TN,80.1,73.4,51.4,8.1,Ramanathapuram,7.8,1,69.7,22.1,0.0446,0
PHD_2026_0247,DOCTORATE,Female,31,>10 LPA,0,71,0,3,6,1,0.08,0.88,0.27,Tamil Nadu,TN,80.1,73.4,51.4,8.1,Coimbatore,2.1,0,24.2,18.9,0.0043,0
PHD_2026_0248,DOCTORATE,Female,27,<2 LPA,0,42,34,2,3,2,0.39,0.72,0.34,Tamil Nadu,TN,80.1,73.4,51.4,8.1,Chennai,1.2,0,0.0,17.5,0.1075,0
PHD_2026_0249,DOCTORATE,Female,32,2-5 LPA,0,33,0,2,1,1,0.0,0.95,0.85,Madhya Pradesh,MP,69.3,59.2,24.8,18.5,Barwani,46.1,1,85.5,37.1,0.0483,0
PHD_2026_0250,DOCTORATE,Male,26,2-5 LPA,0,34,8,3,2,1,0.14,0.99,0.66,Madhya Pradesh,MP,69.3,59.2,24.8,18.5,Bhopal,9.4,0,19.1,23.4,0.0398,0
PHD_2026_0251,DOCTORATE,Male,29,<2 LPA,0,65,8,3,1,1,0.24,0.74,0.7,Rajasthan,RJ,66.1,52.1,26.0,17.2,Kota,8.2,0,39.7,21.0,0.0895,0
PHD_2026_0252,DOCTORATE,Female,27,2-5 LPA,0,46,1,8,1,2,0.0,1.04,0.87,Bihar,BR,61.8,51.5,14.5,21.4,Muzaffarpur,35.1,1,90.3,38.0,0.0868,0
PHD_2026_0253,DOCTORATE,Female,30,2-5 LPA,1,18,53,6,0,1,0.07,0.45,0.12,Rajasthan,RJ,66.1,52.1,26.0,17.2,Kota,8.2,0,39.7,21.0,0.1374,0
PHD_2026_0254,DOCTORATE,Male,32,<2 LPA,1,11,34,4,0,2,0.15,0.74,0.51,Uttar Pradesh,UP,67.7,57.2,23.2,16.8,Lucknow,8.5,0,33.8,24.1,0.2371,0
PHD_2026_0255,DOCTORATE,Female,28,2-5 LPA,1,26,20,3,2,1,0.11,0.74,0.29,Gujarat,GJ,78.0,69.7,21.3,17.9,Ahmedabad,3.8,0,15.9,20.2,0.0397,0
PHD_2026_0256,DOCTORATE,Female,30,5-10 LPA,1,68,51,0,1,1,0.2,0.48,0.43,Rajasthan,RJ,66.1,52.1,26.0,17.2,Jaipur,6.9,0,47.6,22.5,0.2759,0
PHD_2026_0257,DOCTORATE,Male,24,<2 LPA,0,15,19,2,0,2,0.41,1.0,0.48,Haryana,HR,75.6,65.9,29.8,12.5,Nuh / Mewat,44.8,1,88.6,47.0,0.2689,0
PHD_2026_0258,DOCTORATE,Male,28,5-10 LPA,0,65,8,4,2,1,0.18,1.11,0.85,Kerala,KL,94.0,92.1,43.2,3.2,Ernakulam,0.6,0,31.9,14.8,0.0472,0
PHD_2026_0259,DOCTORATE,Female,28,5-10 LPA,0,56,67,4,2,1,0.54,0.37,0.81,Madhya Pradesh,MP,69.3,59.2,24.8,18.5,Bhopal,9.4,0,19.1,23.4,0.2852,0
PHD_2026_0260,DOCTORATE,Female,28,2-5 LPA,1,44,178,5,2,1,0.8,0.2,0.41,Rajasthan,RJ,66.1,52.1,26.0,17.2,Jaipur,6.9,0,47.6,22.5,0.7527,1
PHD_2026_0261,DOCTORATE,Male,31,2-5 LPA,0,28,34,6,1,3,0.18,0.75,0.16,Kerala,KL,94.0,92.1,43.2,3.2,Ernakulam,0.6,0,31.9,14.8,0.138,0
PHD_2026_0262,DOCTORATE,Male,31,2-5 LPA,1,11,62,2,0,2,0.33,0.59,0.61,Tamil Nadu,TN,80.1,73.4,51.4,8.1,Chennai,1.2,0,0.0,17.5,0.4515,0
PHD_2026_0263,DOCTORATE,Male,28,2-5 LPA,0,71,71,1,0,1,0.43,0.64,0.88,Tamil Nadu,TN,80.1,73.4,51.4,8.1,Ramanathapuram,7.8,1,69.7,22.1,0.6317,1
PHD_2026_0264,DOCTORATE,Male,29,5-10 LPA,0,33,36,3,0,1,0.3,0.55,0.75,Kerala,KL,94.0,92.1,43.2,3.2,Wayanad,4.1,1,96.1,18.0,0.2358,0
PHD_2026_0265,DOCTORATE,Male,24,2-5 LPA,1,10,6,1,0,1,0.67,0.85,0.93,Madhya Pradesh,MP,69.3,59.2,24.8,18.5,Alirajpur,52.0,1,92.2,39.5,0.5001,1
PHD_2026_0266,DOCTORATE,Female,27,2-5 LPA,1,40,20,6,1,1,0.45,0.6,0.25,Madhya Pradesh,MP,69.3,59.2,24.8,18.5,Indore,6.8,0,25.9,21.8,0.1274,0
PHD_2026_0267,DOCTORATE,Female,24,2-5 LPA,0,32,1,3,0,3,0.13,0.78,0.68,Maharashtra,MH,82.3,75.9,32.3,11.2,Mumbai,2.1,0,0.0,19.5,0.1663,0
PHD_2026_0268,DOCTORATE,Male,28,2-5 LPA,0,38,37,2,0,3,0.27,0.46,0.23,Madhya Pradesh,MP,69.3,59.2,24.8,18.5,Bhopal,9.4,0,19.1,23.4,0.2865,0
PHD_2026_0269,DOCTORATE,Female,24,2-5 LPA,1,66,12,3,2,2,0.1,0.73,0.3,Uttar Pradesh,UP,67.7,57.2,23.2,16.8,Shravasti,49.6,1,96.5,48.2,0.0645,0
PHD_2026_0270,DOCTORATE,Female,31,5-10 LPA,0,38,13,2,1,1,0.15,0.76,0.82,Rajasthan,RJ,66.1,52.1,26.0,17.2,Barmer,34.2,1,93.0,35.8,0.0862,0
PHD_2026_0271,DOCTORATE,Female,25,2-5 LPA,0,45,14,2,2,1,0.11,0.62,0.48,Rajasthan,RJ,66.1,52.1,26.0,17.2,Jaipur,6.9,0,47.6,22.5,0.0451,0
PHD_2026_0272,DOCTORATE,Female,33,<2 LPA,0,39,5,4,1,1,0.07,0.79,0.08,Maharashtra,MH,82.3,75.9,32.3,11.2,Gadchiroli,28.5,1,89.0,28.9,0.0377,0
PHD_2026_0273,DOCTORATE,Male,31,2-5 LPA,0,48,3,5,0,1,0.0,0.64,0.52,Kerala,KL,94.0,92.1,43.2,3.2,Ernakulam,0.6,0,31.9,14.8,0.0721,0
PHD_2026_0274,DOCTORATE,Male,29,5-10 LPA,1,51,80,3,2,2,0.25,0.7,0.73,Uttar Pradesh,UP,67.7,57.2,23.2,16.8,Bahraich,54.4,1,92.1,46.5,0.2728,0
PHD_2026_0275,DOCTORATE,Female,29,5-10 LPA,0,32,0,4,1,1,0.26,1.0,0.65,Kerala,KL,94.0,92.1,43.2,3.2,Ernakulam,0.6,0,31.9,14.8,0.0691,0
PHD_2026_0276,DOCTORATE,Female,29,>10 LPA,0,45,0,5,1,1,0.0,1.18,0.54,Haryana,HR,75.6,65.9,29.8,12.5,Nuh / Mewat,44.8,1,88.6,47.0,0.0338,0
PHD_2026_0277,DOCTORATE,Male,33,5-10 LPA,0,24,54,2,1,1,0.95,0.28,0.31,Uttar Pradesh,UP,67.7,57.2,23.2,16.8,Balrampur,47.9,1,92.3,45.0,0.4797,0
PHD_2026_0278,DOCTORATE,Male,26,>10 LPA,0,33,40,3,0,1,0.35,0.71,0.71,Haryana,HR,75.6,65.9,29.8,12.5,Nuh / Mewat,44.8,1,88.6,47.0,0.2448,0
PHD_2026_0279,DOCTORATE,Female,29,2-5 LPA,1,11,46,4,0,2,0.0,0.67,0.62,Rajasthan,RJ,66.1,52.1,26.0,17.2,Jaipur,6.9,0,47.6,22.5,0.2324,0
PHD_2026_0280,DOCTORATE,Female,27,2-5 LPA,1,6,18,6,1,1,0.0,0.95,0.74,Bihar,BR,61.8,51.5,14.5,21.4,Patna,18.2,0,56.4,28.5,0.0575,0
PHD_2026_0281,DOCTORATE,Female,31,5-10 LPA,1,19,78,9,1,2,0.23,0.53,0.43,Maharashtra,MH,82.3,75.9,32.3,11.2,Gadchiroli,28.5,1,89.0,28.9,0.3284,0
PHD_2026_0282,DOCTORATE,Male,31,2-5 LPA,0,15,64,4,0,1,0.18,0.4,0.53,Kerala,KL,94.0,92.1,43.2,3.2,Wayanad,4.1,1,96.1,18.0,0.254,0
PHD_2026_0283,DOCTORATE,Male,29,5-10 LPA,0,47,35,5,1,1,0.23,0.98,0.51,Rajasthan,RJ,66.1,52.1,26.0,17.2,Barmer,34.2,1,93.0,35.8,0.0981,0
PHD_2026_0284,DOCTORATE,Male,24,>10 LPA,0,34,4,2,2,2,0.28,1.19,0.27,Karnataka,KA,75.4,68.1,36.2,12.0,Bengaluru Urban,1.8,0,9.1,18.2,0.0638,0
PHD_2026_0285,DOCTORATE,Male,25,2-5 LPA,1,23,20,2,1,3,0.16,0.51,0.44,Rajasthan,RJ,66.1,52.1,26.0,17.2,Jaipur,6.9,0,47.6,22.5,0.1522,0
PHD_2026_0286,DOCTORATE,Male,28,<2 LPA,1,49,61,4,1,1,0.72,0.29,0.19,Haryana,HR,75.6,65.9,29.8,12.5,Gurugram,2.5,0,31.2,20.5,0.3601,0
PHD_2026_0287,DOCTORATE,Male,29,>10 LPA,1,11,19,3,0,2,0.39,0.96,0.14,Gujarat,GJ,78.0,69.7,21.3,17.9,Narmada,32.4,1,89.5,30.5,0.2199,0
PHD_2026_0288,DOCTORATE,Female,25,>10 LPA,0,60,62,0,5,1,0.36,0.64,0.59,Kerala,KL,94.0,92.1,43.2,3.2,Ernakulam,0.6,0,31.9,14.8,0.0985,0
PHD_2026_0289,DOCTORATE,Female,28,5-10 LPA,0,10,6,2,0,1,0.1,1.04,0.42,Gujarat,GJ,78.0,69.7,21.3,17.9,Ahmedabad,3.8,0,15.9,20.2,0.0698,1
PHD_2026_0290,DOCTORATE,Male,29,2-5 LPA,1,53,101,1,1,1,0.87,0.2,0.46,Maharashtra,MH,82.3,75.9,32.3,11.2,Nandurbar,33.1,1,83.3,32.4,0.8109,1
PHD_2026_0291,DOCTORATE,Female,24,2-5 LPA,0,11,20,5,0,1,0.2,0.66,0.73,Tamil Nadu,TN,80.1,73.4,51.4,8.1,Ramanathapuram,7.8,1,69.7,22.1,0.1538,0
PHD_2026_0292,DOCTORATE,Male,29,<2 LPA,0,37,10,7,0,1,0.0,1.07,0.36,Rajasthan,RJ,66.1,52.1,26.0,17.2,Jaisalmer,31.8,1,86.7,33.2,0.0559,0
PHD_2026_0293,DOCTORATE,Female,31,5-10 LPA,0,50,54,4,1,2,0.57,0.42,0.89,Uttar Pradesh,UP,67.7,57.2,23.2,16.8,Varanasi,16.3,0,56.6,29.4,0.5169,1
PHD_2026_0294,DOCTORATE,Female,27,5-10 LPA,0,13,8,3,0,1,0.11,1.13,0.48,Gujarat,GJ,78.0,69.7,21.3,17.9,Dahod,40.5,1,88.0,38.1,0.0726,0
PHD_2026_0295,DOCTORATE,Female,28,2-5 LPA,0,12,127,5,0,2,0.12,0.2,0.54,Kerala,KL,94.0,92.1,43.2,3.2,Wayanad,4.1,1,96.1,18.0,0.6237,1
PHD_2026_0296,DOCTORATE,Male,33,5-10 LPA,0,67,17,2,4,1,0.31,0.85,0.42,Bihar,BR,61.8,51.5,14.5,21.4,Katihar,48.7,1,91.1,44.3,0.025,0
PHD_2026_0297,DOCTORATE,Female,24,5-10 LPA,1,41,59,2,1,1,0.24,0.35,0.45,Uttar Pradesh,UP,67.7,57.2,23.2,16.8,Shravasti,49.6,1,96.5,48.2,0.1826,0
PHD_2026_0298,DOCTORATE,Female,25,2-5 LPA,1,58,9,3,1,1,0.32,1.29,0.39,Tamil Nadu,TN,80.1,73.4,51.4,8.1,Coimbatore,2.1,0,24.2,18.9,0.0628,1
PHD_2026_0299,DOCTORATE,Female,27,5-10 LPA,0,31,38,3,1,1,0.23,0.57,0.28,Maharashtra,MH,82.3,75.9,32.3,11.2,Nandurbar,33.1,1,83.3,32.4,0.1089,0
PHD_2026_0300,DOCTORATE,Male,33,5-10 LPA,0,55,35,2,0,1,0.81,0.68,0.71,Haryana,HR,75.6,65.9,29.8,12.5,Nuh / Mewat,44.8,1,88.6,47.0,0.4554,0
PHD_2026_0301,DOCTORATE,Female,29,5-10 LPA,0,10,1,4,0,1,0.25,0.93,0.62,Tamil Nadu,TN,80.1,73.4,51.4,8.1,Coimbatore,2.1,0,24.2,18.9,0.1068,0
PHD_2026_0302,DOCTORATE,Female,31,5-10 LPA,0,66,48,4,1,1,0.5,0.63,0.61,Kerala,KL,94.0,92.1,43.2,3.2,Thiruvananthapuram,0.9,0,46.2,15.2,0.2385,1
PHD_2026_0303,DOCTORATE,Male,31,5-10 LPA,0,26,71,4,0,1,0.06,0.2,0.57,Madhya Pradesh,MP,69.3,59.2,24.8,18.5,Barwani,46.1,1,85.5,37.1,0.2499,0
PHD_2026_0304,DOCTORATE,Female,28,2-5 LPA,0,30,1,1,1,1,0.88,1.43,0.87,Gujarat,GJ,78.0,69.7,21.3,17.9,Ahmedabad,3.8,0,15.9,20.2,0.3876,0
PHD_2026_0305,DOCTORATE,Male,25,5-10 LPA,0,8,28,6,0,1,0.05,0.62,0.62,Madhya Pradesh,MP,69.3,59.2,24.8,18.5,Alirajpur,52.0,1,92.2,39.5,0.1227,0
PHD_2026_0306,DOCTORATE,Female,33,2-5 LPA,1,13,5,2,0,1,0.33,0.96,0.79,Tamil Nadu,TN,80.1,73.4,51.4,8.1,Chennai,1.2,0,0.0,17.5,0.1453,0
PHD_2026_0307,DOCTORATE,Male,30,<2 LPA,0,51,50,4,2,1,0.48,0.84,0.14,Haryana,HR,75.6,65.9,29.8,12.5,Nuh / Mewat,44.8,1,88.6,47.0,0.1101,0
PHD_2026_0308,DOCTORATE,Male,30,>10 LPA,0,28,75,1,0,1,0.55,0.43,0.42,Madhya Pradesh,MP,69.3,59.2,24.8,18.5,Indore,6.8,0,25.9,21.8,0.6527,1
PHD_2026_0309,DOCTORATE,Male,32,2-5 LPA,1,10,29,3,0,1,0.22,1.06,0.35,Maharashtra,MH,82.3,75.9,32.3,11.2,Mumbai,2.1,0,0.0,19.5,0.1129,0
PHD_2026_0310,DOCTORATE,Male,28,>10 LPA,0,26,22,4,0,1,0.4,0.89,0.18,Bihar,BR,61.8,51.5,14.5,21.4,Katihar,48.7,1,91.1,44.3,0.1421,0
PHD_2026_0311,DOCTORATE,Female,29,<2 LPA,0,25,34,1,0,1,0.67,0.66,0.41,Karnataka,KA,75.4,68.1,36.2,12.0,Raichur,36.8,1,74.6,34.0,0.5359,1
PHD_2026_0312,DOCTORATE,Female,24,2-5 LPA,1,54,61,4,2,1,0.22,0.86,0.42,Karnataka,KA,75.4,68.1,36.2,12.0,Raichur,36.8,1,74.6,34.0,0.0906,0
PHD_2026_0313,DOCTORATE,Male,33,2-5 LPA,0,20,52,3,0,1,0.85,0.73,0.36,Maharashtra,MH,82.3,75.9,32.3,11.2,Gadchiroli,28.5,1,89.0,28.9,0.473,0
PHD_2026_0314,DOCTORATE,Male,24,<2 LPA,0,52,11,4,0,1,0.21,0.7,0.06,Gujarat,GJ,78.0,69.7,21.3,17.9,Ahmedabad,3.8,0,15.9,20.2,0.087,0
PHD_2026_0315,DOCTORATE,Male,28,5-10 LPA,1,47,56,6,1,1,0.34,0.27,0.34,Uttar Pradesh,UP,67.7,57.2,23.2,16.8,Bahraich,54.4,1,92.1,46.5,0.2034,0
PHD_2026_0316,DOCTORATE,Male,26,5-10 LPA,0,32,61,6,0,1,0.62,0.89,0.39,Madhya Pradesh,MP,69.3,59.2,24.8,18.5,Bhopal,9.4,0,19.1,23.4,0.365,1
PHD_2026_0317,DOCTORATE,Female,29,>10 LPA,0,24,4,5,1,1,0.28,0.8,0.57,Gujarat,GJ,78.0,69.7,21.3,17.9,Narmada,32.4,1,89.5,30.5,0.0818,0
PHD_2026_0318,DOCTORATE,Female,29,2-5 LPA,1,36,3,5,0,3,0.0,0.47,0.8,Madhya Pradesh,MP,69.3,59.2,24.8,18.5,Barwani,46.1,1,85.5,37.1,0.17,0
PHD_2026_0319,DOCTORATE,Male,27,2-5 LPA,1,7,121,3,0,3,0.65,0.2,0.72,Bihar,BR,61.8,51.5,14.5,21.4,Gaya,38.6,1,86.8,36.2,0.8469,1
PHD_2026_0320,DOCTORATE,Male,33,2-5 LPA,1,17,6,4,0,2,0.02,0.85,0.45,Bihar,BR,61.8,51.5,14.5,21.4,Katihar,48.7,1,91.1,44.3,0.1213,0
PHD_2026_0321,DOCTORATE,Female,31,5-10 LPA,0,69,12,2,1,1,0.36,0.81,0.67,Gujarat,GJ,78.0,69.7,21.3,17.9,Narmada,32.4,1,89.5,30.5,0.1125,0
PHD_2026_0322,DOCTORATE,Female,30,2-5 LPA,0,32,1,1,1,2,0.09,0.55,0.14,Maharashtra,MH,82.3,75.9,32.3,11.2,Pune,3.9,0,39.1,21.0,0.1741,0
PHD_2026_0323,DOCTORATE,Male,28,5-10 LPA,0,35,37,0,2,1,0.25,0.68,0.67,Madhya Pradesh,MP,69.3,59.2,24.8,18.5,Barwani,46.1,1,85.5,37.1,0.1893,0
PHD_2026_0324,DOCTORATE,Female,33,5-10 LPA,0,63,1,1,2,1,0.39,0.98,0.6,Bihar,BR,61.8,51.5,14.5,21.4,Gaya,38.6,1,86.8,36.2,0.1296,0
PHD_2026_0325,DOCTORATE,Male,28,>10 LPA,0,7,10,5,0,1,0.25,0.78,0.83,Haryana,HR,75.6,65.9,29.8,12.5,Nuh / Mewat,44.8,1,88.6,47.0,0.1489,0
PHD_2026_0326,DOCTORATE,Female,28,5-10 LPA,0,29,16,3,2,3,0.06,0.81,0.5,Madhya Pradesh,MP,69.3,59.2,24.8,18.5,Bhopal,9.4,0,19.1,23.4,0.0693,0
PHD_2026_0327,DOCTORATE,Male,30,5-10 LPA,1,26,16,2,1,1,0.42,0.8,0.36,Madhya Pradesh,MP,69.3,59.2,24.8,18.5,Indore,6.8,0,25.9,21.8,0.1102,0
PHD_2026_0328,DOCTORATE,Male,24,5-10 LPA,1,23,7,2,0,1,0.0,0.67,0.47,Haryana,HR,75.6,65.9,29.8,12.5,Nuh / Mewat,44.8,1,88.6,47.0,0.0726,0
PHD_2026_0329,DOCTORATE,Male,25,5-10 LPA,0,70,32,3,3,1,0.5,0.76,0.74,Uttar Pradesh,UP,67.7,57.2,23.2,16.8,Varanasi,16.3,0,56.6,29.4,0.0932,0
PHD_2026_0330,DOCTORATE,Male,27,<2 LPA,0,25,13,2,1,1,0.46,1.04,0.75,Kerala,KL,94.0,92.1,43.2,3.2,Wayanad,4.1,1,96.1,18.0,0.1287,0
PHD_2026_0331,DOCTORATE,Female,32,<2 LPA,0,66,8,3,2,1,0.35,0.96,0.14,Madhya Pradesh,MP,69.3,59.2,24.8,18.5,Barwani,46.1,1,85.5,37.1,0.0437,0
PHD_2026_0332,DOCTORATE,Female,29,2-5 LPA,1,18,7,1,0,2,0.27,0.93,0.72,Gujarat,GJ,78.0,69.7,21.3,17.9,Dahod,40.5,1,88.0,38.1,0.3965,0
PHD_2026_0333,DOCTORATE,Female,24,5-10 LPA,1,19,1,4,1,1,0.44,0.93,0.12,Tamil Nadu,TN,80.1,73.4,51.4,8.1,Ramanathapuram,7.8,1,69.7,22.1,0.0733,0
PHD_2026_0334,DOCTORATE,Male,31,5-10 LPA,1,29,2,5,1,1,0.15,1.17,0.22,Haryana,HR,75.6,65.9,29.8,12.5,Gurugram,2.5,0,31.2,20.5,0.0381,1
PHD_2026_0335,DOCTORATE,Male,33,2-5 LPA,1,33,69,6,1,1,0.0,0.34,0.43,Madhya Pradesh,MP,69.3,59.2,24.8,18.5,Indore,6.8,0,25.9,21.8,0.1309,0
PHD_2026_0336,DOCTORATE,Male,30,2-5 LPA,1,57,80,5,3,1,0.28,0.55,0.54,Haryana,HR,75.6,65.9,29.8,12.5,Gurugram,2.5,0,31.2,20.5,0.1133,0
PHD_2026_0337,DOCTORATE,Female,28,<2 LPA,0,25,12,7,1,1,0.0,0.77,0.36,Uttar Pradesh,UP,67.7,57.2,23.2,16.8,Balrampur,47.9,1,92.3,45.0,0.0447,0
PHD_2026_0338,DOCTORATE,Male,30,5-10 LPA,0,16,12,6,1,2,0.24,0.78,0.85,Gujarat,GJ,78.0,69.7,21.3,17.9,Dahod,40.5,1,88.0,38.1,0.178,0
PHD_2026_0339,DOCTORATE,Female,25,2-5 LPA,1,34,37,2,2,1,0.5,0.92,0.41,Madhya Pradesh,MP,69.3,59.2,24.8,18.5,Indore,6.8,0,25.9,21.8,0.1102,0
PHD_2026_0340,DOCTORATE,Female,25,<2 LPA,0,42,18,2,2,1,0.42,0.55,0.54,Tamil Nadu,TN,80.1,73.4,51.4,8.1,Coimbatore,2.1,0,24.2,18.9,0.0975,0
PHD_2026_0341,DOCTORATE,Female,33,5-10 LPA,0,53,10,3,3,2,0.3,0.82,0.33,Haryana,HR,75.6,65.9,29.8,12.5,Nuh / Mewat,44.8,1,88.6,47.0,0.0606,0
PHD_2026_0342,DOCTORATE,Male,26,<2 LPA,1,11,9,3,1,2,0.15,0.81,0.66,Haryana,HR,75.6,65.9,29.8,12.5,Gurugram,2.5,0,31.2,20.5,0.1278,1
PHD_2026_0343,DOCTORATE,Male,29,5-10 LPA,1,66,0,3,1,3,0.26,1.28,0.16,Tamil Nadu,TN,80.1,73.4,51.4,8.1,Coimbatore,2.1,0,24.2,18.9,0.077,1
PHD_2026_0344,DOCTORATE,Female,26,2-5 LPA,0,14,61,3,1,1,0.47,0.29,0.19,Karnataka,KA,75.4,68.1,36.2,12.0,Yadgir,39.4,1,81.2,36.5,0.2443,0
PHD_2026_0345,DOCTORATE,Female,26,5-10 LPA,0,53,86,3,1,1,0.14,0.28,0.36,Madhya Pradesh,MP,69.3,59.2,24.8,18.5,Barwani,46.1,1,85.5,37.1,0.204,0
PHD_2026_0346,DOCTORATE,Male,26,2-5 LPA,0,70,43,6,3,1,0.0,0.79,0.75,Madhya Pradesh,MP,69.3,59.2,24.8,18.5,Bhopal,9.4,0,19.1,23.4,0.0386,0
PHD_2026_0347,DOCTORATE,Female,32,5-10 LPA,0,53,61,4,3,1,0.49,0.2,0.61,Haryana,HR,75.6,65.9,29.8,12.5,Gurugram,2.5,0,31.2,20.5,0.1661,0
PHD_2026_0348,DOCTORATE,Female,33,<2 LPA,1,12,1,4,1,2,0.5,1.32,0.82,Uttar Pradesh,UP,67.7,57.2,23.2,16.8,Balrampur,47.9,1,92.3,45.0,0.1873,0
PHD_2026_0349,DOCTORATE,Male,33,<2 LPA,0,60,24,6,1,1,0.23,0.6,0.11,Maharashtra,MH,82.3,75.9,32.3,11.2,Pune,3.9,0,39.1,21.0,0.0785,0
PHD_2026_0350,DOCTORATE,Female,28,5-10 LPA,1,17,2,1,0,1,0.36,0.68,0.41,Kerala,KL,94.0,92.1,43.2,3.2,Thiruvananthapuram,0.9,0,46.2,15.2,0.262,0
PHD_2026_0351,DOCTORATE,Male,30,5-10 LPA,0,44,180,1,4,2,0.62,0.2,0.48,Bihar,BR,61.8,51.5,14.5,21.4,Patna,18.2,0,56.4,28.5,0.8034,1
PHD_2026_0352,DOCTORATE,Female,33,2-5 LPA,0,29,5,0,2,1,0.31,0.96,0.35,Gujarat,GJ,78.0,69.7,21.3,17.9,Dahod,40.5,1,88.0,38.1,0.0996,0
PHD_2026_0353,DOCTORATE,Male,29,>10 LPA,1,52,180,5,2,1,0.55,0.2,0.77,Madhya Pradesh,MP,69.3,59.2,24.8,18.5,Indore,6.8,0,25.9,21.8,0.7061,1
PHD_2026_0354,DOCTORATE,Female,29,>10 LPA,0,48,137,4,1,1,0.32,0.2,0.38,Kerala,KL,94.0,92.1,43.2,3.2,Ernakulam,0.6,0,31.9,14.8,0.4687,0
PHD_2026_0355,DOCTORATE,Male,27,>10 LPA,0,63,24,2,0,1,0.71,0.77,0.27,Rajasthan,RJ,66.1,52.1,26.0,17.2,Barmer,34.2,1,93.0,35.8,0.2843,0
PHD_2026_0356,DOCTORATE,Female,29,2-5 LPA,1,34,61,2,1,1,0.46,0.61,0.34,Rajasthan,RJ,66.1,52.1,26.0,17.2,Jaisalmer,31.8,1,86.7,33.2,0.2242,0
PHD_2026_0357,DOCTORATE,Male,32,<2 LPA,0,30,39,0,2,2,0.33,0.52,0.83,Tamil Nadu,TN,80.1,73.4,51.4,8.1,Chennai,1.2,0,0.0,17.5,0.4072,0
PHD_2026_0358,DOCTORATE,Female,28,5-10 LPA,0,60,35,5,2,1,0.22,0.64,0.39,Madhya Pradesh,MP,69.3,59.2,24.8,18.5,Indore,6.8,0,25.9,21.8,0.0697,0
PHD_2026_0359,DOCTORATE,Male,27,2-5 LPA,1,10,0,4,0,1,0.0,0.99,0.39,Rajasthan,RJ,66.1,52.1,26.0,17.2,Jaisalmer,31.8,1,86.7,33.2,0.052,0
PHD_2026_0360,DOCTORATE,Female,25,<2 LPA,1,11,42,3,0,1,0.06,0.77,0.91,Madhya Pradesh,MP,69.3,59.2,24.8,18.5,Indore,6.8,0,25.9,21.8,0.1636,0
PHD_2026_0361,DOCTORATE,Male,33,<2 LPA,0,25,5,1,1,2,0.18,0.74,0.94,Karnataka,KA,75.4,68.1,36.2,12.0,Raichur,36.8,1,74.6,34.0,0.3071,0
PHD_2026_0362,DOCTORATE,Male,33,5-10 LPA,0,30,67,2,0,1,0.41,0.45,0.18,Karnataka,KA,75.4,68.1,36.2,12.0,Bengaluru Urban,1.8,0,9.1,18.2,0.3067,0
PHD_2026_0363,DOCTORATE,Female,31,<2 LPA,0,48,14,3,3,1,0.4,0.94,0.46,Gujarat,GJ,78.0,69.7,21.3,17.9,Ahmedabad,3.8,0,15.9,20.2,0.0437,0
PHD_2026_0364,DOCTORATE,Male,24,2-5 LPA,0,11,10,5,0,2,0.12,0.85,0.32,Rajasthan,RJ,66.1,52.1,26.0,17.2,Jaisalmer,31.8,1,86.7,33.2,0.1406,0
PHD_2026_0365,DOCTORATE,Female,26,<2 LPA,0,38,3,1,1,1,0.73,1.03,0.74,Kerala,KL,94.0,92.1,43.2,3.2,Ernakulam,0.6,0,31.9,14.8,0.3548,0
PHD_2026_0366,DOCTORATE,Female,29,5-10 LPA,1,30,48,4,1,1,0.61,0.43,0.58,Tamil Nadu,TN,80.1,73.4,51.4,8.1,Ramanathapuram,7.8,1,69.7,22.1,0.3081,0
PHD_2026_0367,DOCTORATE,Female,30,5-10 LPA,1,41,47,1,1,1,0.34,0.57,0.51,Bihar,BR,61.8,51.5,14.5,21.4,Gaya,38.6,1,86.8,36.2,0.3284,0
PHD_2026_0368,DOCTORATE,Female,28,2-5 LPA,0,25,3,4,1,1,0.24,1.07,0.66,Karnataka,KA,75.4,68.1,36.2,12.0,Bengaluru Urban,1.8,0,9.1,18.2,0.068,0
PHD_2026_0369,DOCTORATE,Male,24,5-10 LPA,1,42,9,1,1,2,0.21,0.57,0.51,Karnataka,KA,75.4,68.1,36.2,12.0,Raichur,36.8,1,74.6,34.0,0.2872,0
PHD_2026_0370,DOCTORATE,Male,28,2-5 LPA,0,33,27,3,0,1,0.22,0.92,0.32,Gujarat,GJ,78.0,69.7,21.3,17.9,Ahmedabad,3.8,0,15.9,20.2,0.1167,0
PHD_2026_0371,DOCTORATE,Female,28,<2 LPA,0,63,3,7,2,1,0.32,1.1,0.52,Karnataka,KA,75.4,68.1,36.2,12.0,Yadgir,39.4,1,81.2,36.5,0.0464,0
PHD_2026_0372,DOCTORATE,Female,27,5-10 LPA,0,71,35,5,1,1,0.0,0.89,0.31,Haryana,HR,75.6,65.9,29.8,12.5,Gurugram,2.5,0,31.2,20.5,0.0559,0
PHD_2026_0373,DOCTORATE,Male,27,5-10 LPA,0,64,13,3,5,2,0.37,0.71,0.53,Tamil Nadu,TN,80.1,73.4,51.4,8.1,Chennai,1.2,0,0.0,17.5,0.0385,0
PHD_2026_0374,DOCTORATE,Male,29,2-5 LPA,0,46,24,3,0,1,0.46,0.79,0.34,Madhya Pradesh,MP,69.3,59.2,24.8,18.5,Alirajpur,52.0,1,92.2,39.5,0.1905,0
PHD_2026_0375,DOCTORATE,Female,33,2-5 LPA,0,62,2,3,3,3,0.23,1.1,0.29,Maharashtra,MH,82.3,75.9,32.3,11.2,Gadchiroli,28.5,1,89.0,28.9,0.0388,0
PHD_2026_0376,DOCTORATE,Female,33,<2 LPA,1,16,15,2,0,1,0.67,0.8,0.33,Haryana,HR,75.6,65.9,29.8,12.5,Gurugram,2.5,0,31.2,20.5,0.2423,0
PHD_2026_0377,DOCTORATE,Female,32,2-5 LPA,1,8,37,5,0,2,0.41,0.82,0.61,Maharashtra,MH,82.3,75.9,32.3,11.2,Mumbai,2.1,0,0.0,19.5,0.3702,0
PHD_2026_0378,DOCTORATE,Male,26,2-5 LPA,0,51,12,2,2,1,0.54,1.24,0.16,Haryana,HR,75.6,65.9,29.8,12.5,Nuh / Mewat,44.8,1,88.6,47.0,0.0591,0
PHD_2026_0379,DOCTORATE,Male,30,<2 LPA,1,24,68,4,4,2,0.32,0.52,0.4,Maharashtra,MH,82.3,75.9,32.3,11.2,Nandurbar,33.1,1,83.3,32.4,0.1154,0
PHD_2026_0380,DOCTORATE,Female,28,<2 LPA,1,42,18,3,3,2,0.56,0.44,0.68,Madhya Pradesh,MP,69.3,59.2,24.8,18.5,Alirajpur,52.0,1,92.2,39.5,0.1736,0
PHD_2026_0381,DOCTORATE,Male,27,>10 LPA,1,37,100,6,0,1,0.32,0.22,0.61,Madhya Pradesh,MP,69.3,59.2,24.8,18.5,Bhopal,9.4,0,19.1,23.4,0.4812,0
PHD_2026_0382,DOCTORATE,Male,24,<2 LPA,0,44,64,3,2,1,0.39,0.42,0.09,Tamil Nadu,TN,80.1,73.4,51.4,8.1,Coimbatore,2.1,0,24.2,18.9,0.1343,0
PHD_2026_0383,DOCTORATE,Male,33,2-5 LPA,0,17,18,4,0,2,0.26,1.05,0.66,Maharashtra,MH,82.3,75.9,32.3,11.2,Pune,3.9,0,39.1,21.0,0.2256,1
PHD_2026_0384,DOCTORATE,Male,24,2-5 LPA,1,21,26,2,2,1,0.41,0.98,0.6,Karnataka,KA,75.4,68.1,36.2,12.0,Yadgir,39.4,1,81.2,36.5,0.0879,0
PHD_2026_0385,DOCTORATE,Male,30,5-10 LPA,0,52,15,4,3,2,0.52,0.85,0.15,Maharashtra,MH,82.3,75.9,32.3,11.2,Pune,3.9,0,39.1,21.0,0.0893,0
PHD_2026_0386,DOCTORATE,Female,33,5-10 LPA,0,23,65,2,0,1,0.63,0.25,0.9,Madhya Pradesh,MP,69.3,59.2,24.8,18.5,Barwani,46.1,1,85.5,37.1,0.5682,1
PHD_2026_0387,DOCTORATE,Male,32,<2 LPA,0,26,30,3,0,1,0.26,1.17,0.49,Gujarat,GJ,78.0,69.7,21.3,17.9,Dahod,40.5,1,88.0,38.1,0.1293,0
PHD_2026_0388,DOCTORATE,Male,27,5-10 LPA,0,18,59,4,0,2,0.0,0.62,0.61,Bihar,BR,61.8,51.5,14.5,21.4,Purnia,50.4,1,89.2,42.1,0.2728,0
PHD_2026_0389,DOCTORATE,Female,24,2-5 LPA,0,26,7,2,1,1,0.25,1.06,0.81,Bihar,BR,61.8,51.5,14.5,21.4,Katihar,48.7,1,91.1,44.3,0.0814,0
PHD_2026_0390,DOCTORATE,Male,31,2-5 LPA,0,13,42,5,0,1,0.12,0.69,0.27,Haryana,HR,75.6,65.9,29.8,12.5,Nuh / Mewat,44.8,1,88.6,47.0,0.1281,1
PHD_2026_0391,DOCTORATE,Male,27,5-10 LPA,0,57,24,3,2,1,0.4,0.95,0.35,Tamil Nadu,TN,80.1,73.4,51.4,8.1,Coimbatore,2.1,0,24.2,18.9,0.0718,0
PHD_2026_0392,DOCTORATE,Female,29,5-10 LPA,0,33,42,0,0,2,0.42,0.51,0.41,Tamil Nadu,TN,80.1,73.4,51.4,8.1,Coimbatore,2.1,0,24.2,18.9,0.6103,1
PHD_2026_0393,DOCTORATE,Female,24,>10 LPA,0,38,85,3,1,2,0.37,0.45,0.77,Uttar Pradesh,UP,67.7,57.2,23.2,16.8,Balrampur,47.9,1,92.3,45.0,0.5021,1
PHD_2026_0394,DOCTORATE,Female,33,2-5 LPA,0,54,8,5,3,1,0.04,0.75,0.35,Maharashtra,MH,82.3,75.9,32.3,11.2,Nandurbar,33.1,1,83.3,32.4,0.0192,0
PHD_2026_0395,DOCTORATE,Female,24,2-5 LPA,1,46,68,5,2,1,0.35,0.63,0.37,Kerala,KL,94.0,92.1,43.2,3.2,Wayanad,4.1,1,96.1,18.0,0.1409,0
PHD_2026_0396,DOCTORATE,Male,28,2-5 LPA,0,19,14,2,1,1,0.0,0.92,0.82,Madhya Pradesh,MP,69.3,59.2,24.8,18.5,Alirajpur,52.0,1,92.2,39.5,0.0586,0
PHD_2026_0397,DOCTORATE,Female,30,2-5 LPA,0,65,69,1,1,1,0.35,0.2,0.19,Bihar,BR,61.8,51.5,14.5,21.4,Katihar,48.7,1,91.1,44.3,0.4077,0
PHD_2026_0398,DOCTORATE,Male,33,5-10 LPA,1,53,39,4,4,1,0.54,0.6,0.42,Gujarat,GJ,78.0,69.7,21.3,17.9,Ahmedabad,3.8,0,15.9,20.2,0.0649,0
PHD_2026_0399,DOCTORATE,Male,30,5-10 LPA,0,39,5,5,2,1,0.0,0.51,0.39,Bihar,BR,61.8,51.5,14.5,21.4,Muzaffarpur,35.1,1,90.3,38.0,0.0311,1
PHD_2026_0400,DOCTORATE,Female,25,<2 LPA,0,66,58,3,3,1,0.03,0.26,0.75,Bihar,BR,61.8,51.5,14.5,21.4,Gaya,38.6,1,86.8,36.2,0.0692,0
PHD_2026_0401,DOCTORATE,Female,27,2-5 LPA,0,47,8,3,2,3,0.0,1.23,0.56,Gujarat,GJ,78.0,69.7,21.3,17.9,Dahod,40.5,1,88.0,38.1,0.0453,0
PHD_2026_0402,DOCTORATE,Male,29,5-10 LPA,1,35,47,3,1,2,0.22,0.42,0.27,Gujarat,GJ,78.0,69.7,21.3,17.9,Dahod,40.5,1,88.0,38.1,0.222,1
PHD_2026_0403,DOCTORATE,Female,28,5-10 LPA,0,64,84,5,2,1,0.17,0.62,0.38,Kerala,KL,94.0,92.1,43.2,3.2,Thiruvananthapuram,0.9,0,46.2,15.2,0.1248,0
PHD_2026_0404,DOCTORATE,Female,26,2-5 LPA,1,43,40,2,3,1,0.31,1.1,0.38,Maharashtra,MH,82.3,75.9,32.3,11.2,Nandurbar,33.1,1,83.3,32.4,0.0449,0
PHD_2026_0405,DOCTORATE,Male,33,5-10 LPA,0,54,39,3,0,1,0.51,0.54,0.68,Tamil Nadu,TN,80.1,73.4,51.4,8.1,Chennai,1.2,0,0.0,17.5,0.3312,1
PHD_2026_0406,DOCTORATE,Female,25,2-5 LPA,0,61,75,6,0,1,0.65,0.2,0.71,Haryana,HR,75.6,65.9,29.8,12.5,Nuh / Mewat,44.8,1,88.6,47.0,0.5898,1
PHD_2026_0407,DOCTORATE,Female,25,2-5 LPA,0,14,39,5,2,3,0.0,0.89,0.2,Gujarat,GJ,78.0,69.7,21.3,17.9,Dahod,40.5,1,88.0,38.1,0.0661,0
PHD_2026_0408,DOCTORATE,Male,33,2-5 LPA,0,21,18,2,3,1,0.71,0.89,0.25,Haryana,HR,75.6,65.9,29.8,12.5,Gurugram,2.5,0,31.2,20.5,0.0787,0
PHD_2026_0409,DOCTORATE,Male,31,2-5 LPA,0,44,29,4,0,1,0.4,0.93,0.75,Kerala,KL,94.0,92.1,43.2,3.2,Wayanad,4.1,1,96.1,18.0,0.2177,0
PHD_2026_0410,DOCTORATE,Male,30,2-5 LPA,0,15,83,0,2,1,0.64,0.2,0.18,Madhya Pradesh,MP,69.3,59.2,24.8,18.5,Alirajpur,52.0,1,92.2,39.5,0.5036,1
PHD_2026_0411,DOCTORATE,Male,25,>10 LPA,0,54,45,6,2,1,0.0,0.7,0.05,Kerala,KL,94.0,92.1,43.2,3.2,Thiruvananthapuram,0.9,0,46.2,15.2,0.0388,0
PHD_2026_0412,DOCTORATE,Female,25,2-5 LPA,0,58,9,4,5,2,0.0,1.08,0.36,Maharashtra,MH,82.3,75.9,32.3,11.2,Mumbai,2.1,0,0.0,19.5,0.0116,0
PHD_2026_0413,DOCTORATE,Male,26,<2 LPA,1,46,32,4,2,1,0.11,0.63,0.07,Madhya Pradesh,MP,69.3,59.2,24.8,18.5,Indore,6.8,0,25.9,21.8,0.0426,0
PHD_2026_0414,DOCTORATE,Female,28,2-5 LPA,1,71,15,3,5,2,0.23,1.01,0.61,Bihar,BR,61.8,51.5,14.5,21.4,Patna,18.2,0,56.4,28.5,0.0263,1
PHD_2026_0415,DOCTORATE,Female,30,>10 LPA,0,23,53,2,0,2,0.63,0.68,0.43,Karnataka,KA,75.4,68.1,36.2,12.0,Yadgir,39.4,1,81.2,36.5,0.5356,1
PHD_2026_0416,DOCTORATE,Male,32,2-5 LPA,1,32,19,6,0,1,0.0,0.77,0.33,Tamil Nadu,TN,80.1,73.4,51.4,8.1,Coimbatore,2.1,0,24.2,18.9,0.0737,0
PHD_2026_0417,DOCTORATE,Male,26,2-5 LPA,1,29,3,6,0,2,0.12,0.67,0.17,Maharashtra,MH,82.3,75.9,32.3,11.2,Gadchiroli,28.5,1,89.0,28.9,0.1278,0
PHD_2026_0418,DOCTORATE,Male,33,5-10 LPA,0,13,1,4,0,1,0.16,0.92,0.25,Karnataka,KA,75.4,68.1,36.2,12.0,Bengaluru Urban,1.8,0,9.1,18.2,0.0692,0
PHD_2026_0419,DOCTORATE,Female,31,>10 LPA,0,60,9,3,1,1,0.41,1.39,0.53,Madhya Pradesh,MP,69.3,59.2,24.8,18.5,Indore,6.8,0,25.9,21.8,0.0795,0
PHD_2026_0420,DOCTORATE,Female,26,5-10 LPA,1,63,0,4,1,1,0.13,1.0,0.79,Gujarat,GJ,78.0,69.7,21.3,17.9,Dahod,40.5,1,88.0,38.1,0.0592,0
PHD_2026_0421,DOCTORATE,Female,33,2-5 LPA,0,23,44,5,1,1,0.35,0.35,0.88,Karnataka,KA,75.4,68.1,36.2,12.0,Yadgir,39.4,1,81.2,36.5,0.2387,0
PHD_2026_0422,DOCTORATE,Male,26,2-5 LPA,1,35,5,1,0,1,0.2,1.39,0.65,Uttar Pradesh,UP,67.7,57.2,23.2,16.8,Varanasi,16.3,0,56.6,29.4,0.1715,1
PHD_2026_0423,DOCTORATE,Male,27,<2 LPA,0,16,42,3,1,1,0.31,0.75,0.45,Tamil Nadu,TN,80.1,73.4,51.4,8.1,Ramanathapuram,7.8,1,69.7,22.1,0.1369,0
PHD_2026_0424,DOCTORATE,Female,25,<2 LPA,0,46,32,2,2,1,0.68,0.86,0.68,Tamil Nadu,TN,80.1,73.4,51.4,8.1,Coimbatore,2.1,0,24.2,18.9,0.1775,0
PHD_2026_0425,DOCTORATE,Male,25,<2 LPA,1,59,8,1,1,1,0.22,0.99,0.49,Kerala,KL,94.0,92.1,43.2,3.2,Wayanad,4.1,1,96.1,18.0,0.1387,0
PHD_2026_0426,DOCTORATE,Female,31,5-10 LPA,0,10,12,3,0,1,0.36,1.21,0.59,Gujarat,GJ,78.0,69.7,21.3,17.9,Dahod,40.5,1,88.0,38.1,0.1283,0
PHD_2026_0427,DOCTORATE,Male,32,2-5 LPA,0,20,48,5,1,1,0.21,0.84,0.71,Maharashtra,MH,82.3,75.9,32.3,11.2,Pune,3.9,0,39.1,21.0,0.1372,0
PHD_2026_0428,DOCTORATE,Male,33,2-5 LPA,0,48,83,4,1,1,0.27,0.2,0.56,Haryana,HR,75.6,65.9,29.8,12.5,Nuh / Mewat,44.8,1,88.6,47.0,0.2859,0
PHD_2026_0429,DOCTORATE,Female,24,2-5 LPA,0,9,65,3,0,1,0.02,0.29,0.25,Gujarat,GJ,78.0,69.7,21.3,17.9,Dahod,40.5,1,88.0,38.1,0.1723,0
PHD_2026_0430,DOCTORATE,Male,24,>10 LPA,0,70,27,7,1,2,0.23,0.89,0.66,Kerala,KL,94.0,92.1,43.2,3.2,Wayanad,4.1,1,96.1,18.0,0.178,0
PHD_2026_0431,DOCTORATE,Female,31,2-5 LPA,0,20,17,2,2,1,0.1,0.93,0.66,Uttar Pradesh,UP,67.7,57.2,23.2,16.8,Shravasti,49.6,1,96.5,48.2,0.0433,0
PHD_2026_0432,DOCTORATE,Female,32,5-10 LPA,0,69,121,1,2,2,0.38,0.2,0.39,Haryana,HR,75.6,65.9,29.8,12.5,Gurugram,2.5,0,31.2,20.5,0.697,1
PHD_2026_0433,DOCTORATE,Female,27,2-5 LPA,0,46,1,2,0,3,0.64,1.16,0.49,Haryana,HR,75.6,65.9,29.8,12.5,Nuh / Mewat,44.8,1,88.6,47.0,0.3005,0
PHD_2026_0434,DOCTORATE,Female,24,5-10 LPA,0,47,88,9,1,1,0.0,0.29,0.59,Madhya Pradesh,MP,69.3,59.2,24.8,18.5,Bhopal,9.4,0,19.1,23.4,0.1879,0
PHD_2026_0435,DOCTORATE,Female,29,2-5 LPA,1,53,30,3,1,2,0.22,0.88,0.25,Uttar Pradesh,UP,67.7,57.2,23.2,16.8,Bahraich,54.4,1,92.1,46.5,0.1404,0
PHD_2026_0436,DOCTORATE,Female,27,5-10 LPA,1,48,27,5,1,1,0.24,0.64,0.43,Maharashtra,MH,82.3,75.9,32.3,11.2,Mumbai,2.1,0,0.0,19.5,0.1018,0
PHD_2026_0437,DOCTORATE,Male,32,2-5 LPA,1,59,11,3,3,1,0.35,0.84,0.28,Rajasthan,RJ,66.1,52.1,26.0,17.2,Barmer,34.2,1,93.0,35.8,0.035,0
PHD_2026_0438,DOCTORATE,Female,28,2-5 LPA,0,65,91,2,1,2,0.29,0.2,0.46,Uttar Pradesh,UP,67.7,57.2,23.2,16.8,Bahraich,54.4,1,92.1,46.5,0.4562,1
PHD_2026_0439,DOCTORATE,Male,24,2-5 LPA,1,25,19,4,0,1,0.49,0.96,0.42,Karnataka,KA,75.4,68.1,36.2,12.0,Yadgir,39.4,1,81.2,36.5,0.1813,0
PHD_2026_0440,DOCTORATE,Male,24,5-10 LPA,0,9,13,1,1,3,0.16,0.62,0.57,Madhya Pradesh,MP,69.3,59.2,24.8,18.5,Indore,6.8,0,25.9,21.8,0.2801,0
PHD_2026_0441,DOCTORATE,Male,27,5-10 LPA,0,12,40,3,0,1,0.4,0.47,0.37,Kerala,KL,94.0,92.1,43.2,3.2,Ernakulam,0.6,0,31.9,14.8,0.2474,0
PHD_2026_0442,DOCTORATE,Female,24,2-5 LPA,0,46,27,7,0,1,0.13,0.56,0.64,Haryana,HR,75.6,65.9,29.8,12.5,Nuh / Mewat,44.8,1,88.6,47.0,0.1451,0
PHD_2026_0443,DOCTORATE,Male,32,2-5 LPA,0,36,23,3,2,1,0.64,0.75,0.29,Haryana,HR,75.6,65.9,29.8,12.5,Gurugram,2.5,0,31.2,20.5,0.1217,0
PHD_2026_0444,DOCTORATE,Female,25,<2 LPA,0,27,6,0,2,2,0.78,0.92,0.5,Rajasthan,RJ,66.1,52.1,26.0,17.2,Jaisalmer,31.8,1,86.7,33.2,0.4078,0
PHD_2026_0445,DOCTORATE,Male,28,<2 LPA,0,9,3,2,0,1,0.43,1.11,0.62,Gujarat,GJ,78.0,69.7,21.3,17.9,Ahmedabad,3.8,0,15.9,20.2,0.1394,0
PHD_2026_0446,DOCTORATE,Male,33,<2 LPA,0,65,60,5,1,3,0.24,0.77,0.54,Karnataka,KA,75.4,68.1,36.2,12.0,Bengaluru Urban,1.8,0,9.1,18.2,0.264,0
PHD_2026_0447,DOCTORATE,Male,29,>10 LPA,0,29,33,0,1,1,0.39,0.84,0.62,Haryana,HR,75.6,65.9,29.8,12.5,Nuh / Mewat,44.8,1,88.6,47.0,0.2898,0
PHD_2026_0448,DOCTORATE,Male,30,2-5 LPA,1,68,1,4,4,1,0.18,0.71,0.76,Kerala,KL,94.0,92.1,43.2,3.2,Wayanad,4.1,1,96.1,18.0,0.0207,0
PHD_2026_0449,DOCTORATE,Male,24,5-10 LPA,0,28,23,6,0,1,0.04,0.65,0.5,Bihar,BR,61.8,51.5,14.5,21.4,Katihar,48.7,1,91.1,44.3,0.101,0
PHD_2026_0450,DOCTORATE,Male,30,2-5 LPA,1,60,11,1,2,1,0.02,1.04,0.34,Maharashtra,MH,82.3,75.9,32.3,11.2,Gadchiroli,28.5,1,89.0,28.9,0.057,0
PHD_2026_0451,DOCTORATE,Female,31,<2 LPA,0,25,55,4,1,2,0.01,0.61,0.6,Bihar,BR,61.8,51.5,14.5,21.4,Katihar,48.7,1,91.1,44.3,0.187,0
PHD_2026_0452,DOCTORATE,Male,27,5-10 LPA,0,59,33,2,3,1,0.33,0.95,0.4,Bihar,BR,61.8,51.5,14.5,21.4,Katihar,48.7,1,91.1,44.3,0.0473,0
PHD_2026_0453,DOCTORATE,Female,27,2-5 LPA,0,69,4,3,3,1,0.0,1.25,0.29,Bihar,BR,61.8,51.5,14.5,21.4,Muzaffarpur,35.1,1,90.3,38.0,0.0119,0
PHD_2026_0454,DOCTORATE,Female,27,5-10 LPA,1,67,1,3,5,1,0.15,0.96,0.73,Tamil Nadu,TN,80.1,73.4,51.4,8.1,Ramanathapuram,7.8,1,69.7,22.1,0.0106,0
PHD_2026_0455,DOCTORATE,Female,30,2-5 LPA,0,21,52,6,0,1,0.32,0.5,0.54,Kerala,KL,94.0,92.1,43.2,3.2,Thiruvananthapuram,0.9,0,46.2,15.2,0.267,0
PHD_2026_0456,DOCTORATE,Male,31,<2 LPA,1,24,50,3,3,1,0.33,0.64,0.23,Haryana,HR,75.6,65.9,29.8,12.5,Nuh / Mewat,44.8,1,88.6,47.0,0.0634,0
PHD_2026_0457,DOCTORATE,Female,33,5-10 LPA,1,68,44,4,0,1,0.54,0.69,0.59,Madhya Pradesh,MP,69.3,59.2,24.8,18.5,Barwani,46.1,1,85.5,37.1,0.3247,0
PHD_2026_0458,DOCTORATE,Male,26,5-10 LPA,0,30,4,4,4,2,0.4,0.96,0.29,Haryana,HR,75.6,65.9,29.8,12.5,Nuh / Mewat,44.8,1,88.6,47.0,0.0407,1
PHD_2026_0459,DOCTORATE,Male,29,5-10 LPA,0,20,2,6,0,1,0.0,1.05,0.42,Gujarat,GJ,78.0,69.7,21.3,17.9,Dahod,40.5,1,88.0,38.1,0.0528,0
PHD_2026_0460,DOCTORATE,Female,33,2-5 LPA,0,67,11,3,2,3,0.0,0.7,0.33,Bihar,BR,61.8,51.5,14.5,21.4,Katihar,48.7,1,91.1,44.3,0.0545,0
PHD_2026_0461,DOCTORATE,Female,32,2-5 LPA,0,17,46,2,0,1,0.46,0.61,0.63,Gujarat,GJ,78.0,69.7,21.3,17.9,Dahod,40.5,1,88.0,38.1,0.3132,0
PHD_2026_0462,DOCTORATE,Male,31,5-10 LPA,0,23,4,6,3,2,0.0,1.19,0.55,Maharashtra,MH,82.3,75.9,32.3,11.2,Mumbai,2.1,0,0.0,19.5,0.0281,0
PHD_2026_0463,DOCTORATE,Male,27,5-10 LPA,0,37,65,1,2,1,0.61,0.3,0.23,Kerala,KL,94.0,92.1,43.2,3.2,Ernakulam,0.6,0,31.9,14.8,0.4169,0
PHD_2026_0464,DOCTORATE,Female,31,5-10 LPA,0,40,12,8,2,1,0.0,0.87,0.29,Madhya Pradesh,MP,69.3,59.2,24.8,18.5,Bhopal,9.4,0,19.1,23.4,0.0259,0
PHD_2026_0465,DOCTORATE,Female,25,2-5 LPA,1,60,51,2,2,1,0.54,0.58,0.07,Kerala,KL,94.0,92.1,43.2,3.2,Thiruvananthapuram,0.9,0,46.2,15.2,0.1359,0
PHD_2026_0466,DOCTORATE,Female,29,2-5 LPA,0,63,19,5,2,1,0.14,0.95,0.72,Haryana,HR,75.6,65.9,29.8,12.5,Gurugram,2.5,0,31.2,20.5,0.0502,0
PHD_2026_0467,DOCTORATE,Female,27,5-10 LPA,0,46,2,2,3,1,0.42,0.95,0.33,Uttar Pradesh,UP,67.7,57.2,23.2,16.8,Bahraich,54.4,1,92.1,46.5,0.0348,0
PHD_2026_0468,DOCTORATE,Female,28,<2 LPA,0,52,12,2,1,2,0.24,0.75,0.45,Haryana,HR,75.6,65.9,29.8,12.5,Nuh / Mewat,44.8,1,88.6,47.0,0.1423,0
PHD_2026_0469,DOCTORATE,Female,28,5-10 LPA,0,33,149,5,1,1,0.51,0.2,0.54,Tamil Nadu,TN,80.1,73.4,51.4,8.1,Chennai,1.2,0,0.0,17.5,0.6423,1
PHD_2026_0470,DOCTORATE,Male,27,2-5 LPA,0,46,15,4,2,1,0.0,0.74,0.38,Uttar Pradesh,UP,67.7,57.2,23.2,16.8,Lucknow,8.5,0,33.8,24.1,0.0312,0
PHD_2026_0471,DOCTORATE,Female,29,>10 LPA,1,14,14,5,0,1,0.17,1.31,0.57,Kerala,KL,94.0,92.1,43.2,3.2,Ernakulam,0.6,0,31.9,14.8,0.0849,0
PHD_2026_0472,DOCTORATE,Male,27,2-5 LPA,0,44,13,2,0,2,0.27,1.19,0.71,Bihar,BR,61.8,51.5,14.5,21.4,Gaya,38.6,1,86.8,36.2,0.2078,0
PHD_2026_0473,DOCTORATE,Male,25,2-5 LPA,0,26,11,2,1,1,0.13,1.04,0.59,Kerala,KL,94.0,92.1,43.2,3.2,Wayanad,4.1,1,96.1,18.0,0.0593,0
PHD_2026_0474,DOCTORATE,Male,24,<2 LPA,0,10,19,2,0,1,0.3,0.86,0.56,Kerala,KL,94.0,92.1,43.2,3.2,Thiruvananthapuram,0.9,0,46.2,15.2,0.1471,0
PHD_2026_0475,DOCTORATE,Female,29,2-5 LPA,0,52,32,3,1,1,0.42,0.87,0.16,Gujarat,GJ,78.0,69.7,21.3,17.9,Narmada,32.4,1,89.5,30.5,0.1139,0
PHD_2026_0476,DOCTORATE,Female,32,2-5 LPA,0,69,9,2,1,2,0.52,0.83,0.34,Karnataka,KA,75.4,68.1,36.2,12.0,Raichur,36.8,1,74.6,34.0,0.2021,0
PHD_2026_0477,DOCTORATE,Female,33,>10 LPA,0,62,52,4,3,2,0.71,0.61,0.21,Tamil Nadu,TN,80.1,73.4,51.4,8.1,Ramanathapuram,7.8,1,69.7,22.1,0.2366,0
PHD_2026_0478,DOCTORATE,Female,29,<2 LPA,1,58,37,2,3,1,0.74,0.48,0.74,Rajasthan,RJ,66.1,52.1,26.0,17.2,Barmer,34.2,1,93.0,35.8,0.1829,0
PHD_2026_0479,DOCTORATE,Female,32,<2 LPA,0,47,6,0,3,1,0.64,0.68,0.71,Tamil Nadu,TN,80.1,73.4,51.4,8.1,Chennai,1.2,0,0.0,17.5,0.1863,0
PHD_2026_0480,DOCTORATE,Male,30,2-5 LPA,0,48,17,2,4,1,0.19,1.07,0.24,Rajasthan,RJ,66.1,52.1,26.0,17.2,Jaisalmer,31.8,1,86.7,33.2,0.0149,0
PHD_2026_0481,DOCTORATE,Female,31,2-5 LPA,0,19,64,3,0,1,0.27,0.65,0.87,Uttar Pradesh,UP,67.7,57.2,23.2,16.8,Noida / Gautam Buddha Nagar,7.1,0,40.9,22.0,0.3146,0
PHD_2026_0482,DOCTORATE,Female,29,2-5 LPA,1,12,21,6,1,1,0.26,0.8,0.51,Bihar,BR,61.8,51.5,14.5,21.4,Purnia,50.4,1,89.2,42.1,0.0943,0
PHD_2026_0483,DOCTORATE,Male,31,<2 LPA,0,67,10,4,0,1,0.43,1.22,0.73,Gujarat,GJ,78.0,69.7,21.3,17.9,Narmada,32.4,1,89.5,30.5,0.1562,0
PHD_2026_0484,DOCTORATE,Female,31,<2 LPA,1,20,4,3,0,1,0.33,0.63,0.62,Madhya Pradesh,MP,69.3,59.2,24.8,18.5,Bhopal,9.4,0,19.1,23.4,0.1494,0
PHD_2026_0485,DOCTORATE,Male,26,<2 LPA,0,47,24,0,3,2,0.28,0.91,0.59,Maharashtra,MH,82.3,75.9,32.3,11.2,Pune,3.9,0,39.1,21.0,0.1717,0
PHD_2026_0486,DOCTORATE,Male,25,2-5 LPA,0,44,39,3,1,1,0.34,0.85,0.47,Gujarat,GJ,78.0,69.7,21.3,17.9,Dahod,40.5,1,88.0,38.1,0.1336,0
PHD_2026_0487,DOCTORATE,Male,25,2-5 LPA,1,65,1,2,1,1,0.52,1.1,0.57,Maharashtra,MH,82.3,75.9,32.3,11.2,Nandurbar,33.1,1,83.3,32.4,0.1078,0
PHD_2026_0488,DOCTORATE,Female,33,>10 LPA,0,33,90,1,2,2,0.36,0.2,0.92,Gujarat,GJ,78.0,69.7,21.3,17.9,Narmada,32.4,1,89.5,30.5,0.6686,1
PHD_2026_0489,DOCTORATE,Male,24,2-5 LPA,0,51,30,2,6,1,0.24,0.75,0.58,Uttar Pradesh,UP,67.7,57.2,23.2,16.8,Varanasi,16.3,0,56.6,29.4,0.013,0
PHD_2026_0490,DOCTORATE,Male,33,2-5 LPA,1,20,3,4,1,1,0.1,1.04,0.43,Tamil Nadu,TN,80.1,73.4,51.4,8.1,Chennai,1.2,0,0.0,17.5,0.0438,0
PHD_2026_0491,DOCTORATE,Male,27,<2 LPA,1,62,31,5,0,1,0.25,0.64,0.51,Uttar Pradesh,UP,67.7,57.2,23.2,16.8,Bahraich,54.4,1,92.1,46.5,0.1698,0
PHD_2026_0492,DOCTORATE,Female,29,2-5 LPA,1,59,39,3,3,1,0.58,0.76,0.26,Tamil Nadu,TN,80.1,73.4,51.4,8.1,Coimbatore,2.1,0,24.2,18.9,0.0874,0
PHD_2026_0493,DOCTORATE,Female,32,2-5 LPA,0,30,78,3,1,1,0.48,0.44,0.51,Karnataka,KA,75.4,68.1,36.2,12.0,Raichur,36.8,1,74.6,34.0,0.3296,0
PHD_2026_0494,DOCTORATE,Female,26,<2 LPA,0,55,37,5,2,2,0.06,0.47,0.05,Uttar Pradesh,UP,67.7,57.2,23.2,16.8,Bahraich,54.4,1,92.1,46.5,0.0821,0
PHD_2026_0495,DOCTORATE,Male,32,2-5 LPA,0,42,82,5,0,1,0.08,0.52,0.61,Madhya Pradesh,MP,69.3,59.2,24.8,18.5,Bhopal,9.4,0,19.1,23.4,0.2588,0
PHD_2026_0496,DOCTORATE,Female,33,2-5 LPA,0,50,9,3,0,1,0.09,0.79,0.56,Rajasthan,RJ,66.1,52.1,26.0,17.2,Jaisalmer,31.8,1,86.7,33.2,0.0886,0
PHD_2026_0497,DOCTORATE,Female,33,5-10 LPA,0,18,35,2,2,1,0.26,0.59,0.26,Bihar,BR,61.8,51.5,14.5,21.4,Katihar,48.7,1,91.1,44.3,0.072,0
PHD_2026_0498,DOCTORATE,Male,31,5-10 LPA,0,51,14,1,2,1,0.3,0.99,0.67,Karnataka,KA,75.4,68.1,36.2,12.0,Raichur,36.8,1,74.6,34.0,0.1328,0
PHD_2026_0499,DOCTORATE,Male,28,5-10 LPA,1,26,10,9,2,3,0.0,1.1,0.13,Madhya Pradesh,MP,69.3,59.2,24.8,18.5,Indore,6.8,0,25.9,21.8,0.0368,0
PHD_2026_0500,DOCTORATE,Female,32,>10 LPA,0,63,4,5,2,1,0.12,0.94,0.65,Gujarat,GJ,78.0,69.7,21.3,17.9,Narmada,32.4,1,89.5,30.5,0.0369,0
PHD_2026_0501,DOCTORATE,Male,30,2-5 LPA,0,45,27,3,1,1,0.0,1.01,0.5,Maharashtra,MH,82.3,75.9,32.3,11.2,Gadchiroli,28.5,1,89.0,28.9,0.0534,0
PHD_2026_0502,DOCTORATE,Female,27,<2 LPA,1,44,36,0,2,1,0.5,0.59,0.17,Uttar Pradesh,UP,67.7,57.2,23.2,16.8,Lucknow,8.5,0,33.8,24.1,0.2261,1
PHD_2026_0503,DOCTORATE,Male,33,5-10 LPA,0,51,130,5,1,3,0.29,0.2,0.95,Haryana,HR,75.6,65.9,29.8,12.5,Nuh / Mewat,44.8,1,88.6,47.0,0.6883,1
PHD_2026_0504,DOCTORATE,Male,27,5-10 LPA,0,32,32,1,1,1,0.33,0.61,0.39,Haryana,HR,75.6,65.9,29.8,12.5,Nuh / Mewat,44.8,1,88.6,47.0,0.2549,0
PHD_2026_0505,DOCTORATE,Female,24,2-5 LPA,1,32,42,2,1,1,0.67,0.57,0.44,Uttar Pradesh,UP,67.7,57.2,23.2,16.8,Noida / Gautam Buddha Nagar,7.1,0,40.9,22.0,0.2747,0
PHD_2026_0506,DOCTORATE,Male,27,2-5 LPA,0,64,4,4,0,1,0.0,0.75,0.63,Uttar Pradesh,UP,67.7,57.2,23.2,16.8,Varanasi,16.3,0,56.6,29.4,0.0743,0
PHD_2026_0507,DOCTORATE,Male,29,2-5 LPA,0,43,75,3,2,2,0.29,0.56,0.22,Bihar,BR,61.8,51.5,14.5,21.4,Katihar,48.7,1,91.1,44.3,0.2209,0
PHD_2026_0508,DOCTORATE,Female,31,2-5 LPA,0,71,43,6,2,1,0.35,0.93,0.62,Karnataka,KA,75.4,68.1,36.2,12.0,Bengaluru Urban,1.8,0,9.1,18.2,0.1008,0
PHD_2026_0509,DOCTORATE,Female,30,2-5 LPA,1,23,98,2,1,2,0.78,0.2,0.45,Tamil Nadu,TN,80.1,73.4,51.4,8.1,Ramanathapuram,7.8,1,69.7,22.1,0.7333,1
PHD_2026_0510,DOCTORATE,Male,24,<2 LPA,0,65,27,4,0,1,0.1,0.55,0.24,Kerala,KL,94.0,92.1,43.2,3.2,Ernakulam,0.6,0,31.9,14.8,0.1072,0
PHD_2026_0511,DOCTORATE,Male,33,<2 LPA,0,51,75,2,1,2,0.62,0.37,0.5,Uttar Pradesh,UP,67.7,57.2,23.2,16.8,Lucknow,8.5,0,33.8,24.1,0.5581,1
PHD_2026_0512,DOCTORATE,Male,26,2-5 LPA,0,54,11,4,4,2,0.4,0.9,0.28,Tamil Nadu,TN,80.1,73.4,51.4,8.1,Ramanathapuram,7.8,1,69.7,22.1,0.0464,0
PHD_2026_0513,DOCTORATE,Male,25,>10 LPA,0,70,22,3,4,2,0.41,0.5,0.18,Gujarat,GJ,78.0,69.7,21.3,17.9,Narmada,32.4,1,89.5,30.5,0.0639,0
PHD_2026_0514,DOCTORATE,Female,26,2-5 LPA,0,63,24,2,2,2,0.33,0.7,0.52,Rajasthan,RJ,66.1,52.1,26.0,17.2,Jaisalmer,31.8,1,86.7,33.2,0.1412,0
PHD_2026_0515,DOCTORATE,Female,27,2-5 LPA,0,52,5,2,1,1,0.38,0.61,0.31,Karnataka,KA,75.4,68.1,36.2,12.0,Yadgir,39.4,1,81.2,36.5,0.0942,0
PHD_2026_0516,DOCTORATE,Male,26,>10 LPA,0,26,6,4,0,1,0.24,0.66,0.58,Maharashtra,MH,82.3,75.9,32.3,11.2,Gadchiroli,28.5,1,89.0,28.9,0.126,1
PHD_2026_0517,DOCTORATE,Female,24,<2 LPA,1,52,32,4,3,1,0.05,0.25,0.37,Uttar Pradesh,UP,67.7,57.2,23.2,16.8,Balrampur,47.9,1,92.3,45.0,0.0383,0
PHD_2026_0518,DOCTORATE,Female,24,2-5 LPA,1,57,86,4,1,1,0.05,0.26,0.59,Uttar Pradesh,UP,67.7,57.2,23.2,16.8,Shravasti,49.6,1,96.5,48.2,0.2047,0
PHD_2026_0519,DOCTORATE,Female,25,2-5 LPA,1,56,5,1,2,1,0.46,0.9,0.69,Haryana,HR,75.6,65.9,29.8,12.5,Gurugram,2.5,0,31.2,20.5,0.1713,0
PHD_2026_0520,DOCTORATE,Male,29,2-5 LPA,1,51,18,4,0,2,0.07,1.24,0.72,Bihar,BR,61.8,51.5,14.5,21.4,Gaya,38.6,1,86.8,36.2,0.1519,0
PHD_2026_0521,DOCTORATE,Male,26,2-5 LPA,0,10,39,3,0,1,0.29,0.5,0.58,Uttar Pradesh,UP,67.7,57.2,23.2,16.8,Bahraich,54.4,1,92.1,46.5,0.2239,0
PHD_2026_0522,DOCTORATE,Female,31,2-5 LPA,0,19,22,5,0,3,0.0,0.86,0.66,Madhya Pradesh,MP,69.3,59.2,24.8,18.5,Barwani,46.1,1,85.5,37.1,0.1625,0
PHD_2026_0523,DOCTORATE,Female,27,5-10 LPA,0,9,31,3,0,2,0.19,0.65,0.73,Tamil Nadu,TN,80.1,73.4,51.4,8.1,Coimbatore,2.1,0,24.2,18.9,0.2848,0
PHD_2026_0524,DOCTORATE,Female,27,5-10 LPA,1,48,71,5,2,2,0.26,0.2,0.5,Gujarat,GJ,78.0,69.7,21.3,17.9,Ahmedabad,3.8,0,15.9,20.2,0.2782,0
PHD_2026_0525,DOCTORATE,Female,24,>10 LPA,1,26,14,2,2,1,0.11,0.98,0.78,Uttar Pradesh,UP,67.7,57.2,23.2,16.8,Bahraich,54.4,1,92.1,46.5,0.0454,0
PHD_2026_0526,DOCTORATE,Female,28,2-5 LPA,0,48,3,2,1,1,0.41,0.75,0.82,Tamil Nadu,TN,80.1,73.4,51.4,8.1,Ramanathapuram,7.8,1,69.7,22.1,0.126,0
PHD_2026_0527,DOCTORATE,Male,30,5-10 LPA,0,61,3,2,2,3,0.14,0.72,0.67,Karnataka,KA,75.4,68.1,36.2,12.0,Yadgir,39.4,1,81.2,36.5,0.0817,0
PHD_2026_0528,DOCTORATE,Male,28,2-5 LPA,0,34,19,4,1,1,0.03,0.91,0.44,Maharashtra,MH,82.3,75.9,32.3,11.2,Pune,3.9,0,39.1,21.0,0.0514,0
PHD_2026_0529,DOCTORATE,Female,27,2-5 LPA,0,25,18,4,1,2,0.19,0.52,0.41,Bihar,BR,61.8,51.5,14.5,21.4,Patna,18.2,0,56.4,28.5,0.1517,0
PHD_2026_0530,DOCTORATE,Female,30,5-10 LPA,0,43,6,7,1,2,0.0,0.72,0.35,Bihar,BR,61.8,51.5,14.5,21.4,Gaya,38.6,1,86.8,36.2,0.077,0
PHD_2026_0531,DOCTORATE,Female,29,5-10 LPA,0,67,5,5,2,1,0.0,1.03,0.75,Bihar,BR,61.8,51.5,14.5,21.4,Muzaffarpur,35.1,1,90.3,38.0,0.0299,0
PHD_2026_0532,DOCTORATE,Male,31,2-5 LPA,0,10,74,2,1,1,0.3,0.75,0.9,Rajasthan,RJ,66.1,52.1,26.0,17.2,Jaipur,6.9,0,47.6,22.5,0.2594,0
PHD_2026_0533,DOCTORATE,Male,24,2-5 LPA,0,9,6,4,1,1,0.38,1.18,0.38,Rajasthan,RJ,66.1,52.1,26.0,17.2,Jaisalmer,31.8,1,86.7,33.2,0.0729,0
PHD_2026_0534,DOCTORATE,Male,27,5-10 LPA,0,21,99,3,1,1,0.51,0.2,0.44,Karnataka,KA,75.4,68.1,36.2,12.0,Yadgir,39.4,1,81.2,36.5,0.4431,0
PHD_2026_0535,DOCTORATE,Male,32,>10 LPA,0,54,80,2,2,3,0.13,0.24,0.54,Madhya Pradesh,MP,69.3,59.2,24.8,18.5,Indore,6.8,0,25.9,21.8,0.2509,0
PHD_2026_0536,DOCTORATE,Male,29,2-5 LPA,0,42,15,2,1,1,0.49,0.95,0.49,Haryana,HR,75.6,65.9,29.8,12.5,Gurugram,2.5,0,31.2,20.5,0.1238,0
PHD_2026_0537,DOCTORATE,Female,26,<2 LPA,0,52,12,5,2,3,0.14,0.89,0.92,Karnataka,KA,75.4,68.1,36.2,12.0,Bengaluru Urban,1.8,0,9.1,18.2,0.0989,0
PHD_2026_0538,DOCTORATE,Male,33,5-10 LPA,0,20,63,3,0,1,0.11,0.54,0.23,Gujarat,GJ,78.0,69.7,21.3,17.9,Ahmedabad,3.8,0,15.9,20.2,0.1722,0
PHD_2026_0539,DOCTORATE,Male,26,2-5 LPA,0,59,1,2,2,1,0.32,1.34,0.64,Maharashtra,MH,82.3,75.9,32.3,11.2,Nandurbar,33.1,1,83.3,32.4,0.0427,0
PHD_2026_0540,DOCTORATE,Female,26,2-5 LPA,0,15,38,1,0,1,0.1,1.05,0.29,Rajasthan,RJ,66.1,52.1,26.0,17.2,Barmer,34.2,1,93.0,35.8,0.2015,0
PHD_2026_0541,DOCTORATE,Male,29,2-5 LPA,0,13,42,2,0,1,0.4,0.76,0.5,Karnataka,KA,75.4,68.1,36.2,12.0,Bengaluru Urban,1.8,0,9.1,18.2,0.2376,0
PHD_2026_0542,DOCTORATE,Female,29,>10 LPA,0,57,52,5,1,1,0.45,0.89,0.23,Karnataka,KA,75.4,68.1,36.2,12.0,Bengaluru Urban,1.8,0,9.1,18.2,0.1637,1
PHD_2026_0543,DOCTORATE,Male,25,2-5 LPA,1,40,73,4,1,2,0.37,0.45,0.93,Gujarat,GJ,78.0,69.7,21.3,17.9,Ahmedabad,3.8,0,15.9,20.2,0.4851,0
PHD_2026_0544,DOCTORATE,Female,26,<2 LPA,0,6,8,4,0,1,0.39,1.21,0.41,Haryana,HR,75.6,65.9,29.8,12.5,Gurugram,2.5,0,31.2,20.5,0.1156,0
PHD_2026_0545,DOCTORATE,Female,30,>10 LPA,0,12,3,1,1,1,0.19,0.9,0.41,Tamil Nadu,TN,80.1,73.4,51.4,8.1,Coimbatore,2.1,0,24.2,18.9,0.1223,0
PHD_2026_0546,DOCTORATE,Male,32,<2 LPA,0,66,9,1,0,1,0.27,0.65,0.22,Kerala,KL,94.0,92.1,43.2,3.2,Ernakulam,0.6,0,31.9,14.8,0.2244,0
PHD_2026_0547,DOCTORATE,Male,30,<2 LPA,0,7,6,5,1,1,0.19,1.04,0.14,Maharashtra,MH,82.3,75.9,32.3,11.2,Pune,3.9,0,39.1,21.0,0.0452,0
PHD_2026_0548,DOCTORATE,Female,33,2-5 LPA,0,42,13,4,1,1,0.37,1.01,0.15,Gujarat,GJ,78.0,69.7,21.3,17.9,Dahod,40.5,1,88.0,38.1,0.0733,0
PHD_2026_0549,DOCTORATE,Male,30,2-5 LPA,0,42,13,4,0,1,0.27,0.78,0.63,Karnataka,KA,75.4,68.1,36.2,12.0,Raichur,36.8,1,74.6,34.0,0.1407,0
PHD_2026_0550,DOCTORATE,Male,30,2-5 LPA,0,43,34,1,1,1,0.26,0.76,0.31,Bihar,BR,61.8,51.5,14.5,21.4,Patna,18.2,0,56.4,28.5,0.2068,0
PHD_2026_0551,DOCTORATE,Male,33,2-5 LPA,0,66,35,0,2,2,0.41,0.56,0.29,Uttar Pradesh,UP,67.7,57.2,23.2,16.8,Lucknow,8.5,0,33.8,24.1,0.333,0
PHD_2026_0552,DOCTORATE,Female,26,<2 LPA,1,69,159,3,2,2,0.61,0.2,0.74,Haryana,HR,75.6,65.9,29.8,12.5,Gurugram,2.5,0,31.2,20.5,0.7862,1
PHD_2026_0553,DOCTORATE,Male,26,2-5 LPA,1,53,55,4,1,2,0.07,0.48,0.61,Uttar Pradesh,UP,67.7,57.2,23.2,16.8,Lucknow,8.5,0,33.8,24.1,0.2232,0
PHD_2026_0554,DOCTORATE,Male,24,5-10 LPA,0,68,21,3,3,1,0.77,0.84,0.8,Tamil Nadu,TN,80.1,73.4,51.4,8.1,Ramanathapuram,7.8,1,69.7,22.1,0.1377,0
PHD_2026_0555,DOCTORATE,Male,28,2-5 LPA,0,44,33,7,0,1,0.0,0.77,0.82,Gujarat,GJ,78.0,69.7,21.3,17.9,Ahmedabad,3.8,0,15.9,20.2,0.1242,0
PHD_2026_0556,DOCTORATE,Female,27,5-10 LPA,1,55,52,2,4,1,0.25,0.77,0.44,Karnataka,KA,75.4,68.1,36.2,12.0,Bengaluru Urban,1.8,0,9.1,18.2,0.039,0
PHD_2026_0557,DOCTORATE,Female,33,2-5 LPA,0,53,14,5,2,1,0.18,0.78,0.71,Uttar Pradesh,UP,67.7,57.2,23.2,16.8,Varanasi,16.3,0,56.6,29.4,0.056,0
PHD_2026_0558,DOCTORATE,Female,26,5-10 LPA,0,58,10,2,2,1,0.07,1.06,0.17,Kerala,KL,94.0,92.1,43.2,3.2,Ernakulam,0.6,0,31.9,14.8,0.0241,0
PHD_2026_0559,DOCTORATE,Female,33,5-10 LPA,0,57,17,2,0,1,0.48,0.69,0.23,Tamil Nadu,TN,80.1,73.4,51.4,8.1,Chennai,1.2,0,0.0,17.5,0.1785,0
PHD_2026_0560,DOCTORATE,Male,31,5-10 LPA,0,18,31,3,1,2,0.32,0.53,0.92,Gujarat,GJ,78.0,69.7,21.3,17.9,Dahod,40.5,1,88.0,38.1,0.2976,0
PHD_2026_0561,DOCTORATE,Female,26,<2 LPA,0,52,55,3,2,1,0.39,0.34,0.67,Maharashtra,MH,82.3,75.9,32.3,11.2,Mumbai,2.1,0,0.0,19.5,0.1809,0
PHD_2026_0562,DOCTORATE,Male,31,2-5 LPA,1,21,29,2,0,2,0.58,0.99,0.53,Haryana,HR,75.6,65.9,29.8,12.5,Nuh / Mewat,44.8,1,88.6,47.0,0.3933,0
PHD_2026_0563,DOCTORATE,Male,24,<2 LPA,0,11,24,2,1,1,0.41,0.69,0.34,Uttar Pradesh,UP,67.7,57.2,23.2,16.8,Shravasti,49.6,1,96.5,48.2,0.1248,0
PHD_2026_0564,DOCTORATE,Female,29,2-5 LPA,0,35,106,5,1,1,0.39,0.2,0.43,Madhya Pradesh,MP,69.3,59.2,24.8,18.5,Bhopal,9.4,0,19.1,23.4,0.4028,0
PHD_2026_0565,DOCTORATE,Male,29,<2 LPA,1,42,23,1,1,1,0.25,0.89,0.33,Uttar Pradesh,UP,67.7,57.2,23.2,16.8,Shravasti,49.6,1,96.5,48.2,0.1686,0
PHD_2026_0566,DOCTORATE,Male,26,2-5 LPA,0,58,25,5,3,1,0.08,1.01,0.43,Rajasthan,RJ,66.1,52.1,26.0,17.2,Jaipur,6.9,0,47.6,22.5,0.0244,0
PHD_2026_0567,DOCTORATE,Female,30,5-10 LPA,1,6,17,6,0,1,0.0,1.09,0.55,Haryana,HR,75.6,65.9,29.8,12.5,Nuh / Mewat,44.8,1,88.6,47.0,0.0702,0
PHD_2026_0568,DOCTORATE,Male,24,>10 LPA,0,40,42,0,0,1,0.78,0.81,0.79,Gujarat,GJ,78.0,69.7,21.3,17.9,Ahmedabad,3.8,0,15.9,20.2,0.6674,1
PHD_2026_0569,DOCTORATE,Male,31,5-10 LPA,1,55,35,3,2,1,0.15,0.81,0.57,Maharashtra,MH,82.3,75.9,32.3,11.2,Pune,3.9,0,39.1,21.0,0.0631,0
PHD_2026_0570,DOCTORATE,Female,33,5-10 LPA,0,61,41,3,2,1,0.23,0.46,0.85,Rajasthan,RJ,66.1,52.1,26.0,17.2,Jaipur,6.9,0,47.6,22.5,0.1185,0
PHD_2026_0571,DOCTORATE,Female,29,2-5 LPA,0,34,24,4,0,1,0.51,0.7,0.37,Rajasthan,RJ,66.1,52.1,26.0,17.2,Jaipur,6.9,0,47.6,22.5,0.221,0
PHD_2026_0572,DOCTORATE,Female,29,2-5 LPA,0,22,53,1,1,1,0.26,0.5,0.46,Uttar Pradesh,UP,67.7,57.2,23.2,16.8,Varanasi,16.3,0,56.6,29.4,0.3098,0
PHD_2026_0573,DOCTORATE,Female,25,5-10 LPA,0,37,4,2,2,3,0.22,0.91,0.71,Haryana,HR,75.6,65.9,29.8,12.5,Nuh / Mewat,44.8,1,88.6,47.0,0.0902,0
PHD_2026_0574,DOCTORATE,Female,31,2-5 LPA,1,14,3,4,0,1,0.4,0.83,0.68,Rajasthan,RJ,66.1,52.1,26.0,17.2,Jaisalmer,31.8,1,86.7,33.2,0.1601,0
PHD_2026_0575,DOCTORATE,Female,24,>10 LPA,1,33,22,3,1,1,0.0,1.02,0.59,Haryana,HR,75.6,65.9,29.8,12.5,Gurugram,2.5,0,31.2,20.5,0.053,0
PHD_2026_0576,DOCTORATE,Male,24,5-10 LPA,0,68,19,4,4,1,0.01,0.77,0.66,Rajasthan,RJ,66.1,52.1,26.0,17.2,Jaisalmer,31.8,1,86.7,33.2,0.0168,0
PHD_2026_0577,DOCTORATE,Female,30,2-5 LPA,0,33,5,2,1,1,0.28,1.21,0.85,Bihar,BR,61.8,51.5,14.5,21.4,Muzaffarpur,35.1,1,90.3,38.0,0.079,0
PHD_2026_0578,DOCTORATE,Male,32,<2 LPA,0,60,143,1,0,1,0.65,0.2,0.3,Maharashtra,MH,82.3,75.9,32.3,11.2,Mumbai,2.1,0,0.0,19.5,0.8738,1
PHD_2026_0579,DOCTORATE,Male,30,<2 LPA,1,17,21,3,0,1,0.05,0.74,0.62,Bihar,BR,61.8,51.5,14.5,21.4,Gaya,38.6,1,86.8,36.2,0.1026,0
PHD_2026_0580,DOCTORATE,Male,33,<2 LPA,0,15,18,1,1,1,0.56,0.8,0.77,Tamil Nadu,TN,80.1,73.4,51.4,8.1,Chennai,1.2,0,0.0,17.5,0.3538,1
PHD_2026_0581,DOCTORATE,Female,26,2-5 LPA,0,42,71,3,0,1,0.0,0.41,0.83,Tamil Nadu,TN,80.1,73.4,51.4,8.1,Coimbatore,2.1,0,24.2,18.9,0.2404,0
PHD_2026_0582,DOCTORATE,Female,31,2-5 LPA,1,66,5,3,1,2,0.21,0.75,0.26,Tamil Nadu,TN,80.1,73.4,51.4,8.1,Ramanathapuram,7.8,1,69.7,22.1,0.1067,0
PHD_2026_0583,DOCTORATE,Male,25,2-5 LPA,0,52,6,5,0,1,0.26,0.92,0.69,Bihar,BR,61.8,51.5,14.5,21.4,Gaya,38.6,1,86.8,36.2,0.1222,0
PHD_2026_0584,DOCTORATE,Female,28,5-10 LPA,0,55,22,3,2,1,0.38,0.71,0.38,Maharashtra,MH,82.3,75.9,32.3,11.2,Mumbai,2.1,0,0.0,19.5,0.0784,0
PHD_2026_0585,DOCTORATE,Male,30,>10 LPA,0,28,16,2,3,3,0.23,1.04,0.9,Bihar,BR,61.8,51.5,14.5,21.4,Muzaffarpur,35.1,1,90.3,38.0,0.0757,0
PHD_2026_0586,DOCTORATE,Male,31,2-5 LPA,0,64,7,2,3,2,0.26,1.03,0.21,Gujarat,GJ,78.0,69.7,21.3,17.9,Ahmedabad,3.8,0,15.9,20.2,0.0438,0
PHD_2026_0587,DOCTORATE,Male,27,2-5 LPA,1,48,2,0,2,2,0.55,1.07,0.29,Karnataka,KA,75.4,68.1,36.2,12.0,Raichur,36.8,1,74.6,34.0,0.2358,0
PHD_2026_0588,DOCTORATE,Male,31,2-5 LPA,0,51,47,3,1,3,0.55,0.37,0.38,Gujarat,GJ,78.0,69.7,21.3,17.9,Dahod,40.5,1,88.0,38.1,0.3977,0
PHD_2026_0589,DOCTORATE,Male,33,5-10 LPA,0,21,78,4,2,1,0.18,0.37,0.27,Tamil Nadu,TN,80.1,73.4,51.4,8.1,Coimbatore,2.1,0,24.2,18.9,0.1238,0
PHD_2026_0590,DOCTORATE,Female,29,2-5 LPA,0,63,4,4,2,1,0.13,0.94,0.18,Gujarat,GJ,78.0,69.7,21.3,17.9,Narmada,32.4,1,89.5,30.5,0.0271,0
PHD_2026_0591,DOCTORATE,Male,25,2-5 LPA,0,46,0,0,1,1,0.31,1.3,0.42,Gujarat,GJ,78.0,69.7,21.3,17.9,Dahod,40.5,1,88.0,38.1,0.1201,0
PHD_2026_0592,DOCTORATE,Female,30,5-10 LPA,0,30,10,2,5,1,0.34,0.97,0.6,Madhya Pradesh,MP,69.3,59.2,24.8,18.5,Bhopal,9.4,0,19.1,23.4,0.0166,0
PHD_2026_0593,DOCTORATE,Female,32,>10 LPA,0,61,26,5,0,1,0.54,1.2,0.11,Rajasthan,RJ,66.1,52.1,26.0,17.2,Jaipur,6.9,0,47.6,22.5,0.1604,0
PHD_2026_0594,DOCTORATE,Female,30,<2 LPA,0,43,6,2,2,1,0.05,1.09,0.29,Haryana,HR,75.6,65.9,29.8,12.5,Gurugram,2.5,0,31.2,20.5,0.0234,0
PHD_2026_0595,DOCTORATE,Male,32,2-5 LPA,0,50,36,1,1,1,0.47,0.65,0.42,Karnataka,KA,75.4,68.1,36.2,12.0,Raichur,36.8,1,74.6,34.0,0.3324,0
PHD_2026_0596,DOCTORATE,Male,33,5-10 LPA,0,33,11,0,2,1,0.65,0.76,0.6,Karnataka,KA,75.4,68.1,36.2,12.0,Bengaluru Urban,1.8,0,9.1,18.2,0.2582,0
PHD_2026_0597,DOCTORATE,Male,29,2-5 LPA,0,48,127,4,1,2,0.25,0.2,0.63,Tamil Nadu,TN,80.1,73.4,51.4,8.1,Coimbatore,2.1,0,24.2,18.9,0.5988,1
PHD_2026_0598,DOCTORATE,Male,25,2-5 LPA,0,56,55,1,3,1,0.54,0.44,0.22,Rajasthan,RJ,66.1,52.1,26.0,17.2,Barmer,34.2,1,93.0,35.8,0.2344,0
PHD_2026_0599,DOCTORATE,Male,31,5-10 LPA,0,11,20,4,0,1,0.05,1.03,0.76,Gujarat,GJ,78.0,69.7,21.3,17.9,Narmada,32.4,1,89.5,30.5,0.0958,1
PHD_2026_0600,DOCTORATE,Male,29,5-10 LPA,0,50,22,5,0,1,0.18,0.64,0.33,Gujarat,GJ,78.0,69.7,21.3,17.9,Dahod,40.5,1,88.0,38.1,0.1182,0
PHD_2026_0601,DOCTORATE,Female,27,>10 LPA,0,34,62,2,0,3,0.32,0.2,0.27,Madhya Pradesh,MP,69.3,59.2,24.8,18.5,Alirajpur,52.0,1,92.2,39.5,0.4406,0
PHD_2026_0602,DOCTORATE,Female,26,>10 LPA,1,24,6,3,1,3,0.25,0.94,0.73,Tamil Nadu,TN,80.1,73.4,51.4,8.1,Ramanathapuram,7.8,1,69.7,22.1,0.1441,0
PHD_2026_0603,DOCTORATE,Female,32,2-5 LPA,1,60,115,6,3,2,0.03,0.2,0.28,Rajasthan,RJ,66.1,52.1,26.0,17.2,Kota,8.2,0,39.7,21.0,0.1938,0
PHD_2026_0604,DOCTORATE,Male,24,2-5 LPA,0,57,10,2,3,3,0.57,0.87,0.56,Maharashtra,MH,82.3,75.9,32.3,11.2,Pune,3.9,0,39.1,21.0,0.1185,0
PHD_2026_0605,DOCTORATE,Male,31,2-5 LPA,0,19,4,4,0,2,0.43,1.11,0.17,Haryana,HR,75.6,65.9,29.8,12.5,Nuh / Mewat,44.8,1,88.6,47.0,0.184,0
PHD_2026_0606,DOCTORATE,Female,32,>10 LPA,1,19,9,1,1,1,0.63,1.2,0.68,Bihar,BR,61.8,51.5,14.5,21.4,Muzaffarpur,35.1,1,90.3,38.0,0.29,0
PHD_2026_0607,DOCTORATE,Female,33,>10 LPA,0,40,25,3,0,2,0.06,1.03,0.16,Madhya Pradesh,MP,69.3,59.2,24.8,18.5,Alirajpur,52.0,1,92.2,39.5,0.126,0
PHD_2026_0608,DOCTORATE,Male,24,2-5 LPA,0,66,50,6,2,1,0.1,0.57,0.72,Rajasthan,RJ,66.1,52.1,26.0,17.2,Kota,8.2,0,39.7,21.0,0.0879,0
PHD_2026_0609,DOCTORATE,Male,28,<2 LPA,0,16,11,0,1,2,0.46,0.71,0.78,Madhya Pradesh,MP,69.3,59.2,24.8,18.5,Barwani,46.1,1,85.5,37.1,0.4459,0
PHD_2026_0610,DOCTORATE,Male,29,2-5 LPA,0,43,55,3,0,1,0.33,0.56,0.71,Maharashtra,MH,82.3,75.9,32.3,11.2,Nandurbar,33.1,1,83.3,32.4,0.3016,0
PHD_2026_0611,DOCTORATE,Female,27,2-5 LPA,0,23,12,10,2,1,0.0,0.98,0.67,Haryana,HR,75.6,65.9,29.8,12.5,Gurugram,2.5,0,31.2,20.5,0.0321,0
PHD_2026_0612,DOCTORATE,Male,29,>10 LPA,1,52,79,2,2,1,0.43,0.49,0.51,Bihar,BR,61.8,51.5,14.5,21.4,Purnia,50.4,1,89.2,42.1,0.2178,0
PHD_2026_0613,DOCTORATE,Male,30,5-10 LPA,0,60,42,6,3,1,0.04,0.7,0.45,Bihar,BR,61.8,51.5,14.5,21.4,Patna,18.2,0,56.4,28.5,0.0349,0
PHD_2026_0614,DOCTORATE,Male,29,5-10 LPA,0,71,15,5,2,1,0.35,0.98,0.75,Tamil Nadu,TN,80.1,73.4,51.4,8.1,Ramanathapuram,7.8,1,69.7,22.1,0.0744,0
PHD_2026_0615,DOCTORATE,Male,27,5-10 LPA,0,14,18,2,0,3,0.43,0.65,0.36,Rajasthan,RJ,66.1,52.1,26.0,17.2,Kota,8.2,0,39.7,21.0,0.2969,0
PHD_2026_0616,DOCTORATE,Female,27,<2 LPA,1,18,125,8,1,2,0.58,0.57,0.21,Bihar,BR,61.8,51.5,14.5,21.4,Katihar,48.7,1,91.1,44.3,0.6405,1
PHD_2026_0617,DOCTORATE,Female,24,<2 LPA,0,40,91,2,0,1,0.49,0.2,0.63,Rajasthan,RJ,66.1,52.1,26.0,17.2,Barmer,34.2,1,93.0,35.8,0.5487,1
PHD_2026_0618,DOCTORATE,Male,26,<2 LPA,0,26,33,6,0,1,0.56,0.73,0.32,Kerala,KL,94.0,92.1,43.2,3.2,Thiruvananthapuram,0.9,0,46.2,15.2,0.2553,0
PHD_2026_0619,DOCTORATE,Male,33,<2 LPA,1,9,25,1,0,1,0.8,0.72,0.52,Uttar Pradesh,UP,67.7,57.2,23.2,16.8,Noida / Gautam Buddha Nagar,7.1,0,40.9,22.0,0.5837,1
PHD_2026_0620,DOCTORATE,Female,32,<2 LPA,0,35,20,6,2,1,0.14,0.77,0.4,Tamil Nadu,TN,80.1,73.4,51.4,8.1,Chennai,1.2,0,0.0,17.5,0.0448,0
PHD_2026_0621,DOCTORATE,Male,27,2-5 LPA,0,31,65,2,1,2,0.27,0.86,0.87,Haryana,HR,75.6,65.9,29.8,12.5,Gurugram,2.5,0,31.2,20.5,0.3316,0
PHD_2026_0622,DOCTORATE,Female,32,5-10 LPA,0,61,3,3,0,2,0.15,0.91,0.47,Haryana,HR,75.6,65.9,29.8,12.5,Gurugram,2.5,0,31.2,20.5,0.1454,0
PHD_2026_0623,DOCTORATE,Male,28,<2 LPA,0,42,41,3,2,3,0.45,0.56,0.2,Tamil Nadu,TN,80.1,73.4,51.4,8.1,Coimbatore,2.1,0,24.2,18.9,0.1948,0
PHD_2026_0624,DOCTORATE,Female,30,>10 LPA,0,7,3,2,0,1,0.0,1.14,0.15,Bihar,BR,61.8,51.5,14.5,21.4,Muzaffarpur,35.1,1,90.3,38.0,0.0419,0
PHD_2026_0625,DOCTORATE,Male,26,2-5 LPA,0,62,71,4,1,2,0.12,0.38,0.73,Madhya Pradesh,MP,69.3,59.2,24.8,18.5,Alirajpur,52.0,1,92.2,39.5,0.3189,0
PHD_2026_0626,DOCTORATE,Male,28,5-10 LPA,1,40,9,6,0,1,0.0,0.94,0.41,Karnataka,KA,75.4,68.1,36.2,12.0,Bengaluru Urban,1.8,0,9.1,18.2,0.0618,0
PHD_2026_0627,DOCTORATE,Female,32,5-10 LPA,0,35,40,6,2,1,0.26,0.63,0.6,Madhya Pradesh,MP,69.3,59.2,24.8,18.5,Indore,6.8,0,25.9,21.8,0.0949,0
PHD_2026_0628,DOCTORATE,Female,26,2-5 LPA,1,21,89,4,3,1,0.12,0.76,0.56,Madhya Pradesh,MP,69.3,59.2,24.8,18.5,Indore,6.8,0,25.9,21.8,0.0846,0
PHD_2026_0629,DOCTORATE,Male,31,5-10 LPA,0,56,18,5,3,2,0.0,0.87,0.82,Karnataka,KA,75.4,68.1,36.2,12.0,Bengaluru Urban,1.8,0,9.1,18.2,0.0504,0
PHD_2026_0630,DOCTORATE,Female,25,5-10 LPA,1,41,13,7,1,1,0.0,0.45,0.67,Gujarat,GJ,78.0,69.7,21.3,17.9,Dahod,40.5,1,88.0,38.1,0.0677,0
PHD_2026_0631,DOCTORATE,Female,26,2-5 LPA,0,14,32,3,0,1,0.37,0.77,0.69,Karnataka,KA,75.4,68.1,36.2,12.0,Yadgir,39.4,1,81.2,36.5,0.2244,0
PHD_2026_0632,DOCTORATE,Male,27,2-5 LPA,0,8,0,4,0,1,0.52,1.02,0.1,Tamil Nadu,TN,80.1,73.4,51.4,8.1,Coimbatore,2.1,0,24.2,18.9,0.1198,0
PHD_2026_0633,DOCTORATE,Female,31,5-10 LPA,0,51,6,1,4,1,0.25,1.08,0.58,Uttar Pradesh,UP,67.7,57.2,23.2,16.8,Lucknow,8.5,0,33.8,24.1,0.0425,0
PHD_2026_0634,DOCTORATE,Male,27,>10 LPA,1,56,48,1,2,1,0.44,0.49,0.23,Madhya Pradesh,MP,69.3,59.2,24.8,18.5,Indore,6.8,0,25.9,21.8,0.2526,0
PHD_2026_0635,DOCTORATE,Male,26,5-10 LPA,0,57,1,4,2,2,0.13,0.9,0.3,Haryana,HR,75.6,65.9,29.8,12.5,Nuh / Mewat,44.8,1,88.6,47.0,0.0539,0
PHD_2026_0636,DOCTORATE,Male,31,2-5 LPA,0,60,54,1,0,2,0.35,0.51,0.48,Maharashtra,MH,82.3,75.9,32.3,11.2,Gadchiroli,28.5,1,89.0,28.9,0.6324,1
PHD_2026_0637,DOCTORATE,Male,33,2-5 LPA,0,64,19,3,2,1,0.12,0.9,0.37,Tamil Nadu,TN,80.1,73.4,51.4,8.1,Chennai,1.2,0,0.0,17.5,0.0382,0
PHD_2026_0638,DOCTORATE,Male,31,2-5 LPA,0,64,2,5,1,2,0.18,1.0,0.38,Bihar,BR,61.8,51.5,14.5,21.4,Gaya,38.6,1,86.8,36.2,0.0921,0
PHD_2026_0639,DOCTORATE,Female,28,<2 LPA,0,37,1,4,2,1,0.04,1.13,0.77,Uttar Pradesh,UP,67.7,57.2,23.2,16.8,Lucknow,8.5,0,33.8,24.1,0.029,0
PHD_2026_0640,DOCTORATE,Male,26,5-10 LPA,1,38,1,3,2,2,0.0,0.75,0.49,Maharashtra,MH,82.3,75.9,32.3,11.2,Gadchiroli,28.5,1,89.0,28.9,0.0513,0
PHD_2026_0641,DOCTORATE,Male,31,2-5 LPA,0,11,55,3,0,1,0.57,0.45,0.71,Tamil Nadu,TN,80.1,73.4,51.4,8.1,Chennai,1.2,0,0.0,17.5,0.4356,0
PHD_2026_0642,DOCTORATE,Male,25,2-5 LPA,0,48,1,3,1,3,0.29,0.94,0.43,Uttar Pradesh,UP,67.7,57.2,23.2,16.8,Lucknow,8.5,0,33.8,24.1,0.1212,0
PHD_2026_0643,DOCTORATE,Female,26,<2 LPA,0,35,78,2,2,1,0.38,0.3,0.82,Madhya Pradesh,MP,69.3,59.2,24.8,18.5,Barwani,46.1,1,85.5,37.1,0.2567,0
PHD_2026_0644,DOCTORATE,Male,29,5-10 LPA,0,49,2,5,2,1,0.0,1.19,0.1,Uttar Pradesh,UP,67.7,57.2,23.2,16.8,Balrampur,47.9,1,92.3,45.0,0.0162,0
PHD_2026_0645,DOCTORATE,Female,32,5-10 LPA,0,38,118,2,2,1,0.28,0.2,0.76,Maharashtra,MH,82.3,75.9,32.3,11.2,Pune,3.9,0,39.1,21.0,0.339,0
PHD_2026_0646,DOCTORATE,Male,24,2-5 LPA,0,50,90,3,2,1,0.34,0.2,0.62,Haryana,HR,75.6,65.9,29.8,12.5,Gurugram,2.5,0,31.2,20.5,0.2585,0
PHD_2026_0647,DOCTORATE,Female,29,>10 LPA,0,8,29,1,0,1,0.14,0.69,0.83,Madhya Pradesh,MP,69.3,59.2,24.8,18.5,Barwani,46.1,1,85.5,37.1,0.3136,0
PHD_2026_0648,DOCTORATE,Female,27,5-10 LPA,0,21,54,5,1,1,0.03,0.73,0.16,Gujarat,GJ,78.0,69.7,21.3,17.9,Narmada,32.4,1,89.5,30.5,0.0757,0
PHD_2026_0649,DOCTORATE,Male,33,2-5 LPA,0,22,20,1,2,1,0.27,1.01,0.38,Gujarat,GJ,78.0,69.7,21.3,17.9,Dahod,40.5,1,88.0,38.1,0.11,0
PHD_2026_0650,DOCTORATE,Male,31,2-5 LPA,0,34,19,0,0,1,0.64,0.8,0.47,Bihar,BR,61.8,51.5,14.5,21.4,Purnia,50.4,1,89.2,42.1,0.4537,0
PHD_2026_0651,DOCTORATE,Female,26,2-5 LPA,0,29,18,2,0,1,0.31,0.75,0.98,Karnataka,KA,75.4,68.1,36.2,12.0,Yadgir,39.4,1,81.2,36.5,0.2028,0
PHD_2026_0652,DOCTORATE,Male,29,5-10 LPA,0,48,13,0,1,1,0.48,0.95,0.2,Gujarat,GJ,78.0,69.7,21.3,17.9,Dahod,40.5,1,88.0,38.1,0.2018,1
PHD_2026_0653,DOCTORATE,Female,32,2-5 LPA,0,14,25,5,1,1,0.41,0.79,0.45,Tamil Nadu,TN,80.1,73.4,51.4,8.1,Ramanathapuram,7.8,1,69.7,22.1,0.1291,0
PHD_2026_0654,DOCTORATE,Male,32,2-5 LPA,0,38,34,2,0,1,0.84,0.54,0.18,Gujarat,GJ,78.0,69.7,21.3,17.9,Narmada,32.4,1,89.5,30.5,0.3945,1
PHD_2026_0655,DOCTORATE,Male,27,5-10 LPA,1,42,35,2,0,1,0.09,0.68,0.87,Uttar Pradesh,UP,67.7,57.2,23.2,16.8,Noida / Gautam Buddha Nagar,7.1,0,40.9,22.0,0.1634,0
PHD_2026_0656,DOCTORATE,Female,28,5-10 LPA,0,45,106,3,1,1,0.77,0.29,0.44,Madhya Pradesh,MP,69.3,59.2,24.8,18.5,Indore,6.8,0,25.9,21.8,0.598,1
PHD_2026_0657,DOCTORATE,Male,26,5-10 LPA,0,59,19,3,1,1,0.22,0.79,0.61,Rajasthan,RJ,66.1,52.1,26.0,17.2,Jaisalmer,31.8,1,86.7,33.2,0.0922,0
PHD_2026_0658,DOCTORATE,Female,32,2-5 LPA,1,71,3,4,3,2,0.04,0.92,0.2,Gujarat,GJ,78.0,69.7,21.3,17.9,Dahod,40.5,1,88.0,38.1,0.0274,0
PHD_2026_0659,DOCTORATE,Male,33,5-10 LPA,0,60,68,3,1,1,0.45,0.2,0.4,Tamil Nadu,TN,80.1,73.4,51.4,8.1,Chennai,1.2,0,0.0,17.5,0.2989,0
PHD_2026_0660,DOCTORATE,Female,31,2-5 LPA,0,10,87,4,0,2,0.35,0.35,0.23,Uttar Pradesh,UP,67.7,57.2,23.2,16.8,Lucknow,8.5,0,33.8,24.1,0.523,1
PHD_2026_0661,DOCTORATE,Male,28,5-10 LPA,0,8,36,2,0,1,0.36,0.27,0.35,Madhya Pradesh,MP,69.3,59.2,24.8,18.5,Barwani,46.1,1,85.5,37.1,0.2374,0
PHD_2026_0662,DOCTORATE,Female,33,<2 LPA,0,10,11,3,0,1,0.53,0.67,0.76,Maharashtra,MH,82.3,75.9,32.3,11.2,Gadchiroli,28.5,1,89.0,28.9,0.2515,0
PHD_2026_0663,DOCTORATE,Male,26,5-10 LPA,0,39,26,2,0,1,0.57,0.97,0.24,Gujarat,GJ,78.0,69.7,21.3,17.9,Ahmedabad,3.8,0,15.9,20.2,0.2053,0
PHD_2026_0664,DOCTORATE,Male,31,2-5 LPA,0,30,4,4,1,1,0.16,1.33,0.48,Haryana,HR,75.6,65.9,29.8,12.5,Nuh / Mewat,44.8,1,88.6,47.0,0.0438,0
PHD_2026_0665,DOCTORATE,Female,30,5-10 LPA,1,7,18,4,0,1,0.41,1.07,0.25,Tamil Nadu,TN,80.1,73.4,51.4,8.1,Ramanathapuram,7.8,1,69.7,22.1,0.1323,0
PHD_2026_0666,DOCTORATE,Female,32,>10 LPA,0,70,27,5,3,1,0.0,0.24,0.73,Rajasthan,RJ,66.1,52.1,26.0,17.2,Barmer,34.2,1,93.0,35.8,0.0415,0
PHD_2026_0667,DOCTORATE,Male,28,<2 LPA,1,67,40,3,2,1,0.13,0.72,0.58,Maharashtra,MH,82.3,75.9,32.3,11.2,Nandurbar,33.1,1,83.3,32.4,0.0686,0
PHD_2026_0668,DOCTORATE,Male,27,2-5 LPA,0,36,165,1,0,1,0.84,0.2,0.44,Madhya Pradesh,MP,69.3,59.2,24.8,18.5,Barwani,46.1,1,85.5,37.1,0.9422,1
PHD_2026_0669,DOCTORATE,Male,30,2-5 LPA,1,38,80,2,1,1,0.83,0.6,0.43,Bihar,BR,61.8,51.5,14.5,21.4,Muzaffarpur,35.1,1,90.3,38.0,0.4852,1
PHD_2026_0670,DOCTORATE,Female,30,5-10 LPA,0,15,24,3,2,1,0.41,0.73,0.21,Rajasthan,RJ,66.1,52.1,26.0,17.2,Kota,8.2,0,39.7,21.0,0.0747,0
PHD_2026_0671,DOCTORATE,Male,27,5-10 LPA,0,19,4,4,0,1,0.35,0.62,0.71,Rajasthan,RJ,66.1,52.1,26.0,17.2,Jaisalmer,31.8,1,86.7,33.2,0.1686,0
PHD_2026_0672,DOCTORATE,Female,26,5-10 LPA,1,32,10,5,0,2,0.18,1.1,0.44,Uttar Pradesh,UP,67.7,57.2,23.2,16.8,Balrampur,47.9,1,92.3,45.0,0.1489,0
PHD_2026_0673,DOCTORATE,Male,28,5-10 LPA,1,71,16,3,5,1,0.58,0.65,0.25,Kerala,KL,94.0,92.1,43.2,3.2,Thiruvananthapuram,0.9,0,46.2,15.2,0.0284,0
PHD_2026_0674,DOCTORATE,Female,29,5-10 LPA,0,58,27,1,2,1,0.14,0.76,0.36,Madhya Pradesh,MP,69.3,59.2,24.8,18.5,Alirajpur,52.0,1,92.2,39.5,0.1063,0
PHD_2026_0675,DOCTORATE,Male,28,5-10 LPA,0,49,79,2,2,1,0.45,0.4,0.74,Kerala,KL,94.0,92.1,43.2,3.2,Ernakulam,0.6,0,31.9,14.8,0.2673,0
PHD_2026_0676,DOCTORATE,Male,31,5-10 LPA,0,42,19,2,0,1,0.39,0.71,0.53,Madhya Pradesh,MP,69.3,59.2,24.8,18.5,Alirajpur,52.0,1,92.2,39.5,0.1826,1
PHD_2026_0677,DOCTORATE,Female,29,2-5 LPA,0,31,80,2,1,1,0.49,0.58,0.36,Kerala,KL,94.0,92.1,43.2,3.2,Thiruvananthapuram,0.9,0,46.2,15.2,0.3002,0
PHD_2026_0678,DOCTORATE,Female,26,2-5 LPA,0,53,28,2,1,2,0.57,0.94,0.74,Rajasthan,RJ,66.1,52.1,26.0,17.2,Kota,8.2,0,39.7,21.0,0.3275,0
PHD_2026_0679,DOCTORATE,Male,31,5-10 LPA,0,56,5,8,0,3,0.0,0.93,0.72,Haryana,HR,75.6,65.9,29.8,12.5,Nuh / Mewat,44.8,1,88.6,47.0,0.1314,0
PHD_2026_0680,DOCTORATE,Male,33,<2 LPA,0,26,3,3,1,2,0.32,1.24,0.32,Maharashtra,MH,82.3,75.9,32.3,11.2,Gadchiroli,28.5,1,89.0,28.9,0.103,0
PHD_2026_0681,DOCTORATE,Male,30,2-5 LPA,0,65,32,1,3,1,0.57,0.84,0.35,Tamil Nadu,TN,80.1,73.4,51.4,8.1,Ramanathapuram,7.8,1,69.7,22.1,0.1673,0
PHD_2026_0682,DOCTORATE,Male,28,<2 LPA,1,6,1,4,1,1,0.35,1.06,0.23,Gujarat,GJ,78.0,69.7,21.3,17.9,Narmada,32.4,1,89.5,30.5,0.0607,0
PHD_2026_0683,DOCTORATE,Female,30,2-5 LPA,1,61,70,5,4,1,0.17,0.46,0.6,Rajasthan,RJ,66.1,52.1,26.0,17.2,Jaipur,6.9,0,47.6,22.5,0.0571,0
PHD_2026_0684,DOCTORATE,Female,33,>10 LPA,0,7,15,4,0,1,0.15,0.89,0.56,Karnataka,KA,75.4,68.1,36.2,12.0,Raichur,36.8,1,74.6,34.0,0.1024,0
PHD_2026_0685,DOCTORATE,Male,25,5-10 LPA,0,16,24,3,1,1,0.46,0.96,0.45,Karnataka,KA,75.4,68.1,36.2,12.0,Bengaluru Urban,1.8,0,9.1,18.2,0.129,0
PHD_2026_0686,DOCTORATE,Male,24,5-10 LPA,0,60,27,4,3,2,0.46,0.63,0.34,Bihar,BR,61.8,51.5,14.5,21.4,Purnia,50.4,1,89.2,42.1,0.1194,0
PHD_2026_0687,DOCTORATE,Male,28,2-5 LPA,0,36,29,5,2,1,0.0,0.66,0.23,Uttar Pradesh,UP,67.7,57.2,23.2,16.8,Balrampur,47.9,1,92.3,45.0,0.0359,0
PHD_2026_0688,DOCTORATE,Female,33,2-5 LPA,0,15,41,3,0,1,0.62,0.53,0.31,Uttar Pradesh,UP,67.7,57.2,23.2,16.8,Shravasti,49.6,1,96.5,48.2,0.3278,0
PHD_2026_0689,DOCTORATE,Male,30,2-5 LPA,0,51,180,2,1,1,0.5,0.2,0.9,Tamil Nadu,TN,80.1,73.4,51.4,8.1,Coimbatore,2.1,0,24.2,18.9,0.7866,1
PHD_2026_0690,DOCTORATE,Male,27,2-5 LPA,0,15,18,8,0,1,0.0,1.2,0.86,Madhya Pradesh,MP,69.3,59.2,24.8,18.5,Alirajpur,52.0,1,92.2,39.5,0.0828,0
PHD_2026_0691,DOCTORATE,Male,24,2-5 LPA,0,9,55,2,0,1,0.15,0.37,0.86,Tamil Nadu,TN,80.1,73.4,51.4,8.1,Ramanathapuram,7.8,1,69.7,22.1,0.2638,0
PHD_2026_0692,DOCTORATE,Female,25,<2 LPA,0,54,5,3,2,1,0.59,0.92,0.77,Gujarat,GJ,78.0,69.7,21.3,17.9,Narmada,32.4,1,89.5,30.5,0.1099,0
PHD_2026_0693,DOCTORATE,Male,31,2-5 LPA,1,18,23,4,1,1,0.28,0.72,0.56,Gujarat,GJ,78.0,69.7,21.3,17.9,Dahod,40.5,1,88.0,38.1,0.1077,0
PHD_2026_0694,DOCTORATE,Male,26,2-5 LPA,0,60,56,4,0,2,0.37,0.69,0.47,Kerala,KL,94.0,92.1,43.2,3.2,Ernakulam,0.6,0,31.9,14.8,0.4137,1
PHD_2026_0695,DOCTORATE,Male,29,<2 LPA,1,55,37,4,1,1,0.15,0.73,0.69,Tamil Nadu,TN,80.1,73.4,51.4,8.1,Ramanathapuram,7.8,1,69.7,22.1,0.1109,0
PHD_2026_0696,DOCTORATE,Male,33,5-10 LPA,0,57,29,3,1,1,0.13,0.53,0.63,Tamil Nadu,TN,80.1,73.4,51.4,8.1,Ramanathapuram,7.8,1,69.7,22.1,0.1018,0
PHD_2026_0697,DOCTORATE,Female,25,5-10 LPA,0,59,98,4,2,1,0.14,0.37,0.77,Uttar Pradesh,UP,67.7,57.2,23.2,16.8,Bahraich,54.4,1,92.1,46.5,0.2022,0
PHD_2026_0698,DOCTORATE,Female,31,2-5 LPA,0,60,72,5,1,1,0.24,0.34,0.68,Haryana,HR,75.6,65.9,29.8,12.5,Gurugram,2.5,0,31.2,20.5,0.243,0
PHD_2026_0699,DOCTORATE,Male,28,2-5 LPA,0,52,7,4,2,1,0.0,1.03,0.22,Rajasthan,RJ,66.1,52.1,26.0,17.2,Jaipur,6.9,0,47.6,22.5,0.0208,0
PHD_2026_0700,DOCTORATE,Female,33,2-5 LPA,0,6,34,2,0,1,0.25,0.62,0.8,Haryana,HR,75.6,65.9,29.8,12.5,Gurugram,2.5,0,31.2,20.5,0.2107,0
PHD_2026_0701,DOCTORATE,Female,31,5-10 LPA,0,8,5,4,0,1,0.22,0.96,0.44,Karnataka,KA,75.4,68.1,36.2,12.0,Yadgir,39.4,1,81.2,36.5,0.0928,0
PHD_2026_0702,DOCTORATE,Female,29,5-10 LPA,0,58,180,1,3,1,0.65,0.2,0.71,Maharashtra,MH,82.3,75.9,32.3,11.2,Pune,3.9,0,39.1,21.0,0.8109,0
PHD_2026_0703,DOCTORATE,Female,28,>10 LPA,1,40,18,2,1,1,0.38,0.71,0.77,Gujarat,GJ,78.0,69.7,21.3,17.9,Ahmedabad,3.8,0,15.9,20.2,0.1433,0
PHD_2026_0704,DOCTORATE,Male,28,<2 LPA,1,42,33,1,0,2,0.45,0.72,0.59,Bihar,BR,61.8,51.5,14.5,21.4,Gaya,38.6,1,86.8,36.2,0.5971,1
PHD_2026_0705,DOCTORATE,Female,27,<2 LPA,0,63,67,5,0,1,0.0,0.7,0.17,Uttar Pradesh,UP,67.7,57.2,23.2,16.8,Bahraich,54.4,1,92.1,46.5,0.131,0
PHD_2026_0706,DOCTORATE,Male,25,>10 LPA,1,20,62,3,0,1,0.03,0.55,0.83,Tamil Nadu,TN,80.1,73.4,51.4,8.1,Ramanathapuram,7.8,1,69.7,22.1,0.2125,0
PHD_2026_0707,DOCTORATE,Female,28,5-10 LPA,0,34,86,3,3,1,0.48,0.28,0.22,Uttar Pradesh,UP,67.7,57.2,23.2,16.8,Shravasti,49.6,1,96.5,48.2,0.1666,0
PHD_2026_0708,DOCTORATE,Female,25,5-10 LPA,0,21,68,6,0,1,0.23,0.76,0.71,Karnataka,KA,75.4,68.1,36.2,12.0,Raichur,36.8,1,74.6,34.0,0.2688,0
PHD_2026_0709,DOCTORATE,Male,30,2-5 LPA,0,70,6,4,3,1,0.0,1.02,0.79,Maharashtra,MH,82.3,75.9,32.3,11.2,Pune,3.9,0,39.1,21.0,0.0202,0
PHD_2026_0710,DOCTORATE,Female,28,2-5 LPA,0,39,10,4,0,2,0.69,1.34,0.4,Tamil Nadu,TN,80.1,73.4,51.4,8.1,Coimbatore,2.1,0,24.2,18.9,0.3148,1
PHD_2026_0711,DOCTORATE,Female,27,2-5 LPA,0,10,4,6,1,1,0.11,1.14,0.28,Madhya Pradesh,MP,69.3,59.2,24.8,18.5,Indore,6.8,0,25.9,21.8,0.0378,0
PHD_2026_0712,DOCTORATE,Male,32,2-5 LPA,0,64,32,5,2,1,0.31,0.83,0.51,Rajasthan,RJ,66.1,52.1,26.0,17.2,Kota,8.2,0,39.7,21.0,0.08,0
PHD_2026_0713,DOCTORATE,Male,28,2-5 LPA,0,28,140,2,0,1,0.26,0.2,0.92,Maharashtra,MH,82.3,75.9,32.3,11.2,Nandurbar,33.1,1,83.3,32.4,0.6561,1
PHD_2026_0714,DOCTORATE,Male,27,2-5 LPA,0,22,16,2,1,1,0.04,1.1,0.86,Gujarat,GJ,78.0,69.7,21.3,17.9,Ahmedabad,3.8,0,15.9,20.2,0.0605,0
PHD_2026_0715,DOCTORATE,Male,25,5-10 LPA,0,50,11,6,5,1,0.19,0.79,0.8,Haryana,HR,75.6,65.9,29.8,12.5,Nuh / Mewat,44.8,1,88.6,47.0,0.0157,0
PHD_2026_0716,DOCTORATE,Male,25,>10 LPA,0,32,29,0,2,1,0.78,0.83,0.31,Kerala,KL,94.0,92.1,43.2,3.2,Thiruvananthapuram,0.9,0,46.2,15.2,0.3169,1
PHD_2026_0717,DOCTORATE,Male,27,5-10 LPA,0,16,39,1,0,2,0.12,0.65,0.5,Kerala,KL,94.0,92.1,43.2,3.2,Wayanad,4.1,1,96.1,18.0,0.4364,0
PHD_2026_0718,DOCTORATE,Female,27,5-10 LPA,1,12,36,0,0,1,0.9,0.79,0.6,Bihar,BR,61.8,51.5,14.5,21.4,Patna,18.2,0,56.4,28.5,0.677,1
PHD_2026_0719,DOCTORATE,Male,27,<2 LPA,0,60,6,4,3,1,0.22,1.15,0.37,Gujarat,GJ,78.0,69.7,21.3,17.9,Ahmedabad,3.8,0,15.9,20.2,0.0224,0
PHD_2026_0720,DOCTORATE,Female,24,<2 LPA,1,53,38,6,1,1,0.03,0.73,0.11,Haryana,HR,75.6,65.9,29.8,12.5,Nuh / Mewat,44.8,1,88.6,47.0,0.0588,0
PHD_2026_0721,DOCTORATE,Female,32,2-5 LPA,1,57,4,3,4,2,0.58,1.12,0.61,Uttar Pradesh,UP,67.7,57.2,23.2,16.8,Shravasti,49.6,1,96.5,48.2,0.0678,0
PHD_2026_0722,DOCTORATE,Female,24,2-5 LPA,0,52,101,2,4,1,0.7,0.2,0.57,Gujarat,GJ,78.0,69.7,21.3,17.9,Dahod,40.5,1,88.0,38.1,0.2627,0
PHD_2026_0723,DOCTORATE,Female,27,2-5 LPA,0,32,73,3,1,2,0.42,0.62,0.78,Maharashtra,MH,82.3,75.9,32.3,11.2,Gadchiroli,28.5,1,89.0,28.9,0.462,0
PHD_2026_0724,DOCTORATE,Male,26,2-5 LPA,1,44,18,7,1,1,0.0,0.8,0.76,Maharashtra,MH,82.3,75.9,32.3,11.2,Gadchiroli,28.5,1,89.0,28.9,0.0636,0
PHD_2026_0725,DOCTORATE,Female,24,<2 LPA,0,26,36,3,1,1,0.16,0.52,0.46,Haryana,HR,75.6,65.9,29.8,12.5,Nuh / Mewat,44.8,1,88.6,47.0,0.1062,0
PHD_2026_0726,DOCTORATE,Male,28,<2 LPA,0,10,28,4,1,1,0.32,0.82,0.48,Bihar,BR,61.8,51.5,14.5,21.4,Katihar,48.7,1,91.1,44.3,0.1127,0
PHD_2026_0727,DOCTORATE,Male,29,2-5 LPA,1,52,63,6,2,1,0.13,0.54,0.4,Rajasthan,RJ,66.1,52.1,26.0,17.2,Barmer,34.2,1,93.0,35.8,0.0924,0
PHD_2026_0728,DOCTORATE,Male,31,2-5 LPA,1,46,180,2,1,1,0.32,0.2,0.36,Gujarat,GJ,78.0,69.7,21.3,17.9,Ahmedabad,3.8,0,15.9,20.2,0.6214,1
PHD_2026_0729,DOCTORATE,Male,26,2-5 LPA,0,58,33,4,2,1,0.6,0.7,0.22,Bihar,BR,61.8,51.5,14.5,21.4,Katihar,48.7,1,91.1,44.3,0.1256,0
PHD_2026_0730,DOCTORATE,Male,28,2-5 LPA,0,58,7,3,1,1,0.5,0.69,0.08,Madhya Pradesh,MP,69.3,59.2,24.8,18.5,Barwani,46.1,1,85.5,37.1,0.0992,1
PHD_2026_0731,DOCTORATE,Male,32,>10 LPA,1,36,17,0,2,1,0.39,0.69,0.89,Madhya Pradesh,MP,69.3,59.2,24.8,18.5,Alirajpur,52.0,1,92.2,39.5,0.2155,0
PHD_2026_0732,DOCTORATE,Female,26,5-10 LPA,0,66,4,3,1,1,0.33,0.9,0.06,Karnataka,KA,75.4,68.1,36.2,12.0,Yadgir,39.4,1,81.2,36.5,0.0605,1
PHD_2026_0733,DOCTORATE,Male,29,5-10 LPA,1,14,57,3,0,1,0.53,0.4,0.05,Haryana,HR,75.6,65.9,29.8,12.5,Nuh / Mewat,44.8,1,88.6,47.0,0.3154,0
PHD_2026_0734,DOCTORATE,Female,30,2-5 LPA,0,46,89,1,1,2,0.36,0.2,0.74,Karnataka,KA,75.4,68.1,36.2,12.0,Raichur,36.8,1,74.6,34.0,0.7319,1
PHD_2026_0735,DOCTORATE,Female,33,<2 LPA,0,42,34,5,0,1,0.52,0.85,0.53,Karnataka,KA,75.4,68.1,36.2,12.0,Bengaluru Urban,1.8,0,9.1,18.2,0.2566,1
PHD_2026_0736,DOCTORATE,Male,32,2-5 LPA,0,10,41,3,0,1,0.45,0.27,0.76,Gujarat,GJ,78.0,69.7,21.3,17.9,Narmada,32.4,1,89.5,30.5,0.3567,0
PHD_2026_0737,DOCTORATE,Male,32,5-10 LPA,0,47,33,1,2,2,0.71,0.93,0.15,Haryana,HR,75.6,65.9,29.8,12.5,Nuh / Mewat,44.8,1,88.6,47.0,0.4036,0
PHD_2026_0738,DOCTORATE,Male,30,2-5 LPA,0,62,10,3,0,1,0.38,0.62,0.92,Uttar Pradesh,UP,67.7,57.2,23.2,16.8,Shravasti,49.6,1,96.5,48.2,0.2138,0
PHD_2026_0739,DOCTORATE,Male,26,<2 LPA,1,33,16,3,1,2,0.33,0.74,0.73,Uttar Pradesh,UP,67.7,57.2,23.2,16.8,Lucknow,8.5,0,33.8,24.1,0.2108,0
PHD_2026_0740,DOCTORATE,Male,31,5-10 LPA,0,43,21,5,1,1,0.36,0.48,0.17,Karnataka,KA,75.4,68.1,36.2,12.0,Yadgir,39.4,1,81.2,36.5,0.1083,0
PHD_2026_0741,DOCTORATE,Female,24,2-5 LPA,0,65,20,4,3,1,0.1,0.91,0.56,Maharashtra,MH,82.3,75.9,32.3,11.2,Pune,3.9,0,39.1,21.0,0.0278,0
PHD_2026_0742,DOCTORATE,Male,25,5-10 LPA,1,63,25,1,2,1,0.28,1.0,0.12,Haryana,HR,75.6,65.9,29.8,12.5,Nuh / Mewat,44.8,1,88.6,47.0,0.1018,0
PHD_2026_0743,DOCTORATE,Male,32,<2 LPA,1,32,10,3,3,2,0.14,0.77,0.58,Haryana,HR,75.6,65.9,29.8,12.5,Gurugram,2.5,0,31.2,20.5,0.0536,0
PHD_2026_0744,DOCTORATE,Male,25,2-5 LPA,0,50,3,3,1,2,0.13,0.66,0.73,Madhya Pradesh,MP,69.3,59.2,24.8,18.5,Bhopal,9.4,0,19.1,23.4,0.1292,0
PHD_2026_0745,DOCTORATE,Male,29,5-10 LPA,0,67,27,5,0,1,0.08,0.92,0.53,Tamil Nadu,TN,80.1,73.4,51.4,8.1,Chennai,1.2,0,0.0,17.5,0.1035,0
PHD_2026_0746,DOCTORATE,Male,26,>10 LPA,0,65,18,4,2,1,0.43,1.14,0.84,Rajasthan,RJ,66.1,52.1,26.0,17.2,Jaipur,6.9,0,47.6,22.5,0.0886,0
PHD_2026_0747,DOCTORATE,Male,26,5-10 LPA,1,28,52,1,0,1,0.48,0.85,0.42,Madhya Pradesh,MP,69.3,59.2,24.8,18.5,Indore,6.8,0,25.9,21.8,0.47,0
PHD_2026_0748,DOCTORATE,Male,33,>10 LPA,0,63,27,7,0,1,0.32,0.66,0.95,Madhya Pradesh,MP,69.3,59.2,24.8,18.5,Alirajpur,52.0,1,92.2,39.5,0.2346,0
PHD_2026_0749,DOCTORATE,Male,26,>10 LPA,1,33,58,4,2,1,0.01,0.63,0.54,Uttar Pradesh,UP,67.7,57.2,23.2,16.8,Bahraich,54.4,1,92.1,46.5,0.0702,0
PHD_2026_0750,DOCTORATE,Male,31,2-5 LPA,0,51,12,2,1,3,0.64,1.23,0.24,Kerala,KL,94.0,92.1,43.2,3.2,Ernakulam,0.6,0,31.9,14.8,0.2027,0
PHD_2026_0751,DOCTORATE,Female,29,2-5 LPA,0,48,52,1,1,1,0.49,0.59,0.29,Gujarat,GJ,78.0,69.7,21.3,17.9,Ahmedabad,3.8,0,15.9,20.2,0.3834,0
PHD_2026_0752,DOCTORATE,Male,28,5-10 LPA,1,13,145,2,1,1,0.47,0.2,0.42,Bihar,BR,61.8,51.5,14.5,21.4,Gaya,38.6,1,86.8,36.2,0.589,1
PHD_2026_0753,DOCTORATE,Female,29,5-10 LPA,1,40,31,3,1,1,0.55,0.73,0.89,Madhya Pradesh,MP,69.3,59.2,24.8,18.5,Barwani,46.1,1,85.5,37.1,0.2405,0
PHD_2026_0754,DOCTORATE,Female,27,5-10 LPA,0,13,13,7,0,1,0.06,0.9,0.51,Madhya Pradesh,MP,69.3,59.2,24.8,18.5,Barwani,46.1,1,85.5,37.1,0.0814,0
PHD_2026_0755,DOCTORATE,Female,32,5-10 LPA,0,60,2,4,6,1,0.26,0.98,0.23,Kerala,KL,94.0,92.1,43.2,3.2,Wayanad,4.1,1,96.1,18.0,0.006,0
PHD_2026_0756,DOCTORATE,Male,28,<2 LPA,0,29,21,5,1,1,0.2,0.87,0.32,Uttar Pradesh,UP,67.7,57.2,23.2,16.8,Bahraich,54.4,1,92.1,46.5,0.0712,0
PHD_2026_0757,DOCTORATE,Male,32,2-5 LPA,0,49,9,4,3,1,0.28,0.72,0.65,Gujarat,GJ,78.0,69.7,21.3,17.9,Narmada,32.4,1,89.5,30.5,0.0415,0
PHD_2026_0758,DOCTORATE,Male,29,5-10 LPA,0,44,17,2,0,1,0.66,0.77,0.4,Maharashtra,MH,82.3,75.9,32.3,11.2,Gadchiroli,28.5,1,89.0,28.9,0.2558,0
PHD_2026_0759,DOCTORATE,Female,27,2-5 LPA,0,54,22,2,2,1,0.39,0.81,0.08,Tamil Nadu,TN,80.1,73.4,51.4,8.1,Ramanathapuram,7.8,1,69.7,22.1,0.0614,0
PHD_2026_0760,DOCTORATE,Female,26,<2 LPA,0,67,6,0,2,1,0.69,1.04,0.41,Haryana,HR,75.6,65.9,29.8,12.5,Gurugram,2.5,0,31.2,20.5,0.2044,0
PHD_2026_0761,DOCTORATE,Female,29,5-10 LPA,1,16,56,3,2,1,0.55,0.51,0.81,Haryana,HR,75.6,65.9,29.8,12.5,Nuh / Mewat,44.8,1,88.6,47.0,0.2426,0
PHD_2026_0762,DOCTORATE,Male,25,<2 LPA,0,48,16,2,0,1,0.48,0.69,0.46,Karnataka,KA,75.4,68.1,36.2,12.0,Bengaluru Urban,1.8,0,9.1,18.2,0.2022,0
PHD_2026_0763,DOCTORATE,Male,30,<2 LPA,1,57,15,4,1,1,0.11,0.86,0.84,Madhya Pradesh,MP,69.3,59.2,24.8,18.5,Bhopal,9.4,0,19.1,23.4,0.0784,0
PHD_2026_0764,DOCTORATE,Male,24,2-5 LPA,0,49,7,7,2,3,0.3,0.96,0.28,Madhya Pradesh,MP,69.3,59.2,24.8,18.5,Bhopal,9.4,0,19.1,23.4,0.0789,1
PHD_2026_0765,DOCTORATE,Female,29,5-10 LPA,0,42,63,4,1,1,0.58,0.37,0.76,Haryana,HR,75.6,65.9,29.8,12.5,Gurugram,2.5,0,31.2,20.5,0.3809,0
PHD_2026_0766,DOCTORATE,Male,31,5-10 LPA,0,41,18,3,0,2,0.33,1.25,0.78,Rajasthan,RJ,66.1,52.1,26.0,17.2,Kota,8.2,0,39.7,21.0,0.2454,0
PHD_2026_0767,DOCTORATE,Female,25,<2 LPA,1,54,2,2,1,1,0.38,0.7,0.4,Kerala,KL,94.0,92.1,43.2,3.2,Thiruvananthapuram,0.9,0,46.2,15.2,0.0913,0
PHD_2026_0768,DOCTORATE,Male,28,5-10 LPA,0,39,14,5,2,2,0.16,0.5,0.71,Bihar,BR,61.8,51.5,14.5,21.4,Gaya,38.6,1,86.8,36.2,0.1147,0
PHD_2026_0769,DOCTORATE,Female,32,>10 LPA,0,22,64,3,1,3,0.33,0.7,0.64,Bihar,BR,61.8,51.5,14.5,21.4,Patna,18.2,0,56.4,28.5,0.3404,0
PHD_2026_0770,DOCTORATE,Female,29,<2 LPA,1,27,28,3,0,2,0.02,0.68,0.25,Karnataka,KA,75.4,68.1,36.2,12.0,Raichur,36.8,1,74.6,34.0,0.1517,0
PHD_2026_0771,DOCTORATE,Male,24,5-10 LPA,0,61,2,2,2,1,0.2,0.99,0.19,Maharashtra,MH,82.3,75.9,32.3,11.2,Nandurbar,33.1,1,83.3,32.4,0.0299,0
PHD_2026_0772,DOCTORATE,Male,32,5-10 LPA,0,63,65,3,1,1,0.53,0.39,0.57,Tamil Nadu,TN,80.1,73.4,51.4,8.1,Chennai,1.2,0,0.0,17.5,0.3265,0
PHD_2026_0773,DOCTORATE,Male,29,2-5 LPA,1,31,3,5,1,1,0.39,0.95,0.74,Tamil Nadu,TN,80.1,73.4,51.4,8.1,Chennai,1.2,0,0.0,17.5,0.1038,0
PHD_2026_0774,DOCTORATE,Male,30,<2 LPA,0,68,8,3,3,3,0.5,0.81,0.52,Gujarat,GJ,78.0,69.7,21.3,17.9,Narmada,32.4,1,89.5,30.5,0.1019,0
PHD_2026_0775,DOCTORATE,Female,29,2-5 LPA,0,55,139,3,0,1,0.57,0.2,0.3,Gujarat,GJ,78.0,69.7,21.3,17.9,Dahod,40.5,1,88.0,38.1,0.6969,0
PHD_2026_0776,DOCTORATE,Female,24,5-10 LPA,1,50,8,6,3,1,0.24,0.87,0.87,Tamil Nadu,TN,80.1,73.4,51.4,8.1,Chennai,1.2,0,0.0,17.5,0.0401,0
PHD_2026_0777,DOCTORATE,Female,26,5-10 LPA,0,63,66,5,2,2,0.17,0.7,0.82,Gujarat,GJ,78.0,69.7,21.3,17.9,Ahmedabad,3.8,0,15.9,20.2,0.2143,0
PHD_2026_0778,DOCTORATE,Male,30,<2 LPA,0,50,87,5,1,1,0.36,0.2,0.48,Rajasthan,RJ,66.1,52.1,26.0,17.2,Barmer,34.2,1,93.0,35.8,0.3281,0
PHD_2026_0779,DOCTORATE,Male,25,2-5 LPA,1,41,9,4,0,1,0.55,0.95,0.96,Tamil Nadu,TN,80.1,73.4,51.4,8.1,Chennai,1.2,0,0.0,17.5,0.2496,0
PHD_2026_0780,DOCTORATE,Male,27,2-5 LPA,0,42,161,1,1,1,0.58,0.2,0.62,Tamil Nadu,TN,80.1,73.4,51.4,8.1,Coimbatore,2.1,0,24.2,18.9,0.8618,1
PHD_2026_0781,DOCTORATE,Male,26,2-5 LPA,1,25,3,0,2,1,0.39,0.71,0.79,Uttar Pradesh,UP,67.7,57.2,23.2,16.8,Shravasti,49.6,1,96.5,48.2,0.1695,0
PHD_2026_0782,DOCTORATE,Male,33,5-10 LPA,0,49,19,4,0,1,0.36,0.86,0.38,Kerala,KL,94.0,92.1,43.2,3.2,Wayanad,4.1,1,96.1,18.0,0.1463,0
PHD_2026_0783,DOCTORATE,Male,25,2-5 LPA,1,58,27,1,2,3,0.12,0.9,0.22,Karnataka,KA,75.4,68.1,36.2,12.0,Yadgir,39.4,1,81.2,36.5,0.1534,0
PHD_2026_0784,DOCTORATE,Male,29,2-5 LPA,0,36,63,1,0,1,0.24,0.78,0.29,Bihar,BR,61.8,51.5,14.5,21.4,Muzaffarpur,35.1,1,90.3,38.0,0.3715,0
PHD_2026_0785,DOCTORATE,Female,27,5-10 LPA,0,39,20,1,2,1,0.74,0.59,0.44,Tamil Nadu,TN,80.1,73.4,51.4,8.1,Ramanathapuram,7.8,1,69.7,22.1,0.3233,0
PHD_2026_0786,DOCTORATE,Male,24,<2 LPA,0,54,113,5,1,1,0.43,0.2,0.78,Madhya Pradesh,MP,69.3,59.2,24.8,18.5,Alirajpur,52.0,1,92.2,39.5,0.5159,1
PHD_2026_0787,DOCTORATE,Female,26,<2 LPA,0,47,32,2,4,2,0.59,0.41,0.07,Kerala,KL,94.0,92.1,43.2,3.2,Thiruvananthapuram,0.9,0,46.2,15.2,0.1024,0
PHD_2026_0788,DOCTORATE,Male,28,5-10 LPA,0,65,23,1,1,3,0.23,0.81,0.79,Bihar,BR,61.8,51.5,14.5,21.4,Purnia,50.4,1,89.2,42.1,0.3573,0
PHD_2026_0789,DOCTORATE,Female,25,2-5 LPA,0,53,33,2,1,1,0.63,0.41,0.81,Uttar Pradesh,UP,67.7,57.2,23.2,16.8,Noida / Gautam Buddha Nagar,7.1,0,40.9,22.0,0.3077,0
PHD_2026_0790,DOCTORATE,Female,26,5-10 LPA,1,67,17,5,2,1,0.13,0.55,0.63,Karnataka,KA,75.4,68.1,36.2,12.0,Bengaluru Urban,1.8,0,9.1,18.2,0.0563,0
PHD_2026_0791,DOCTORATE,Male,27,2-5 LPA,0,46,14,2,0,2,0.31,1.0,0.24,Karnataka,KA,75.4,68.1,36.2,12.0,Bengaluru Urban,1.8,0,9.1,18.2,0.1862,1
PHD_2026_0792,DOCTORATE,Female,33,2-5 LPA,0,63,56,2,1,3,0.62,0.62,0.58,Tamil Nadu,TN,80.1,73.4,51.4,8.1,Chennai,1.2,0,0.0,17.5,0.4663,0
PHD_2026_0793,DOCTORATE,Female,26,2-5 LPA,0,65,34,4,1,1,0.26,0.82,0.4,Tamil Nadu,TN,80.1,73.4,51.4,8.1,Coimbatore,2.1,0,24.2,18.9,0.1034,0
PHD_2026_0794,DOCTORATE,Female,25,2-5 LPA,0,61,38,2,1,1,0.37,0.86,0.23,Tamil Nadu,TN,80.1,73.4,51.4,8.1,Chennai,1.2,0,0.0,17.5,0.1177,0
PHD_2026_0795,DOCTORATE,Male,26,5-10 LPA,1,15,7,0,0,1,0.56,1.12,0.34,Bihar,BR,61.8,51.5,14.5,21.4,Muzaffarpur,35.1,1,90.3,38.0,0.304,0
PHD_2026_0796,DOCTORATE,Male,33,5-10 LPA,1,51,19,3,2,1,0.36,1.18,0.54,Bihar,BR,61.8,51.5,14.5,21.4,Gaya,38.6,1,86.8,36.2,0.0612,0
PHD_2026_0797,DOCTORATE,Female,30,5-10 LPA,0,33,13,2,2,2,0.61,0.83,0.89,Rajasthan,RJ,66.1,52.1,26.0,17.2,Barmer,34.2,1,93.0,35.8,0.2414,0
PHD_2026_0798,DOCTORATE,Female,25,5-10 LPA,0,58,40,5,1,1,0.0,0.71,0.52,Bihar,BR,61.8,51.5,14.5,21.4,Patna,18.2,0,56.4,28.5,0.0771,0
PHD_2026_0799,DOCTORATE,Male,26,<2 LPA,0,32,33,3,0,1,0.29,0.63,0.3,Maharashtra,MH,82.3,75.9,32.3,11.2,Gadchiroli,28.5,1,89.0,28.9,0.1641,0
PHD_2026_0800,DOCTORATE,Male,24,2-5 LPA,1,58,32,1,2,2,0.09,0.67,0.89,Haryana,HR,75.6,65.9,29.8,12.5,Nuh / Mewat,44.8,1,88.6,47.0,0.2599,0
PHD_2026_0801,DOCTORATE,Male,32,5-10 LPA,0,48,36,4,0,2,0.24,0.71,0.43,Kerala,KL,94.0,92.1,43.2,3.2,Wayanad,4.1,1,96.1,18.0,0.2706,0
PHD_2026_0802,DOCTORATE,Male,32,2-5 LPA,0,7,66,5,0,1,0.29,0.57,0.45,Rajasthan,RJ,66.1,52.1,26.0,17.2,Barmer,34.2,1,93.0,35.8,0.2734,0
PHD_2026_0803,DOCTORATE,Male,29,2-5 LPA,0,58,66,3,0,1,0.2,0.43,0.75,Madhya Pradesh,MP,69.3,59.2,24.8,18.5,Barwani,46.1,1,85.5,37.1,0.2967,0
PHD_2026_0804,DOCTORATE,Male,28,2-5 LPA,1,47,124,5,4,1,0.53,0.2,0.62,Maharashtra,MH,82.3,75.9,32.3,11.2,Pune,3.9,0,39.1,21.0,0.2639,0
PHD_2026_0805,DOCTORATE,Male,27,5-10 LPA,1,9,9,4,0,1,0.18,0.97,0.65,Maharashtra,MH,82.3,75.9,32.3,11.2,Pune,3.9,0,39.1,21.0,0.1038,0
PHD_2026_0806,DOCTORATE,Female,33,2-5 LPA,0,52,50,2,2,1,0.05,0.66,0.24,Rajasthan,RJ,66.1,52.1,26.0,17.2,Kota,8.2,0,39.7,21.0,0.0543,0
PHD_2026_0807,DOCTORATE,Male,28,2-5 LPA,0,10,24,2,3,2,0.45,0.76,0.32,Bihar,BR,61.8,51.5,14.5,21.4,Muzaffarpur,35.1,1,90.3,38.0,0.1021,0
PHD_2026_0808,DOCTORATE,Female,32,2-5 LPA,0,18,0,0,0,1,0.58,0.82,0.82,Haryana,HR,75.6,65.9,29.8,12.5,Nuh / Mewat,44.8,1,88.6,47.0,0.4107,0
PHD_2026_0809,DOCTORATE,Male,29,2-5 LPA,0,64,9,1,3,1,0.28,0.92,0.87,Kerala,KL,94.0,92.1,43.2,3.2,Ernakulam,0.6,0,31.9,14.8,0.0946,0
PHD_2026_0810,DOCTORATE,Female,27,2-5 LPA,0,21,88,6,1,1,0.2,0.25,0.3,Madhya Pradesh,MP,69.3,59.2,24.8,18.5,Alirajpur,52.0,1,92.2,39.5,0.2283,0
PHD_2026_0811,DOCTORATE,Female,25,5-10 LPA,0,36,30,4,2,1,0.21,1.05,0.67,Gujarat,GJ,78.0,69.7,21.3,17.9,Dahod,40.5,1,88.0,38.1,0.0626,0
PHD_2026_0812,DOCTORATE,Male,25,2-5 LPA,0,57,20,6,4,2,0.0,0.8,0.06,Tamil Nadu,TN,80.1,73.4,51.4,8.1,Coimbatore,2.1,0,24.2,18.9,0.0201,0
PHD_2026_0813,DOCTORATE,Male,33,<2 LPA,0,7,0,0,0,1,0.28,1.37,0.54,Maharashtra,MH,82.3,75.9,32.3,11.2,Mumbai,2.1,0,0.0,19.5,0.1755,0
PHD_2026_0814,DOCTORATE,Male,29,<2 LPA,1,46,60,3,1,2,0.26,0.35,0.32,Tamil Nadu,TN,80.1,73.4,51.4,8.1,Chennai,1.2,0,0.0,17.5,0.2884,0
PHD_2026_0815,DOCTORATE,Male,32,5-10 LPA,1,20,57,5,0,1,0.33,0.57,0.19,Gujarat,GJ,78.0,69.7,21.3,17.9,Dahod,40.5,1,88.0,38.1,0.2267,0
PHD_2026_0816,DOCTORATE,Female,28,2-5 LPA,0,35,20,2,3,3,0.38,0.59,0.31,Maharashtra,MH,82.3,75.9,32.3,11.2,Nandurbar,33.1,1,83.3,32.4,0.0932,0
PHD_2026_0817,DOCTORATE,Male,26,<2 LPA,0,33,5,3,1,1,0.11,1.22,0.55,Uttar Pradesh,UP,67.7,57.2,23.2,16.8,Balrampur,47.9,1,92.3,45.0,0.045,0
PHD_2026_0818,DOCTORATE,Male,28,2-5 LPA,1,55,31,2,0,1,0.43,0.66,0.49,Maharashtra,MH,82.3,75.9,32.3,11.2,Nandurbar,33.1,1,83.3,32.4,0.2301,0
PHD_2026_0819,DOCTORATE,Female,28,5-10 LPA,1,60,112,3,0,3,0.16,0.2,0.47,Gujarat,GJ,78.0,69.7,21.3,17.9,Narmada,32.4,1,89.5,30.5,0.5774,1
PHD_2026_0820,DOCTORATE,Female,33,2-5 LPA,1,30,57,4,2,1,0.32,0.41,0.07,Uttar Pradesh,UP,67.7,57.2,23.2,16.8,Noida / Gautam Buddha Nagar,7.1,0,40.9,22.0,0.1059,0
PHD_2026_0821,DOCTORATE,Male,31,2-5 LPA,0,6,59,5,0,1,0.0,0.31,0.15,Gujarat,GJ,78.0,69.7,21.3,17.9,Narmada,32.4,1,89.5,30.5,0.1432,0
PHD_2026_0822,DOCTORATE,Female,30,2-5 LPA,1,59,31,3,0,2,0.36,0.89,0.61,Madhya Pradesh,MP,69.3,59.2,24.8,18.5,Alirajpur,52.0,1,92.2,39.5,0.3158,0
PHD_2026_0823,DOCTORATE,Male,33,>10 LPA,1,62,16,5,4,1,0.0,1.28,0.32,Maharashtra,MH,82.3,75.9,32.3,11.2,Mumbai,2.1,0,0.0,19.5,0.0091,0
PHD_2026_0824,DOCTORATE,Male,31,5-10 LPA,1,7,7,3,0,1,0.64,1.2,0.9,Madhya Pradesh,MP,69.3,59.2,24.8,18.5,Indore,6.8,0,25.9,21.8,0.2429,0
PHD_2026_0825,DOCTORATE,Male,31,<2 LPA,1,14,40,3,0,1,0.35,0.92,0.38,Rajasthan,RJ,66.1,52.1,26.0,17.2,Barmer,34.2,1,93.0,35.8,0.1807,1
PHD_2026_0826,DOCTORATE,Female,25,5-10 LPA,0,36,61,2,1,2,0.32,0.55,0.67,Kerala,KL,94.0,92.1,43.2,3.2,Ernakulam,0.6,0,31.9,14.8,0.3544,1
PHD_2026_0827,DOCTORATE,Male,27,2-5 LPA,0,23,21,4,0,1,0.51,0.8,0.27,Kerala,KL,94.0,92.1,43.2,3.2,Thiruvananthapuram,0.9,0,46.2,15.2,0.191,0
PHD_2026_0828,DOCTORATE,Female,32,2-5 LPA,1,32,2,4,0,1,0.29,1.09,0.55,Karnataka,KA,75.4,68.1,36.2,12.0,Raichur,36.8,1,74.6,34.0,0.1025,0
PHD_2026_0829,DOCTORATE,Female,28,5-10 LPA,1,54,3,5,2,1,0.27,0.81,0.65,Kerala,KL,94.0,92.1,43.2,3.2,Wayanad,4.1,1,96.1,18.0,0.054,1
PHD_2026_0830,DOCTORATE,Male,29,5-10 LPA,0,6,61,4,1,1,0.23,0.6,0.31,Karnataka,KA,75.4,68.1,36.2,12.0,Raichur,36.8,1,74.6,34.0,0.1491,0
PHD_2026_0831,DOCTORATE,Male,29,2-5 LPA,1,36,29,3,0,1,0.12,0.88,0.53,Rajasthan,RJ,66.1,52.1,26.0,17.2,Kota,8.2,0,39.7,21.0,0.1157,0
PHD_2026_0832,DOCTORATE,Female,24,2-5 LPA,0,33,60,3,3,1,0.35,0.63,0.36,Kerala,KL,94.0,92.1,43.2,3.2,Wayanad,4.1,1,96.1,18.0,0.0844,0
PHD_2026_0833,DOCTORATE,Female,32,5-10 LPA,1,62,130,4,1,1,0.06,0.2,0.5,Madhya Pradesh,MP,69.3,59.2,24.8,18.5,Bhopal,9.4,0,19.1,23.4,0.3314,0
PHD_2026_0834,DOCTORATE,Female,24,<2 LPA,0,38,99,3,0,1,0.29,0.2,0.44,Gujarat,GJ,78.0,69.7,21.3,17.9,Ahmedabad,3.8,0,15.9,20.2,0.4345,0
PHD_2026_0835,DOCTORATE,Male,29,5-10 LPA,0,21,5,1,1,1,0.51,0.95,0.22,Haryana,HR,75.6,65.9,29.8,12.5,Nuh / Mewat,44.8,1,88.6,47.0,0.198,0
PHD_2026_0836,DOCTORATE,Female,31,<2 LPA,1,66,9,5,2,1,0.17,1.14,0.42,Bihar,BR,61.8,51.5,14.5,21.4,Gaya,38.6,1,86.8,36.2,0.0338,0
PHD_2026_0837,DOCTORATE,Male,24,2-5 LPA,1,47,21,3,2,1,0.0,0.66,0.6,Maharashtra,MH,82.3,75.9,32.3,11.2,Pune,3.9,0,39.1,21.0,0.0418,1
PHD_2026_0838,DOCTORATE,Male,27,2-5 LPA,0,19,6,1,1,1,0.17,0.85,0.8,Tamil Nadu,TN,80.1,73.4,51.4,8.1,Coimbatore,2.1,0,24.2,18.9,0.1618,0
PHD_2026_0839,DOCTORATE,Female,32,2-5 LPA,0,65,0,3,1,1,0.22,1.5,0.93,Haryana,HR,75.6,65.9,29.8,12.5,Gurugram,2.5,0,31.2,20.5,0.0598,0
PHD_2026_0840,DOCTORATE,Female,29,5-10 LPA,1,16,84,2,0,1,0.17,0.2,0.27,Madhya Pradesh,MP,69.3,59.2,24.8,18.5,Alirajpur,52.0,1,92.2,39.5,0.2938,0
PHD_2026_0841,DOCTORATE,Male,26,5-10 LPA,1,68,25,3,0,1,0.35,0.89,0.72,Bihar,BR,61.8,51.5,14.5,21.4,Purnia,50.4,1,89.2,42.1,0.1887,0
PHD_2026_0842,DOCTORATE,Female,33,2-5 LPA,1,42,75,4,0,1,0.19,0.8,0.51,Gujarat,GJ,78.0,69.7,21.3,17.9,Dahod,40.5,1,88.0,38.1,0.2377,0
PHD_2026_0843,DOCTORATE,Female,31,5-10 LPA,1,57,3,2,2,1,0.32,0.63,0.09,Tamil Nadu,TN,80.1,73.4,51.4,8.1,Coimbatore,2.1,0,24.2,18.9,0.0445,0
PHD_2026_0844,DOCTORATE,Male,29,2-5 LPA,0,47,75,2,2,1,0.57,0.2,0.37,Kerala,KL,94.0,92.1,43.2,3.2,Ernakulam,0.6,0,31.9,14.8,0.2753,0
PHD_2026_0845,DOCTORATE,Male,33,<2 LPA,1,33,48,2,1,1,0.21,0.69,0.63,Rajasthan,RJ,66.1,52.1,26.0,17.2,Kota,8.2,0,39.7,21.0,0.1397,0
PHD_2026_0846,DOCTORATE,Male,26,2-5 LPA,0,68,5,5,2,1,0.0,0.85,0.52,Uttar Pradesh,UP,67.7,57.2,23.2,16.8,Balrampur,47.9,1,92.3,45.0,0.0281,0
PHD_2026_0847,DOCTORATE,Female,25,2-5 LPA,1,63,10,4,0,1,0.24,0.92,0.47,Haryana,HR,75.6,65.9,29.8,12.5,Gurugram,2.5,0,31.2,20.5,0.1065,0
PHD_2026_0848,DOCTORATE,Male,33,2-5 LPA,0,53,42,0,3,1,0.64,0.87,0.09,Uttar Pradesh,UP,67.7,57.2,23.2,16.8,Noida / Gautam Buddha Nagar,7.1,0,40.9,22.0,0.1795,0
PHD_2026_0849,DOCTORATE,Male,27,5-10 LPA,0,49,28,2,4,1,0.37,0.51,0.75,Rajasthan,RJ,66.1,52.1,26.0,17.2,Jaipur,6.9,0,47.6,22.5,0.0512,0
PHD_2026_0850,DOCTORATE,Female,30,5-10 LPA,1,56,2,1,2,1,0.27,0.84,0.62,Tamil Nadu,TN,80.1,73.4,51.4,8.1,Coimbatore,2.1,0,24.2,18.9,0.1131,0
PHD_2026_0851,DOCTORATE,Female,27,2-5 LPA,1,60,7,3,2,1,0.43,0.56,0.62,Gujarat,GJ,78.0,69.7,21.3,17.9,Dahod,40.5,1,88.0,38.1,0.0894,0
PHD_2026_0852,DOCTORATE,Female,24,2-5 LPA,0,10,6,5,0,1,0.13,1.02,0.56,Gujarat,GJ,78.0,69.7,21.3,17.9,Ahmedabad,3.8,0,15.9,20.2,0.0812,0
PHD_2026_0853,DOCTORATE,Female,25,2-5 LPA,0,41,6,3,1,1,0.22,1.03,0.64,Haryana,HR,75.6,65.9,29.8,12.5,Gurugram,2.5,0,31.2,20.5,0.0688,0
PHD_2026_0854,DOCTORATE,Female,33,2-5 LPA,0,18,2,3,0,1,0.16,1.28,0.5,Rajasthan,RJ,66.1,52.1,26.0,17.2,Barmer,34.2,1,93.0,35.8,0.0681,0
PHD_2026_0855,DOCTORATE,Female,31,5-10 LPA,0,55,12,5,0,1,0.0,1.12,0.25,Madhya Pradesh,MP,69.3,59.2,24.8,18.5,Indore,6.8,0,25.9,21.8,0.0518,0
PHD_2026_0856,DOCTORATE,Male,32,5-10 LPA,0,65,66,5,5,1,0.21,0.2,0.42,Kerala,KL,94.0,92.1,43.2,3.2,Thiruvananthapuram,0.9,0,46.2,15.2,0.0394,0
PHD_2026_0857,DOCTORATE,Male,30,<2 LPA,0,64,5,6,1,1,0.0,0.83,0.57,Maharashtra,MH,82.3,75.9,32.3,11.2,Gadchiroli,28.5,1,89.0,28.9,0.0455,0
PHD_2026_0858,DOCTORATE,Male,26,5-10 LPA,1,65,34,6,5,1,0.43,0.67,0.26,Bihar,BR,61.8,51.5,14.5,21.4,Purnia,50.4,1,89.2,42.1,0.0265,0
PHD_2026_0859,DOCTORATE,Male,24,5-10 LPA,1,36,26,4,1,1,0.61,0.72,0.25,Rajasthan,RJ,66.1,52.1,26.0,17.2,Barmer,34.2,1,93.0,35.8,0.1742,0
PHD_2026_0860,DOCTORATE,Male,28,>10 LPA,0,21,14,4,1,1,0.13,0.93,0.26,Haryana,HR,75.6,65.9,29.8,12.5,Nuh / Mewat,44.8,1,88.6,47.0,0.0512,0
PHD_2026_0861,DOCTORATE,Male,33,2-5 LPA,0,67,33,4,1,2,0.23,0.7,0.71,Tamil Nadu,TN,80.1,73.4,51.4,8.1,Chennai,1.2,0,0.0,17.5,0.2156,0
PHD_2026_0862,DOCTORATE,Female,24,2-5 LPA,0,42,30,3,2,1,0.13,0.91,0.53,Bihar,BR,61.8,51.5,14.5,21.4,Purnia,50.4,1,89.2,42.1,0.0514,0
PHD_2026_0863,DOCTORATE,Female,32,2-5 LPA,0,21,9,5,0,3,0.13,1.09,0.24,Bihar,BR,61.8,51.5,14.5,21.4,Katihar,48.7,1,91.1,44.3,0.1179,0
PHD_2026_0864,DOCTORATE,Male,28,5-10 LPA,0,64,53,6,1,1,0.0,0.72,0.35,Rajasthan,RJ,66.1,52.1,26.0,17.2,Barmer,34.2,1,93.0,35.8,0.0813,0
PHD_2026_0865,DOCTORATE,Male,32,5-10 LPA,0,56,40,4,3,1,0.25,0.97,0.83,Haryana,HR,75.6,65.9,29.8,12.5,Nuh / Mewat,44.8,1,88.6,47.0,0.0588,0
PHD_2026_0866,DOCTORATE,Male,27,2-5 LPA,0,19,54,5,0,1,0.35,0.72,0.75,Uttar Pradesh,UP,67.7,57.2,23.2,16.8,Balrampur,47.9,1,92.3,45.0,0.2915,0
PHD_2026_0867,DOCTORATE,Female,33,5-10 LPA,0,46,4,5,0,1,0.09,0.96,0.61,Tamil Nadu,TN,80.1,73.4,51.4,8.1,Chennai,1.2,0,0.0,17.5,0.0787,1
PHD_2026_0868,DOCTORATE,Male,33,>10 LPA,0,32,23,4,0,1,0.07,0.9,0.53,Maharashtra,MH,82.3,75.9,32.3,11.2,Mumbai,2.1,0,0.0,19.5,0.0955,0
PHD_2026_0869,DOCTORATE,Male,28,5-10 LPA,0,61,19,2,3,1,0.37,0.71,0.35,Uttar Pradesh,UP,67.7,57.2,23.2,16.8,Varanasi,16.3,0,56.6,29.4,0.0464,1
PHD_2026_0870,DOCTORATE,Female,29,5-10 LPA,1,49,19,3,2,1,0.0,0.8,0.76,Bihar,BR,61.8,51.5,14.5,21.4,Purnia,50.4,1,89.2,42.1,0.0423,1
PHD_2026_0871,DOCTORATE,Female,24,2-5 LPA,0,12,17,3,1,2,0.12,0.68,0.41,Rajasthan,RJ,66.1,52.1,26.0,17.2,Kota,8.2,0,39.7,21.0,0.1214,0
PHD_2026_0872,DOCTORATE,Female,33,<2 LPA,0,64,5,4,3,2,0.14,1.2,0.5,Maharashtra,MH,82.3,75.9,32.3,11.2,Mumbai,2.1,0,0.0,19.5,0.0367,0
PHD_2026_0873,DOCTORATE,Male,27,>10 LPA,0,32,10,7,0,2,0.0,0.89,0.6,Uttar Pradesh,UP,67.7,57.2,23.2,16.8,Bahraich,54.4,1,92.1,46.5,0.1315,0
PHD_2026_0874,DOCTORATE,Male,32,2-5 LPA,1,48,42,2,0,2,0.22,0.72,0.48,Kerala,KL,94.0,92.1,43.2,3.2,Thiruvananthapuram,0.9,0,46.2,15.2,0.2866,0
PHD_2026_0875,DOCTORATE,Female,32,2-5 LPA,0,51,40,3,1,3,0.51,0.94,0.57,Karnataka,KA,75.4,68.1,36.2,12.0,Raichur,36.8,1,74.6,34.0,0.3081,0
PHD_2026_0876,DOCTORATE,Male,27,5-10 LPA,0,47,151,1,3,1,0.39,0.2,0.62,Haryana,HR,75.6,65.9,29.8,12.5,Gurugram,2.5,0,31.2,20.5,0.5914,1
PHD_2026_0877,DOCTORATE,Male,29,<2 LPA,0,19,33,5,0,1,0.05,0.9,0.26,Bihar,BR,61.8,51.5,14.5,21.4,Muzaffarpur,35.1,1,90.3,38.0,0.0879,0
PHD_2026_0878,DOCTORATE,Male,29,2-5 LPA,0,28,158,4,0,1,0.23,0.2,0.6,Uttar Pradesh,UP,67.7,57.2,23.2,16.8,Bahraich,54.4,1,92.1,46.5,0.6439,1
PHD_2026_0879,DOCTORATE,Female,29,2-5 LPA,0,8,38,3,1,2,0.19,0.61,0.36,Tamil Nadu,TN,80.1,73.4,51.4,8.1,Coimbatore,2.1,0,24.2,18.9,0.179,0
PHD_2026_0880,DOCTORATE,Female,28,2-5 LPA,0,38,104,2,1,1,0.22,0.2,0.28,Madhya Pradesh,MP,69.3,59.2,24.8,18.5,Barwani,46.1,1,85.5,37.1,0.2878,0
PHD_2026_0881,DOCTORATE,Male,28,2-5 LPA,0,14,12,5,0,3,0.24,1.21,0.73,Rajasthan,RJ,66.1,52.1,26.0,17.2,Kota,8.2,0,39.7,21.0,0.1928,0
PHD_2026_0882,DOCTORATE,Male,27,<2 LPA,0,26,103,4,2,1,0.3,0.2,0.07,Haryana,HR,75.6,65.9,29.8,12.5,Nuh / Mewat,44.8,1,88.6,47.0,0.203,0
PHD_2026_0883,DOCTORATE,Female,29,5-10 LPA,1,26,17,4,0,1,0.16,0.68,0.21,Madhya Pradesh,MP,69.3,59.2,24.8,18.5,Bhopal,9.4,0,19.1,23.4,0.0956,0
PHD_2026_0884,DOCTORATE,Male,28,<2 LPA,0,68,9,2,1,1,0.0,0.81,0.47,Haryana,HR,75.6,65.9,29.8,12.5,Gurugram,2.5,0,31.2,20.5,0.0452,0
PHD_2026_0885,DOCTORATE,Male,24,2-5 LPA,0,63,83,7,0,1,0.0,0.2,0.76,Karnataka,KA,75.4,68.1,36.2,12.0,Raichur,36.8,1,74.6,34.0,0.2873,0
PHD_2026_0886,DOCTORATE,Male,29,<2 LPA,0,28,14,2,2,1,0.21,0.97,0.48,Madhya Pradesh,MP,69.3,59.2,24.8,18.5,Bhopal,9.4,0,19.1,23.4,0.0457,1
PHD_2026_0887,DOCTORATE,Female,27,2-5 LPA,0,40,116,5,0,1,0.14,0.2,0.4,Karnataka,KA,75.4,68.1,36.2,12.0,Yadgir,39.4,1,81.2,36.5,0.4085,0
PHD_2026_0888,DOCTORATE,Male,25,2-5 LPA,0,70,80,3,2,1,0.51,0.33,0.49,Rajasthan,RJ,66.1,52.1,26.0,17.2,Jaipur,6.9,0,47.6,22.5,0.2664,0
PHD_2026_0889,DOCTORATE,Male,25,5-10 LPA,0,8,5,8,2,1,0.12,1.03,0.74,Kerala,KL,94.0,92.1,43.2,3.2,Ernakulam,0.6,0,31.9,14.8,0.0384,0
PHD_2026_0890,DOCTORATE,Male,31,<2 LPA,0,49,16,2,2,1,0.14,0.86,0.43,Haryana,HR,75.6,65.9,29.8,12.5,Gurugram,2.5,0,31.2,20.5,0.0414,0
PHD_2026_0891,DOCTORATE,Male,26,5-10 LPA,0,27,51,4,0,1,0.0,0.37,0.65,Gujarat,GJ,78.0,69.7,21.3,17.9,Dahod,40.5,1,88.0,38.1,0.1722,1
PHD_2026_0892,DOCTORATE,Female,31,5-10 LPA,0,53,43,4,0,2,0.2,0.49,0.23,Kerala,KL,94.0,92.1,43.2,3.2,Wayanad,4.1,1,96.1,18.0,0.2709,0
PHD_2026_0893,DOCTORATE,Male,26,2-5 LPA,1,39,0,2,2,1,0.62,0.8,0.36,Gujarat,GJ,78.0,69.7,21.3,17.9,Dahod,40.5,1,88.0,38.1,0.0863,0
PHD_2026_0894,DOCTORATE,Male,28,5-10 LPA,0,64,108,3,4,1,0.55,0.27,0.55,Uttar Pradesh,UP,67.7,57.2,23.2,16.8,Balrampur,47.9,1,92.3,45.0,0.212,0
PHD_2026_0895,DOCTORATE,Female,32,2-5 LPA,1,60,45,4,3,1,0.0,0.3,0.31,Maharashtra,MH,82.3,75.9,32.3,11.2,Nandurbar,33.1,1,83.3,32.4,0.0383,0
PHD_2026_0896,DOCTORATE,Male,32,>10 LPA,0,50,5,3,4,1,0.06,0.55,0.5,Karnataka,KA,75.4,68.1,36.2,12.0,Bengaluru Urban,1.8,0,9.1,18.2,0.0157,1
PHD_2026_0897,DOCTORATE,Female,29,2-5 LPA,0,19,38,6,0,2,0.0,0.56,0.36,Karnataka,KA,75.4,68.1,36.2,12.0,Bengaluru Urban,1.8,0,9.1,18.2,0.1902,0
PHD_2026_0898,DOCTORATE,Female,27,5-10 LPA,1,48,91,4,1,1,0.33,0.2,0.6,Maharashtra,MH,82.3,75.9,32.3,11.2,Nandurbar,33.1,1,83.3,32.4,0.3456,0
PHD_2026_0899,DOCTORATE,Female,32,5-10 LPA,0,24,15,2,0,3,0.39,1.2,0.49,Gujarat,GJ,78.0,69.7,21.3,17.9,Narmada,32.4,1,89.5,30.5,0.2293,0
PHD_2026_0900,DOCTORATE,Female,25,2-5 LPA,0,13,36,1,0,1,0.43,0.59,0.68,Kerala,KL,94.0,92.1,43.2,3.2,Ernakulam,0.6,0,31.9,14.8,0.4698,0
PHD_2026_0901,DOCTORATE,Female,33,<2 LPA,0,47,40,6,0,1,0.0,0.73,0.29,Bihar,BR,61.8,51.5,14.5,21.4,Patna,18.2,0,56.4,28.5,0.0977,0
PHD_2026_0902,DOCTORATE,Female,32,<2 LPA,0,41,40,6,0,1,0.0,0.54,0.72,Gujarat,GJ,78.0,69.7,21.3,17.9,Ahmedabad,3.8,0,15.9,20.2,0.1438,0
PHD_2026_0903,DOCTORATE,Male,30,2-5 LPA,0,31,45,2,1,1,0.43,0.4,0.72,Kerala,KL,94.0,92.1,43.2,3.2,Thiruvananthapuram,0.9,0,46.2,15.2,0.244,0
PHD_2026_0904,DOCTORATE,Female,31,2-5 LPA,0,62,12,5,2,2,0.31,1.33,0.61,Gujarat,GJ,78.0,69.7,21.3,17.9,Ahmedabad,3.8,0,15.9,20.2,0.089,0
PHD_2026_0905,DOCTORATE,Female,24,2-5 LPA,0,21,16,3,0,2,0.5,0.68,0.87,Tamil Nadu,TN,80.1,73.4,51.4,8.1,Coimbatore,2.1,0,24.2,18.9,0.4102,0
PHD_2026_0906,DOCTORATE,Male,29,2-5 LPA,0,40,64,5,0,1,0.01,0.46,0.42,Karnataka,KA,75.4,68.1,36.2,12.0,Raichur,36.8,1,74.6,34.0,0.1694,1
PHD_2026_0907,DOCTORATE,Female,25,<2 LPA,0,54,27,2,1,1,0.51,0.77,0.8,Rajasthan,RJ,66.1,52.1,26.0,17.2,Barmer,34.2,1,93.0,35.8,0.199,0
PHD_2026_0908,DOCTORATE,Female,27,<2 LPA,0,34,33,5,1,1,0.36,0.53,0.73,Gujarat,GJ,78.0,69.7,21.3,17.9,Narmada,32.4,1,89.5,30.5,0.1777,0
PHD_2026_0909,DOCTORATE,Female,24,>10 LPA,1,41,7,3,2,1,0.38,0.95,0.32,Gujarat,GJ,78.0,69.7,21.3,17.9,Narmada,32.4,1,89.5,30.5,0.0527,0
PHD_2026_0910,DOCTORATE,Female,26,2-5 LPA,1,25,51,2,1,1,0.41,0.26,0.6,Gujarat,GJ,78.0,69.7,21.3,17.9,Ahmedabad,3.8,0,15.9,20.2,0.2527,0
PHD_2026_0911,DOCTORATE,Male,28,2-5 LPA,1,68,8,8,4,2,0.0,0.83,0.69,Karnataka,KA,75.4,68.1,36.2,12.0,Yadgir,39.4,1,81.2,36.5,0.0263,0
PHD_2026_0912,DOCTORATE,Female,26,2-5 LPA,0,23,28,1,0,1,0.7,0.82,0.6,Tamil Nadu,TN,80.1,73.4,51.4,8.1,Chennai,1.2,0,0.0,17.5,0.5402,1
PHD_2026_0913,DOCTORATE,Male,30,5-10 LPA,1,58,72,1,1,3,0.38,0.22,0.85,Bihar,BR,61.8,51.5,14.5,21.4,Katihar,48.7,1,91.1,44.3,0.704,1
PHD_2026_0914,DOCTORATE,Male,29,5-10 LPA,0,31,18,3,0,2,0.07,0.52,0.48,Tamil Nadu,TN,80.1,73.4,51.4,8.1,Ramanathapuram,7.8,1,69.7,22.1,0.1866,0
PHD_2026_0915,DOCTORATE,Male,30,2-5 LPA,0,38,27,1,0,1,0.61,0.97,0.82,Maharashtra,MH,82.3,75.9,32.3,11.2,Pune,3.9,0,39.1,21.0,0.5056,1
PHD_2026_0916,DOCTORATE,Female,28,2-5 LPA,1,26,70,5,0,1,0.55,0.38,0.46,Gujarat,GJ,78.0,69.7,21.3,17.9,Ahmedabad,3.8,0,15.9,20.2,0.4458,0
PHD_2026_0917,DOCTORATE,Female,29,<2 LPA,1,71,34,3,4,1,0.52,0.76,0.37,Haryana,HR,75.6,65.9,29.8,12.5,Gurugram,2.5,0,31.2,20.5,0.0512,0
PHD_2026_0918,DOCTORATE,Male,31,>10 LPA,0,69,37,2,4,1,0.7,0.67,0.82,Uttar Pradesh,UP,67.7,57.2,23.2,16.8,Bahraich,54.4,1,92.1,46.5,0.1105,0
PHD_2026_0919,DOCTORATE,Male,29,2-5 LPA,0,69,16,4,5,1,0.0,0.83,0.26,Uttar Pradesh,UP,67.7,57.2,23.2,16.8,Noida / Gautam Buddha Nagar,7.1,0,40.9,22.0,0.0073,0
PHD_2026_0920,DOCTORATE,Male,29,5-10 LPA,0,46,27,3,1,2,0.53,0.79,0.89,Rajasthan,RJ,66.1,52.1,26.0,17.2,Jaipur,6.9,0,47.6,22.5,0.3481,0
PHD_2026_0921,DOCTORATE,Female,26,<2 LPA,0,21,24,3,0,1,0.65,0.59,0.56,Maharashtra,MH,82.3,75.9,32.3,11.2,Nandurbar,33.1,1,83.3,32.4,0.3207,0
PHD_2026_0922,DOCTORATE,Male,29,2-5 LPA,0,22,22,4,0,2,0.0,0.85,0.68,Gujarat,GJ,78.0,69.7,21.3,17.9,Ahmedabad,3.8,0,15.9,20.2,0.1659,0
PHD_2026_0923,DOCTORATE,Male,32,2-5 LPA,0,35,31,6,0,1,0.0,0.45,0.66,Karnataka,KA,75.4,68.1,36.2,12.0,Raichur,36.8,1,74.6,34.0,0.1294,0
PHD_2026_0924,DOCTORATE,Female,30,2-5 LPA,0,48,4,1,0,1,0.44,1.29,0.26,Uttar Pradesh,UP,67.7,57.2,23.2,16.8,Lucknow,8.5,0,33.8,24.1,0.2145,0
PHD_2026_0925,DOCTORATE,Female,30,>10 LPA,0,7,53,3,0,1,0.21,0.74,0.05,Kerala,KL,94.0,92.1,43.2,3.2,Thiruvananthapuram,0.9,0,46.2,15.2,0.148,0
PHD_2026_0926,DOCTORATE,Female,25,2-5 LPA,1,67,28,3,4,1,0.49,0.52,0.35,Tamil Nadu,TN,80.1,73.4,51.4,8.1,Chennai,1.2,0,0.0,17.5,0.0495,0
PHD_2026_0927,DOCTORATE,Female,31,5-10 LPA,0,54,49,6,1,2,0.0,0.74,0.69,Madhya Pradesh,MP,69.3,59.2,24.8,18.5,Barwani,46.1,1,85.5,37.1,0.1685,0
PHD_2026_0928,DOCTORATE,Male,29,>10 LPA,0,50,2,4,0,1,0.47,0.94,0.32,Gujarat,GJ,78.0,69.7,21.3,17.9,Ahmedabad,3.8,0,15.9,20.2,0.1342,0
PHD_2026_0929,DOCTORATE,Male,28,2-5 LPA,0,47,46,4,0,1,0.33,0.48,0.86,Uttar Pradesh,UP,67.7,57.2,23.2,16.8,Bahraich,54.4,1,92.1,46.5,0.3048,0
PHD_2026_0930,DOCTORATE,Female,27,2-5 LPA,0,66,22,0,2,1,0.34,1.06,0.9,Tamil Nadu,TN,80.1,73.4,51.4,8.1,Chennai,1.2,0,0.0,17.5,0.1767,0
PHD_2026_0931,DOCTORATE,Female,32,<2 LPA,1,12,42,4,0,2,0.49,0.7,0.23,Karnataka,KA,75.4,68.1,36.2,12.0,Yadgir,39.4,1,81.2,36.5,0.3802,0
PHD_2026_0932,DOCTORATE,Male,28,2-5 LPA,1,68,17,4,1,2,0.12,1.01,0.05,Maharashtra,MH,82.3,75.9,32.3,11.2,Gadchiroli,28.5,1,89.0,28.9,0.0801,1
PHD_2026_0933,DOCTORATE,Female,28,<2 LPA,0,30,4,4,1,3,0.3,1.03,0.53,Maharashtra,MH,82.3,75.9,32.3,11.2,Mumbai,2.1,0,0.0,19.5,0.1302,0
PHD_2026_0934,DOCTORATE,Female,33,2-5 LPA,1,8,24,5,0,1,0.2,1.04,0.14,Kerala,KL,94.0,92.1,43.2,3.2,Thiruvananthapuram,0.9,0,46.2,15.2,0.09,0
PHD_2026_0935,DOCTORATE,Female,32,<2 LPA,0,62,68,2,2,1,0.59,0.23,0.48,Kerala,KL,94.0,92.1,43.2,3.2,Thiruvananthapuram,0.9,0,46.2,15.2,0.2743,0
PHD_2026_0936,DOCTORATE,Female,26,<2 LPA,0,39,5,2,1,2,0.54,0.67,0.73,Maharashtra,MH,82.3,75.9,32.3,11.2,Nandurbar,33.1,1,83.3,32.4,0.27,0
PHD_2026_0937,DOCTORATE,Male,27,<2 LPA,0,35,19,1,1,2,0.15,1.14,0.43,Tamil Nadu,TN,80.1,73.4,51.4,8.1,Ramanathapuram,7.8,1,69.7,22.1,0.2152,1
PHD_2026_0938,DOCTORATE,Male,28,2-5 LPA,0,11,42,1,0,1,0.6,0.48,0.64,Rajasthan,RJ,66.1,52.1,26.0,17.2,Jaipur,6.9,0,47.6,22.5,0.5946,1
PHD_2026_0939,DOCTORATE,Male,29,<2 LPA,0,10,18,2,0,2,0.39,0.83,0.89,Maharashtra,MH,82.3,75.9,32.3,11.2,Pune,3.9,0,39.1,21.0,0.3423,0
PHD_2026_0940,DOCTORATE,Female,26,2-5 LPA,0,71,74,5,3,1,0.16,0.2,0.47,Uttar Pradesh,UP,67.7,57.2,23.2,16.8,Varanasi,16.3,0,56.6,29.4,0.0943,0
PHD_2026_0941,DOCTORATE,Male,28,5-10 LPA,1,7,12,3,0,1,0.24,0.95,0.75,Karnataka,KA,75.4,68.1,36.2,12.0,Raichur,36.8,1,74.6,34.0,0.1291,0
PHD_2026_0942,DOCTORATE,Female,29,2-5 LPA,0,58,50,2,2,1,0.17,0.49,0.44,Gujarat,GJ,78.0,69.7,21.3,17.9,Dahod,40.5,1,88.0,38.1,0.0883,0
PHD_2026_0943,DOCTORATE,Female,30,<2 LPA,1,65,56,4,1,2,0.65,0.56,0.64,Kerala,KL,94.0,92.1,43.2,3.2,Wayanad,4.1,1,96.1,18.0,0.5047,1
PHD_2026_0944,DOCTORATE,Male,24,5-10 LPA,0,66,54,2,2,1,0.12,0.91,0.39,Madhya Pradesh,MP,69.3,59.2,24.8,18.5,Barwani,46.1,1,85.5,37.1,0.0645,0
PHD_2026_0945,DOCTORATE,Male,28,<2 LPA,1,71,4,2,1,1,0.2,1.31,0.61,Haryana,HR,75.6,65.9,29.8,12.5,Nuh / Mewat,44.8,1,88.6,47.0,0.0527,0
PHD_2026_0946,DOCTORATE,Male,29,2-5 LPA,0,23,1,2,1,1,0.49,0.91,0.82,Haryana,HR,75.6,65.9,29.8,12.5,Nuh / Mewat,44.8,1,88.6,47.0,0.1311,0
PHD_2026_0947,DOCTORATE,Female,29,<2 LPA,0,61,88,4,1,3,0.33,0.43,0.67,Gujarat,GJ,78.0,69.7,21.3,17.9,Narmada,32.4,1,89.5,30.5,0.4733,0
PHD_2026_0948,DOCTORATE,Female,29,2-5 LPA,0,15,0,5,1,2,0.08,1.27,0.16,Bihar,BR,61.8,51.5,14.5,21.4,Katihar,48.7,1,91.1,44.3,0.0543,0
PHD_2026_0949,DOCTORATE,Male,27,>10 LPA,1,68,89,2,2,1,0.17,0.4,0.89,Tamil Nadu,TN,80.1,73.4,51.4,8.1,Chennai,1.2,0,0.0,17.5,0.2011,0
PHD_2026_0950,DOCTORATE,Male,30,2-5 LPA,0,55,82,2,1,1,0.24,0.36,0.32,Uttar Pradesh,UP,67.7,57.2,23.2,16.8,Bahraich,54.4,1,92.1,46.5,0.222,0
PHD_2026_0951,DOCTORATE,Male,25,5-10 LPA,0,42,44,1,1,1,0.42,0.28,0.54,Gujarat,GJ,78.0,69.7,21.3,17.9,Narmada,32.4,1,89.5,30.5,0.408,0
PHD_2026_0952,DOCTORATE,Female,29,2-5 LPA,0,57,18,5,1,1,0.17,0.88,0.77,Tamil Nadu,TN,80.1,73.4,51.4,8.1,Coimbatore,2.1,0,24.2,18.9,0.0863,0
PHD_2026_0953,DOCTORATE,Male,25,2-5 LPA,0,55,52,1,1,1,0.82,0.4,0.9,Maharashtra,MH,82.3,75.9,32.3,11.2,Nandurbar,33.1,1,83.3,32.4,0.6923,1
PHD_2026_0954,DOCTORATE,Female,29,>10 LPA,0,53,31,4,2,1,0.46,0.74,0.1,Karnataka,KA,75.4,68.1,36.2,12.0,Bengaluru Urban,1.8,0,9.1,18.2,0.0836,0
PHD_2026_0955,DOCTORATE,Female,25,<2 LPA,1,46,50,1,0,1,0.11,0.99,0.49,Maharashtra,MH,82.3,75.9,32.3,11.2,Pune,3.9,0,39.1,21.0,0.2734,0
PHD_2026_0956,DOCTORATE,Male,32,2-5 LPA,0,21,76,4,1,1,0.04,0.69,0.53,Madhya Pradesh,MP,69.3,59.2,24.8,18.5,Barwani,46.1,1,85.5,37.1,0.1368,0
PHD_2026_0957,DOCTORATE,Female,24,2-5 LPA,0,21,30,2,0,1,0.51,0.66,0.76,Bihar,BR,61.8,51.5,14.5,21.4,Muzaffarpur,35.1,1,90.3,38.0,0.296,0
PHD_2026_0958,DOCTORATE,Male,33,>10 LPA,0,25,15,4,4,1,0.54,0.73,0.21,Maharashtra,MH,82.3,75.9,32.3,11.2,Nandurbar,33.1,1,83.3,32.4,0.0368,0
PHD_2026_0959,DOCTORATE,Male,26,2-5 LPA,0,28,12,1,2,1,0.25,0.97,0.39,Maharashtra,MH,82.3,75.9,32.3,11.2,Nandurbar,33.1,1,83.3,32.4,0.0994,0
PHD_2026_0960,DOCTORATE,Male,27,2-5 LPA,0,66,1,3,4,1,0.0,0.85,0.38,Haryana,HR,75.6,65.9,29.8,12.5,Gurugram,2.5,0,31.2,20.5,0.0098,0
PHD_2026_0961,DOCTORATE,Female,26,2-5 LPA,1,61,38,0,3,1,0.58,0.62,0.43,Madhya Pradesh,MP,69.3,59.2,24.8,18.5,Barwani,46.1,1,85.5,37.1,0.2154,0
PHD_2026_0962,DOCTORATE,Female,29,2-5 LPA,0,19,23,5,2,1,0.44,0.63,0.65,Tamil Nadu,TN,80.1,73.4,51.4,8.1,Coimbatore,2.1,0,24.2,18.9,0.1107,0
PHD_2026_0963,DOCTORATE,Female,30,<2 LPA,1,9,29,3,0,2,0.4,1.0,0.2,Haryana,HR,75.6,65.9,29.8,12.5,Nuh / Mewat,44.8,1,88.6,47.0,0.2523,0
PHD_2026_0964,DOCTORATE,Male,33,5-10 LPA,0,69,55,4,1,2,0.29,0.8,0.77,Madhya Pradesh,MP,69.3,59.2,24.8,18.5,Bhopal,9.4,0,19.1,23.4,0.3032,0
PHD_2026_0965,DOCTORATE,Male,30,5-10 LPA,0,57,69,3,5,1,0.32,0.2,0.2,Karnataka,KA,75.4,68.1,36.2,12.0,Yadgir,39.4,1,81.2,36.5,0.0439,0
PHD_2026_0966,DOCTORATE,Male,33,2-5 LPA,0,36,16,5,2,1,0.14,0.51,0.38,Uttar Pradesh,UP,67.7,57.2,23.2,16.8,Shravasti,49.6,1,96.5,48.2,0.0487,0
PHD_2026_0967,DOCTORATE,Female,26,2-5 LPA,0,42,33,1,2,1,0.4,0.69,0.53,Bihar,BR,61.8,51.5,14.5,21.4,Katihar,48.7,1,91.1,44.3,0.2154,0
PHD_2026_0968,DOCTORATE,Male,26,5-10 LPA,1,42,25,5,5,1,0.33,0.68,0.39,Bihar,BR,61.8,51.5,14.5,21.4,Patna,18.2,0,56.4,28.5,0.0206,0
PHD_2026_0969,DOCTORATE,Male,27,>10 LPA,1,69,44,4,1,2,0.73,0.64,0.59,Madhya Pradesh,MP,69.3,59.2,24.8,18.5,Bhopal,9.4,0,19.1,23.4,0.4806,0
PHD_2026_0970,DOCTORATE,Female,25,2-5 LPA,0,67,43,1,1,1,0.45,1.02,0.65,Kerala,KL,94.0,92.1,43.2,3.2,Wayanad,4.1,1,96.1,18.0,0.3332,0
PHD_2026_0971,DOCTORATE,Male,24,5-10 LPA,1,8,20,2,0,1,0.16,0.81,0.56,Bihar,BR,61.8,51.5,14.5,21.4,Patna,18.2,0,56.4,28.5,0.1181,0
PHD_2026_0972,DOCTORATE,Male,25,5-10 LPA,0,13,116,4,0,1,0.58,0.2,0.3,Tamil Nadu,TN,80.1,73.4,51.4,8.1,Coimbatore,2.1,0,24.2,18.9,0.6269,1
PHD_2026_0973,DOCTORATE,Male,33,2-5 LPA,0,9,4,7,0,1,0.0,0.79,0.89,Gujarat,GJ,78.0,69.7,21.3,17.9,Narmada,32.4,1,89.5,30.5,0.0872,0
PHD_2026_0974,DOCTORATE,Male,24,<2 LPA,0,20,10,2,0,3,0.06,0.95,0.05,Karnataka,KA,75.4,68.1,36.2,12.0,Yadgir,39.4,1,81.2,36.5,0.1002,0
PHD_2026_0975,DOCTORATE,Male,32,2-5 LPA,0,9,26,3,1,1,0.11,0.73,0.67,Madhya Pradesh,MP,69.3,59.2,24.8,18.5,Barwani,46.1,1,85.5,37.1,0.0865,0
PHD_2026_0976,DOCTORATE,Male,25,2-5 LPA,1,64,2,0,1,2,0.31,0.87,0.8,Maharashtra,MH,82.3,75.9,32.3,11.2,Nandurbar,33.1,1,83.3,32.4,0.3173,0
PHD_2026_0977,DOCTORATE,Male,33,5-10 LPA,0,24,86,4,1,1,0.65,0.2,0.74,Bihar,BR,61.8,51.5,14.5,21.4,Gaya,38.6,1,86.8,36.2,0.5234,0
PHD_2026_0978,DOCTORATE,Male,33,5-10 LPA,0,22,40,4,0,1,0.34,0.65,0.86,Kerala,KL,94.0,92.1,43.2,3.2,Ernakulam,0.6,0,31.9,14.8,0.2705,0
PHD_2026_0979,DOCTORATE,Female,24,5-10 LPA,0,17,51,7,1,1,0.16,0.64,0.67,Uttar Pradesh,UP,67.7,57.2,23.2,16.8,Balrampur,47.9,1,92.3,45.0,0.1412,0
PHD_2026_0980,DOCTORATE,Male,31,<2 LPA,0,35,20,2,1,1,0.2,1.05,0.51,Madhya Pradesh,MP,69.3,59.2,24.8,18.5,Alirajpur,52.0,1,92.2,39.5,0.0721,0
PHD_2026_0981,DOCTORATE,Female,24,<2 LPA,1,53,10,4,2,2,0.18,1.23,0.13,Madhya Pradesh,MP,69.3,59.2,24.8,18.5,Indore,6.8,0,25.9,21.8,0.0498,1
PHD_2026_0982,DOCTORATE,Male,24,<2 LPA,1,48,36,0,2,1,0.48,0.58,0.42,Bihar,BR,61.8,51.5,14.5,21.4,Patna,18.2,0,56.4,28.5,0.2517,0
PHD_2026_0983,DOCTORATE,Female,28,<2 LPA,0,12,4,5,1,1,0.1,0.93,0.6,Uttar Pradesh,UP,67.7,57.2,23.2,16.8,Balrampur,47.9,1,92.3,45.0,0.0528,0
PHD_2026_0984,DOCTORATE,Male,30,2-5 LPA,0,35,37,2,2,3,0.29,0.81,0.89,Rajasthan,RJ,66.1,52.1,26.0,17.2,Jaipur,6.9,0,47.6,22.5,0.1865,0
PHD_2026_0985,DOCTORATE,Female,30,5-10 LPA,0,44,1,4,2,3,0.34,0.94,0.8,Gujarat,GJ,78.0,69.7,21.3,17.9,Ahmedabad,3.8,0,15.9,20.2,0.1135,0
PHD_2026_0986,DOCTORATE,Male,28,<2 LPA,0,47,16,3,2,3,0.72,0.79,0.22,Bihar,BR,61.8,51.5,14.5,21.4,Gaya,38.6,1,86.8,36.2,0.2079,0
PHD_2026_0987,DOCTORATE,Male,26,>10 LPA,0,54,24,0,1,1,0.31,0.76,0.55,Tamil Nadu,TN,80.1,73.4,51.4,8.1,Chennai,1.2,0,0.0,17.5,0.2289,0
PHD_2026_0988,DOCTORATE,Female,30,5-10 LPA,0,20,0,2,0,1,0.18,1.11,0.22,Kerala,KL,94.0,92.1,43.2,3.2,Ernakulam,0.6,0,31.9,14.8,0.0629,1
PHD_2026_0989,DOCTORATE,Female,29,5-10 LPA,1,24,9,6,1,1,0.0,0.96,0.58,Gujarat,GJ,78.0,69.7,21.3,17.9,Narmada,32.4,1,89.5,30.5,0.045,0
PHD_2026_0990,DOCTORATE,Female,25,5-10 LPA,0,27,109,4,2,1,0.16,0.2,0.29,Tamil Nadu,TN,80.1,73.4,51.4,8.1,Coimbatore,2.1,0,24.2,18.9,0.1964,0
PHD_2026_0991,DOCTORATE,Female,30,5-10 LPA,0,31,6,3,3,1,0.07,0.82,0.3,Rajasthan,RJ,66.1,52.1,26.0,17.2,Barmer,34.2,1,93.0,35.8,0.0184,1
PHD_2026_0992,DOCTORATE,Male,32,<2 LPA,0,36,57,1,1,2,0.24,0.38,0.52,Madhya Pradesh,MP,69.3,59.2,24.8,18.5,Alirajpur,52.0,1,92.2,39.5,0.4974,0
PHD_2026_0993,DOCTORATE,Male,29,2-5 LPA,1,26,39,1,0,1,0.19,0.51,0.45,Rajasthan,RJ,66.1,52.1,26.0,17.2,Jaipur,6.9,0,47.6,22.5,0.329,0
PHD_2026_0994,DOCTORATE,Male,30,5-10 LPA,0,55,70,1,0,1,0.35,0.76,0.4,Haryana,HR,75.6,65.9,29.8,12.5,Nuh / Mewat,44.8,1,88.6,47.0,0.4802,0
PHD_2026_0995,DOCTORATE,Male,25,2-5 LPA,0,60,1,2,3,1,0.0,0.5,0.74,Rajasthan,RJ,66.1,52.1,26.0,17.2,Jaipur,6.9,0,47.6,22.5,0.0247,0
PHD_2026_0996,DOCTORATE,Female,27,>10 LPA,0,35,13,0,1,1,0.4,1.13,0.45,Uttar Pradesh,UP,67.7,57.2,23.2,16.8,Lucknow,8.5,0,33.8,24.1,0.1889,0
PHD_2026_0997,DOCTORATE,Male,32,2-5 LPA,0,32,10,5,3,3,0.04,1.02,0.67,Maharashtra,MH,82.3,75.9,32.3,11.2,Mumbai,2.1,0,0.0,19.5,0.0399,0
PHD_2026_0998,DOCTORATE,Female,24,2-5 LPA,0,53,29,7,1,1,0.0,0.78,0.66,Bihar,BR,61.8,51.5,14.5,21.4,Purnia,50.4,1,89.2,42.1,0.0703,0
PHD_2026_0999,DOCTORATE,Male,31,5-10 LPA,1,23,40,7,2,1,0.08,0.49,0.86,Maharashtra,MH,82.3,75.9,32.3,11.2,Pune,3.9,0,39.1,21.0,0.0849,0
PHD_2026_1000,DOCTORATE,Female,31,5-10 LPA,0,60,10,4,1,1,0.06,0.84,0.55,Gujarat,GJ,78.0,69.7,21.3,17.9,Ahmedabad,3.8,0,15.9,20.2,0.0539,1
PHD_2026_1001,DOCTORATE,Female,29,>10 LPA,0,52,10,2,2,1,0.35,0.77,0.75,Uttar Pradesh,UP,67.7,57.2,23.2,16.8,Noida / Gautam Buddha Nagar,7.1,0,40.9,22.0,0.0777,0
PHD_2026_1002,DOCTORATE,Female,27,2-5 LPA,0,41,9,3,1,2,0.29,1.0,0.68,Madhya Pradesh,MP,69.3,59.2,24.8,18.5,Barwani,46.1,1,85.5,37.1,0.1516,0
PHD_2026_1003,DOCTORATE,Male,31,2-5 LPA,1,15,180,5,1,1,0.21,0.2,0.5,Madhya Pradesh,MP,69.3,59.2,24.8,18.5,Bhopal,9.4,0,19.1,23.4,0.5939,1
PHD_2026_1004,DOCTORATE,Male,24,5-10 LPA,0,45,66,7,3,2,0.31,0.64,0.47,Haryana,HR,75.6,65.9,29.8,12.5,Gurugram,2.5,0,31.2,20.5,0.1602,0
PHD_2026_1005,DOCTORATE,Male,24,<2 LPA,0,27,9,8,2,1,0.36,1.19,0.66,Madhya Pradesh,MP,69.3,59.2,24.8,18.5,Bhopal,9.4,0,19.1,23.4,0.0576,0
PHD_2026_1006,DOCTORATE,Male,31,2-5 LPA,1,29,21,3,2,1,0.0,0.79,0.12,Haryana,HR,75.6,65.9,29.8,12.5,Nuh / Mewat,44.8,1,88.6,47.0,0.0275,0
PHD_2026_1007,DOCTORATE,Female,30,>10 LPA,1,17,4,2,0,1,0.14,1.29,0.76,Maharashtra,MH,82.3,75.9,32.3,11.2,Nandurbar,33.1,1,83.3,32.4,0.0811,1
PHD_2026_1008,DOCTORATE,Female,24,>10 LPA,0,19,35,1,0,1,0.23,0.92,0.82,Rajasthan,RJ,66.1,52.1,26.0,17.2,Jaipur,6.9,0,47.6,22.5,0.3399,0
PHD_2026_1009,DOCTORATE,Female,31,5-10 LPA,0,14,56,3,0,1,0.02,0.42,0.39,Haryana,HR,75.6,65.9,29.8,12.5,Gurugram,2.5,0,31.2,20.5,0.1588,0
PHD_2026_1010,DOCTORATE,Male,24,5-10 LPA,1,30,4,4,3,1,0.17,0.83,0.68,Uttar Pradesh,UP,67.7,57.2,23.2,16.8,Noida / Gautam Buddha Nagar,7.1,0,40.9,22.0,0.0294,0
PHD_2026_1011,DOCTORATE,Male,32,2-5 LPA,0,69,180,4,1,1,0.55,0.2,0.64,Tamil Nadu,TN,80.1,73.4,51.4,8.1,Chennai,1.2,0,0.0,17.5,0.7735,1
PHD_2026_1012,DOCTORATE,Female,29,5-10 LPA,1,24,9,2,1,2,0.44,0.91,0.32,Haryana,HR,75.6,65.9,29.8,12.5,Nuh / Mewat,44.8,1,88.6,47.0,0.1669,0
PHD_2026_1013,DOCTORATE,Female,26,>10 LPA,1,29,20,4,1,1,0.07,0.89,0.68,Bihar,BR,61.8,51.5,14.5,21.4,Muzaffarpur,35.1,1,90.3,38.0,0.0682,0
PHD_2026_1014,DOCTORATE,Female,29,5-10 LPA,0,26,1,1,0,1,0.28,1.08,0.79,Gujarat,GJ,78.0,69.7,21.3,17.9,Dahod,40.5,1,88.0,38.1,0.2365,1
PHD_2026_1015,DOCTORATE,Female,25,2-5 LPA,1,62,2,3,1,1,0.04,0.91,0.79,Tamil Nadu,TN,80.1,73.4,51.4,8.1,Coimbatore,2.1,0,24.2,18.9,0.0526,1
PHD_2026_1016,DOCTORATE,Female,33,2-5 LPA,1,24,0,2,1,1,0.26,1.07,0.44,Gujarat,GJ,78.0,69.7,21.3,17.9,Narmada,32.4,1,89.5,30.5,0.0573,0
PHD_2026_1017,DOCTORATE,Male,32,<2 LPA,1,61,13,2,1,2,0.64,0.92,0.59,Karnataka,KA,75.4,68.1,36.2,12.0,Raichur,36.8,1,74.6,34.0,0.2857,1
PHD_2026_1018,DOCTORATE,Female,26,5-10 LPA,0,36,28,3,1,3,0.01,0.94,0.55,Madhya Pradesh,MP,69.3,59.2,24.8,18.5,Alirajpur,52.0,1,92.2,39.5,0.109,0
PHD_2026_1019,DOCTORATE,Male,30,2-5 LPA,1,45,9,2,2,1,0.47,0.9,0.77,Rajasthan,RJ,66.1,52.1,26.0,17.2,Barmer,34.2,1,93.0,35.8,0.0925,0
PHD_2026_1020,DOCTORATE,Female,31,<2 LPA,0,41,18,2,0,1,0.17,0.81,0.49,Tamil Nadu,TN,80.1,73.4,51.4,8.1,Ramanathapuram,7.8,1,69.7,22.1,0.112,1
PHD_2026_1021,DOCTORATE,Male,32,2-5 LPA,1,13,115,1,0,1,0.49,0.2,0.19,Tamil Nadu,TN,80.1,73.4,51.4,8.1,Ramanathapuram,7.8,1,69.7,22.1,0.7455,1
PHD_2026_1022,DOCTORATE,Male,33,5-10 LPA,0,19,47,3,2,2,0.69,0.4,0.52,Uttar Pradesh,UP,67.7,57.2,23.2,16.8,Noida / Gautam Buddha Nagar,7.1,0,40.9,22.0,0.3829,0
PHD_2026_1023,DOCTORATE,Male,30,2-5 LPA,0,26,2,3,2,3,0.36,1.16,0.19,Bihar,BR,61.8,51.5,14.5,21.4,Gaya,38.6,1,86.8,36.2,0.0696,0
PHD_2026_1024,DOCTORATE,Male,33,<2 LPA,1,71,27,3,5,1,0.67,0.72,0.23,Maharashtra,MH,82.3,75.9,32.3,11.2,Mumbai,2.1,0,0.0,19.5,0.0377,0
PHD_2026_1025,DOCTORATE,Female,28,2-5 LPA,1,32,146,4,0,1,0.08,0.2,0.6,Maharashtra,MH,82.3,75.9,32.3,11.2,Gadchiroli,28.5,1,89.0,28.9,0.5256,1
PHD_2026_1026,DOCTORATE,Female,31,<2 LPA,0,63,57,3,1,2,0.25,0.48,0.3,Kerala,KL,94.0,92.1,43.2,3.2,Ernakulam,0.6,0,31.9,14.8,0.257,0
PHD_2026_1027,DOCTORATE,Male,24,5-10 LPA,0,44,25,2,1,1,0.54,0.75,0.56,Gujarat,GJ,78.0,69.7,21.3,17.9,Ahmedabad,3.8,0,15.9,20.2,0.1786,0
PHD_2026_1028,DOCTORATE,Male,31,5-10 LPA,0,63,59,4,1,1,0.2,0.76,0.51,Rajasthan,RJ,66.1,52.1,26.0,17.2,Jaipur,6.9,0,47.6,22.5,0.1416,0
PHD_2026_1029,DOCTORATE,Male,29,<2 LPA,0,56,86,5,2,1,0.35,0.39,0.51,Haryana,HR,75.6,65.9,29.8,12.5,Gurugram,2.5,0,31.2,20.5,0.2148,0
PHD_2026_1030,DOCTORATE,Female,29,5-10 LPA,0,35,78,4,0,1,0.19,0.4,0.43,Kerala,KL,94.0,92.1,43.2,3.2,Ernakulam,0.6,0,31.9,14.8,0.284,0
PHD_2026_1031,DOCTORATE,Male,24,5-10 LPA,0,44,22,4,2,3,0.0,0.73,0.37,Bihar,BR,61.8,51.5,14.5,21.4,Patna,18.2,0,56.4,28.5,0.064,0
PHD_2026_1032,DOCTORATE,Male,25,5-10 LPA,1,17,17,2,0,1,0.15,0.68,0.22,Haryana,HR,75.6,65.9,29.8,12.5,Gurugram,2.5,0,31.2,20.5,0.094,0
PHD_2026_1033,DOCTORATE,Male,25,5-10 LPA,0,45,0,5,3,1,0.0,1.09,0.44,Madhya Pradesh,MP,69.3,59.2,24.8,18.5,Barwani,46.1,1,85.5,37.1,0.0137,0
PHD_2026_1034,DOCTORATE,Male,28,5-10 LPA,1,12,50,2,0,3,0.38,0.81,0.21,Maharashtra,MH,82.3,75.9,32.3,11.2,Pune,3.9,0,39.1,21.0,0.3341,1
PHD_2026_1035,DOCTORATE,Male,30,2-5 LPA,0,18,50,3,1,1,0.37,0.78,0.24,Bihar,BR,61.8,51.5,14.5,21.4,Katihar,48.7,1,91.1,44.3,0.1459,0
PHD_2026_1036,DOCTORATE,Male,26,5-10 LPA,0,19,14,5,0,1,0.56,0.62,0.32,Haryana,HR,75.6,65.9,29.8,12.5,Nuh / Mewat,44.8,1,88.6,47.0,0.2139,0
PHD_2026_1037,DOCTORATE,Female,30,5-10 LPA,1,10,56,2,0,2,0.24,0.25,0.74,Bihar,BR,61.8,51.5,14.5,21.4,Purnia,50.4,1,89.2,42.1,0.457,0
PHD_2026_1038,DOCTORATE,Male,32,5-10 LPA,1,44,113,3,0,1,0.42,0.2,0.83,Maharashtra,MH,82.3,75.9,32.3,11.2,Mumbai,2.1,0,0.0,19.5,0.6267,1
PHD_2026_1039,DOCTORATE,Male,26,2-5 LPA,0,38,9,3,0,1,0.19,0.72,0.3,Tamil Nadu,TN,80.1,73.4,51.4,8.1,Coimbatore,2.1,0,24.2,18.9,0.0948,0
PHD_2026_1040,DOCTORATE,Female,30,<2 LPA,0,66,59,0,1,1,0.25,0.76,0.44,Gujarat,GJ,78.0,69.7,21.3,17.9,Dahod,40.5,1,88.0,38.1,0.2885,0
PHD_2026_1041,DOCTORATE,Female,25,>10 LPA,0,14,31,3,1,1,0.1,0.93,0.35,Uttar Pradesh,UP,67.7,57.2,23.2,16.8,Shravasti,49.6,1,96.5,48.2,0.065,0
PHD_2026_1042,DOCTORATE,Male,26,5-10 LPA,0,33,3,6,3,2,0.06,0.68,0.54,Haryana,HR,75.6,65.9,29.8,12.5,Nuh / Mewat,44.8,1,88.6,47.0,0.042,0
PHD_2026_1043,DOCTORATE,Male,27,5-10 LPA,0,70,38,5,1,1,0.18,0.27,0.16,Haryana,HR,75.6,65.9,29.8,12.5,Nuh / Mewat,44.8,1,88.6,47.0,0.1058,0
PHD_2026_1044,DOCTORATE,Female,26,5-10 LPA,0,66,59,5,1,1,0.0,0.55,0.24,Madhya Pradesh,MP,69.3,59.2,24.8,18.5,Barwani,46.1,1,85.5,37.1,0.0903,0
PHD_2026_1045,DOCTORATE,Male,25,5-10 LPA,0,32,53,2,0,3,0.32,0.47,0.69,Bihar,BR,61.8,51.5,14.5,21.4,Muzaffarpur,35.1,1,90.3,38.0,0.4477,0
PHD_2026_1046,DOCTORATE,Male,26,2-5 LPA,1,29,19,6,2,1,0.0,0.97,0.72,Kerala,KL,94.0,92.1,43.2,3.2,Ernakulam,0.6,0,31.9,14.8,0.0372,0
PHD_2026_1047,DOCTORATE,Female,25,5-10 LPA,0,7,35,0,0,1,0.11,0.52,0.47,Rajasthan,RJ,66.1,52.1,26.0,17.2,Jaipur,6.9,0,47.6,22.5,0.2783,0
PHD_2026_1048,DOCTORATE,Female,28,<2 LPA,0,44,6,4,0,2,0.4,0.66,0.31,Gujarat,GJ,78.0,69.7,21.3,17.9,Ahmedabad,3.8,0,15.9,20.2,0.2423,0
PHD_2026_1049,DOCTORATE,Male,26,2-5 LPA,0,37,28,4,1,1,0.15,0.6,0.61,Haryana,HR,75.6,65.9,29.8,12.5,Gurugram,2.5,0,31.2,20.5,0.0987,0
PHD_2026_1050,DOCTORATE,Male,27,<2 LPA,1,62,19,3,3,1,0.11,1.07,0.18,Kerala,KL,94.0,92.1,43.2,3.2,Thiruvananthapuram,0.9,0,46.2,15.2,0.0193,0
PHD_2026_1051,DOCTORATE,Female,24,2-5 LPA,1,13,63,1,1,1,0.62,0.53,0.67,Haryana,HR,75.6,65.9,29.8,12.5,Nuh / Mewat,44.8,1,88.6,47.0,0.5717,0
PHD_2026_1052,DOCTORATE,Male,26,2-5 LPA,0,61,20,1,5,1,0.32,0.86,0.7,Gujarat,GJ,78.0,69.7,21.3,17.9,Ahmedabad,3.8,0,15.9,20.2,0.0478,0
PHD_2026_1053,DOCTORATE,Male,25,5-10 LPA,0,12,1,2,0,1,0.0,1.11,0.38,Maharashtra,MH,82.3,75.9,32.3,11.2,Pune,3.9,0,39.1,21.0,0.0489,0
PHD_2026_1054,DOCTORATE,Female,26,<2 LPA,0,7,7,3,0,1,0.2,0.81,0.3,Maharashtra,MH,82.3,75.9,32.3,11.2,Pune,3.9,0,39.1,21.0,0.0899,0
PHD_2026_1055,DOCTORATE,Male,32,5-10 LPA,0,20,17,0,0,1,0.09,1.05,0.25,Gujarat,GJ,78.0,69.7,21.3,17.9,Dahod,40.5,1,88.0,38.1,0.1503,0
PHD_2026_1056,DOCTORATE,Male,33,2-5 LPA,0,43,3,5,2,2,0.06,1.06,0.91,Rajasthan,RJ,66.1,52.1,26.0,17.2,Jaipur,6.9,0,47.6,22.5,0.0679,0
PHD_2026_1057,DOCTORATE,Female,30,5-10 LPA,0,20,18,0,0,1,0.29,0.79,0.35,Karnataka,KA,75.4,68.1,36.2,12.0,Bengaluru Urban,1.8,0,9.1,18.2,0.2597,0
PHD_2026_1058,DOCTORATE,Male,27,2-5 LPA,1,22,73,2,1,1,0.52,0.4,0.52,Karnataka,KA,75.4,68.1,36.2,12.0,Bengaluru Urban,1.8,0,9.1,18.2,0.3401,0
PHD_2026_1059,DOCTORATE,Female,25,<2 LPA,0,61,8,2,2,1,0.12,0.89,0.37,Gujarat,GJ,78.0,69.7,21.3,17.9,Narmada,32.4,1,89.5,30.5,0.0332,0
PHD_2026_1060,DOCTORATE,Female,26,5-10 LPA,0,65,22,2,3,1,0.22,0.7,0.22,Rajasthan,RJ,66.1,52.1,26.0,17.2,Jaipur,6.9,0,47.6,22.5,0.0323,0
PHD_2026_1061,DOCTORATE,Male,24,<2 LPA,0,63,36,2,1,1,0.41,0.58,0.82,Tamil Nadu,TN,80.1,73.4,51.4,8.1,Ramanathapuram,7.8,1,69.7,22.1,0.2062,1
PHD_2026_1062,DOCTORATE,Female,30,2-5 LPA,0,34,71,4,2,1,0.32,0.42,0.05,Madhya Pradesh,MP,69.3,59.2,24.8,18.5,Barwani,46.1,1,85.5,37.1,0.1254,0
PHD_2026_1063,DOCTORATE,Male,27,<2 LPA,0,55,27,1,4,1,0.57,1.18,0.52,Kerala,KL,94.0,92.1,43.2,3.2,Ernakulam,0.6,0,31.9,14.8,0.0994,0
PHD_2026_1064,DOCTORATE,Female,33,<2 LPA,1,8,30,2,0,2,0.74,0.7,0.68,Maharashtra,MH,82.3,75.9,32.3,11.2,Mumbai,2.1,0,0.0,19.5,0.5514,1
PHD_2026_1065,DOCTORATE,Male,31,2-5 LPA,0,24,62,2,0,1,0.2,0.31,0.66,Rajasthan,RJ,66.1,52.1,26.0,17.2,Kota,8.2,0,39.7,21.0,0.284,0
PHD_2026_1066,DOCTORATE,Male,26,<2 LPA,0,44,55,6,0,2,0.0,0.63,0.71,Gujarat,GJ,78.0,69.7,21.3,17.9,Ahmedabad,3.8,0,15.9,20.2,0.2754,0
PHD_2026_1067,DOCTORATE,Male,29,2-5 LPA,0,26,12,3,3,1,0.64,1.04,0.89,Karnataka,KA,75.4,68.1,36.2,12.0,Raichur,36.8,1,74.6,34.0,0.0902,1
PHD_2026_1068,DOCTORATE,Male,32,2-5 LPA,1,50,5,2,3,1,0.24,0.91,0.59,Bihar,BR,61.8,51.5,14.5,21.4,Muzaffarpur,35.1,1,90.3,38.0,0.0306,0
PHD_2026_1069,DOCTORATE,Female,31,2-5 LPA,0,66,54,4,3,1,0.42,0.71,0.57,Kerala,KL,94.0,92.1,43.2,3.2,Wayanad,4.1,1,96.1,18.0,0.0976,0
PHD_2026_1070,DOCTORATE,Male,26,2-5 LPA,0,7,140,7,0,2,0.07,0.2,0.4,Kerala,KL,94.0,92.1,43.2,3.2,Ernakulam,0.6,0,31.9,14.8,0.6204,1
PHD_2026_1071,DOCTORATE,Female,24,2-5 LPA,1,19,15,2,0,2,0.36,0.68,0.29,Gujarat,GJ,78.0,69.7,21.3,17.9,Narmada,32.4,1,89.5,30.5,0.2449,0
PHD_2026_1072,DOCTORATE,Male,32,<2 LPA,0,40,15,1,1,1,0.48,0.76,0.8,Bihar,BR,61.8,51.5,14.5,21.4,Patna,18.2,0,56.4,28.5,0.3168,0
PHD_2026_1073,DOCTORATE,Female,30,<2 LPA,0,17,52,6,1,1,0.0,1.02,0.67,Bihar,BR,61.8,51.5,14.5,21.4,Gaya,38.6,1,86.8,36.2,0.0845,0
PHD_2026_1074,DOCTORATE,Female,27,<2 LPA,0,22,6,2,0,1,0.72,0.8,0.5,Madhya Pradesh,MP,69.3,59.2,24.8,18.5,Barwani,46.1,1,85.5,37.1,0.2624,0
PHD_2026_1075,DOCTORATE,Female,25,2-5 LPA,0,31,126,4,1,3,0.61,0.2,0.54,Madhya Pradesh,MP,69.3,59.2,24.8,18.5,Indore,6.8,0,25.9,21.8,0.7539,1
PHD_2026_1076,DOCTORATE,Female,28,2-5 LPA,0,23,76,0,1,1,0.56,0.61,0.55,Kerala,KL,94.0,92.1,43.2,3.2,Wayanad,4.1,1,96.1,18.0,0.5526,1
PHD_2026_1077,DOCTORATE,Male,25,5-10 LPA,0,38,26,2,0,1,0.25,1.2,0.72,Rajasthan,RJ,66.1,52.1,26.0,17.2,Jaisalmer,31.8,1,86.7,33.2,0.1368,0
PHD_2026_1078,DOCTORATE,Male,29,5-10 LPA,0,46,78,2,2,3,0.21,0.42,0.48,Haryana,HR,75.6,65.9,29.8,12.5,Gurugram,2.5,0,31.2,20.5,0.2477,0
PHD_2026_1079,DOCTORATE,Female,29,5-10 LPA,0,7,5,8,0,2,0.0,0.64,0.19,Maharashtra,MH,82.3,75.9,32.3,11.2,Nandurbar,33.1,1,83.3,32.4,0.1077,0
PHD_2026_1080,DOCTORATE,Female,32,2-5 LPA,0,37,23,5,2,1,0.31,0.82,0.43,Madhya Pradesh,MP,69.3,59.2,24.8,18.5,Alirajpur,52.0,1,92.2,39.5,0.0658,0
PHD_2026_1081,DOCTORATE,Female,29,2-5 LPA,0,40,14,3,1,2,0.17,0.99,0.55,Rajasthan,RJ,66.1,52.1,26.0,17.2,Kota,8.2,0,39.7,21.0,0.1199,0
PHD_2026_1082,DOCTORATE,Male,33,2-5 LPA,0,28,175,4,0,1,0.44,0.2,0.79,Haryana,HR,75.6,65.9,29.8,12.5,Gurugram,2.5,0,31.2,20.5,0.8118,1
PHD_2026_1083,DOCTORATE,Female,30,>10 LPA,0,14,2,2,2,1,0.06,0.76,0.11,Maharashtra,MH,82.3,75.9,32.3,11.2,Gadchiroli,28.5,1,89.0,28.9,0.024,0
PHD_2026_1084,DOCTORATE,Male,25,2-5 LPA,0,68,118,2,3,2,0.82,0.28,0.46,Bihar,BR,61.8,51.5,14.5,21.4,Muzaffarpur,35.1,1,90.3,38.0,0.6108,1
PHD_2026_1085,DOCTORATE,Female,28,<2 LPA,1,15,112,3,0,1,0.79,0.27,0.66,Bihar,BR,61.8,51.5,14.5,21.4,Patna,18.2,0,56.4,28.5,0.7591,1
PHD_2026_1086,DOCTORATE,Male,33,2-5 LPA,1,52,11,5,2,1,0.0,0.84,0.44,Haryana,HR,75.6,65.9,29.8,12.5,Gurugram,2.5,0,31.2,20.5,0.029,0
PHD_2026_1087,DOCTORATE,Male,32,5-10 LPA,1,33,11,3,0,1,0.12,1.12,0.24,Bihar,BR,61.8,51.5,14.5,21.4,Katihar,48.7,1,91.1,44.3,0.0644,0
PHD_2026_1088,DOCTORATE,Female,31,>10 LPA,0,31,27,0,2,1,0.23,0.69,0.64,Maharashtra,MH,82.3,75.9,32.3,11.2,Nandurbar,33.1,1,83.3,32.4,0.1571,0
PHD_2026_1089,DOCTORATE,Female,30,<2 LPA,0,33,54,3,2,1,0.66,0.6,0.3,Madhya Pradesh,MP,69.3,59.2,24.8,18.5,Bhopal,9.4,0,19.1,23.4,0.2003,1
PHD_2026_1090,DOCTORATE,Female,30,2-5 LPA,0,35,57,4,1,1,0.02,0.43,0.37,Uttar Pradesh,UP,67.7,57.2,23.2,16.8,Shravasti,49.6,1,96.5,48.2,0.1069,0
PHD_2026_1091,DOCTORATE,Male,30,2-5 LPA,1,49,1,4,2,3,0.09,0.98,0.63,Tamil Nadu,TN,80.1,73.4,51.4,8.1,Coimbatore,2.1,0,24.2,18.9,0.0599,0
PHD_2026_1092,DOCTORATE,Female,33,>10 LPA,0,70,12,4,0,1,0.37,0.81,0.66,Rajasthan,RJ,66.1,52.1,26.0,17.2,Barmer,34.2,1,93.0,35.8,0.168,0
PHD_2026_1093,DOCTORATE,Female,30,<2 LPA,0,37,143,2,2,3,0.58,0.2,0.78,Rajasthan,RJ,66.1,52.1,26.0,17.2,Kota,8.2,0,39.7,21.0,0.7366,1
PHD_2026_1094,DOCTORATE,Male,31,5-10 LPA,0,43,31,6,1,1,0.09,0.55,0.44,Rajasthan,RJ,66.1,52.1,26.0,17.2,Barmer,34.2,1,93.0,35.8,0.0839,0
PHD_2026_1095,DOCTORATE,Male,24,5-10 LPA,0,61,4,2,3,1,0.43,0.77,0.59,Bihar,BR,61.8,51.5,14.5,21.4,Katihar,48.7,1,91.1,44.3,0.0496,1
PHD_2026_1096,DOCTORATE,Female,30,2-5 LPA,1,63,4,3,4,2,0.12,0.82,0.69,Tamil Nadu,TN,80.1,73.4,51.4,8.1,Chennai,1.2,0,0.0,17.5,0.0325,0
PHD_2026_1097,DOCTORATE,Male,29,>10 LPA,0,29,74,2,0,2,0.63,0.52,0.82,Uttar Pradesh,UP,67.7,57.2,23.2,16.8,Noida / Gautam Buddha Nagar,7.1,0,40.9,22.0,0.6991,1
PHD_2026_1098,DOCTORATE,Male,25,2-5 LPA,1,32,15,1,0,2,0.25,0.83,0.31,Madhya Pradesh,MP,69.3,59.2,24.8,18.5,Indore,6.8,0,25.9,21.8,0.3582,0
PHD_2026_1099,DOCTORATE,Female,30,<2 LPA,1,13,15,2,0,1,0.3,0.88,0.67,Uttar Pradesh,UP,67.7,57.2,23.2,16.8,Shravasti,49.6,1,96.5,48.2,0.1494,0
PHD_2026_1100,DOCTORATE,Female,29,>10 LPA,1,53,64,2,0,2,0.55,0.52,0.32,Madhya Pradesh,MP,69.3,59.2,24.8,18.5,Barwani,46.1,1,85.5,37.1,0.5349,1
PHD_2026_1101,DOCTORATE,Male,29,5-10 LPA,0,38,114,1,1,1,0.63,0.2,0.8,Rajasthan,RJ,66.1,52.1,26.0,17.2,Jaipur,6.9,0,47.6,22.5,0.7961,1
PHD_2026_1102,DOCTORATE,Male,28,<2 LPA,0,6,143,3,0,1,0.47,0.2,0.61,Tamil Nadu,TN,80.1,73.4,51.4,8.1,Ramanathapuram,7.8,1,69.7,22.1,0.7133,1
PHD_2026_1103,DOCTORATE,Female,24,2-5 LPA,0,7,14,5,1,1,0.3,0.42,0.34,Karnataka,KA,75.4,68.1,36.2,12.0,Yadgir,39.4,1,81.2,36.5,0.102,0
PHD_2026_1104,DOCTORATE,Male,26,2-5 LPA,0,59,39,5,5,1,0.0,0.52,0.53,Kerala,KL,94.0,92.1,43.2,3.2,Thiruvananthapuram,0.9,0,46.2,15.2,0.0151,0
PHD_2026_1105,DOCTORATE,Male,29,2-5 LPA,0,20,6,3,0,1,0.47,1.17,0.46,Gujarat,GJ,78.0,69.7,21.3,17.9,Narmada,32.4,1,89.5,30.5,0.1367,1
PHD_2026_1106,DOCTORATE,Female,25,2-5 LPA,1,64,28,3,2,1,0.07,0.88,0.67,Tamil Nadu,TN,80.1,73.4,51.4,8.1,Chennai,1.2,0,0.0,17.5,0.05,1
PHD_2026_1107,DOCTORATE,Male,33,<2 LPA,1,58,25,4,4,1,0.0,0.62,0.18,Tamil Nadu,TN,80.1,73.4,51.4,8.1,Ramanathapuram,7.8,1,69.7,22.1,0.0139,0
PHD_2026_1108,DOCTORATE,Female,26,2-5 LPA,1,48,35,1,1,1,0.07,0.41,0.05,Rajasthan,RJ,66.1,52.1,26.0,17.2,Barmer,34.2,1,93.0,35.8,0.1515,0
PHD_2026_1109,DOCTORATE,Female,29,2-5 LPA,0,18,57,3,1,1,0.39,0.49,0.9,Kerala,KL,94.0,92.1,43.2,3.2,Wayanad,4.1,1,96.1,18.0,0.2797,0
PHD_2026_1110,DOCTORATE,Male,27,5-10 LPA,1,28,1,1,0,1,0.31,0.74,0.52,Rajasthan,RJ,66.1,52.1,26.0,17.2,Jaisalmer,31.8,1,86.7,33.2,0.2506,0
PHD_2026_1111,DOCTORATE,Male,27,2-5 LPA,0,19,21,0,0,1,0.14,1.02,0.54,Kerala,KL,94.0,92.1,43.2,3.2,Thiruvananthapuram,0.9,0,46.2,15.2,0.2092,0
PHD_2026_1112,DOCTORATE,Female,27,5-10 LPA,1,59,46,4,3,1,0.02,0.68,0.11,Maharashtra,MH,82.3,75.9,32.3,11.2,Nandurbar,33.1,1,83.3,32.4,0.0281,0
PHD_2026_1113,DOCTORATE,Female,27,5-10 LPA,0,36,36,4,0,1,0.17,0.89,0.51,Tamil Nadu,TN,80.1,73.4,51.4,8.1,Ramanathapuram,7.8,1,69.7,22.1,0.1386,0
PHD_2026_1114,DOCTORATE,Male,24,2-5 LPA,1,14,4,3,2,2,0.6,0.7,0.98,Rajasthan,RJ,66.1,52.1,26.0,17.2,Kota,8.2,0,39.7,21.0,0.2407,0
PHD_2026_1115,DOCTORATE,Male,26,<2 LPA,1,30,6,1,2,1,0.88,0.86,0.07,Karnataka,KA,75.4,68.1,36.2,12.0,Raichur,36.8,1,74.6,34.0,0.2539,0
PHD_2026_1116,DOCTORATE,Male,28,5-10 LPA,0,28,21,3,0,1,0.08,0.69,0.31,Kerala,KL,94.0,92.1,43.2,3.2,Ernakulam,0.6,0,31.9,14.8,0.0917,0
PHD_2026_1117,DOCTORATE,Male,27,2-5 LPA,0,56,31,2,0,1,0.12,0.59,0.49,Bihar,BR,61.8,51.5,14.5,21.4,Gaya,38.6,1,86.8,36.2,0.1353,0
PHD_2026_1118,DOCTORATE,Female,25,5-10 LPA,1,39,8,2,3,1,0.45,1.03,0.44,Madhya Pradesh,MP,69.3,59.2,24.8,18.5,Barwani,46.1,1,85.5,37.1,0.0424,0
PHD_2026_1119,DOCTORATE,Female,24,2-5 LPA,0,30,17,3,1,1,0.06,0.86,0.79,Haryana,HR,75.6,65.9,29.8,12.5,Gurugram,2.5,0,31.2,20.5,0.0692,0
PHD_2026_1120,DOCTORATE,Male,32,5-10 LPA,0,29,61,3,1,2,0.25,0.6,0.62,Uttar Pradesh,UP,67.7,57.2,23.2,16.8,Shravasti,49.6,1,96.5,48.2,0.302,0
PHD_2026_1121,DOCTORATE,Male,27,2-5 LPA,0,39,40,7,1,3,0.06,0.98,0.66,Karnataka,KA,75.4,68.1,36.2,12.0,Bengaluru Urban,1.8,0,9.1,18.2,0.1465,0
PHD_2026_1122,DOCTORATE,Male,29,5-10 LPA,1,8,10,5,0,1,0.5,0.91,0.55,Haryana,HR,75.6,65.9,29.8,12.5,Nuh / Mewat,44.8,1,88.6,47.0,0.1844,0
PHD_2026_1123,DOCTORATE,Female,25,2-5 LPA,0,64,94,5,2,2,0.15,0.47,0.88,Bihar,BR,61.8,51.5,14.5,21.4,Muzaffarpur,35.1,1,90.3,38.0,0.3262,0
PHD_2026_1124,DOCTORATE,Male,28,2-5 LPA,0,7,2,3,1,1,0.05,1.03,0.55,Madhya Pradesh,MP,69.3,59.2,24.8,18.5,Barwani,46.1,1,85.5,37.1,0.0421,0
PHD_2026_1125,DOCTORATE,Female,29,>10 LPA,0,29,7,5,1,2,0.31,1.13,0.73,Karnataka,KA,75.4,68.1,36.2,12.0,Raichur,36.8,1,74.6,34.0,0.1475,0
PHD_2026_1126,DOCTORATE,Female,27,2-5 LPA,0,35,63,3,1,1,0.2,0.64,0.46,Kerala,KL,94.0,92.1,43.2,3.2,Thiruvananthapuram,0.9,0,46.2,15.2,0.1544,0
PHD_2026_1127,DOCTORATE,Male,30,<2 LPA,0,71,9,2,5,1,0.23,0.95,0.87,Maharashtra,MH,82.3,75.9,32.3,11.2,Nandurbar,33.1,1,83.3,32.4,0.0157,0
PHD_2026_1128,DOCTORATE,Male,29,2-5 LPA,0,71,81,4,2,1,0.02,0.22,0.34,Maharashtra,MH,82.3,75.9,32.3,11.2,Pune,3.9,0,39.1,21.0,0.1079,0
PHD_2026_1129,DOCTORATE,Female,30,5-10 LPA,0,30,8,3,0,1,0.12,0.7,0.83,Tamil Nadu,TN,80.1,73.4,51.4,8.1,Ramanathapuram,7.8,1,69.7,22.1,0.1187,0
PHD_2026_1130,DOCTORATE,Female,24,2-5 LPA,0,30,3,2,2,1,0.23,0.67,0.21,Tamil Nadu,TN,80.1,73.4,51.4,8.1,Chennai,1.2,0,0.0,17.5,0.0392,1
PHD_2026_1131,DOCTORATE,Male,28,>10 LPA,0,45,1,7,3,1,0.0,1.02,0.71,Uttar Pradesh,UP,67.7,57.2,23.2,16.8,Bahraich,54.4,1,92.1,46.5,0.0178,0
PHD_2026_1132,DOCTORATE,Male,33,5-10 LPA,0,48,43,7,2,1,0.51,0.67,0.73,Bihar,BR,61.8,51.5,14.5,21.4,Purnia,50.4,1,89.2,42.1,0.1693,0
PHD_2026_1133,DOCTORATE,Male,25,5-10 LPA,1,47,39,1,1,2,0.34,1.01,0.19,Rajasthan,RJ,66.1,52.1,26.0,17.2,Jaisalmer,31.8,1,86.7,33.2,0.3353,0
PHD_2026_1134,DOCTORATE,Female,28,5-10 LPA,1,26,0,3,1,1,0.01,0.88,0.5,Karnataka,KA,75.4,68.1,36.2,12.0,Raichur,36.8,1,74.6,34.0,0.0399,0
PHD_2026_1135,DOCTORATE,Male,31,2-5 LPA,0,18,96,3,0,1,0.32,0.2,0.77,Karnataka,KA,75.4,68.1,36.2,12.0,Bengaluru Urban,1.8,0,9.1,18.2,0.5,1
PHD_2026_1136,DOCTORATE,Male,27,<2 LPA,0,44,8,3,0,1,0.0,1.22,0.22,Bihar,BR,61.8,51.5,14.5,21.4,Purnia,50.4,1,89.2,42.1,0.0453,0
PHD_2026_1137,DOCTORATE,Female,33,5-10 LPA,0,23,53,3,1,1,0.38,0.93,0.16,Uttar Pradesh,UP,67.7,57.2,23.2,16.8,Bahraich,54.4,1,92.1,46.5,0.1358,0
PHD_2026_1138,DOCTORATE,Female,25,<2 LPA,0,43,10,7,1,1,0.14,1.14,0.42,Haryana,HR,75.6,65.9,29.8,12.5,Nuh / Mewat,44.8,1,88.6,47.0,0.0494,0
PHD_2026_1139,DOCTORATE,Male,29,<2 LPA,0,44,5,4,3,1,0.22,0.8,0.64,Tamil Nadu,TN,80.1,73.4,51.4,8.1,Chennai,1.2,0,0.0,17.5,0.0329,0
PHD_2026_1140,DOCTORATE,Female,26,5-10 LPA,0,10,20,5,0,2,0.12,0.79,0.17,Rajasthan,RJ,66.1,52.1,26.0,17.2,Jaisalmer,31.8,1,86.7,33.2,0.1511,0
PHD_2026_1141,DOCTORATE,Female,24,<2 LPA,0,31,47,6,0,2,0.44,0.48,0.49,Kerala,KL,94.0,92.1,43.2,3.2,Ernakulam,0.6,0,31.9,14.8,0.4508,0
PHD_2026_1142,DOCTORATE,Male,29,5-10 LPA,0,58,8,2,1,1,0.33,0.81,0.8,Bihar,BR,61.8,51.5,14.5,21.4,Muzaffarpur,35.1,1,90.3,38.0,0.1107,0
PHD_2026_1143,DOCTORATE,Male,32,2-5 LPA,1,42,24,4,2,1,0.33,1.06,0.49,Maharashtra,MH,82.3,75.9,32.3,11.2,Mumbai,2.1,0,0.0,19.5,0.0641,0
PHD_2026_1144,DOCTORATE,Male,28,2-5 LPA,0,19,23,1,0,2,0.29,0.8,0.33,Tamil Nadu,TN,80.1,73.4,51.4,8.1,Chennai,1.2,0,0.0,17.5,0.4139,0
PHD_2026_1145,DOCTORATE,Female,32,5-10 LPA,1,43,1,1,1,1,0.16,1.13,0.45,Haryana,HR,75.6,65.9,29.8,12.5,Nuh / Mewat,44.8,1,88.6,47.0,0.1023,0
PHD_2026_1146,DOCTORATE,Male,29,<2 LPA,0,58,85,1,4,1,0.43,0.36,0.81,Madhya Pradesh,MP,69.3,59.2,24.8,18.5,Indore,6.8,0,25.9,21.8,0.2794,0
PHD_2026_1147,DOCTORATE,Female,24,<2 LPA,0,22,0,2,0,1,0.59,1.16,0.67,Tamil Nadu,TN,80.1,73.4,51.4,8.1,Coimbatore,2.1,0,24.2,18.9,0.1825,0
PHD_2026_1148,DOCTORATE,Female,29,2-5 LPA,1,31,2,2,2,1,0.6,1.11,0.48,Madhya Pradesh,MP,69.3,59.2,24.8,18.5,Indore,6.8,0,25.9,21.8,0.0789,0
PHD_2026_1149,DOCTORATE,Female,30,<2 LPA,0,23,6,2,0,1,0.0,1.11,0.62,Rajasthan,RJ,66.1,52.1,26.0,17.2,Kota,8.2,0,39.7,21.0,0.0622,0
PHD_2026_1150,DOCTORATE,Female,26,<2 LPA,0,27,7,0,1,1,0.61,0.79,0.5,Karnataka,KA,75.4,68.1,36.2,12.0,Raichur,36.8,1,74.6,34.0,0.2986,0
PHD_2026_1151,DOCTORATE,Female,31,5-10 LPA,1,34,12,3,2,1,0.26,1.23,0.59,Gujarat,GJ,78.0,69.7,21.3,17.9,Dahod,40.5,1,88.0,38.1,0.0456,0
PHD_2026_1152,DOCTORATE,Male,27,2-5 LPA,0,35,6,6,2,1,0.0,1.34,0.37,Maharashtra,MH,82.3,75.9,32.3,11.2,Pune,3.9,0,39.1,21.0,0.0191,0
PHD_2026_1153,DOCTORATE,Female,24,>10 LPA,0,54,0,1,1,2,0.48,0.75,0.74,Uttar Pradesh,UP,67.7,57.2,23.2,16.8,Lucknow,8.5,0,33.8,24.1,0.4041,0
PHD_2026_1154,DOCTORATE,Male,24,<2 LPA,0,41,45,2,3,3,0.5,0.39,0.54,Maharashtra,MH,82.3,75.9,32.3,11.2,Gadchiroli,28.5,1,89.0,28.9,0.2044,0
PHD_2026_1155,DOCTORATE,Male,31,<2 LPA,0,51,55,5,2,1,0.22,1.07,0.5,Uttar Pradesh,UP,67.7,57.2,23.2,16.8,Shravasti,49.6,1,96.5,48.2,0.0785,0
PHD_2026_1156,DOCTORATE,Female,24,2-5 LPA,0,14,59,3,1,1,0.17,0.6,0.31,Madhya Pradesh,MP,69.3,59.2,24.8,18.5,Barwani,46.1,1,85.5,37.1,0.1281,0
PHD_2026_1157,DOCTORATE,Male,33,<2 LPA,0,50,11,6,2,1,0.08,1.33,0.76,Bihar,BR,61.8,51.5,14.5,21.4,Purnia,50.4,1,89.2,42.1,0.0329,0
PHD_2026_1158,DOCTORATE,Female,32,2-5 LPA,0,10,27,5,0,1,0.54,0.95,0.18,Bihar,BR,61.8,51.5,14.5,21.4,Gaya,38.6,1,86.8,36.2,0.1907,0
PHD_2026_1159,DOCTORATE,Female,33,2-5 LPA,0,40,20,4,0,2,0.0,0.63,0.16,Tamil Nadu,TN,80.1,73.4,51.4,8.1,Coimbatore,2.1,0,24.2,18.9,0.1292,0
PHD_2026_1160,DOCTORATE,Male,33,2-5 LPA,1,71,0,2,5,1,0.34,1.02,0.65,Uttar Pradesh,UP,67.7,57.2,23.2,16.8,Balrampur,47.9,1,92.3,45.0,0.0143,0
PHD_2026_1161,DOCTORATE,Male,31,2-5 LPA,0,61,57,1,0,1,0.79,0.53,0.87,Rajasthan,RJ,66.1,52.1,26.0,17.2,Kota,8.2,0,39.7,21.0,0.7639,1
PHD_2026_1162,DOCTORATE,Male,29,5-10 LPA,0,61,21,4,1,2,0.52,0.68,0.7,Bihar,BR,61.8,51.5,14.5,21.4,Patna,18.2,0,56.4,28.5,0.3071,0
PHD_2026_1163,DOCTORATE,Male,28,5-10 LPA,0,66,33,3,3,1,0.59,0.72,0.81,Uttar Pradesh,UP,67.7,57.2,23.2,16.8,Lucknow,8.5,0,33.8,24.1,0.121,0
PHD_2026_1164,DOCTORATE,Male,27,<2 LPA,0,39,15,2,2,2,0.25,0.7,0.61,Tamil Nadu,TN,80.1,73.4,51.4,8.1,Chennai,1.2,0,0.0,17.5,0.116,0
PHD_2026_1165,DOCTORATE,Female,26,2-5 LPA,0,32,31,7,1,1,0.0,0.43,0.78,Maharashtra,MH,82.3,75.9,32.3,11.2,Nandurbar,33.1,1,83.3,32.4,0.0951,0
PHD_2026_1166,DOCTORATE,Female,26,<2 LPA,0,52,157,4,1,1,0.33,0.2,0.8,Maharashtra,MH,82.3,75.9,32.3,11.2,Pune,3.9,0,39.1,21.0,0.6262,1
PHD_2026_1167,DOCTORATE,Female,31,5-10 LPA,1,25,48,0,0,1,0.37,0.32,0.44,Haryana,HR,75.6,65.9,29.8,12.5,Nuh / Mewat,44.8,1,88.6,47.0,0.4767,0
PHD_2026_1168,DOCTORATE,Female,25,<2 LPA,0,54,6,6,2,1,0.33,0.53,0.6,Kerala,KL,94.0,92.1,43.2,3.2,Ernakulam,0.6,0,31.9,14.8,0.0726,0
PHD_2026_1169,DOCTORATE,Female,28,5-10 LPA,1,18,44,1,1,1,0.73,0.68,0.19,Tamil Nadu,TN,80.1,73.4,51.4,8.1,Ramanathapuram,7.8,1,69.7,22.1,0.4473,0
PHD_2026_1170,DOCTORATE,Male,31,5-10 LPA,1,22,19,7,2,1,0.12,1.1,0.19,Tamil Nadu,TN,80.1,73.4,51.4,8.1,Ramanathapuram,7.8,1,69.7,22.1,0.0303,0
PHD_2026_1171,DOCTORATE,Female,28,2-5 LPA,0,22,5,2,0,1,0.23,1.32,0.53,Bihar,BR,61.8,51.5,14.5,21.4,Gaya,38.6,1,86.8,36.2,0.0815,0
PHD_2026_1172,DOCTORATE,Female,28,5-10 LPA,1,11,25,7,0,3,0.07,1.3,0.38,Rajasthan,RJ,66.1,52.1,26.0,17.2,Barmer,34.2,1,93.0,35.8,0.1292,0
PHD_2026_1173,DOCTORATE,Male,33,2-5 LPA,0,7,40,3,0,1,0.05,0.78,0.91,Tamil Nadu,TN,80.1,73.4,51.4,8.1,Coimbatore,2.1,0,24.2,18.9,0.1564,0
PHD_2026_1174,DOCTORATE,Male,26,2-5 LPA,0,13,180,2,1,1,1.0,0.2,0.1,Tamil Nadu,TN,80.1,73.4,51.4,8.1,Coimbatore,2.1,0,24.2,18.9,0.8587,1
PHD_2026_1175,DOCTORATE,Male,31,2-5 LPA,0,50,5,3,4,1,0.34,0.84,0.35,Haryana,HR,75.6,65.9,29.8,12.5,Gurugram,2.5,0,31.2,20.5,0.0214,0
PHD_2026_1176,DOCTORATE,Male,29,<2 LPA,0,22,0,4,1,1,0.07,1.14,0.83,Karnataka,KA,75.4,68.1,36.2,12.0,Yadgir,39.4,1,81.2,36.5,0.0495,0
PHD_2026_1177,DOCTORATE,Male,27,5-10 LPA,0,23,17,1,0,1,0.6,0.58,0.65,Tamil Nadu,TN,80.1,73.4,51.4,8.1,Chennai,1.2,0,0.0,17.5,0.4906,0
PHD_2026_1178,DOCTORATE,Female,25,5-10 LPA,0,24,59,0,0,1,0.52,0.86,0.33,Gujarat,GJ,78.0,69.7,21.3,17.9,Dahod,40.5,1,88.0,38.1,0.5036,1
PHD_2026_1179,DOCTORATE,Male,25,2-5 LPA,1,10,0,3,0,1,0.0,1.43,0.2,Bihar,BR,61.8,51.5,14.5,21.4,Patna,18.2,0,56.4,28.5,0.0355,0
PHD_2026_1180,DOCTORATE,Female,33,5-10 LPA,0,54,5,2,1,1,0.75,1.0,0.75,Rajasthan,RJ,66.1,52.1,26.0,17.2,Kota,8.2,0,39.7,21.0,0.2052,0
PHD_2026_1181,DOCTORATE,Female,26,5-10 LPA,0,25,23,2,2,1,0.43,1.0,0.64,Uttar Pradesh,UP,67.7,57.2,23.2,16.8,Bahraich,54.4,1,92.1,46.5,0.0888,0
PHD_2026_1182,DOCTORATE,Female,27,2-5 LPA,1,20,46,1,2,1,0.71,0.98,0.49,Gujarat,GJ,78.0,69.7,21.3,17.9,Dahod,40.5,1,88.0,38.1,0.3516,0
PHD_2026_1183,DOCTORATE,Male,32,2-5 LPA,0,37,9,3,2,1,0.47,1.25,0.54,Madhya Pradesh,MP,69.3,59.2,24.8,18.5,Indore,6.8,0,25.9,21.8,0.0641,0
PHD_2026_1184,DOCTORATE,Female,25,>10 LPA,0,34,1,6,2,1,0.0,0.98,0.37,Uttar Pradesh,UP,67.7,57.2,23.2,16.8,Shravasti,49.6,1,96.5,48.2,0.0219,0
PHD_2026_1185,DOCTORATE,Female,31,2-5 LPA,1,7,17,2,0,1,0.43,0.91,0.28,Gujarat,GJ,78.0,69.7,21.3,17.9,Dahod,40.5,1,88.0,38.1,0.1493,0
PHD_2026_1186,DOCTORATE,Male,29,<2 LPA,0,42,26,6,1,1,0.0,0.79,0.46,Tamil Nadu,TN,80.1,73.4,51.4,8.1,Coimbatore,2.1,0,24.2,18.9,0.058,0
PHD_2026_1187,DOCTORATE,Female,31,<2 LPA,1,9,1,6,0,1,0.14,1.11,0.74,Karnataka,KA,75.4,68.1,36.2,12.0,Yadgir,39.4,1,81.2,36.5,0.0834,0
PHD_2026_1188,DOCTORATE,Male,32,<2 LPA,0,50,64,3,1,1,0.44,0.66,0.18,Tamil Nadu,TN,80.1,73.4,51.4,8.1,Chennai,1.2,0,0.0,17.5,0.1994,0
PHD_2026_1189,DOCTORATE,Male,24,2-5 LPA,1,52,76,4,3,1,0.3,0.38,0.53,Gujarat,GJ,78.0,69.7,21.3,17.9,Dahod,40.5,1,88.0,38.1,0.1207,0
PHD_2026_1190,DOCTORATE,Female,30,5-10 LPA,0,52,0,6,1,1,0.22,1.06,0.84,Gujarat,GJ,78.0,69.7,21.3,17.9,Ahmedabad,3.8,0,15.9,20.2,0.0712,0
PHD_2026_1191,DOCTORATE,Male,25,5-10 LPA,0,65,57,1,0,1,0.16,1.04,0.28,Tamil Nadu,TN,80.1,73.4,51.4,8.1,Coimbatore,2.1,0,24.2,18.9,0.2786,0
PHD_2026_1192,DOCTORATE,Male,26,5-10 LPA,0,26,142,4,1,1,0.22,0.2,0.4,Uttar Pradesh,UP,67.7,57.2,23.2,16.8,Shravasti,49.6,1,96.5,48.2,0.4359,0
PHD_2026_1193,DOCTORATE,Male,30,2-5 LPA,0,10,12,0,1,2,0.31,0.8,0.65,Haryana,HR,75.6,65.9,29.8,12.5,Nuh / Mewat,44.8,1,88.6,47.0,0.3359,0
PHD_2026_1194,DOCTORATE,Female,25,5-10 LPA,0,64,82,3,3,2,0.37,0.5,0.88,Haryana,HR,75.6,65.9,29.8,12.5,Nuh / Mewat,44.8,1,88.6,47.0,0.2892,0
PHD_2026_1195,DOCTORATE,Male,29,2-5 LPA,0,51,1,4,1,1,0.04,1.05,0.36,Maharashtra,MH,82.3,75.9,32.3,11.2,Mumbai,2.1,0,0.0,19.5,0.0353,1
PHD_2026_1196,DOCTORATE,Female,30,2-5 LPA,1,20,35,4,1,1,0.24,0.34,0.77,Kerala,KL,94.0,92.1,43.2,3.2,Thiruvananthapuram,0.9,0,46.2,15.2,0.1654,0
PHD_2026_1197,DOCTORATE,Male,32,2-5 LPA,0,51,11,2,1,1,0.3,0.95,0.55,Haryana,HR,75.6,65.9,29.8,12.5,Nuh / Mewat,44.8,1,88.6,47.0,0.0837,0
PHD_2026_1198,DOCTORATE,Female,33,2-5 LPA,0,40,12,3,1,1,0.56,0.79,0.47,Kerala,KL,94.0,92.1,43.2,3.2,Wayanad,4.1,1,96.1,18.0,0.1483,0
PHD_2026_1199,DOCTORATE,Female,26,2-5 LPA,0,30,15,1,0,1,0.35,1.07,0.73,Kerala,KL,94.0,92.1,43.2,3.2,Ernakulam,0.6,0,31.9,14.8,0.301,0
PHD_2026_1200,DOCTORATE,Male,29,5-10 LPA,1,63,9,5,1,1,0.14,0.81,0.41,Rajasthan,RJ,66.1,52.1,26.0,17.2,Jaipur,6.9,0,47.6,22.5,0.0587,0
PHD_2026_1201,DOCTORATE,Male,27,2-5 LPA,0,21,29,1,0,2,0.53,0.57,0.24,Kerala,KL,94.0,92.1,43.2,3.2,Wayanad,4.1,1,96.1,18.0,0.583,1
PHD_2026_1202,DOCTORATE,Female,32,2-5 LPA,0,42,25,5,2,2,0.09,0.94,0.26,Haryana,HR,75.6,65.9,29.8,12.5,Gurugram,2.5,0,31.2,20.5,0.0662,0
PHD_2026_1203,DOCTORATE,Female,27,5-10 LPA,1,17,79,1,0,1,0.53,0.4,0.21,Uttar Pradesh,UP,67.7,57.2,23.2,16.8,Shravasti,49.6,1,96.5,48.2,0.6278,1
PHD_2026_1204,DOCTORATE,Male,26,5-10 LPA,1,68,3,4,3,1,0.22,0.9,0.27,Maharashtra,MH,82.3,75.9,32.3,11.2,Nandurbar,33.1,1,83.3,32.4,0.0229,0
PHD_2026_1205,DOCTORATE,Female,29,2-5 LPA,0,69,0,5,0,1,0.0,1.31,0.31,Karnataka,KA,75.4,68.1,36.2,12.0,Yadgir,39.4,1,81.2,36.5,0.0411,0
PHD_2026_1206,DOCTORATE,Male,33,5-10 LPA,0,11,21,5,0,1,0.0,0.96,0.68,Bihar,BR,61.8,51.5,14.5,21.4,Muzaffarpur,35.1,1,90.3,38.0,0.0866,0
PHD_2026_1207,DOCTORATE,Female,27,2-5 LPA,1,50,10,3,2,2,0.2,0.87,0.38,Karnataka,KA,75.4,68.1,36.2,12.0,Raichur,36.8,1,74.6,34.0,0.0759,0
PHD_2026_1208,DOCTORATE,Male,30,<2 LPA,0,59,114,2,0,1,0.9,0.2,0.22,Haryana,HR,75.6,65.9,29.8,12.5,Nuh / Mewat,44.8,1,88.6,47.0,0.7546,1
PHD_2026_1209,DOCTORATE,Male,24,5-10 LPA,0,6,67,4,0,1,0.35,0.47,0.72,Haryana,HR,75.6,65.9,29.8,12.5,Gurugram,2.5,0,31.2,20.5,0.3601,0
PHD_2026_1210,DOCTORATE,Male,29,5-10 LPA,0,38,18,5,2,1,0.02,1.14,0.46,Tamil Nadu,TN,80.1,73.4,51.4,8.1,Ramanathapuram,7.8,1,69.7,22.1,0.0284,1
PHD_2026_1211,DOCTORATE,Female,27,5-10 LPA,0,61,79,1,2,1,0.9,0.41,0.54,Kerala,KL,94.0,92.1,43.2,3.2,Ernakulam,0.6,0,31.9,14.8,0.6621,0
PHD_2026_1212,DOCTORATE,Male,31,5-10 LPA,0,34,0,7,0,2,0.15,0.9,0.11,Karnataka,KA,75.4,68.1,36.2,12.0,Yadgir,39.4,1,81.2,36.5,0.1119,0
PHD_2026_1213,DOCTORATE,Female,31,5-10 LPA,0,15,8,6,1,2,0.2,1.0,0.08,Kerala,KL,94.0,92.1,43.2,3.2,Ernakulam,0.6,0,31.9,14.8,0.0856,0
PHD_2026_1214,DOCTORATE,Female,29,<2 LPA,0,21,32,4,0,1,0.19,0.45,0.36,Bihar,BR,61.8,51.5,14.5,21.4,Patna,18.2,0,56.4,28.5,0.1556,0
PHD_2026_1215,DOCTORATE,Male,30,<2 LPA,0,68,14,6,5,2,0.12,1.12,0.42,Kerala,KL,94.0,92.1,43.2,3.2,Wayanad,4.1,1,96.1,18.0,0.0167,0
PHD_2026_1216,DOCTORATE,Female,33,2-5 LPA,0,36,8,3,1,1,0.0,0.96,0.82,Haryana,HR,75.6,65.9,29.8,12.5,Nuh / Mewat,44.8,1,88.6,47.0,0.0525,0
PHD_2026_1217,DOCTORATE,Female,29,>10 LPA,0,65,2,2,4,1,0.0,0.81,0.74,Madhya Pradesh,MP,69.3,59.2,24.8,18.5,Indore,6.8,0,25.9,21.8,0.0134,0
PHD_2026_1218,DOCTORATE,Female,27,2-5 LPA,0,31,21,5,2,1,0.2,1.1,0.65,Bihar,BR,61.8,51.5,14.5,21.4,Purnia,50.4,1,89.2,42.1,0.0518,0
PHD_2026_1219,DOCTORATE,Male,24,2-5 LPA,0,9,70,4,0,1,0.15,0.2,0.2,Bihar,BR,61.8,51.5,14.5,21.4,Katihar,48.7,1,91.1,44.3,0.2349,0
PHD_2026_1220,DOCTORATE,Male,24,<2 LPA,0,41,37,2,2,1,0.23,0.68,0.39,Gujarat,GJ,78.0,69.7,21.3,17.9,Dahod,40.5,1,88.0,38.1,0.0721,0
PHD_2026_1221,DOCTORATE,Male,26,<2 LPA,0,34,4,8,1,2,0.14,0.86,0.24,Kerala,KL,94.0,92.1,43.2,3.2,Thiruvananthapuram,0.9,0,46.2,15.2,0.0869,0
PHD_2026_1222,DOCTORATE,Female,24,2-5 LPA,1,29,27,3,0,2,0.24,0.33,0.86,Haryana,HR,75.6,65.9,29.8,12.5,Nuh / Mewat,44.8,1,88.6,47.0,0.3617,0
PHD_2026_1223,DOCTORATE,Male,28,<2 LPA,1,32,21,3,1,1,0.29,0.74,0.68,Uttar Pradesh,UP,67.7,57.2,23.2,16.8,Balrampur,47.9,1,92.3,45.0,0.1159,0
PHD_2026_1224,DOCTORATE,Female,33,2-5 LPA,1,35,12,2,1,3,0.68,0.78,0.74,Karnataka,KA,75.4,68.1,36.2,12.0,Raichur,36.8,1,74.6,34.0,0.3443,0
PHD_2026_1225,DOCTORATE,Male,27,2-5 LPA,0,11,42,4,1,1,0.12,1.18,0.61,Karnataka,KA,75.4,68.1,36.2,12.0,Raichur,36.8,1,74.6,34.0,0.0829,0
PHD_2026_1226,DOCTORATE,Female,30,5-10 LPA,0,11,5,4,1,3,0.36,0.85,0.31,Tamil Nadu,TN,80.1,73.4,51.4,8.1,Coimbatore,2.1,0,24.2,18.9,0.1397,0
PHD_2026_1227,DOCTORATE,Female,24,2-5 LPA,0,9,23,5,0,1,0.0,0.33,0.25,Uttar Pradesh,UP,67.7,57.2,23.2,16.8,Lucknow,8.5,0,33.8,24.1,0.0941,0
PHD_2026_1228,DOCTORATE,Male,33,5-10 LPA,1,17,10,3,1,1,0.2,0.79,0.71,Haryana,HR,75.6,65.9,29.8,12.5,Nuh / Mewat,44.8,1,88.6,47.0,0.0829,0
PHD_2026_1229,DOCTORATE,Male,30,>10 LPA,1,58,29,4,3,1,0.6,0.77,0.7,Maharashtra,MH,82.3,75.9,32.3,11.2,Pune,3.9,0,39.1,21.0,0.1074,0
PHD_2026_1230,DOCTORATE,Female,33,5-10 LPA,0,49,4,3,1,1,0.31,1.13,0.45,Madhya Pradesh,MP,69.3,59.2,24.8,18.5,Bhopal,9.4,0,19.1,23.4,0.0661,0
PHD_2026_1231,DOCTORATE,Female,27,2-5 LPA,1,65,4,3,1,1,0.32,0.95,0.58,Bihar,BR,61.8,51.5,14.5,21.4,Muzaffarpur,35.1,1,90.3,38.0,0.0812,0
PHD_2026_1232,DOCTORATE,Male,25,5-10 LPA,1,71,45,3,5,1,0.19,0.85,0.07,Maharashtra,MH,82.3,75.9,32.3,11.2,Pune,3.9,0,39.1,21.0,0.0146,0
PHD_2026_1233,DOCTORATE,Male,31,5-10 LPA,0,63,9,3,2,1,0.42,1.16,0.5,Karnataka,KA,75.4,68.1,36.2,12.0,Raichur,36.8,1,74.6,34.0,0.0594,0
PHD_2026_1234,DOCTORATE,Female,32,5-10 LPA,0,8,12,3,1,1,0.37,0.63,0.11,Bihar,BR,61.8,51.5,14.5,21.4,Katihar,48.7,1,91.1,44.3,0.0872,0
PHD_2026_1235,DOCTORATE,Male,24,>10 LPA,0,65,2,3,2,1,0.27,0.8,0.89,Bihar,BR,61.8,51.5,14.5,21.4,Patna,18.2,0,56.4,28.5,0.0633,0
PHD_2026_1236,DOCTORATE,Female,28,<2 LPA,0,57,36,3,4,1,0.36,0.54,0.23,Gujarat,GJ,78.0,69.7,21.3,17.9,Ahmedabad,3.8,0,15.9,20.2,0.0386,0
PHD_2026_1237,DOCTORATE,Male,28,5-10 LPA,1,63,16,7,4,3,0.06,0.69,0.31,Karnataka,KA,75.4,68.1,36.2,12.0,Raichur,36.8,1,74.6,34.0,0.0275,0
PHD_2026_1238,DOCTORATE,Female,29,2-5 LPA,0,39,0,1,1,1,0.52,0.88,0.63,Bihar,BR,61.8,51.5,14.5,21.4,Gaya,38.6,1,86.8,36.2,0.2462,0
PHD_2026_1239,DOCTORATE,Female,24,2-5 LPA,0,9,3,1,0,2,0.46,0.48,0.67,Madhya Pradesh,MP,69.3,59.2,24.8,18.5,Indore,6.8,0,25.9,21.8,0.5408,1
PHD_2026_1240,DOCTORATE,Male,26,2-5 LPA,1,17,24,5,1,3,0.41,0.95,0.1,Madhya Pradesh,MP,69.3,59.2,24.8,18.5,Bhopal,9.4,0,19.1,23.4,0.1631,0
PHD_2026_1241,DOCTORATE,Female,26,<2 LPA,0,71,18,5,2,2,0.13,1.01,0.78,Haryana,HR,75.6,65.9,29.8,12.5,Gurugram,2.5,0,31.2,20.5,0.0897,0
PHD_2026_1242,DOCTORATE,Female,33,5-10 LPA,0,42,23,4,1,1,0.01,0.66,0.41,Gujarat,GJ,78.0,69.7,21.3,17.9,Dahod,40.5,1,88.0,38.1,0.0584,0
PHD_2026_1243,DOCTORATE,Male,27,<2 LPA,0,41,28,3,3,1,0.58,0.81,0.25,Bihar,BR,61.8,51.5,14.5,21.4,Purnia,50.4,1,89.2,42.1,0.0722,0
PHD_2026_1244,DOCTORATE,Male,31,2-5 LPA,0,32,100,7,2,1,0.43,0.2,0.06,Gujarat,GJ,78.0,69.7,21.3,17.9,Narmada,32.4,1,89.5,30.5,0.2433,1
PHD_2026_1245,DOCTORATE,Male,32,2-5 LPA,0,69,79,6,3,1,0.11,0.2,0.82,Madhya Pradesh,MP,69.3,59.2,24.8,18.5,Bhopal,9.4,0,19.1,23.4,0.1162,0
PHD_2026_1246,DOCTORATE,Male,25,2-5 LPA,0,17,174,0,0,1,0.41,0.2,0.65,Kerala,KL,94.0,92.1,43.2,3.2,Thiruvananthapuram,0.9,0,46.2,15.2,0.8936,1
PHD_2026_1247,DOCTORATE,Male,32,<2 LPA,0,40,117,2,2,2,0.24,0.2,0.72,Rajasthan,RJ,66.1,52.1,26.0,17.2,Kota,8.2,0,39.7,21.0,0.4643,0
PHD_2026_1248,DOCTORATE,Female,30,5-10 LPA,0,54,30,3,0,2,0.3,0.55,0.16,Kerala,KL,94.0,92.1,43.2,3.2,Thiruvananthapuram,0.9,0,46.2,15.2,0.2574,0
PHD_2026_1249,DOCTORATE,Male,30,2-5 LPA,0,41,50,1,1,3,0.46,0.72,0.29,Bihar,BR,61.8,51.5,14.5,21.4,Gaya,38.6,1,86.8,36.2,0.4993,0
PHD_2026_1250,DOCTORATE,Male,29,2-5 LPA,0,65,30,3,3,2,0.53,1.17,0.05,Maharashtra,MH,82.3,75.9,32.3,11.2,Pune,3.9,0,39.1,21.0,0.0865,0
PHD_2026_1251,DOCTORATE,Male,30,5-10 LPA,0,14,49,2,0,2,0.41,0.57,0.09,Uttar Pradesh,UP,67.7,57.2,23.2,16.8,Bahraich,54.4,1,92.1,46.5,0.3561,0
PHD_2026_1252,DOCTORATE,Female,25,2-5 LPA,1,6,45,1,0,1,0.34,0.37,0.36,Bihar,BR,61.8,51.5,14.5,21.4,Patna,18.2,0,56.4,28.5,0.4323,0
PHD_2026_1253,DOCTORATE,Female,24,5-10 LPA,0,40,3,7,0,2,0.0,0.66,0.86,Gujarat,GJ,78.0,69.7,21.3,17.9,Narmada,32.4,1,89.5,30.5,0.1605,0
PHD_2026_1254,DOCTORATE,Female,29,<2 LPA,0,65,61,0,0,1,0.24,0.26,0.68,Uttar Pradesh,UP,67.7,57.2,23.2,16.8,Balrampur,47.9,1,92.3,45.0,0.5113,1
PHD_2026_1255,DOCTORATE,Female,26,5-10 LPA,0,32,8,3,1,1,0.29,1.01,0.72,Karnataka,KA,75.4,68.1,36.2,12.0,Raichur,36.8,1,74.6,34.0,0.0867,1
PHD_2026_1256,DOCTORATE,Female,30,<2 LPA,0,62,11,2,2,2,0.15,0.98,0.25,Kerala,KL,94.0,92.1,43.2,3.2,Thiruvananthapuram,0.9,0,46.2,15.2,0.0599,0
PHD_2026_1257,DOCTORATE,Female,28,2-5 LPA,1,32,25,9,0,1,0.46,0.92,0.22,Tamil Nadu,TN,80.1,73.4,51.4,8.1,Ramanathapuram,7.8,1,69.7,22.1,0.1666,0
PHD_2026_1258,DOCTORATE,Male,26,>10 LPA,1,19,13,2,0,1,0.59,0.88,0.39,Haryana,HR,75.6,65.9,29.8,12.5,Gurugram,2.5,0,31.2,20.5,0.2057,0
PHD_2026_1259,DOCTORATE,Female,27,2-5 LPA,0,12,87,5,1,2,0.33,0.2,0.62,Karnataka,KA,75.4,68.1,36.2,12.0,Yadgir,39.4,1,81.2,36.5,0.4946,0
PHD_2026_1260,DOCTORATE,Male,24,5-10 LPA,0,33,61,4,2,1,0.61,0.44,0.11,Haryana,HR,75.6,65.9,29.8,12.5,Nuh / Mewat,44.8,1,88.6,47.0,0.1929,0
PHD_2026_1261,DOCTORATE,Female,33,2-5 LPA,1,19,16,2,0,1,0.13,0.59,0.65,Gujarat,GJ,78.0,69.7,21.3,17.9,Narmada,32.4,1,89.5,30.5,0.1265,0
PHD_2026_1262,DOCTORATE,Male,26,<2 LPA,0,12,2,3,0,1,0.5,1.19,0.16,Karnataka,KA,75.4,68.1,36.2,12.0,Yadgir,39.4,1,81.2,36.5,0.1129,0
PHD_2026_1263,DOCTORATE,Male,26,<2 LPA,0,20,7,2,0,2,0.0,1.13,0.59,Bihar,BR,61.8,51.5,14.5,21.4,Purnia,50.4,1,89.2,42.1,0.1107,0
PHD_2026_1264,DOCTORATE,Female,28,>10 LPA,1,48,8,3,4,1,0.21,0.65,0.48,Gujarat,GJ,78.0,69.7,21.3,17.9,Ahmedabad,3.8,0,15.9,20.2,0.0207,0
PHD_2026_1265,DOCTORATE,Female,26,2-5 LPA,1,33,21,7,0,1,0.3,0.83,0.4,Karnataka,KA,75.4,68.1,36.2,12.0,Bengaluru Urban,1.8,0,9.1,18.2,0.139,0
PHD_2026_1266,DOCTORATE,Male,26,5-10 LPA,0,9,3,4,0,1,0.14,0.89,0.27,Kerala,KL,94.0,92.1,43.2,3.2,Ernakulam,0.6,0,31.9,14.8,0.0709,0
PHD_2026_1267,DOCTORATE,Male,30,>10 LPA,0,42,4,7,3,2,0.0,0.91,0.72,Tamil Nadu,TN,80.1,73.4,51.4,8.1,Coimbatore,2.1,0,24.2,18.9,0.0374,0
PHD_2026_1268,DOCTORATE,Male,27,2-5 LPA,1,38,54,4,1,1,0.24,0.7,0.59,Rajasthan,RJ,66.1,52.1,26.0,17.2,Jaisalmer,31.8,1,86.7,33.2,0.1557,1
PHD_2026_1269,DOCTORATE,Female,27,5-10 LPA,1,38,34,3,0,3,0.39,0.7,0.38,Tamil Nadu,TN,80.1,73.4,51.4,8.1,Chennai,1.2,0,0.0,17.5,0.3306,0
PHD_2026_1270,DOCTORATE,Female,24,5-10 LPA,1,45,6,2,2,1,0.3,0.86,0.91,Rajasthan,RJ,66.1,52.1,26.0,17.2,Kota,8.2,0,39.7,21.0,0.0708,0
PHD_2026_1271,DOCTORATE,Male,27,2-5 LPA,0,16,15,7,1,3,0.49,0.94,0.53,Uttar Pradesh,UP,67.7,57.2,23.2,16.8,Varanasi,16.3,0,56.6,29.4,0.2198,0
PHD_2026_1272,DOCTORATE,Female,27,2-5 LPA,0,31,152,4,0,1,0.49,0.2,0.73,Maharashtra,MH,82.3,75.9,32.3,11.2,Gadchiroli,28.5,1,89.0,28.9,0.7654,1
PHD_2026_1273,DOCTORATE,Female,29,2-5 LPA,1,63,62,3,0,1,0.33,0.64,0.82,Madhya Pradesh,MP,69.3,59.2,24.8,18.5,Barwani,46.1,1,85.5,37.1,0.3272,0
PHD_2026_1274,DOCTORATE,Male,29,5-10 LPA,0,13,86,5,0,1,0.06,0.2,0.89,Gujarat,GJ,78.0,69.7,21.3,17.9,Narmada,32.4,1,89.5,30.5,0.3457,0
PHD_2026_1275,DOCTORATE,Male,29,2-5 LPA,0,52,19,0,4,1,0.69,0.89,0.05,Haryana,HR,75.6,65.9,29.8,12.5,Gurugram,2.5,0,31.2,20.5,0.0955,0
PHD_2026_1276,DOCTORATE,Female,31,5-10 LPA,0,17,20,3,1,2,0.06,0.8,0.22,Maharashtra,MH,82.3,75.9,32.3,11.2,Gadchiroli,28.5,1,89.0,28.9,0.0922,0
PHD_2026_1277,DOCTORATE,Male,26,5-10 LPA,0,27,6,3,0,2,0.22,1.01,0.7,Tamil Nadu,TN,80.1,73.4,51.4,8.1,Chennai,1.2,0,0.0,17.5,0.1893,0
PHD_2026_1278,DOCTORATE,Male,26,2-5 LPA,0,69,0,4,3,1,0.24,0.76,0.58,Gujarat,GJ,78.0,69.7,21.3,17.9,Dahod,40.5,1,88.0,38.1,0.031,0
PHD_2026_1279,DOCTORATE,Female,32,<2 LPA,0,10,32,2,1,1,0.32,0.91,0.89,Gujarat,GJ,78.0,69.7,21.3,17.9,Dahod,40.5,1,88.0,38.1,0.1479,0
PHD_2026_1280,DOCTORATE,Male,24,<2 LPA,1,50,6,3,2,1,0.46,0.97,0.22,Kerala,KL,94.0,92.1,43.2,3.2,Wayanad,4.1,1,96.1,18.0,0.057,0
PHD_2026_1281,DOCTORATE,Female,26,2-5 LPA,1,62,11,0,1,1,0.4,1.1,0.63,Maharashtra,MH,82.3,75.9,32.3,11.2,Pune,3.9,0,39.1,21.0,0.2058,0
PHD_2026_1282,DOCTORATE,Male,28,5-10 LPA,0,67,32,3,2,1,0.52,0.82,0.56,Haryana,HR,75.6,65.9,29.8,12.5,Gurugram,2.5,0,31.2,20.5,0.1239,0
PHD_2026_1283,DOCTORATE,Female,28,<2 LPA,0,10,76,3,0,2,0.48,0.43,0.97,Karnataka,KA,75.4,68.1,36.2,12.0,Raichur,36.8,1,74.6,34.0,0.6694,1
PHD_2026_1284,DOCTORATE,Female,30,5-10 LPA,1,54,24,1,4,1,0.24,0.95,0.72,Kerala,KL,94.0,92.1,43.2,3.2,Wayanad,4.1,1,96.1,18.0,0.0636,0
PHD_2026_1285,DOCTORATE,Male,31,5-10 LPA,0,10,7,1,0,2,0.58,0.98,0.41,Rajasthan,RJ,66.1,52.1,26.0,17.2,Jaipur,6.9,0,47.6,22.5,0.4997,0
PHD_2026_1286,DOCTORATE,Female,27,2-5 LPA,1,13,0,0,0,1,0.14,1.25,0.97,Gujarat,GJ,78.0,69.7,21.3,17.9,Ahmedabad,3.8,0,15.9,20.2,0.1874,0
PHD_2026_1287,DOCTORATE,Male,26,2-5 LPA,1,22,50,2,0,1,0.13,0.36,0.62,Gujarat,GJ,78.0,69.7,21.3,17.9,Ahmedabad,3.8,0,15.9,20.2,0.2121,0
PHD_2026_1288,DOCTORATE,Male,28,<2 LPA,1,16,149,0,1,1,0.39,0.2,0.87,Uttar Pradesh,UP,67.7,57.2,23.2,16.8,Varanasi,16.3,0,56.6,29.4,0.8063,1
PHD_2026_1289,DOCTORATE,Female,30,5-10 LPA,1,22,27,3,2,3,0.0,0.58,0.82,Madhya Pradesh,MP,69.3,59.2,24.8,18.5,Barwani,46.1,1,85.5,37.1,0.1014,0
PHD_2026_1290,DOCTORATE,Female,30,2-5 LPA,0,42,3,4,3,1,0.08,0.69,0.49,Madhya Pradesh,MP,69.3,59.2,24.8,18.5,Bhopal,9.4,0,19.1,23.4,0.0224,0
PHD_2026_1291,DOCTORATE,Female,27,5-10 LPA,1,42,39,4,2,2,0.08,0.5,0.4,Maharashtra,MH,82.3,75.9,32.3,11.2,Nandurbar,33.1,1,83.3,32.4,0.1115,1
PHD_2026_1292,DOCTORATE,Male,27,5-10 LPA,1,62,52,3,3,1,0.21,0.54,0.4,Karnataka,KA,75.4,68.1,36.2,12.0,Bengaluru Urban,1.8,0,9.1,18.2,0.0616,0
PHD_2026_1293,DOCTORATE,Male,32,5-10 LPA,0,39,48,2,2,1,0.31,1.05,0.25,Kerala,KL,94.0,92.1,43.2,3.2,Thiruvananthapuram,0.9,0,46.2,15.2,0.0734,0
PHD_2026_1294,DOCTORATE,Female,24,2-5 LPA,1,23,26,1,1,1,0.11,0.86,0.64,Bihar,BR,61.8,51.5,14.5,21.4,Katihar,48.7,1,91.1,44.3,0.1685,0
PHD_2026_1295,DOCTORATE,Female,27,5-10 LPA,0,11,14,5,0,1,0.66,1.02,0.48,Karnataka,KA,75.4,68.1,36.2,12.0,Bengaluru Urban,1.8,0,9.1,18.2,0.2327,0
PHD_2026_1296,DOCTORATE,Male,27,<2 LPA,0,18,20,1,2,1,0.22,1.09,0.74,Uttar Pradesh,UP,67.7,57.2,23.2,16.8,Noida / Gautam Buddha Nagar,7.1,0,40.9,22.0,0.123,0
PHD_2026_1297,DOCTORATE,Male,27,2-5 LPA,1,44,14,4,1,1,0.0,0.74,0.39,Bihar,BR,61.8,51.5,14.5,21.4,Katihar,48.7,1,91.1,44.3,0.0482,0
PHD_2026_1298,DOCTORATE,Female,28,<2 LPA,0,23,180,1,0,2,0.88,0.2,0.43,Uttar Pradesh,UP,67.7,57.2,23.2,16.8,Varanasi,16.3,0,56.6,29.4,0.9769,1
PHD_2026_1299,DOCTORATE,Female,29,<2 LPA,0,31,37,3,0,1,0.55,0.74,0.34,Maharashtra,MH,82.3,75.9,32.3,11.2,Pune,3.9,0,39.1,21.0,0.2642,0
PHD_2026_1300,DOCTORATE,Female,27,<2 LPA,0,38,86,4,1,2,0.72,0.61,0.65,Tamil Nadu,TN,80.1,73.4,51.4,8.1,Coimbatore,2.1,0,24.2,18.9,0.6436,1
PHD_2026_1301,DOCTORATE,Female,30,<2 LPA,0,63,3,4,3,1,0.45,1.08,0.23,Bihar,BR,61.8,51.5,14.5,21.4,Purnia,50.4,1,89.2,42.1,0.0323,0
PHD_2026_1302,DOCTORATE,Male,31,5-10 LPA,1,20,20,5,1,2,0.26,1.02,0.47,Rajasthan,RJ,66.1,52.1,26.0,17.2,Jaisalmer,31.8,1,86.7,33.2,0.1444,0
PHD_2026_1303,DOCTORATE,Male,25,2-5 LPA,0,31,39,1,1,1,0.08,0.74,0.34,Tamil Nadu,TN,80.1,73.4,51.4,8.1,Coimbatore,2.1,0,24.2,18.9,0.1651,0
PHD_2026_1304,DOCTORATE,Female,29,2-5 LPA,0,66,35,2,4,1,0.17,0.78,0.19,Karnataka,KA,75.4,68.1,36.2,12.0,Raichur,36.8,1,74.6,34.0,0.0212,0
PHD_2026_1305,DOCTORATE,Female,27,5-10 LPA,0,22,37,5,1,1,0.24,1.17,0.31,Bihar,BR,61.8,51.5,14.5,21.4,Gaya,38.6,1,86.8,36.2,0.0807,0
PHD_2026_1306,DOCTORATE,Female,29,2-5 LPA,1,43,177,1,2,1,0.67,0.2,0.62,Madhya Pradesh,MP,69.3,59.2,24.8,18.5,Barwani,46.1,1,85.5,37.1,0.8604,1
PHD_2026_1307,DOCTORATE,Female,29,2-5 LPA,1,11,68,5,1,1,0.38,0.2,0.55,Kerala,KL,94.0,92.1,43.2,3.2,Thiruvananthapuram,0.9,0,46.2,15.2,0.2886,1
PHD_2026_1308,DOCTORATE,Male,33,>10 LPA,0,21,6,4,0,1,0.0,0.93,0.51,Madhya Pradesh,MP,69.3,59.2,24.8,18.5,Indore,6.8,0,25.9,21.8,0.0637,0
PHD_2026_1309,DOCTORATE,Female,33,2-5 LPA,0,24,53,2,1,1,0.43,0.59,0.37,Karnataka,KA,75.4,68.1,36.2,12.0,Yadgir,39.4,1,81.2,36.5,0.2014,0
PHD_2026_1310,DOCTORATE,Female,29,2-5 LPA,0,32,17,5,0,1,0.09,0.77,0.32,Karnataka,KA,75.4,68.1,36.2,12.0,Bengaluru Urban,1.8,0,9.1,18.2,0.085,0
PHD_2026_1311,DOCTORATE,Male,33,5-10 LPA,1,13,81,5,0,1,0.26,0.29,0.21,Karnataka,KA,75.4,68.1,36.2,12.0,Raichur,36.8,1,74.6,34.0,0.3044,0
PHD_2026_1312,DOCTORATE,Female,29,2-5 LPA,1,49,31,5,3,1,0.45,0.72,0.77,Maharashtra,MH,82.3,75.9,32.3,11.2,Nandurbar,33.1,1,83.3,32.4,0.0871,1
PHD_2026_1313,DOCTORATE,Male,27,2-5 LPA,1,9,51,3,1,1,0.53,0.3,0.2,Rajasthan,RJ,66.1,52.1,26.0,17.2,Jaisalmer,31.8,1,86.7,33.2,0.2403,0
PHD_2026_1314,DOCTORATE,Male,30,2-5 LPA,0,36,2,3,0,1,0.12,1.13,0.8,Bihar,BR,61.8,51.5,14.5,21.4,Katihar,48.7,1,91.1,44.3,0.0847,1
PHD_2026_1315,DOCTORATE,Male,30,5-10 LPA,0,67,3,5,3,1,0.18,0.99,0.63,Maharashtra,MH,82.3,75.9,32.3,11.2,Gadchiroli,28.5,1,89.0,28.9,0.0257,1
PHD_2026_1316,DOCTORATE,Female,26,2-5 LPA,1,35,52,1,1,1,0.08,0.59,0.61,Gujarat,GJ,78.0,69.7,21.3,17.9,Narmada,32.4,1,89.5,30.5,0.2414,0
PHD_2026_1317,DOCTORATE,Female,30,<2 LPA,0,42,10,3,1,1,0.37,0.88,0.43,Uttar Pradesh,UP,67.7,57.2,23.2,16.8,Bahraich,54.4,1,92.1,46.5,0.0927,0
PHD_2026_1318,DOCTORATE,Female,29,<2 LPA,0,6,2,1,1,2,0.13,1.22,0.68,Rajasthan,RJ,66.1,52.1,26.0,17.2,Kota,8.2,0,39.7,21.0,0.1877,0
PHD_2026_1319,DOCTORATE,Male,28,5-10 LPA,0,21,12,1,0,1,0.19,0.84,0.6,Kerala,KL,94.0,92.1,43.2,3.2,Ernakulam,0.6,0,31.9,14.8,0.2324,0
PHD_2026_1320,DOCTORATE,Male,31,5-10 LPA,1,10,30,3,0,1,0.15,0.78,0.84,Gujarat,GJ,78.0,69.7,21.3,17.9,Dahod,40.5,1,88.0,38.1,0.1595,0
PHD_2026_1321,DOCTORATE,Male,29,5-10 LPA,0,65,61,5,3,1,0.19,0.58,0.51,Rajasthan,RJ,66.1,52.1,26.0,17.2,Kota,8.2,0,39.7,21.0,0.0709,0
PHD_2026_1322,DOCTORATE,Male,26,2-5 LPA,0,69,63,4,3,1,0.18,0.63,0.46,Uttar Pradesh,UP,67.7,57.2,23.2,16.8,Varanasi,16.3,0,56.6,29.4,0.0659,0
PHD_2026_1323,DOCTORATE,Female,33,>10 LPA,1,65,26,1,2,2,0.52,1.0,0.71,Madhya Pradesh,MP,69.3,59.2,24.8,18.5,Indore,6.8,0,25.9,21.8,0.3701,0
PHD_2026_1324,DOCTORATE,Female,30,2-5 LPA,0,49,8,1,3,1,0.32,1.16,0.83,Rajasthan,RJ,66.1,52.1,26.0,17.2,Barmer,34.2,1,93.0,35.8,0.0872,0
PHD_2026_1325,DOCTORATE,Female,30,<2 LPA,0,29,31,4,1,1,0.07,0.7,0.32,Kerala,KL,94.0,92.1,43.2,3.2,Ernakulam,0.6,0,31.9,14.8,0.0687,0
PHD_2026_1326,DOCTORATE,Female,27,2-5 LPA,0,8,13,3,0,1,0.29,0.93,0.54,Kerala,KL,94.0,92.1,43.2,3.2,Wayanad,4.1,1,96.1,18.0,0.1287,0
PHD_2026_1327,DOCTORATE,Female,28,2-5 LPA,0,9,86,1,0,2,0.39,0.33,0.35,Karnataka,KA,75.4,68.1,36.2,12.0,Bengaluru Urban,1.8,0,9.1,18.2,0.7528,1
PHD_2026_1328,DOCTORATE,Male,33,<2 LPA,0,39,26,2,2,1,0.4,0.95,0.84,Madhya Pradesh,MP,69.3,59.2,24.8,18.5,Alirajpur,52.0,1,92.2,39.5,0.1033,0
PHD_2026_1329,DOCTORATE,Female,25,2-5 LPA,1,9,18,1,0,1,0.14,0.78,0.98,Haryana,HR,75.6,65.9,29.8,12.5,Gurugram,2.5,0,31.2,20.5,0.2885,0
PHD_2026_1330,DOCTORATE,Male,25,2-5 LPA,0,46,39,4,1,2,0.2,0.78,0.89,Uttar Pradesh,UP,67.7,57.2,23.2,16.8,Lucknow,8.5,0,33.8,24.1,0.2373,0
PHD_2026_1331,DOCTORATE,Male,26,5-10 LPA,0,56,1,0,2,2,0.43,1.06,0.65,Maharashtra,MH,82.3,75.9,32.3,11.2,Nandurbar,33.1,1,83.3,32.4,0.2341,0
PHD_2026_1332,DOCTORATE,Male,30,2-5 LPA,0,28,35,4,0,1,0.51,0.63,0.72,Karnataka,KA,75.4,68.1,36.2,12.0,Raichur,36.8,1,74.6,34.0,0.3141,0
PHD_2026_1333,DOCTORATE,Male,24,2-5 LPA,1,65,73,4,2,2,0.12,0.47,0.91,Gujarat,GJ,78.0,69.7,21.3,17.9,Dahod,40.5,1,88.0,38.1,0.2537,0
PHD_2026_1334,DOCTORATE,Female,33,<2 LPA,1,51,1,3,3,1,0.29,1.08,0.41,Rajasthan,RJ,66.1,52.1,26.0,17.2,Barmer,34.2,1,93.0,35.8,0.0259,0
PHD_2026_1335,DOCTORATE,Female,28,5-10 LPA,1,35,9,4,4,1,0.41,0.87,0.4,Haryana,HR,75.6,65.9,29.8,12.5,Nuh / Mewat,44.8,1,88.6,47.0,0.0268,0
PHD_2026_1336,DOCTORATE,Female,31,5-10 LPA,0,39,88,4,4,1,0.09,0.34,0.4,Madhya Pradesh,MP,69.3,59.2,24.8,18.5,Alirajpur,52.0,1,92.2,39.5,0.0583,1
PHD_2026_1337,DOCTORATE,Male,24,5-10 LPA,0,66,38,3,1,2,0.77,0.81,0.4,Gujarat,GJ,78.0,69.7,21.3,17.9,Ahmedabad,3.8,0,15.9,20.2,0.4223,0
PHD_2026_1338,DOCTORATE,Female,29,5-10 LPA,0,16,6,3,0,1,0.26,0.73,0.89,Tamil Nadu,TN,80.1,73.4,51.4,8.1,Chennai,1.2,0,0.0,17.5,0.1531,0
PHD_2026_1339,DOCTORATE,Female,32,5-10 LPA,0,51,52,3,0,1,0.3,0.57,0.69,Kerala,KL,94.0,92.1,43.2,3.2,Ernakulam,0.6,0,31.9,14.8,0.2706,0
PHD_2026_1340,DOCTORATE,Female,24,<2 LPA,0,26,19,6,2,1,0.05,0.98,0.72,Bihar,BR,61.8,51.5,14.5,21.4,Patna,18.2,0,56.4,28.5,0.041,0
PHD_2026_1341,DOCTORATE,Male,31,5-10 LPA,0,58,22,3,1,1,0.51,1.14,0.61,Tamil Nadu,TN,80.1,73.4,51.4,8.1,Ramanathapuram,7.8,1,69.7,22.1,0.1387,0
PHD_2026_1342,DOCTORATE,Male,31,2-5 LPA,0,61,36,4,3,2,0.71,0.51,0.65,Uttar Pradesh,UP,67.7,57.2,23.2,16.8,Lucknow,8.5,0,33.8,24.1,0.2649,1
PHD_2026_1343,DOCTORATE,Female,31,2-5 LPA,0,27,71,4,0,1,0.27,0.59,0.5,Uttar Pradesh,UP,67.7,57.2,23.2,16.8,Lucknow,8.5,0,33.8,24.1,0.2849,0
PHD_2026_1344,DOCTORATE,Male,29,2-5 LPA,0,55,7,5,2,1,0.24,1.15,0.26,Kerala,KL,94.0,92.1,43.2,3.2,Ernakulam,0.6,0,31.9,14.8,0.0336,1
PHD_2026_1345,DOCTORATE,Female,26,5-10 LPA,1,67,29,1,5,1,0.15,0.64,0.85,Madhya Pradesh,MP,69.3,59.2,24.8,18.5,Bhopal,9.4,0,19.1,23.4,0.0483,1
PHD_2026_1346,DOCTORATE,Male,24,2-5 LPA,0,64,27,5,0,1,0.0,0.82,0.97,Bihar,BR,61.8,51.5,14.5,21.4,Patna,18.2,0,56.4,28.5,0.1231,0
PHD_2026_1347,DOCTORATE,Male,29,2-5 LPA,0,33,17,3,0,1,0.48,0.94,0.5,Uttar Pradesh,UP,67.7,57.2,23.2,16.8,Lucknow,8.5,0,33.8,24.1,0.1842,0
PHD_2026_1348,DOCTORATE,Female,29,2-5 LPA,0,41,25,3,2,1,0.56,1.11,0.49,Kerala,KL,94.0,92.1,43.2,3.2,Wayanad,4.1,1,96.1,18.0,0.1004,0
PHD_2026_1349,DOCTORATE,Male,27,>10 LPA,0,8,4,4,1,1,0.63,0.56,0.47,Haryana,HR,75.6,65.9,29.8,12.5,Nuh / Mewat,44.8,1,88.6,47.0,0.1701,0
PHD_2026_1350,DOCTORATE,Female,26,>10 LPA,1,44,67,3,2,2,0.74,0.31,0.56,Uttar Pradesh,UP,67.7,57.2,23.2,16.8,Varanasi,16.3,0,56.6,29.4,0.5064,1
PHD_2026_1351,DOCTORATE,Female,28,2-5 LPA,0,48,44,4,1,1,0.13,0.66,0.42,Uttar Pradesh,UP,67.7,57.2,23.2,16.8,Balrampur,47.9,1,92.3,45.0,0.1,0
PHD_2026_1352,DOCTORATE,Female,32,2-5 LPA,0,54,33,5,4,1,0.27,0.58,0.44,Karnataka,KA,75.4,68.1,36.2,12.0,Bengaluru Urban,1.8,0,9.1,18.2,0.0344,0
PHD_2026_1353,DOCTORATE,Female,31,2-5 LPA,1,23,68,2,1,2,0.29,0.58,0.38,Uttar Pradesh,UP,67.7,57.2,23.2,16.8,Balrampur,47.9,1,92.3,45.0,0.3075,0
PHD_2026_1354,DOCTORATE,Male,29,2-5 LPA,0,45,89,5,4,1,0.51,0.2,0.95,Rajasthan,RJ,66.1,52.1,26.0,17.2,Kota,8.2,0,39.7,21.0,0.2066,0
PHD_2026_1355,DOCTORATE,Female,25,<2 LPA,0,16,92,2,0,2,0.35,0.2,0.1,Haryana,HR,75.6,65.9,29.8,12.5,Gurugram,2.5,0,31.2,20.5,0.5399,1
PHD_2026_1356,DOCTORATE,Female,26,2-5 LPA,0,28,14,3,0,1,0.2,0.78,0.72,Gujarat,GJ,78.0,69.7,21.3,17.9,Dahod,40.5,1,88.0,38.1,0.1312,0
PHD_2026_1357,DOCTORATE,Female,28,>10 LPA,0,57,18,2,5,2,0.49,0.53,0.38,Haryana,HR,75.6,65.9,29.8,12.5,Gurugram,2.5,0,31.2,20.5,0.0532,0
PHD_2026_1358,DOCTORATE,Female,25,5-10 LPA,1,31,8,8,0,1,0.22,0.76,0.36,Gujarat,GJ,78.0,69.7,21.3,17.9,Ahmedabad,3.8,0,15.9,20.2,0.1009,0
PHD_2026_1359,DOCTORATE,Female,28,<2 LPA,0,28,114,4,1,3,0.3,0.62,0.66,Rajasthan,RJ,66.1,52.1,26.0,17.2,Jaisalmer,31.8,1,86.7,33.2,0.5207,1
PHD_2026_1360,DOCTORATE,Female,24,5-10 LPA,0,71,67,3,1,1,0.56,0.54,0.56,Maharashtra,MH,82.3,75.9,32.3,11.2,Nandurbar,33.1,1,83.3,32.4,0.3256,0
PHD_2026_1361,DOCTORATE,Male,24,5-10 LPA,0,34,57,2,2,1,0.37,0.73,0.34,Karnataka,KA,75.4,68.1,36.2,12.0,Yadgir,39.4,1,81.2,36.5,0.1166,0
PHD_2026_1362,DOCTORATE,Male,27,2-5 LPA,1,43,39,2,0,1,0.51,0.65,0.71,Haryana,HR,75.6,65.9,29.8,12.5,Nuh / Mewat,44.8,1,88.6,47.0,0.323,0
PHD_2026_1363,DOCTORATE,Male,33,2-5 LPA,0,36,35,2,0,2,0.29,0.69,0.82,Haryana,HR,75.6,65.9,29.8,12.5,Nuh / Mewat,44.8,1,88.6,47.0,0.3594,0
PHD_2026_1364,DOCTORATE,Male,27,>10 LPA,0,47,23,5,1,1,0.0,1.04,0.51,Gujarat,GJ,78.0,69.7,21.3,17.9,Ahmedabad,3.8,0,15.9,20.2,0.0499,0
PHD_2026_1365,DOCTORATE,Male,29,2-5 LPA,0,44,23,0,0,2,0.81,0.71,0.73,Haryana,HR,75.6,65.9,29.8,12.5,Gurugram,2.5,0,31.2,20.5,0.7596,1
PHD_2026_1366,DOCTORATE,Female,33,2-5 LPA,0,44,2,2,2,2,0.06,0.91,0.31,Maharashtra,MH,82.3,75.9,32.3,11.2,Mumbai,2.1,0,0.0,19.5,0.047,0
PHD_2026_1367,DOCTORATE,Male,24,2-5 LPA,0,8,17,1,0,2,0.4,0.54,0.19,Rajasthan,RJ,66.1,52.1,26.0,17.2,Jaisalmer,31.8,1,86.7,33.2,0.4643,0
PHD_2026_1368,DOCTORATE,Male,26,5-10 LPA,1,19,46,3,0,1,0.03,0.42,0.64,Rajasthan,RJ,66.1,52.1,26.0,17.2,Kota,8.2,0,39.7,21.0,0.1646,0
PHD_2026_1369,DOCTORATE,Male,32,<2 LPA,0,62,15,3,3,1,0.35,0.74,0.39,Gujarat,GJ,78.0,69.7,21.3,17.9,Narmada,32.4,1,89.5,30.5,0.0426,0
PHD_2026_1370,DOCTORATE,Male,29,5-10 LPA,1,43,16,2,1,2,0.4,1.2,0.46,Bihar,BR,61.8,51.5,14.5,21.4,Gaya,38.6,1,86.8,36.2,0.1617,0
PHD_2026_1371,DOCTORATE,Male,27,<2 LPA,0,53,46,2,2,1,0.3,0.53,0.48,Gujarat,GJ,78.0,69.7,21.3,17.9,Dahod,40.5,1,88.0,38.1,0.1079,0
PHD_2026_1372,DOCTORATE,Female,25,5-10 LPA,1,14,57,1,0,2,0.5,0.39,0.1,Madhya Pradesh,MP,69.3,59.2,24.8,18.5,Barwani,46.1,1,85.5,37.1,0.6679,1
PHD_2026_1373,DOCTORATE,Female,25,5-10 LPA,0,16,4,4,0,1,0.03,1.06,0.48,Madhya Pradesh,MP,69.3,59.2,24.8,18.5,Alirajpur,52.0,1,92.2,39.5,0.0602,0
PHD_2026_1374,DOCTORATE,Female,25,5-10 LPA,0,12,119,5,0,2,0.25,0.2,0.28,Rajasthan,RJ,66.1,52.1,26.0,17.2,Barmer,34.2,1,93.0,35.8,0.6147,1
PHD_2026_1375,DOCTORATE,Female,31,2-5 LPA,0,47,7,3,2,1,0.02,0.93,0.63,Tamil Nadu,TN,80.1,73.4,51.4,8.1,Coimbatore,2.1,0,24.2,18.9,0.0309,0
PHD_2026_1376,DOCTORATE,Female,30,5-10 LPA,0,44,38,1,1,2,0.15,0.29,0.65,Bihar,BR,61.8,51.5,14.5,21.4,Muzaffarpur,35.1,1,90.3,38.0,0.4168,0
PHD_2026_1377,DOCTORATE,Female,30,<2 LPA,1,62,9,1,4,1,0.11,0.82,0.12,Bihar,BR,61.8,51.5,14.5,21.4,Purnia,50.4,1,89.2,42.1,0.0269,0
PHD_2026_1378,DOCTORATE,Male,28,2-5 LPA,0,21,27,2,1,1,0.51,0.82,0.31,Rajasthan,RJ,66.1,52.1,26.0,17.2,Jaipur,6.9,0,47.6,22.5,0.1443,1
PHD_2026_1379,DOCTORATE,Male,30,2-5 LPA,0,67,27,1,1,2,0.47,0.91,0.45,Rajasthan,RJ,66.1,52.1,26.0,17.2,Jaipur,6.9,0,47.6,22.5,0.4197,0
PHD_2026_1380,DOCTORATE,Male,25,5-10 LPA,0,70,2,4,2,1,0.1,1.06,0.71,Gujarat,GJ,78.0,69.7,21.3,17.9,Dahod,40.5,1,88.0,38.1,0.0337,0
PHD_2026_1381,DOCTORATE,Male,26,<2 LPA,0,8,5,2,0,3,0.12,1.12,0.38,Uttar Pradesh,UP,67.7,57.2,23.2,16.8,Bahraich,54.4,1,92.1,46.5,0.1179,0
PHD_2026_1382,DOCTORATE,Male,28,5-10 LPA,0,70,67,5,5,1,0.58,0.36,0.77,Uttar Pradesh,UP,67.7,57.2,23.2,16.8,Shravasti,49.6,1,96.5,48.2,0.1002,0
PHD_2026_1383,DOCTORATE,Male,31,>10 LPA,0,51,38,1,1,3,0.1,0.53,0.2,Karnataka,KA,75.4,68.1,36.2,12.0,Yadgir,39.4,1,81.2,36.5,0.2841,0
PHD_2026_1384,DOCTORATE,Male,33,5-10 LPA,0,31,11,4,1,1,0.34,0.93,0.6,Uttar Pradesh,UP,67.7,57.2,23.2,16.8,Noida / Gautam Buddha Nagar,7.1,0,40.9,22.0,0.0962,0
PHD_2026_1385,DOCTORATE,Female,25,2-5 LPA,0,66,25,3,5,2,0.24,1.11,0.12,Bihar,BR,61.8,51.5,14.5,21.4,Muzaffarpur,35.1,1,90.3,38.0,0.0206,0
PHD_2026_1386,DOCTORATE,Male,25,2-5 LPA,1,40,48,4,2,1,0.32,0.61,0.77,Haryana,HR,75.6,65.9,29.8,12.5,Nuh / Mewat,44.8,1,88.6,47.0,0.134,0
PHD_2026_1387,DOCTORATE,Male,31,2-5 LPA,0,43,33,0,0,1,0.68,0.9,0.42,Karnataka,KA,75.4,68.1,36.2,12.0,Bengaluru Urban,1.8,0,9.1,18.2,0.5027,1
PHD_2026_1388,DOCTORATE,Male,25,2-5 LPA,0,57,47,1,3,1,0.52,0.92,0.7,Karnataka,KA,75.4,68.1,36.2,12.0,Bengaluru Urban,1.8,0,9.1,18.2,0.2186,0
PHD_2026_1389,DOCTORATE,Female,26,5-10 LPA,1,32,11,5,1,1,0.0,0.73,0.83,Maharashtra,MH,82.3,75.9,32.3,11.2,Pune,3.9,0,39.1,21.0,0.0632,0
PHD_2026_1390,DOCTORATE,Female,29,<2 LPA,0,52,1,1,3,1,0.44,0.91,0.45,Rajasthan,RJ,66.1,52.1,26.0,17.2,Jaisalmer,31.8,1,86.7,33.2,0.0897,0
PHD_2026_1391,DOCTORATE,Male,27,2-5 LPA,1,35,8,5,3,1,0.24,0.68,0.68,Karnataka,KA,75.4,68.1,36.2,12.0,Yadgir,39.4,1,81.2,36.5,0.0391,0
PHD_2026_1392,DOCTORATE,Female,31,2-5 LPA,1,63,5,2,1,1,0.13,0.87,0.75,Bihar,BR,61.8,51.5,14.5,21.4,Patna,18.2,0,56.4,28.5,0.0665,0
PHD_2026_1393,DOCTORATE,Female,30,<2 LPA,1,64,12,2,2,1,0.71,1.06,0.88,Gujarat,GJ,78.0,69.7,21.3,17.9,Narmada,32.4,1,89.5,30.5,0.1505,1
PHD_2026_1394,DOCTORATE,Male,29,2-5 LPA,1,52,10,3,0,1,0.75,0.91,0.7,Rajasthan,RJ,66.1,52.1,26.0,17.2,Barmer,34.2,1,93.0,35.8,0.3053,0
PHD_2026_1395,DOCTORATE,Male,31,>10 LPA,1,20,13,6,1,1,0.04,1.11,0.67,Madhya Pradesh,MP,69.3,59.2,24.8,18.5,Indore,6.8,0,25.9,21.8,0.0509,1
PHD_2026_1396,DOCTORATE,Male,29,2-5 LPA,1,24,7,3,0,1,0.49,0.75,0.15,Gujarat,GJ,78.0,69.7,21.3,17.9,Ahmedabad,3.8,0,15.9,20.2,0.1463,0
PHD_2026_1397,DOCTORATE,Female,25,2-5 LPA,1,9,6,3,1,1,0.11,1.0,0.12,Kerala,KL,94.0,92.1,43.2,3.2,Wayanad,4.1,1,96.1,18.0,0.0383,0
PHD_2026_1398,DOCTORATE,Female,32,2-5 LPA,0,58,111,3,3,2,0.6,0.24,0.48,Maharashtra,MH,82.3,75.9,32.3,11.2,Pune,3.9,0,39.1,21.0,0.4774,0
PHD_2026_1399,DOCTORATE,Female,32,2-5 LPA,1,66,4,3,6,2,0.3,0.76,0.77,Madhya Pradesh,MP,69.3,59.2,24.8,18.5,Indore,6.8,0,25.9,21.8,0.0216,0
PHD_2026_1400,DOCTORATE,Female,25,5-10 LPA,1,62,15,5,2,1,0.27,0.99,0.79,Maharashtra,MH,82.3,75.9,32.3,11.2,Mumbai,2.1,0,0.0,19.5,0.0635,0
PHD_2026_1401,DOCTORATE,Female,32,2-5 LPA,0,13,7,1,0,1,0.41,1.02,0.72,Rajasthan,RJ,66.1,52.1,26.0,17.2,Barmer,34.2,1,93.0,35.8,0.3048,0
PHD_2026_1402,DOCTORATE,Male,30,5-10 LPA,0,39,6,6,3,1,0.02,1.18,0.74,Uttar Pradesh,UP,67.7,57.2,23.2,16.8,Lucknow,8.5,0,33.8,24.1,0.0185,1
PHD_2026_1403,DOCTORATE,Male,31,<2 LPA,0,50,25,4,1,1,0.44,1.03,0.52,Gujarat,GJ,78.0,69.7,21.3,17.9,Ahmedabad,3.8,0,15.9,20.2,0.1246,0
PHD_2026_1404,DOCTORATE,Female,30,2-5 LPA,0,58,7,1,1,1,0.62,0.85,0.58,Tamil Nadu,TN,80.1,73.4,51.4,8.1,Coimbatore,2.1,0,24.2,18.9,0.3077,0
PHD_2026_1405,DOCTORATE,Female,24,5-10 LPA,0,10,10,4,0,1,0.16,0.76,0.59,Madhya Pradesh,MP,69.3,59.2,24.8,18.5,Alirajpur,52.0,1,92.2,39.5,0.1075,0
PHD_2026_1406,DOCTORATE,Female,24,2-5 LPA,0,46,33,5,2,1,0.13,0.75,0.33,Kerala,KL,94.0,92.1,43.2,3.2,Ernakulam,0.6,0,31.9,14.8,0.0512,0
PHD_2026_1407,DOCTORATE,Female,25,<2 LPA,0,25,26,0,1,1,0.28,0.82,0.14,Gujarat,GJ,78.0,69.7,21.3,17.9,Dahod,40.5,1,88.0,38.1,0.1712,0
PHD_2026_1408,DOCTORATE,Male,30,5-10 LPA,1,38,41,3,1,2,0.42,0.57,0.3,Karnataka,KA,75.4,68.1,36.2,12.0,Raichur,36.8,1,74.6,34.0,0.2731,0
PHD_2026_1409,DOCTORATE,Female,30,<2 LPA,0,37,21,4,0,1,0.44,0.98,0.46,Gujarat,GJ,78.0,69.7,21.3,17.9,Narmada,32.4,1,89.5,30.5,0.172,0
PHD_2026_1410,DOCTORATE,Female,27,<2 LPA,0,6,5,0,0,1,0.16,0.8,0.8,Karnataka,KA,75.4,68.1,36.2,12.0,Raichur,36.8,1,74.6,34.0,0.2293,0
PHD_2026_1411,DOCTORATE,Male,29,5-10 LPA,0,59,7,6,1,1,0.0,0.69,0.74,Bihar,BR,61.8,51.5,14.5,21.4,Purnia,50.4,1,89.2,42.1,0.0571,0
PHD_2026_1412,DOCTORATE,Female,32,5-10 LPA,1,24,11,3,1,3,0.73,0.89,0.07,Tamil Nadu,TN,80.1,73.4,51.4,8.1,Coimbatore,2.1,0,24.2,18.9,0.2494,0
PHD_2026_1413,DOCTORATE,Female,32,<2 LPA,0,15,31,6,2,2,0.29,0.65,0.05,Madhya Pradesh,MP,69.3,59.2,24.8,18.5,Bhopal,9.4,0,19.1,23.4,0.109,0
PHD_2026_1414,DOCTORATE,Female,33,<2 LPA,0,22,22,7,3,1,0.19,1.08,0.45,Tamil Nadu,TN,80.1,73.4,51.4,8.1,Chennai,1.2,0,0.0,17.5,0.0293,0
PHD_2026_1415,DOCTORATE,Female,25,>10 LPA,0,42,33,5,0,2,0.2,1.16,0.26,Bihar,BR,61.8,51.5,14.5,21.4,Muzaffarpur,35.1,1,90.3,38.0,0.1812,0
PHD_2026_1416,DOCTORATE,Female,24,5-10 LPA,0,11,6,4,0,2,0.39,0.96,0.86,Karnataka,KA,75.4,68.1,36.2,12.0,Yadgir,39.4,1,81.2,36.5,0.2808,0
PHD_2026_1417,DOCTORATE,Male,32,<2 LPA,1,61,25,3,4,1,0.38,0.6,0.44,Maharashtra,MH,82.3,75.9,32.3,11.2,Mumbai,2.1,0,0.0,19.5,0.0386,0
PHD_2026_1418,DOCTORATE,Female,29,2-5 LPA,1,27,30,5,1,1,0.0,0.56,0.29,Madhya Pradesh,MP,69.3,59.2,24.8,18.5,Barwani,46.1,1,85.5,37.1,0.0619,0
PHD_2026_1419,DOCTORATE,Female,28,2-5 LPA,1,52,37,1,1,2,0.77,0.59,0.43,Tamil Nadu,TN,80.1,73.4,51.4,8.1,Chennai,1.2,0,0.0,17.5,0.6622,1
PHD_2026_1420,DOCTORATE,Female,26,5-10 LPA,0,12,24,5,0,1,0.24,0.66,0.37,Kerala,KL,94.0,92.1,43.2,3.2,Ernakulam,0.6,0,31.9,14.8,0.1387,0
PHD_2026_1421,DOCTORATE,Female,33,<2 LPA,0,53,77,3,1,1,0.29,0.65,0.89,Gujarat,GJ,78.0,69.7,21.3,17.9,Ahmedabad,3.8,0,15.9,20.2,0.2741,0
PHD_2026_1422,DOCTORATE,Male,27,>10 LPA,0,25,68,6,1,1,0.18,0.69,0.6,Kerala,KL,94.0,92.1,43.2,3.2,Ernakulam,0.6,0,31.9,14.8,0.1695,0
PHD_2026_1423,DOCTORATE,Female,27,<2 LPA,0,27,82,6,0,1,0.14,0.24,0.89,Bihar,BR,61.8,51.5,14.5,21.4,Gaya,38.6,1,86.8,36.2,0.366,0
PHD_2026_1424,DOCTORATE,Male,29,<2 LPA,0,59,38,3,1,1,0.3,0.92,0.09,Madhya Pradesh,MP,69.3,59.2,24.8,18.5,Indore,6.8,0,25.9,21.8,0.091,0
PHD_2026_1425,DOCTORATE,Male,29,<2 LPA,1,13,180,1,0,1,0.77,0.2,0.53,Gujarat,GJ,78.0,69.7,21.3,17.9,Narmada,32.4,1,89.5,30.5,0.949,1
PHD_2026_1426,DOCTORATE,Male,27,2-5 LPA,1,9,8,4,0,3,0.0,0.54,0.72,Haryana,HR,75.6,65.9,29.8,12.5,Nuh / Mewat,44.8,1,88.6,47.0,0.1655,0
PHD_2026_1427,DOCTORATE,Female,27,2-5 LPA,0,55,0,0,5,1,0.18,0.64,0.25,Haryana,HR,75.6,65.9,29.8,12.5,Nuh / Mewat,44.8,1,88.6,47.0,0.022,0
PHD_2026_1428,DOCTORATE,Female,25,5-10 LPA,0,53,7,5,0,1,0.0,1.13,0.65,Rajasthan,RJ,66.1,52.1,26.0,17.2,Jaipur,6.9,0,47.6,22.5,0.0638,0
PHD_2026_1429,DOCTORATE,Female,25,<2 LPA,1,65,46,5,4,1,0.51,0.77,0.79,Karnataka,KA,75.4,68.1,36.2,12.0,Yadgir,39.4,1,81.2,36.5,0.0793,0
PHD_2026_1430,DOCTORATE,Female,29,2-5 LPA,1,36,51,2,3,2,0.49,0.61,0.15,Maharashtra,MH,82.3,75.9,32.3,11.2,Gadchiroli,28.5,1,89.0,28.9,0.1542,0
PHD_2026_1431,DOCTORATE,Male,26,<2 LPA,1,40,33,2,1,1,0.07,0.37,0.67,Gujarat,GJ,78.0,69.7,21.3,17.9,Narmada,32.4,1,89.5,30.5,0.1076,0
PHD_2026_1432,DOCTORATE,Female,25,2-5 LPA,1,66,123,2,1,1,0.57,0.2,0.62,Karnataka,KA,75.4,68.1,36.2,12.0,Bengaluru Urban,1.8,0,9.1,18.2,0.596,1
PHD_2026_1433,DOCTORATE,Male,27,5-10 LPA,0,36,71,2,0,1,0.44,0.34,0.5,Maharashtra,MH,82.3,75.9,32.3,11.2,Mumbai,2.1,0,0.0,19.5,0.4024,0
PHD_2026_1434,DOCTORATE,Female,24,<2 LPA,0,30,180,1,0,1,0.79,0.2,0.62,Madhya Pradesh,MP,69.3,59.2,24.8,18.5,Barwani,46.1,1,85.5,37.1,0.9539,1
PHD_2026_1435,DOCTORATE,Male,24,>10 LPA,0,20,18,3,1,1,0.17,0.81,0.28,Tamil Nadu,TN,80.1,73.4,51.4,8.1,Coimbatore,2.1,0,24.2,18.9,0.0635,0
PHD_2026_1436,DOCTORATE,Female,28,2-5 LPA,1,50,130,2,3,1,0.32,0.2,0.32,Tamil Nadu,TN,80.1,73.4,51.4,8.1,Ramanathapuram,7.8,1,69.7,22.1,0.2353,0
PHD_2026_1437,DOCTORATE,Male,24,>10 LPA,0,12,12,5,0,1,0.34,0.65,0.63,Maharashtra,MH,82.3,75.9,32.3,11.2,Gadchiroli,28.5,1,89.0,28.9,0.1695,0
PHD_2026_1438,DOCTORATE,Male,32,2-5 LPA,0,35,49,4,2,1,0.19,0.67,0.41,Maharashtra,MH,82.3,75.9,32.3,11.2,Nandurbar,33.1,1,83.3,32.4,0.079,0
PHD_2026_1439,DOCTORATE,Male,31,2-5 LPA,0,62,54,3,4,1,0.62,0.3,0.13,Kerala,KL,94.0,92.1,43.2,3.2,Thiruvananthapuram,0.9,0,46.2,15.2,0.0899,0
PHD_2026_1440,DOCTORATE,Male,28,2-5 LPA,0,66,44,4,6,1,0.29,0.93,0.61,Uttar Pradesh,UP,67.7,57.2,23.2,16.8,Varanasi,16.3,0,56.6,29.4,0.0163,0
PHD_2026_1441,DOCTORATE,Male,30,2-5 LPA,0,71,20,3,3,2,0.39,0.94,0.54,Rajasthan,RJ,66.1,52.1,26.0,17.2,Barmer,34.2,1,93.0,35.8,0.0906,0
PHD_2026_1442,DOCTORATE,Female,28,5-10 LPA,1,35,34,2,0,2,0.19,0.86,0.62,Haryana,HR,75.6,65.9,29.8,12.5,Gurugram,2.5,0,31.2,20.5,0.256,0
PHD_2026_1443,DOCTORATE,Male,25,2-5 LPA,1,57,9,5,3,1,0.07,1.09,0.35,Bihar,BR,61.8,51.5,14.5,21.4,Gaya,38.6,1,86.8,36.2,0.0169,0
PHD_2026_1444,DOCTORATE,Female,24,5-10 LPA,0,6,95,5,0,1,0.14,0.2,0.5,Tamil Nadu,TN,80.1,73.4,51.4,8.1,Coimbatore,2.1,0,24.2,18.9,0.3513,0
PHD_2026_1445,DOCTORATE,Male,31,<2 LPA,0,51,143,6,2,1,0.6,0.23,0.42,Karnataka,KA,75.4,68.1,36.2,12.0,Bengaluru Urban,1.8,0,9.1,18.2,0.5335,1
PHD_2026_1446,DOCTORATE,Female,28,<2 LPA,0,9,12,1,0,1,0.44,0.99,0.3,Karnataka,KA,75.4,68.1,36.2,12.0,Yadgir,39.4,1,81.2,36.5,0.2754,0
PHD_2026_1447,DOCTORATE,Male,31,<2 LPA,1,14,0,3,0,1,0.43,0.76,0.23,Karnataka,KA,75.4,68.1,36.2,12.0,Yadgir,39.4,1,81.2,36.5,0.1252,0
PHD_2026_1448,DOCTORATE,Female,29,2-5 LPA,0,57,1,3,1,1,0.54,1.23,0.31,Haryana,HR,75.6,65.9,29.8,12.5,Gurugram,2.5,0,31.2,20.5,0.0873,0
PHD_2026_1449,DOCTORATE,Male,25,2-5 LPA,0,20,35,3,0,2,0.29,0.72,0.12,Kerala,KL,94.0,92.1,43.2,3.2,Ernakulam,0.6,0,31.9,14.8,0.2437,0
PHD_2026_1450,DOCTORATE,Female,31,<2 LPA,1,27,7,2,1,1,0.22,0.91,0.24,Rajasthan,RJ,66.1,52.1,26.0,17.2,Jaisalmer,31.8,1,86.7,33.2,0.056,0
PHD_2026_1451,DOCTORATE,Male,29,2-5 LPA,0,50,72,1,2,3,0.26,0.24,0.18,Uttar Pradesh,UP,67.7,57.2,23.2,16.8,Shravasti,49.6,1,96.5,48.2,0.4111,0
PHD_2026_1452,DOCTORATE,Male,28,5-10 LPA,1,43,19,2,1,2,0.07,1.23,0.64,Bihar,BR,61.8,51.5,14.5,21.4,Patna,18.2,0,56.4,28.5,0.0981,0
PHD_2026_1453,DOCTORATE,Male,26,5-10 LPA,0,22,13,2,2,2,0.13,0.96,0.55,Karnataka,KA,75.4,68.1,36.2,12.0,Raichur,36.8,1,74.6,34.0,0.0738,1
PHD_2026_1454,DOCTORATE,Female,31,<2 LPA,0,17,1,1,0,1,0.47,0.78,0.17,Rajasthan,RJ,66.1,52.1,26.0,17.2,Jaisalmer,31.8,1,86.7,33.2,0.2634,0
PHD_2026_1455,DOCTORATE,Male,26,5-10 LPA,0,21,38,6,0,1,0.01,0.68,0.24,Haryana,HR,75.6,65.9,29.8,12.5,Nuh / Mewat,44.8,1,88.6,47.0,0.0969,1
PHD_2026_1456,DOCTORATE,Female,28,2-5 LPA,0,37,124,5,2,1,0.38,0.2,0.35,Tamil Nadu,TN,80.1,73.4,51.4,8.1,Chennai,1.2,0,0.0,17.5,0.3399,0
PHD_2026_1457,DOCTORATE,Male,30,5-10 LPA,1,37,7,4,2,3,0.58,0.94,0.19,Karnataka,KA,75.4,68.1,36.2,12.0,Raichur,36.8,1,74.6,34.0,0.1312,0
PHD_2026_1458,DOCTORATE,Female,24,2-5 LPA,0,34,26,6,0,1,0.0,0.95,0.15,Madhya Pradesh,MP,69.3,59.2,24.8,18.5,Barwani,46.1,1,85.5,37.1,0.0651,0
PHD_2026_1459,DOCTORATE,Male,27,5-10 LPA,0,38,79,6,1,1,0.53,0.39,0.2,Madhya Pradesh,MP,69.3,59.2,24.8,18.5,Bhopal,9.4,0,19.1,23.4,0.3118,0
PHD_2026_1460,DOCTORATE,Male,26,>10 LPA,0,71,43,3,1,2,0.4,0.55,0.65,Kerala,KL,94.0,92.1,43.2,3.2,Thiruvananthapuram,0.9,0,46.2,15.2,0.3273,1
PHD_2026_1461,DOCTORATE,Female,30,>10 LPA,0,34,19,1,1,1,0.15,1.16,0.35,Maharashtra,MH,82.3,75.9,32.3,11.2,Mumbai,2.1,0,0.0,19.5,0.1174,0
PHD_2026_1462,DOCTORATE,Female,27,2-5 LPA,1,71,14,4,1,2,0.4,0.98,0.6,Uttar Pradesh,UP,67.7,57.2,23.2,16.8,Varanasi,16.3,0,56.6,29.4,0.1887,1
PHD_2026_1463,DOCTORATE,Female,28,<2 LPA,1,12,16,4,0,1,0.44,1.14,0.56,Uttar Pradesh,UP,67.7,57.2,23.2,16.8,Varanasi,16.3,0,56.6,29.4,0.1592,0
PHD_2026_1464,DOCTORATE,Female,31,2-5 LPA,1,38,53,3,1,3,0.47,0.59,0.35,Karnataka,KA,75.4,68.1,36.2,12.0,Yadgir,39.4,1,81.2,36.5,0.3391,0
PHD_2026_1465,DOCTORATE,Male,28,2-5 LPA,1,69,16,1,2,1,0.15,0.97,0.59,Bihar,BR,61.8,51.5,14.5,21.4,Gaya,38.6,1,86.8,36.2,0.0971,0
PHD_2026_1466,DOCTORATE,Male,26,2-5 LPA,0,7,11,3,0,3,0.12,0.71,0.63,Haryana,HR,75.6,65.9,29.8,12.5,Nuh / Mewat,44.8,1,88.6,47.0,0.188,0
PHD_2026_1467,DOCTORATE,Female,31,<2 LPA,0,26,116,3,0,1,0.65,0.2,0.4,Haryana,HR,75.6,65.9,29.8,12.5,Nuh / Mewat,44.8,1,88.6,47.0,0.6803,1
PHD_2026_1468,DOCTORATE,Female,28,2-5 LPA,0,58,180,1,0,1,0.68,0.2,0.86,Bihar,BR,61.8,51.5,14.5,21.4,Patna,18.2,0,56.4,28.5,0.9514,1
PHD_2026_1469,DOCTORATE,Female,27,2-5 LPA,0,30,48,5,2,1,0.18,0.28,0.53,Haryana,HR,75.6,65.9,29.8,12.5,Nuh / Mewat,44.8,1,88.6,47.0,0.1035,0
PHD_2026_1470,DOCTORATE,Male,31,5-10 LPA,0,53,69,2,4,1,0.49,0.32,0.58,Uttar Pradesh,UP,67.7,57.2,23.2,16.8,Noida / Gautam Buddha Nagar,7.1,0,40.9,22.0,0.1138,0
PHD_2026_1471,DOCTORATE,Female,25,2-5 LPA,0,24,25,5,0,2,0.26,0.79,0.41,Haryana,HR,75.6,65.9,29.8,12.5,Gurugram,2.5,0,31.2,20.5,0.2355,0
PHD_2026_1472,DOCTORATE,Male,33,2-5 LPA,0,20,8,5,0,1,0.07,0.96,0.59,Kerala,KL,94.0,92.1,43.2,3.2,Wayanad,4.1,1,96.1,18.0,0.0792,0
PHD_2026_1473,DOCTORATE,Male,30,5-10 LPA,0,58,74,2,1,1,0.84,0.56,0.54,Rajasthan,RJ,66.1,52.1,26.0,17.2,Jaipur,6.9,0,47.6,22.5,0.4945,0
PHD_2026_1474,DOCTORATE,Male,27,<2 LPA,0,55,9,0,1,1,0.87,0.95,0.58,Uttar Pradesh,UP,67.7,57.2,23.2,16.8,Shravasti,49.6,1,96.5,48.2,0.4304,0
PHD_2026_1475,DOCTORATE,Male,32,2-5 LPA,1,37,34,3,1,1,0.35,0.84,0.43,Kerala,KL,94.0,92.1,43.2,3.2,Wayanad,4.1,1,96.1,18.0,0.1248,0
PHD_2026_1476,DOCTORATE,Male,33,2-5 LPA,0,64,21,0,4,3,0.67,0.75,0.9,Tamil Nadu,TN,80.1,73.4,51.4,8.1,Coimbatore,2.1,0,24.2,18.9,0.2914,0
PHD_2026_1477,DOCTORATE,Female,27,2-5 LPA,0,13,24,3,0,1,0.56,0.78,0.72,Haryana,HR,75.6,65.9,29.8,12.5,Nuh / Mewat,44.8,1,88.6,47.0,0.2824,1
PHD_2026_1478,DOCTORATE,Male,24,5-10 LPA,0,62,1,4,1,1,0.45,0.88,0.77,Rajasthan,RJ,66.1,52.1,26.0,17.2,Jaipur,6.9,0,47.6,22.5,0.1189,0
PHD_2026_1479,DOCTORATE,Male,33,<2 LPA,0,64,26,4,3,1,0.15,0.49,0.42,Haryana,HR,75.6,65.9,29.8,12.5,Gurugram,2.5,0,31.2,20.5,0.0384,0
PHD_2026_1480,DOCTORATE,Female,32,<2 LPA,0,48,18,4,2,1,0.46,1.16,0.51,Bihar,BR,61.8,51.5,14.5,21.4,Gaya,38.6,1,86.8,36.2,0.0745,0
PHD_2026_1481,DOCTORATE,Female,24,2-5 LPA,1,54,2,4,4,1,0.27,0.83,0.22,Tamil Nadu,TN,80.1,73.4,51.4,8.1,Ramanathapuram,7.8,1,69.7,22.1,0.0163,0
PHD_2026_1482,DOCTORATE,Male,32,2-5 LPA,0,20,1,4,0,1,0.23,1.03,0.35,Bihar,BR,61.8,51.5,14.5,21.4,Muzaffarpur,35.1,1,90.3,38.0,0.0796,0
PHD_2026_1483,DOCTORATE,Male,24,5-10 LPA,0,49,23,5,1,1,0.23,0.46,0.55,Kerala,KL,94.0,92.1,43.2,3.2,Thiruvananthapuram,0.9,0,46.2,15.2,0.1134,0
PHD_2026_1484,DOCTORATE,Female,32,2-5 LPA,1,33,28,3,2,1,0.06,0.91,0.59,Gujarat,GJ,78.0,69.7,21.3,17.9,Ahmedabad,3.8,0,15.9,20.2,0.0453,0
PHD_2026_1485,DOCTORATE,Female,30,>10 LPA,0,57,38,6,3,1,0.45,0.74,0.22,Bihar,BR,61.8,51.5,14.5,21.4,Gaya,38.6,1,86.8,36.2,0.0654,0
PHD_2026_1486,DOCTORATE,Female,27,>10 LPA,1,61,12,0,2,1,0.73,0.78,0.34,Karnataka,KA,75.4,68.1,36.2,12.0,Yadgir,39.4,1,81.2,36.5,0.2527,0
PHD_2026_1487,DOCTORATE,Female,32,2-5 LPA,1,20,164,6,1,2,0.69,0.2,0.56,Rajasthan,RJ,66.1,52.1,26.0,17.2,Kota,8.2,0,39.7,21.0,0.8684,1
PHD_2026_1488,DOCTORATE,Female,27,2-5 LPA,0,8,11,3,0,1,0.32,0.83,0.35,Rajasthan,RJ,66.1,52.1,26.0,17.2,Kota,8.2,0,39.7,21.0,0.1232,0
PHD_2026_1489,DOCTORATE,Male,27,5-10 LPA,1,36,28,3,2,1,0.22,0.73,0.15,Tamil Nadu,TN,80.1,73.4,51.4,8.1,Coimbatore,2.1,0,24.2,18.9,0.0509,0
PHD_2026_1490,DOCTORATE,Female,30,2-5 LPA,0,36,39,3,1,2,0.47,1.21,0.18,Maharashtra,MH,82.3,75.9,32.3,11.2,Pune,3.9,0,39.1,21.0,0.2014,0
PHD_2026_1491,DOCTORATE,Female,28,2-5 LPA,1,59,43,2,2,1,0.41,0.47,0.29,Gujarat,GJ,78.0,69.7,21.3,17.9,Ahmedabad,3.8,0,15.9,20.2,0.1173,0
PHD_2026_1492,DOCTORATE,Male,31,5-10 LPA,1,27,0,4,0,2,0.0,1.08,0.73,Kerala,KL,94.0,92.1,43.2,3.2,Thiruvananthapuram,0.9,0,46.2,15.2,0.1142,0
PHD_2026_1493,DOCTORATE,Female,32,5-10 LPA,1,60,15,2,2,3,0.22,0.62,0.27,Bihar,BR,61.8,51.5,14.5,21.4,Muzaffarpur,35.1,1,90.3,38.0,0.0902,0
PHD_2026_1494,DOCTORATE,Female,28,2-5 LPA,0,55,1,6,1,1,0.09,1.09,0.54,Madhya Pradesh,MP,69.3,59.2,24.8,18.5,Indore,6.8,0,25.9,21.8,0.0435,0
PHD_2026_1495,DOCTORATE,Female,24,<2 LPA,0,10,23,5,1,1,0.4,0.69,0.54,Kerala,KL,94.0,92.1,43.2,3.2,Wayanad,4.1,1,96.1,18.0,0.1386,1
PHD_2026_1496,DOCTORATE,Female,25,2-5 LPA,0,22,2,4,0,2,0.01,0.92,0.54,Kerala,KL,94.0,92.1,43.2,3.2,Ernakulam,0.6,0,31.9,14.8,0.1133,0
PHD_2026_1497,DOCTORATE,Female,25,<2 LPA,1,61,73,2,1,2,0.46,0.39,0.16,Tamil Nadu,TN,80.1,73.4,51.4,8.1,Coimbatore,2.1,0,24.2,18.9,0.4009,0
PHD_2026_1498,DOCTORATE,Female,24,5-10 LPA,1,48,82,8,2,1,0.22,0.48,0.43,Haryana,HR,75.6,65.9,29.8,12.5,Nuh / Mewat,44.8,1,88.6,47.0,0.1484,0
PHD_2026_1499,DOCTORATE,Female,31,2-5 LPA,0,41,29,1,2,2,0.52,0.66,0.4,Haryana,HR,75.6,65.9,29.8,12.5,Gurugram,2.5,0,31.2,20.5,0.3709,0
PHD_2026_1500,DOCTORATE,Female,32,5-10 LPA,0,8,0,4,0,1,0.22,1.02,0.71,Uttar Pradesh,UP,67.7,57.2,23.2,16.8,Varanasi,16.3,0,56.6,29.4,0.0996,0
PHD_2026_1501,DOCTORATE,Female,24,<2 LPA,0,62,29,1,1,1,0.26,0.89,0.33,Bihar,BR,61.8,51.5,14.5,21.4,Patna,18.2,0,56.4,28.5,0.1838,0
PHD_2026_1502,DOCTORATE,Female,32,2-5 LPA,0,58,0,3,1,1,0.31,1.09,0.16,Uttar Pradesh,UP,67.7,57.2,23.2,16.8,Noida / Gautam Buddha Nagar,7.1,0,40.9,22.0,0.0518,0
PHD_2026_1503,DOCTORATE,Female,29,2-5 LPA,0,18,32,2,0,1,0.12,0.78,0.43,Bihar,BR,61.8,51.5,14.5,21.4,Purnia,50.4,1,89.2,42.1,0.1191,1
PHD_2026_1504,DOCTORATE,Male,33,<2 LPA,0,27,27,4,0,1,0.09,0.95,0.72,Kerala,KL,94.0,92.1,43.2,3.2,Ernakulam,0.6,0,31.9,14.8,0.116,0
PHD_2026_1505,DOCTORATE,Female,28,<2 LPA,1,7,3,2,0,1,0.32,0.87,0.6,Haryana,HR,75.6,65.9,29.8,12.5,Nuh / Mewat,44.8,1,88.6,47.0,0.1266,0
PHD_2026_1506,DOCTORATE,Male,26,5-10 LPA,0,11,12,3,0,1,0.01,0.88,0.33,Haryana,HR,75.6,65.9,29.8,12.5,Gurugram,2.5,0,31.2,20.5,0.0639,0
PHD_2026_1507,DOCTORATE,Female,31,>10 LPA,1,52,25,7,3,1,0.16,0.95,0.7,Bihar,BR,61.8,51.5,14.5,21.4,Gaya,38.6,1,86.8,36.2,0.0367,0
PHD_2026_1508,DOCTORATE,Male,31,5-10 LPA,0,37,4,3,2,1,0.56,1.08,0.62,Madhya Pradesh,MP,69.3,59.2,24.8,18.5,Barwani,46.1,1,85.5,37.1,0.0847,0
PHD_2026_1509,DOCTORATE,Female,24,2-5 LPA,0,38,17,7,0,1,0.0,0.79,0.05,Madhya Pradesh,MP,69.3,59.2,24.8,18.5,Barwani,46.1,1,85.5,37.1,0.0583,0
PHD_2026_1510,DOCTORATE,Male,29,5-10 LPA,0,6,26,2,0,1,0.1,0.52,0.82,Karnataka,KA,75.4,68.1,36.2,12.0,Raichur,36.8,1,74.6,34.0,0.1561,0
PHD_2026_1511,DOCTORATE,Female,27,>10 LPA,0,33,2,1,1,2,0.6,1.5,0.21,Rajasthan,RJ,66.1,52.1,26.0,17.2,Jaipur,6.9,0,47.6,22.5,0.2785,0
PHD_2026_1512,DOCTORATE,Male,27,<2 LPA,0,59,53,6,0,1,0.65,0.2,0.44,Haryana,HR,75.6,65.9,29.8,12.5,Nuh / Mewat,44.8,1,88.6,47.0,0.4609,0
PHD_2026_1513,DOCTORATE,Male,27,>10 LPA,0,51,51,3,1,1,0.42,0.7,0.27,Uttar Pradesh,UP,67.7,57.2,23.2,16.8,Shravasti,49.6,1,96.5,48.2,0.1708,0
PHD_2026_1514,DOCTORATE,Male,25,2-5 LPA,0,54,41,4,1,1,0.15,0.62,0.39,Madhya Pradesh,MP,69.3,59.2,24.8,18.5,Alirajpur,52.0,1,92.2,39.5,0.1014,0
PHD_2026_1515,DOCTORATE,Male,26,2-5 LPA,1,16,2,4,0,1,0.09,1.1,0.27,Haryana,HR,75.6,65.9,29.8,12.5,Gurugram,2.5,0,31.2,20.5,0.0562,0
PHD_2026_1516,DOCTORATE,Male,26,>10 LPA,0,57,15,1,1,1,0.0,0.84,0.85,Rajasthan,RJ,66.1,52.1,26.0,17.2,Jaisalmer,31.8,1,86.7,33.2,0.1364,0
PHD_2026_1517,DOCTORATE,Male,27,5-10 LPA,0,21,7,5,2,1,0.0,0.81,0.54,Karnataka,KA,75.4,68.1,36.2,12.0,Raichur,36.8,1,74.6,34.0,0.0299,0
PHD_2026_1518,DOCTORATE,Female,25,2-5 LPA,1,63,53,1,2,2,0.33,0.6,0.47,Haryana,HR,75.6,65.9,29.8,12.5,Gurugram,2.5,0,31.2,20.5,0.3778,0
PHD_2026_1519,DOCTORATE,Male,25,2-5 LPA,0,12,35,1,0,2,0.37,0.77,0.91,Gujarat,GJ,78.0,69.7,21.3,17.9,Dahod,40.5,1,88.0,38.1,0.6127,1
PHD_2026_1520,DOCTORATE,Male,28,2-5 LPA,0,71,22,0,0,1,0.24,0.31,0.78,Rajasthan,RJ,66.1,52.1,26.0,17.2,Barmer,34.2,1,93.0,35.8,0.3767,0
PHD_2026_1521,DOCTORATE,Female,33,2-5 LPA,0,10,62,2,1,3,0.42,0.58,0.42,Madhya Pradesh,MP,69.3,59.2,24.8,18.5,Alirajpur,52.0,1,92.2,39.5,0.3597,0
PHD_2026_1522,DOCTORATE,Female,24,2-5 LPA,1,31,16,4,0,1,0.22,1.0,0.07,Bihar,BR,61.8,51.5,14.5,21.4,Purnia,50.4,1,89.2,42.1,0.0816,0
PHD_2026_1523,DOCTORATE,Male,31,5-10 LPA,0,53,6,1,2,2,0.62,0.88,0.49,Madhya Pradesh,MP,69.3,59.2,24.8,18.5,Alirajpur,52.0,1,92.2,39.5,0.3271,0
PHD_2026_1524,DOCTORATE,Male,25,<2 LPA,1,12,39,4,1,1,0.19,0.76,0.74,Tamil Nadu,TN,80.1,73.4,51.4,8.1,Ramanathapuram,7.8,1,69.7,22.1,0.1245,0
PHD_2026_1525,DOCTORATE,Female,26,5-10 LPA,1,67,9,6,1,1,0.0,1.17,0.64,Uttar Pradesh,UP,67.7,57.2,23.2,16.8,Varanasi,16.3,0,56.6,29.4,0.0417,1
PHD_2026_1526,DOCTORATE,Male,26,<2 LPA,1,25,52,1,0,2,0.19,0.63,0.41,Uttar Pradesh,UP,67.7,57.2,23.2,16.8,Lucknow,8.5,0,33.8,24.1,0.5078,1
PHD_2026_1527,DOCTORATE,Male,26,5-10 LPA,0,63,27,7,2,1,0.03,0.67,0.14,Maharashtra,MH,82.3,75.9,32.3,11.2,Nandurbar,33.1,1,83.3,32.4,0.0345,0
PHD_2026_1528,DOCTORATE,Male,29,<2 LPA,0,65,17,3,1,1,0.78,0.84,0.58,Haryana,HR,75.6,65.9,29.8,12.5,Gurugram,2.5,0,31.2,20.5,0.241,0
PHD_2026_1529,DOCTORATE,Male,24,5-10 LPA,0,15,91,3,0,1,0.3,0.24,0.48,Kerala,KL,94.0,92.1,43.2,3.2,Ernakulam,0.6,0,31.9,14.8,0.4131,0
PHD_2026_1530,DOCTORATE,Male,28,2-5 LPA,0,22,14,4,2,2,0.21,1.02,0.58,Maharashtra,MH,82.3,75.9,32.3,11.2,Pune,3.9,0,39.1,21.0,0.0864,0
PHD_2026_1531,DOCTORATE,Female,27,2-5 LPA,0,66,35,2,5,1,0.66,0.68,0.88,Kerala,KL,94.0,92.1,43.2,3.2,Wayanad,4.1,1,96.1,18.0,0.0674,0
PHD_2026_1532,DOCTORATE,Female,29,2-5 LPA,1,9,26,5,0,1,0.13,0.73,0.49,Bihar,BR,61.8,51.5,14.5,21.4,Katihar,48.7,1,91.1,44.3,0.1199,0
PHD_2026_1533,DOCTORATE,Male,32,5-10 LPA,0,70,3,3,1,1,0.0,0.86,0.11,Tamil Nadu,TN,80.1,73.4,51.4,8.1,Chennai,1.2,0,0.0,17.5,0.0311,0
PHD_2026_1534,DOCTORATE,Female,33,2-5 LPA,0,59,43,5,1,2,0.03,0.7,0.46,Uttar Pradesh,UP,67.7,57.2,23.2,16.8,Varanasi,16.3,0,56.6,29.4,0.145,0
PHD_2026_1535,DOCTORATE,Female,30,5-10 LPA,0,15,3,3,0,1,0.0,1.06,0.53,Gujarat,GJ,78.0,69.7,21.3,17.9,Narmada,32.4,1,89.5,30.5,0.0579,0
PHD_2026_1536,DOCTORATE,Female,24,5-10 LPA,0,22,10,3,2,3,0.25,1.07,0.23,Madhya Pradesh,MP,69.3,59.2,24.8,18.5,Indore,6.8,0,25.9,21.8,0.0674,0
PHD_2026_1537,DOCTORATE,Male,26,<2 LPA,0,50,3,2,0,2,0.48,1.09,0.73,Haryana,HR,75.6,65.9,29.8,12.5,Nuh / Mewat,44.8,1,88.6,47.0,0.2764,0
PHD_2026_1538,DOCTORATE,Male,26,<2 LPA,0,53,1,4,3,1,0.0,0.71,0.74,Maharashtra,MH,82.3,75.9,32.3,11.2,Mumbai,2.1,0,0.0,19.5,0.0217,0
PHD_2026_1539,DOCTORATE,Male,28,5-10 LPA,0,48,26,2,2,2,0.22,0.91,0.47,Tamil Nadu,TN,80.1,73.4,51.4,8.1,Coimbatore,2.1,0,24.2,18.9,0.1025,0
PHD_2026_1540,DOCTORATE,Female,33,2-5 LPA,0,13,65,7,0,2,0.17,0.72,0.26,Karnataka,KA,75.4,68.1,36.2,12.0,Bengaluru Urban,1.8,0,9.1,18.2,0.2998,0
PHD_2026_1541,DOCTORATE,Male,27,2-5 LPA,0,25,7,2,1,3,0.15,0.82,0.45,Uttar Pradesh,UP,67.7,57.2,23.2,16.8,Varanasi,16.3,0,56.6,29.4,0.1071,0
PHD_2026_1542,DOCTORATE,Male,30,2-5 LPA,1,55,122,2,1,1,0.5,0.2,0.53,Haryana,HR,75.6,65.9,29.8,12.5,Gurugram,2.5,0,31.2,20.5,0.5371,1
PHD_2026_1543,DOCTORATE,Female,25,2-5 LPA,1,44,82,6,0,1,0.21,0.2,0.6,Karnataka,KA,75.4,68.1,36.2,12.0,Bengaluru Urban,1.8,0,9.1,18.2,0.3574,0
PHD_2026_1544,DOCTORATE,Female,29,5-10 LPA,0,46,11,5,3,1,0.45,1.07,0.34,Tamil Nadu,TN,80.1,73.4,51.4,8.1,Chennai,1.2,0,0.0,17.5,0.0401,0
PHD_2026_1545,DOCTORATE,Female,28,5-10 LPA,0,44,37,5,0,1,0.02,0.83,0.93,Bihar,BR,61.8,51.5,14.5,21.4,Purnia,50.4,1,89.2,42.1,0.1414,0
PHD_2026_1546,DOCTORATE,Male,24,5-10 LPA,0,46,17,10,0,2,0.0,0.7,0.94,Gujarat,GJ,78.0,69.7,21.3,17.9,Ahmedabad,3.8,0,15.9,20.2,0.1962,0
PHD_2026_1547,DOCTORATE,Male,29,<2 LPA,1,69,21,3,7,1,0.55,0.67,0.43,Maharashtra,MH,82.3,75.9,32.3,11.2,Nandurbar,33.1,1,83.3,32.4,0.0131,0
PHD_2026_1548,DOCTORATE,Female,27,5-10 LPA,1,32,66,4,1,2,0.25,0.8,0.8,Uttar Pradesh,UP,67.7,57.2,23.2,16.8,Noida / Gautam Buddha Nagar,7.1,0,40.9,22.0,0.3202,0
PHD_2026_1549,DOCTORATE,Female,26,>10 LPA,0,40,104,1,1,1,0.23,0.2,0.36,Bihar,BR,61.8,51.5,14.5,21.4,Gaya,38.6,1,86.8,36.2,0.5037,1
PHD_2026_1550,DOCTORATE,Male,25,>10 LPA,1,41,11,5,0,1,0.06,0.75,0.23,Madhya Pradesh,MP,69.3,59.2,24.8,18.5,Barwani,46.1,1,85.5,37.1,0.0701,1
PHD_2026_1551,DOCTORATE,Female,28,2-5 LPA,1,20,76,6,0,3,0.26,0.2,0.06,Kerala,KL,94.0,92.1,43.2,3.2,Wayanad,4.1,1,96.1,18.0,0.4196,0
PHD_2026_1552,DOCTORATE,Male,31,5-10 LPA,0,61,25,4,1,2,0.53,0.9,0.26,Bihar,BR,61.8,51.5,14.5,21.4,Patna,18.2,0,56.4,28.5,0.2292,1
PHD_2026_1553,DOCTORATE,Female,32,2-5 LPA,0,39,82,4,1,2,0.05,0.39,0.46,Madhya Pradesh,MP,69.3,59.2,24.8,18.5,Indore,6.8,0,25.9,21.8,0.2773,1
PHD_2026_1554,DOCTORATE,Female,29,<2 LPA,0,65,116,2,2,2,0.19,0.2,0.18,Tamil Nadu,TN,80.1,73.4,51.4,8.1,Chennai,1.2,0,0.0,17.5,0.3393,0
PHD_2026_1555,DOCTORATE,Female,25,5-10 LPA,1,56,18,2,1,1,0.0,0.7,0.41,Bihar,BR,61.8,51.5,14.5,21.4,Muzaffarpur,35.1,1,90.3,38.0,0.0524,0
PHD_2026_1556,DOCTORATE,Male,25,2-5 LPA,0,25,16,4,0,2,0.2,0.88,0.51,Rajasthan,RJ,66.1,52.1,26.0,17.2,Kota,8.2,0,39.7,21.0,0.1956,0
PHD_2026_1557,DOCTORATE,Female,27,2-5 LPA,0,52,18,3,6,1,0.32,0.96,0.93,Haryana,HR,75.6,65.9,29.8,12.5,Nuh / Mewat,44.8,1,88.6,47.0,0.0147,0
PHD_2026_1558,DOCTORATE,Male,25,<2 LPA,0,13,6,2,0,1,0.19,0.99,0.86,Maharashtra,MH,82.3,75.9,32.3,11.2,Mumbai,2.1,0,0.0,19.5,0.114,1
PHD_2026_1559,DOCTORATE,Male,24,5-10 LPA,0,26,51,6,0,1,0.15,0.63,0.66,Tamil Nadu,TN,80.1,73.4,51.4,8.1,Chennai,1.2,0,0.0,17.5,0.1989,0
PHD_2026_1560,DOCTORATE,Male,31,<2 LPA,1,22,69,2,1,1,0.27,0.2,0.32,Tamil Nadu,TN,80.1,73.4,51.4,8.1,Chennai,1.2,0,0.0,17.5,0.214,0
PHD_2026_1561,DOCTORATE,Male,32,2-5 LPA,0,44,37,4,3,1,0.0,0.53,0.59,Maharashtra,MH,82.3,75.9,32.3,11.2,Pune,3.9,0,39.1,21.0,0.0366,0
PHD_2026_1562,DOCTORATE,Female,33,2-5 LPA,0,50,135,4,1,1,0.73,0.2,0.41,Uttar Pradesh,UP,67.7,57.2,23.2,16.8,Lucknow,8.5,0,33.8,24.1,0.6841,1
PHD_2026_1563,DOCTORATE,Male,29,5-10 LPA,0,38,82,4,2,1,0.29,0.58,0.63,Karnataka,KA,75.4,68.1,36.2,12.0,Raichur,36.8,1,74.6,34.0,0.1793,0
PHD_2026_1564,DOCTORATE,Female,26,<2 LPA,1,47,18,2,0,1,0.51,0.85,0.46,Bihar,BR,61.8,51.5,14.5,21.4,Muzaffarpur,35.1,1,90.3,38.0,0.2017,0
PHD_2026_1565,DOCTORATE,Male,32,2-5 LPA,0,47,39,6,1,1,0.22,0.88,0.58,Tamil Nadu,TN,80.1,73.4,51.4,8.1,Ramanathapuram,7.8,1,69.7,22.1,0.1131,0
PHD_2026_1566,DOCTORATE,Male,24,<2 LPA,1,21,5,4,2,2,0.27,0.56,0.62,Gujarat,GJ,78.0,69.7,21.3,17.9,Dahod,40.5,1,88.0,38.1,0.1139,0
PHD_2026_1567,DOCTORATE,Female,32,<2 LPA,0,48,48,5,2,1,0.6,0.76,0.24,Bihar,BR,61.8,51.5,14.5,21.4,Purnia,50.4,1,89.2,42.1,0.1511,0
PHD_2026_1568,DOCTORATE,Female,26,>10 LPA,1,66,6,3,1,1,0.02,1.03,0.62,Bihar,BR,61.8,51.5,14.5,21.4,Muzaffarpur,35.1,1,90.3,38.0,0.0444,0
PHD_2026_1569,DOCTORATE,Female,28,5-10 LPA,0,49,42,3,1,1,0.44,0.69,0.12,Haryana,HR,75.6,65.9,29.8,12.5,Nuh / Mewat,44.8,1,88.6,47.0,0.1449,0
PHD_2026_1570,DOCTORATE,Male,25,>10 LPA,1,29,31,2,1,1,0.23,0.64,0.3,Bihar,BR,61.8,51.5,14.5,21.4,Purnia,50.4,1,89.2,42.1,0.0956,0
PHD_2026_1571,DOCTORATE,Male,26,5-10 LPA,0,66,31,3,0,2,0.53,0.88,0.8,Gujarat,GJ,78.0,69.7,21.3,17.9,Dahod,40.5,1,88.0,38.1,0.4379,0
PHD_2026_1572,DOCTORATE,Male,27,2-5 LPA,0,44,0,6,2,1,0.0,1.5,0.28,Karnataka,KA,75.4,68.1,36.2,12.0,Raichur,36.8,1,74.6,34.0,0.0149,1
PHD_2026_1573,DOCTORATE,Male,28,2-5 LPA,0,18,48,2,0,2,0.09,0.62,0.27,Gujarat,GJ,78.0,69.7,21.3,17.9,Dahod,40.5,1,88.0,38.1,0.2304,0
PHD_2026_1574,DOCTORATE,Female,24,<2 LPA,0,65,2,7,2,3,0.32,0.52,0.62,Tamil Nadu,TN,80.1,73.4,51.4,8.1,Chennai,1.2,0,0.0,17.5,0.1225,0
PHD_2026_1575,DOCTORATE,Male,25,<2 LPA,0,18,95,4,3,1,0.54,0.2,0.56,Kerala,KL,94.0,92.1,43.2,3.2,Wayanad,4.1,1,96.1,18.0,0.2597,0
PHD_2026_1576,DOCTORATE,Female,24,5-10 LPA,1,50,68,0,1,1,0.17,0.52,0.48,Madhya Pradesh,MP,69.3,59.2,24.8,18.5,Alirajpur,52.0,1,92.2,39.5,0.3172,0
PHD_2026_1577,DOCTORATE,Female,32,2-5 LPA,0,40,19,0,1,1,0.32,0.94,0.12,Bihar,BR,61.8,51.5,14.5,21.4,Katihar,48.7,1,91.1,44.3,0.1567,0
PHD_2026_1578,DOCTORATE,Female,33,2-5 LPA,0,25,76,4,0,1,0.08,0.21,0.2,Rajasthan,RJ,66.1,52.1,26.0,17.2,Barmer,34.2,1,93.0,35.8,0.2233,0
PHD_2026_1579,DOCTORATE,Female,28,5-10 LPA,1,35,10,1,2,1,0.47,0.82,0.31,Haryana,HR,75.6,65.9,29.8,12.5,Nuh / Mewat,44.8,1,88.6,47.0,0.1521,0
PHD_2026_1580,DOCTORATE,Female,24,2-5 LPA,0,45,37,2,1,1,0.32,0.39,0.11,Tamil Nadu,TN,80.1,73.4,51.4,8.1,Ramanathapuram,7.8,1,69.7,22.1,0.1239,0
PHD_2026_1581,DOCTORATE,Male,25,2-5 LPA,1,39,14,2,4,1,0.52,1.21,0.39,Haryana,HR,75.6,65.9,29.8,12.5,Gurugram,2.5,0,31.2,20.5,0.0299,0
PHD_2026_1582,DOCTORATE,Male,26,<2 LPA,0,71,12,3,1,1,0.5,0.63,0.46,Bihar,BR,61.8,51.5,14.5,21.4,Gaya,38.6,1,86.8,36.2,0.1428,0
PHD_2026_1583,DOCTORATE,Female,27,5-10 LPA,1,10,24,1,0,2,0.21,0.73,0.46,Madhya Pradesh,MP,69.3,59.2,24.8,18.5,Barwani,46.1,1,85.5,37.1,0.4068,1
PHD_2026_1584,DOCTORATE,Male,25,5-10 LPA,0,32,31,6,1,1,0.12,0.51,0.27,Haryana,HR,75.6,65.9,29.8,12.5,Gurugram,2.5,0,31.2,20.5,0.0821,0
PHD_2026_1585,DOCTORATE,Female,27,5-10 LPA,1,29,22,4,1,1,0.34,0.73,0.73,Tamil Nadu,TN,80.1,73.4,51.4,8.1,Ramanathapuram,7.8,1,69.7,22.1,0.1334,0
PHD_2026_1586,DOCTORATE,Male,24,5-10 LPA,0,56,2,4,1,1,0.0,0.76,0.43,Kerala,KL,94.0,92.1,43.2,3.2,Wayanad,4.1,1,96.1,18.0,0.041,0
PHD_2026_1587,DOCTORATE,Male,30,<2 LPA,0,49,18,4,1,1,0.06,0.92,0.28,Uttar Pradesh,UP,67.7,57.2,23.2,16.8,Varanasi,16.3,0,56.6,29.4,0.048,0
PHD_2026_1588,DOCTORATE,Male,32,2-5 LPA,0,47,105,1,2,1,0.49,0.53,0.65,Karnataka,KA,75.4,68.1,36.2,12.0,Raichur,36.8,1,74.6,34.0,0.54,1
PHD_2026_1589,DOCTORATE,Female,27,>10 LPA,1,39,61,4,2,1,0.21,0.2,0.46,Madhya Pradesh,MP,69.3,59.2,24.8,18.5,Alirajpur,52.0,1,92.2,39.5,0.1291,0
PHD_2026_1590,DOCTORATE,Male,31,5-10 LPA,0,67,55,3,4,1,0.35,0.41,0.63,Tamil Nadu,TN,80.1,73.4,51.4,8.1,Coimbatore,2.1,0,24.2,18.9,0.0704,0
PHD_2026_1591,DOCTORATE,Female,30,<2 LPA,0,10,9,6,0,1,0.0,0.88,0.34,Rajasthan,RJ,66.1,52.1,26.0,17.2,Jaisalmer,31.8,1,86.7,33.2,0.061,0
PHD_2026_1592,DOCTORATE,Male,32,>10 LPA,1,56,20,5,0,1,0.0,0.81,0.7,Haryana,HR,75.6,65.9,29.8,12.5,Nuh / Mewat,44.8,1,88.6,47.0,0.0945,0
PHD_2026_1593,DOCTORATE,Male,25,<2 LPA,0,51,15,2,0,1,0.12,0.97,0.25,Haryana,HR,75.6,65.9,29.8,12.5,Nuh / Mewat,44.8,1,88.6,47.0,0.0765,0
PHD_2026_1594,DOCTORATE,Male,33,5-10 LPA,0,37,21,3,1,2,0.44,1.02,0.61,Haryana,HR,75.6,65.9,29.8,12.5,Gurugram,2.5,0,31.2,20.5,0.2178,0
PHD_2026_1595,DOCTORATE,Male,30,2-5 LPA,0,51,41,1,3,1,0.4,0.34,0.38,Madhya Pradesh,MP,69.3,59.2,24.8,18.5,Alirajpur,52.0,1,92.2,39.5,0.1789,0
PHD_2026_1596,DOCTORATE,Female,26,<2 LPA,0,12,22,4,1,2,0.0,0.83,0.41,Uttar Pradesh,UP,67.7,57.2,23.2,16.8,Varanasi,16.3,0,56.6,29.4,0.0948,0
PHD_2026_1597,DOCTORATE,Female,29,2-5 LPA,0,8,54,2,0,1,0.4,0.59,0.62,Tamil Nadu,TN,80.1,73.4,51.4,8.1,Chennai,1.2,0,0.0,17.5,0.3086,0
PHD_2026_1598,DOCTORATE,Female,31,2-5 LPA,1,52,19,0,3,1,0.71,0.94,0.22,Gujarat,GJ,78.0,69.7,21.3,17.9,Narmada,32.4,1,89.5,30.5,0.1613,0
PHD_2026_1599,DOCTORATE,Male,31,5-10 LPA,0,60,1,5,5,1,0.48,0.68,0.65,Uttar Pradesh,UP,67.7,57.2,23.2,16.8,Balrampur,47.9,1,92.3,45.0,0.0243,0
PHD_2026_1600,DOCTORATE,Female,24,2-5 LPA,1,22,36,2,1,1,0.13,0.95,0.34,Kerala,KL,94.0,92.1,43.2,3.2,Ernakulam,0.6,0,31.9,14.8,0.0728,0
PHD_2026_1601,DOCTORATE,Male,26,2-5 LPA,0,45,180,4,1,1,0.58,0.2,0.52,Gujarat,GJ,78.0,69.7,21.3,17.9,Narmada,32.4,1,89.5,30.5,0.7693,1
PHD_2026_1602,DOCTORATE,Male,27,5-10 LPA,0,55,8,2,3,1,0.07,1.03,0.23,Kerala,KL,94.0,92.1,43.2,3.2,Ernakulam,0.6,0,31.9,14.8,0.0162,0
PHD_2026_1603,DOCTORATE,Female,30,2-5 LPA,0,19,4,2,0,1,0.35,0.78,0.48,Uttar Pradesh,UP,67.7,57.2,23.2,16.8,Balrampur,47.9,1,92.3,45.0,0.1314,0
PHD_2026_1604,DOCTORATE,Male,30,2-5 LPA,0,28,15,4,0,1,0.11,0.79,0.67,Madhya Pradesh,MP,69.3,59.2,24.8,18.5,Indore,6.8,0,25.9,21.8,0.108,0
PHD_2026_1605,DOCTORATE,Male,28,<2 LPA,0,10,27,3,0,1,0.55,0.63,0.35,Madhya Pradesh,MP,69.3,59.2,24.8,18.5,Bhopal,9.4,0,19.1,23.4,0.2501,0
PHD_2026_1606,DOCTORATE,Male,27,>10 LPA,0,9,40,3,0,1,0.16,0.71,0.89,Tamil Nadu,TN,80.1,73.4,51.4,8.1,Chennai,1.2,0,0.0,17.5,0.1984,0
PHD_2026_1607,DOCTORATE,Female,27,5-10 LPA,1,52,0,4,0,1,0.12,0.86,0.47,Bihar,BR,61.8,51.5,14.5,21.4,Patna,18.2,0,56.4,28.5,0.0749,0
PHD_2026_1608,DOCTORATE,Female,25,5-10 LPA,1,30,4,2,0,1,0.22,1.24,0.81,Haryana,HR,75.6,65.9,29.8,12.5,Gurugram,2.5,0,31.2,20.5,0.1007,0
PHD_2026_1609,DOCTORATE,Female,32,2-5 LPA,0,29,6,1,1,1,0.31,0.81,0.5,Karnataka,KA,75.4,68.1,36.2,12.0,Raichur,36.8,1,74.6,34.0,0.1766,0
PHD_2026_1610,DOCTORATE,Male,27,5-10 LPA,0,64,11,7,2,1,0.04,0.81,0.3,Rajasthan,RJ,66.1,52.1,26.0,17.2,Jaisalmer,31.8,1,86.7,33.2,0.0289,0
PHD_2026_1611,DOCTORATE,Male,28,<2 LPA,0,21,33,5,1,2,0.21,0.46,0.89,Uttar Pradesh,UP,67.7,57.2,23.2,16.8,Shravasti,49.6,1,96.5,48.2,0.2568,0
PHD_2026_1612,DOCTORATE,Female,24,>10 LPA,0,66,7,2,2,1,0.46,1.11,0.67,Gujarat,GJ,78.0,69.7,21.3,17.9,Narmada,32.4,1,89.5,30.5,0.0727,0
PHD_2026_1613,DOCTORATE,Female,29,5-10 LPA,0,33,98,3,3,1,0.45,0.33,0.54,Kerala,KL,94.0,92.1,43.2,3.2,Ernakulam,0.6,0,31.9,14.8,0.2179,0
PHD_2026_1614,DOCTORATE,Female,30,2-5 LPA,1,11,1,2,0,1,0.32,0.82,0.68,Madhya Pradesh,MP,69.3,59.2,24.8,18.5,Bhopal,9.4,0,19.1,23.4,0.1338,0
PHD_2026_1615,DOCTORATE,Male,32,5-10 LPA,0,51,4,5,3,2,0.11,1.04,0.81,Madhya Pradesh,MP,69.3,59.2,24.8,18.5,Barwani,46.1,1,85.5,37.1,0.0467,0
PHD_2026_1616,DOCTORATE,Female,33,<2 LPA,0,71,22,2,0,1,0.43,0.92,0.85,Tamil Nadu,TN,80.1,73.4,51.4,8.1,Ramanathapuram,7.8,1,69.7,22.1,0.2248,0
PHD_2026_1617,DOCTORATE,Male,31,2-5 LPA,0,68,1,1,2,1,0.26,1.14,0.67,Maharashtra,MH,82.3,75.9,32.3,11.2,Pune,3.9,0,39.1,21.0,0.0967,0
PHD_2026_1618,DOCTORATE,Male,29,2-5 LPA,1,43,22,3,2,1,0.39,0.79,0.16,Tamil Nadu,TN,80.1,73.4,51.4,8.1,Coimbatore,2.1,0,24.2,18.9,0.0642,0
PHD_2026_1619,DOCTORATE,Female,31,>10 LPA,0,65,13,3,2,1,0.47,0.51,0.82,Tamil Nadu,TN,80.1,73.4,51.4,8.1,Coimbatore,2.1,0,24.2,18.9,0.1228,0
PHD_2026_1620,DOCTORATE,Male,25,5-10 LPA,1,43,38,0,0,1,0.52,0.53,0.89,Haryana,HR,75.6,65.9,29.8,12.5,Gurugram,2.5,0,31.2,20.5,0.576,1
PHD_2026_1621,DOCTORATE,Female,33,2-5 LPA,1,33,8,5,1,1,0.07,1.2,0.71,Bihar,BR,61.8,51.5,14.5,21.4,Patna,18.2,0,56.4,28.5,0.0496,0
PHD_2026_1622,DOCTORATE,Female,30,5-10 LPA,0,42,72,5,1,1,0.04,0.65,0.53,Rajasthan,RJ,66.1,52.1,26.0,17.2,Kota,8.2,0,39.7,21.0,0.1321,0
PHD_2026_1623,DOCTORATE,Female,32,2-5 LPA,0,10,62,0,0,2,0.54,0.48,0.3,Rajasthan,RJ,66.1,52.1,26.0,17.2,Barmer,34.2,1,93.0,35.8,0.719,0
PHD_2026_1624,DOCTORATE,Female,28,5-10 LPA,0,43,45,0,1,1,0.6,0.41,0.51,Karnataka,KA,75.4,68.1,36.2,12.0,Raichur,36.8,1,74.6,34.0,0.4849,1
PHD_2026_1625,DOCTORATE,Female,24,<2 LPA,1,28,1,0,0,1,0.1,1.27,0.49,Bihar,BR,61.8,51.5,14.5,21.4,Patna,18.2,0,56.4,28.5,0.1296,0
PHD_2026_1626,DOCTORATE,Female,31,5-10 LPA,0,22,20,4,1,3,0.11,0.78,0.23,Haryana,HR,75.6,65.9,29.8,12.5,Nuh / Mewat,44.8,1,88.6,47.0,0.1037,0
PHD_2026_1627,DOCTORATE,Female,30,2-5 LPA,0,39,68,4,0,2,0.11,0.34,0.42,Haryana,HR,75.6,65.9,29.8,12.5,Nuh / Mewat,44.8,1,88.6,47.0,0.3581,0
PHD_2026_1628,DOCTORATE,Male,25,<2 LPA,1,48,40,4,3,1,0.39,0.71,0.76,Uttar Pradesh,UP,67.7,57.2,23.2,16.8,Shravasti,49.6,1,96.5,48.2,0.0871,0
PHD_2026_1629,DOCTORATE,Male,32,5-10 LPA,1,26,32,3,0,1,0.22,0.76,0.36,Uttar Pradesh,UP,67.7,57.2,23.2,16.8,Lucknow,8.5,0,33.8,24.1,0.1386,0
PHD_2026_1630,DOCTORATE,Male,29,<2 LPA,0,43,21,4,0,2,0.0,0.91,0.83,Maharashtra,MH,82.3,75.9,32.3,11.2,Pune,3.9,0,39.1,21.0,0.1739,0
PHD_2026_1631,DOCTORATE,Male,27,5-10 LPA,0,49,36,2,0,3,0.67,0.89,0.78,Uttar Pradesh,UP,67.7,57.2,23.2,16.8,Bahraich,54.4,1,92.1,46.5,0.5313,1
PHD_2026_1632,DOCTORATE,Male,28,<2 LPA,0,42,11,3,2,1,0.3,0.81,0.69,Gujarat,GJ,78.0,69.7,21.3,17.9,Dahod,40.5,1,88.0,38.1,0.0658,0
PHD_2026_1633,DOCTORATE,Male,29,2-5 LPA,0,46,22,3,1,1,0.35,0.69,0.55,Madhya Pradesh,MP,69.3,59.2,24.8,18.5,Bhopal,9.4,0,19.1,23.4,0.124,0
PHD_2026_1634,DOCTORATE,Male,27,2-5 LPA,0,71,52,1,0,2,0.49,0.2,0.7,Karnataka,KA,75.4,68.1,36.2,12.0,Yadgir,39.4,1,81.2,36.5,0.7636,1
PHD_2026_1635,DOCTORATE,Male,26,5-10 LPA,1,45,56,6,3,2,0.08,0.23,0.34,Kerala,KL,94.0,92.1,43.2,3.2,Wayanad,4.1,1,96.1,18.0,0.1031,0
PHD_2026_1636,DOCTORATE,Female,32,2-5 LPA,0,16,1,4,2,1,0.4,0.87,0.28,Uttar Pradesh,UP,67.7,57.2,23.2,16.8,Balrampur,47.9,1,92.3,45.0,0.0516,0
PHD_2026_1637,DOCTORATE,Male,31,2-5 LPA,1,66,15,7,3,2,0.0,0.91,0.81,Haryana,HR,75.6,65.9,29.8,12.5,Gurugram,2.5,0,31.2,20.5,0.0468,0
PHD_2026_1638,DOCTORATE,Male,27,2-5 LPA,1,44,28,3,1,1,0.3,0.77,0.42,Bihar,BR,61.8,51.5,14.5,21.4,Katihar,48.7,1,91.1,44.3,0.1081,0
PHD_2026_1639,DOCTORATE,Male,26,<2 LPA,0,29,0,3,0,1,0.15,1.01,0.24,Kerala,KL,94.0,92.1,43.2,3.2,Wayanad,4.1,1,96.1,18.0,0.0638,0
PHD_2026_1640,DOCTORATE,Male,30,2-5 LPA,0,61,51,2,1,1,0.36,0.2,0.47,Bihar,BR,61.8,51.5,14.5,21.4,Purnia,50.4,1,89.2,42.1,0.2226,0
PHD_2026_1641,DOCTORATE,Female,26,2-5 LPA,0,7,29,3,0,1,0.5,0.8,0.62,Tamil Nadu,TN,80.1,73.4,51.4,8.1,Coimbatore,2.1,0,24.2,18.9,0.2538,0
PHD_2026_1642,DOCTORATE,Male,27,2-5 LPA,0,22,7,4,0,1,0.25,1.2,0.5,Madhya Pradesh,MP,69.3,59.2,24.8,18.5,Barwani,46.1,1,85.5,37.1,0.0919,0
PHD_2026_1643,DOCTORATE,Female,31,5-10 LPA,0,39,19,4,0,1,0.22,0.69,0.56,Bihar,BR,61.8,51.5,14.5,21.4,Katihar,48.7,1,91.1,44.3,0.1398,0
PHD_2026_1644,DOCTORATE,Male,33,5-10 LPA,0,16,5,2,0,1,0.02,1.12,0.14,Haryana,HR,75.6,65.9,29.8,12.5,Nuh / Mewat,44.8,1,88.6,47.0,0.0455,0
PHD_2026_1645,DOCTORATE,Female,28,5-10 LPA,0,15,52,3,2,1,0.32,0.67,0.79,Maharashtra,MH,82.3,75.9,32.3,11.2,Pune,3.9,0,39.1,21.0,0.1381,0
PHD_2026_1646,DOCTORATE,Female,27,5-10 LPA,1,11,8,5,0,1,0.56,0.88,0.65,Tamil Nadu,TN,80.1,73.4,51.4,8.1,Coimbatore,2.1,0,24.2,18.9,0.2161,0
PHD_2026_1647,DOCTORATE,Female,32,2-5 LPA,0,17,10,2,1,1,0.47,0.69,0.62,Madhya Pradesh,MP,69.3,59.2,24.8,18.5,Bhopal,9.4,0,19.1,23.4,0.1409,0
PHD_2026_1648,DOCTORATE,Male,29,5-10 LPA,1,64,4,4,0,2,0.29,0.98,0.11,Karnataka,KA,75.4,68.1,36.2,12.0,Bengaluru Urban,1.8,0,9.1,18.2,0.1483,0
PHD_2026_1649,DOCTORATE,Female,24,<2 LPA,0,51,19,5,4,1,0.19,0.94,0.61,Rajasthan,RJ,66.1,52.1,26.0,17.2,Barmer,34.2,1,93.0,35.8,0.0219,0
PHD_2026_1650,DOCTORATE,Female,31,2-5 LPA,0,9,30,4,1,1,0.0,0.65,0.39,Maharashtra,MH,82.3,75.9,32.3,11.2,Nandurbar,33.1,1,83.3,32.4,0.0631,0
PHD_2026_1651,DOCTORATE,Female,33,5-10 LPA,0,48,21,2,1,2,0.26,0.99,0.8,Kerala,KL,94.0,92.1,43.2,3.2,Ernakulam,0.6,0,31.9,14.8,0.1824,0
PHD_2026_1652,DOCTORATE,Male,28,2-5 LPA,0,16,28,4,0,1,0.22,1.04,0.41,Maharashtra,MH,82.3,75.9,32.3,11.2,Mumbai,2.1,0,0.0,19.5,0.1162,0
PHD_2026_1653,DOCTORATE,Male,31,<2 LPA,0,55,26,3,0,3,0.22,1.04,0.71,Kerala,KL,94.0,92.1,43.2,3.2,Thiruvananthapuram,0.9,0,46.2,15.2,0.2381,0
PHD_2026_1654,DOCTORATE,Female,30,2-5 LPA,0,27,18,2,2,1,0.58,0.94,0.54,Bihar,BR,61.8,51.5,14.5,21.4,Katihar,48.7,1,91.1,44.3,0.1082,0
PHD_2026_1655,DOCTORATE,Female,32,2-5 LPA,0,13,5,3,0,1,0.13,1.47,0.23,Kerala,KL,94.0,92.1,43.2,3.2,Wayanad,4.1,1,96.1,18.0,0.0494,0
PHD_2026_1656,DOCTORATE,Male,28,5-10 LPA,1,11,31,2,0,1,0.13,1.01,0.56,Tamil Nadu,TN,80.1,73.4,51.4,8.1,Coimbatore,2.1,0,24.2,18.9,0.1155,0
PHD_2026_1657,DOCTORATE,Female,31,2-5 LPA,1,51,14,3,3,3,0.21,1.05,0.42,Uttar Pradesh,UP,67.7,57.2,23.2,16.8,Shravasti,49.6,1,96.5,48.2,0.0499,0
PHD_2026_1658,DOCTORATE,Female,32,5-10 LPA,1,42,113,2,0,1,0.48,0.2,0.53,Kerala,KL,94.0,92.1,43.2,3.2,Thiruvananthapuram,0.9,0,46.2,15.2,0.604,1
PHD_2026_1659,DOCTORATE,Female,30,>10 LPA,1,53,62,2,2,1,0.3,0.34,0.2,Tamil Nadu,TN,80.1,73.4,51.4,8.1,Coimbatore,2.1,0,24.2,18.9,0.1235,0
PHD_2026_1660,DOCTORATE,Male,30,5-10 LPA,0,23,32,3,0,2,0.0,0.86,0.27,Rajasthan,RJ,66.1,52.1,26.0,17.2,Jaisalmer,31.8,1,86.7,33.2,0.1437,0
PHD_2026_1661,DOCTORATE,Female,27,<2 LPA,1,22,53,2,1,1,0.38,0.41,0.23,Bihar,BR,61.8,51.5,14.5,21.4,Patna,18.2,0,56.4,28.5,0.1831,0
PHD_2026_1662,DOCTORATE,Male,30,5-10 LPA,1,34,14,1,1,1,0.89,0.93,0.72,Bihar,BR,61.8,51.5,14.5,21.4,Muzaffarpur,35.1,1,90.3,38.0,0.4891,0
PHD_2026_1663,DOCTORATE,Male,31,5-10 LPA,0,22,66,5,2,1,0.05,0.45,0.48,Bihar,BR,61.8,51.5,14.5,21.4,Purnia,50.4,1,89.2,42.1,0.0894,0
PHD_2026_1664,DOCTORATE,Male,32,2-5 LPA,1,13,124,2,2,1,0.86,0.2,0.69,Karnataka,KA,75.4,68.1,36.2,12.0,Raichur,36.8,1,74.6,34.0,0.6565,1
PHD_2026_1665,DOCTORATE,Female,29,<2 LPA,0,6,10,3,0,1,0.65,0.86,0.57,Uttar Pradesh,UP,67.7,57.2,23.2,16.8,Shravasti,49.6,1,96.5,48.2,0.2505,0
PHD_2026_1666,DOCTORATE,Male,29,2-5 LPA,0,26,10,2,2,1,0.49,0.85,0.42,Tamil Nadu,TN,80.1,73.4,51.4,8.1,Chennai,1.2,0,0.0,17.5,0.0782,1
PHD_2026_1667,DOCTORATE,Female,27,>10 LPA,0,52,9,5,0,1,0.54,0.85,0.47,Kerala,KL,94.0,92.1,43.2,3.2,Thiruvananthapuram,0.9,0,46.2,15.2,0.1913,0
PHD_2026_1668,DOCTORATE,Male,25,>10 LPA,1,41,73,2,0,1,0.42,0.45,0.5,Karnataka,KA,75.4,68.1,36.2,12.0,Raichur,36.8,1,74.6,34.0,0.3819,0
PHD_2026_1669,DOCTORATE,Female,31,<2 LPA,0,41,20,3,0,1,0.05,0.8,0.67,Tamil Nadu,TN,80.1,73.4,51.4,8.1,Coimbatore,2.1,0,24.2,18.9,0.1032,0
PHD_2026_1670,DOCTORATE,Female,28,<2 LPA,0,65,6,5,1,1,0.52,1.04,0.8,Haryana,HR,75.6,65.9,29.8,12.5,Gurugram,2.5,0,31.2,20.5,0.1371,0
PHD_2026_1671,DOCTORATE,Female,29,>10 LPA,0,46,9,4,3,3,0.09,0.77,0.39,Gujarat,GJ,78.0,69.7,21.3,17.9,Ahmedabad,3.8,0,15.9,20.2,0.0412,0
PHD_2026_1672,DOCTORATE,Male,29,2-5 LPA,0,18,21,2,0,1,0.32,0.77,0.77,Tamil Nadu,TN,80.1,73.4,51.4,8.1,Chennai,1.2,0,0.0,17.5,0.1865,0
PHD_2026_1673,DOCTORATE,Male,29,2-5 LPA,0,67,33,1,2,3,0.35,0.29,0.47,Kerala,KL,94.0,92.1,43.2,3.2,Wayanad,4.1,1,96.1,18.0,0.3645,1
PHD_2026_1674,DOCTORATE,Female,28,5-10 LPA,0,25,4,2,0,3,0.0,1.19,0.34,Bihar,BR,61.8,51.5,14.5,21.4,Patna,18.2,0,56.4,28.5,0.0869,0
PHD_2026_1675,DOCTORATE,Female,25,<2 LPA,0,32,11,5,1,1,0.4,1.15,0.54,Maharashtra,MH,82.3,75.9,32.3,11.2,Gadchiroli,28.5,1,89.0,28.9,0.0919,0
PHD_2026_1676,DOCTORATE,Male,28,<2 LPA,1,18,5,5,1,1,0.33,1.03,0.19,Gujarat,GJ,78.0,69.7,21.3,17.9,Ahmedabad,3.8,0,15.9,20.2,0.0615,0
PHD_2026_1677,DOCTORATE,Male,32,<2 LPA,0,43,9,1,2,1,0.16,0.99,0.29,Uttar Pradesh,UP,67.7,57.2,23.2,16.8,Lucknow,8.5,0,33.8,24.1,0.0731,0
PHD_2026_1678,DOCTORATE,Female,31,5-10 LPA,0,67,41,5,3,1,0.05,0.7,0.59,Bihar,BR,61.8,51.5,14.5,21.4,Muzaffarpur,35.1,1,90.3,38.0,0.0386,0
PHD_2026_1679,DOCTORATE,Male,33,5-10 LPA,0,69,36,6,5,1,0.01,0.73,0.54,Haryana,HR,75.6,65.9,29.8,12.5,Gurugram,2.5,0,31.2,20.5,0.0133,0
PHD_2026_1680,DOCTORATE,Male,33,5-10 LPA,0,12,12,4,0,1,0.26,0.85,0.37,Haryana,HR,75.6,65.9,29.8,12.5,Gurugram,2.5,0,31.2,20.5,0.1116,0
PHD_2026_1681,DOCTORATE,Female,26,2-5 LPA,0,66,103,2,3,2,0.46,0.2,0.29,Haryana,HR,75.6,65.9,29.8,12.5,Nuh / Mewat,44.8,1,88.6,47.0,0.3423,1
PHD_2026_1682,DOCTORATE,Female,31,5-10 LPA,0,23,22,2,0,2,0.17,0.66,0.66,Haryana,HR,75.6,65.9,29.8,12.5,Nuh / Mewat,44.8,1,88.6,47.0,0.2397,0
PHD_2026_1683,DOCTORATE,Male,29,5-10 LPA,0,57,72,4,0,1,0.7,0.83,0.36,Rajasthan,RJ,66.1,52.1,26.0,17.2,Barmer,34.2,1,93.0,35.8,0.4493,0
PHD_2026_1684,DOCTORATE,Male,33,2-5 LPA,0,26,44,1,0,1,0.61,0.76,0.12,Kerala,KL,94.0,92.1,43.2,3.2,Thiruvananthapuram,0.9,0,46.2,15.2,0.4741,0
PHD_2026_1685,DOCTORATE,Male,29,5-10 LPA,0,51,28,2,1,1,0.25,0.62,0.32,Kerala,KL,94.0,92.1,43.2,3.2,Thiruvananthapuram,0.9,0,46.2,15.2,0.0979,0
PHD_2026_1686,DOCTORATE,Male,32,>10 LPA,0,62,52,1,2,1,0.35,0.72,0.54,Gujarat,GJ,78.0,69.7,21.3,17.9,Narmada,32.4,1,89.5,30.5,0.2418,0
PHD_2026_1687,DOCTORATE,Female,32,5-10 LPA,0,35,28,7,1,2,0.06,0.31,0.05,Rajasthan,RJ,66.1,52.1,26.0,17.2,Jaisalmer,31.8,1,86.7,33.2,0.1205,0
PHD_2026_1688,DOCTORATE,Male,30,5-10 LPA,0,38,21,2,5,1,0.05,0.59,0.94,Haryana,HR,75.6,65.9,29.8,12.5,Nuh / Mewat,44.8,1,88.6,47.0,0.0167,0
PHD_2026_1689,DOCTORATE,Male,24,2-5 LPA,0,41,0,2,0,1,0.06,1.34,0.48,Kerala,KL,94.0,92.1,43.2,3.2,Thiruvananthapuram,0.9,0,46.2,15.2,0.0519,0
PHD_2026_1690,DOCTORATE,Female,25,5-10 LPA,0,8,40,0,0,1,0.48,0.73,0.09,Rajasthan,RJ,66.1,52.1,26.0,17.2,Jaisalmer,31.8,1,86.7,33.2,0.3835,0
PHD_2026_1691,DOCTORATE,Male,27,<2 LPA,0,24,4,3,1,2,0.26,0.96,0.34,Bihar,BR,61.8,51.5,14.5,21.4,Patna,18.2,0,56.4,28.5,0.1109,0
PHD_2026_1692,DOCTORATE,Female,33,2-5 LPA,1,71,11,6,5,1,0.48,0.72,0.37,Haryana,HR,75.6,65.9,29.8,12.5,Nuh / Mewat,44.8,1,88.6,47.0,0.0224,0
PHD_2026_1693,DOCTORATE,Male,32,5-10 LPA,0,54,12,6,1,1,0.28,0.62,0.44,Gujarat,GJ,78.0,69.7,21.3,17.9,Narmada,32.4,1,89.5,30.5,0.092,0
PHD_2026_1694,DOCTORATE,Female,25,2-5 LPA,1,55,25,6,0,1,0.1,0.57,0.15,Uttar Pradesh,UP,67.7,57.2,23.2,16.8,Shravasti,49.6,1,96.5,48.2,0.097,0
PHD_2026_1695,DOCTORATE,Female,29,2-5 LPA,0,17,19,5,0,1,0.23,0.62,0.85,Bihar,BR,61.8,51.5,14.5,21.4,Katihar,48.7,1,91.1,44.3,0.1761,1
PHD_2026_1696,DOCTORATE,Female,32,5-10 LPA,0,49,9,2,1,1,0.21,0.92,0.29,Tamil Nadu,TN,80.1,73.4,51.4,8.1,Ramanathapuram,7.8,1,69.7,22.1,0.0579,0
PHD_2026_1697,DOCTORATE,Male,27,2-5 LPA,1,63,7,1,1,2,0.21,1.16,0.4,Gujarat,GJ,78.0,69.7,21.3,17.9,Narmada,32.4,1,89.5,30.5,0.2012,0
PHD_2026_1698,DOCTORATE,Male,32,>10 LPA,0,22,13,2,0,1,0.28,0.79,0.66,Karnataka,KA,75.4,68.1,36.2,12.0,Raichur,36.8,1,74.6,34.0,0.145,0
PHD_2026_1699,DOCTORATE,Female,32,5-10 LPA,0,27,31,3,0,1,0.01,0.5,0.4,Rajasthan,RJ,66.1,52.1,26.0,17.2,Barmer,34.2,1,93.0,35.8,0.1077,0
PHD_2026_1700,DOCTORATE,Male,33,2-5 LPA,0,36,5,3,1,1,0.65,0.89,0.56,Maharashtra,MH,82.3,75.9,32.3,11.2,Mumbai,2.1,0,0.0,19.5,0.1587,0
PHD_2026_1701,DOCTORATE,Female,30,2-5 LPA,1,19,19,4,0,1,0.09,0.72,0.21,Gujarat,GJ,78.0,69.7,21.3,17.9,Narmada,32.4,1,89.5,30.5,0.0837,0
PHD_2026_1702,DOCTORATE,Male,28,<2 LPA,0,64,17,2,3,1,0.39,0.41,0.77,Gujarat,GJ,78.0,69.7,21.3,17.9,Narmada,32.4,1,89.5,30.5,0.0757,0
PHD_2026_1703,DOCTORATE,Female,30,<2 LPA,1,48,2,1,1,2,0.41,0.86,0.87,Gujarat,GJ,78.0,69.7,21.3,17.9,Narmada,32.4,1,89.5,30.5,0.3789,1
PHD_2026_1704,DOCTORATE,Male,25,>10 LPA,0,61,15,1,3,1,0.9,1.05,0.66,Haryana,HR,75.6,65.9,29.8,12.5,Nuh / Mewat,44.8,1,88.6,47.0,0.2637,0
PHD_2026_1705,DOCTORATE,Female,26,<2 LPA,0,68,135,2,4,1,0.52,0.2,0.52,Uttar Pradesh,UP,67.7,57.2,23.2,16.8,Bahraich,54.4,1,92.1,46.5,0.2757,0
PHD_2026_1706,DOCTORATE,Female,27,>10 LPA,0,6,11,2,0,1,0.74,1.04,0.84,Gujarat,GJ,78.0,69.7,21.3,17.9,Ahmedabad,3.8,0,15.9,20.2,0.3073,0
PHD_2026_1707,DOCTORATE,Female,26,<2 LPA,0,59,18,2,0,2,0.59,1.17,0.15,Tamil Nadu,TN,80.1,73.4,51.4,8.1,Ramanathapuram,7.8,1,69.7,22.1,0.2727,0
PHD_2026_1708,DOCTORATE,Male,25,5-10 LPA,0,38,0,3,1,1,0.47,1.15,0.25,Maharashtra,MH,82.3,75.9,32.3,11.2,Gadchiroli,28.5,1,89.0,28.9,0.0747,0
PHD_2026_1709,DOCTORATE,Male,31,5-10 LPA,0,40,14,1,1,1,0.46,1.14,0.39,Bihar,BR,61.8,51.5,14.5,21.4,Gaya,38.6,1,86.8,36.2,0.2015,0
PHD_2026_1710,DOCTORATE,Female,32,5-10 LPA,0,43,75,4,2,1,0.35,0.25,0.12,Rajasthan,RJ,66.1,52.1,26.0,17.2,Barmer,34.2,1,93.0,35.8,0.1592,0
PHD_2026_1711,DOCTORATE,Male,29,2-5 LPA,0,15,11,2,0,1,0.23,0.99,0.58,Maharashtra,MH,82.3,75.9,32.3,11.2,Gadchiroli,28.5,1,89.0,28.9,0.1099,0
PHD_2026_1712,DOCTORATE,Male,24,2-5 LPA,1,65,35,1,1,2,0.19,0.84,0.05,Gujarat,GJ,78.0,69.7,21.3,17.9,Narmada,32.4,1,89.5,30.5,0.2569,0
PHD_2026_1713,DOCTORATE,Female,26,2-5 LPA,0,49,6,4,1,1,0.03,0.91,0.65,Bihar,BR,61.8,51.5,14.5,21.4,Patna,18.2,0,56.4,28.5,0.0494,0
PHD_2026_1714,DOCTORATE,Female,27,2-5 LPA,0,40,24,1,2,1,0.12,0.48,0.22,Uttar Pradesh,UP,67.7,57.2,23.2,16.8,Varanasi,16.3,0,56.6,29.4,0.1037,0
PHD_2026_1715,DOCTORATE,Male,28,5-10 LPA,0,50,15,3,3,1,0.1,0.98,0.48,Haryana,HR,75.6,65.9,29.8,12.5,Nuh / Mewat,44.8,1,88.6,47.0,0.0234,0
PHD_2026_1716,DOCTORATE,Female,24,2-5 LPA,1,38,30,3,1,2,0.14,0.53,0.21,Karnataka,KA,75.4,68.1,36.2,12.0,Raichur,36.8,1,74.6,34.0,0.1424,0
PHD_2026_1717,DOCTORATE,Male,24,2-5 LPA,0,46,36,3,2,1,0.11,0.76,0.13,Uttar Pradesh,UP,67.7,57.2,23.2,16.8,Noida / Gautam Buddha Nagar,7.1,0,40.9,22.0,0.0437,0
PHD_2026_1718,DOCTORATE,Male,33,2-5 LPA,0,55,60,6,3,1,0.0,0.44,0.47,Haryana,HR,75.6,65.9,29.8,12.5,Nuh / Mewat,44.8,1,88.6,47.0,0.0491,0
PHD_2026_1719,DOCTORATE,Female,33,5-10 LPA,0,30,5,6,0,1,0.54,0.7,0.57,Karnataka,KA,75.4,68.1,36.2,12.0,Bengaluru Urban,1.8,0,9.1,18.2,0.2098,0
PHD_2026_1720,DOCTORATE,Female,26,<2 LPA,0,42,5,6,2,2,0.09,1.33,0.53,Karnataka,KA,75.4,68.1,36.2,12.0,Raichur,36.8,1,74.6,34.0,0.0485,0
PHD_2026_1721,DOCTORATE,Female,24,>10 LPA,0,55,12,1,4,1,0.26,0.68,0.54,Haryana,HR,75.6,65.9,29.8,12.5,Nuh / Mewat,44.8,1,88.6,47.0,0.0565,0
PHD_2026_1722,DOCTORATE,Male,27,5-10 LPA,0,58,23,2,3,2,0.13,0.74,0.77,Tamil Nadu,TN,80.1,73.4,51.4,8.1,Ramanathapuram,7.8,1,69.7,22.1,0.0733,0
PHD_2026_1723,DOCTORATE,Female,32,5-10 LPA,1,55,24,6,2,1,0.0,0.59,0.5,Tamil Nadu,TN,80.1,73.4,51.4,8.1,Chennai,1.2,0,0.0,17.5,0.0422,0
PHD_2026_1724,DOCTORATE,Male,28,5-10 LPA,1,13,48,3,0,1,0.28,0.8,0.05,Maharashtra,MH,82.3,75.9,32.3,11.2,Pune,3.9,0,39.1,21.0,0.1524,0
PHD_2026_1725,DOCTORATE,Male,33,<2 LPA,1,67,1,2,1,1,0.25,1.14,0.28,Karnataka,KA,75.4,68.1,36.2,12.0,Yadgir,39.4,1,81.2,36.5,0.0497,0
PHD_2026_1726,DOCTORATE,Female,29,2-5 LPA,0,10,2,3,0,1,0.03,0.55,0.25,Tamil Nadu,TN,80.1,73.4,51.4,8.1,Chennai,1.2,0,0.0,17.5,0.066,0
PHD_2026_1727,DOCTORATE,Male,31,2-5 LPA,1,60,1,3,3,1,0.67,0.95,0.13,Maharashtra,MH,82.3,75.9,32.3,11.2,Pune,3.9,0,39.1,21.0,0.0498,0
PHD_2026_1728,DOCTORATE,Male,32,5-10 LPA,0,6,32,4,1,1,0.0,0.67,0.65,Gujarat,GJ,78.0,69.7,21.3,17.9,Narmada,32.4,1,89.5,30.5,0.0766,0
PHD_2026_1729,DOCTORATE,Female,28,2-5 LPA,0,70,20,4,4,3,0.57,0.51,0.68,Tamil Nadu,TN,80.1,73.4,51.4,8.1,Chennai,1.2,0,0.0,17.5,0.1195,0
PHD_2026_1730,DOCTORATE,Female,32,2-5 LPA,0,40,39,3,1,1,0.09,0.4,0.64,Rajasthan,RJ,66.1,52.1,26.0,17.2,Barmer,34.2,1,93.0,35.8,0.117,0
PHD_2026_1731,DOCTORATE,Male,30,2-5 LPA,0,20,53,5,1,1,0.3,0.55,0.27,Madhya Pradesh,MP,69.3,59.2,24.8,18.5,Alirajpur,52.0,1,92.2,39.5,0.1526,0
PHD_2026_1732,DOCTORATE,Male,33,>10 LPA,0,42,4,2,1,2,0.61,0.84,0.63,Haryana,HR,75.6,65.9,29.8,12.5,Nuh / Mewat,44.8,1,88.6,47.0,0.264,0
PHD_2026_1733,DOCTORATE,Female,24,>10 LPA,0,67,50,0,2,1,0.67,0.23,0.67,Rajasthan,RJ,66.1,52.1,26.0,17.2,Kota,8.2,0,39.7,21.0,0.487,0
PHD_2026_1734,DOCTORATE,Male,25,5-10 LPA,0,37,19,3,2,1,0.28,1.14,0.71,Tamil Nadu,TN,80.1,73.4,51.4,8.1,Ramanathapuram,7.8,1,69.7,22.1,0.0598,0
PHD_2026_1735,DOCTORATE,Male,30,5-10 LPA,0,37,20,2,1,1,0.4,0.73,0.47,Madhya Pradesh,MP,69.3,59.2,24.8,18.5,Barwani,46.1,1,85.5,37.1,0.1228,0
PHD_2026_1736,DOCTORATE,Male,25,2-5 LPA,0,15,4,4,0,2,0.13,0.88,0.37,Bihar,BR,61.8,51.5,14.5,21.4,Katihar,48.7,1,91.1,44.3,0.135,0
PHD_2026_1737,DOCTORATE,Female,33,5-10 LPA,0,43,77,2,2,1,0.22,0.62,0.19,Kerala,KL,94.0,92.1,43.2,3.2,Thiruvananthapuram,0.9,0,46.2,15.2,0.1094,0
PHD_2026_1738,DOCTORATE,Male,24,2-5 LPA,0,68,13,1,3,2,0.58,0.67,0.9,Kerala,KL,94.0,92.1,43.2,3.2,Ernakulam,0.6,0,31.9,14.8,0.3293,0
PHD_2026_1739,DOCTORATE,Male,32,<2 LPA,0,30,7,2,0,1,0.18,0.82,0.15,Kerala,KL,94.0,92.1,43.2,3.2,Ernakulam,0.6,0,31.9,14.8,0.0769,0
PHD_2026_1740,DOCTORATE,Male,29,>10 LPA,1,65,5,5,1,2,0.35,1.09,0.72,Bihar,BR,61.8,51.5,14.5,21.4,Muzaffarpur,35.1,1,90.3,38.0,0.1567,0
PHD_2026_1741,DOCTORATE,Female,30,2-5 LPA,1,56,10,6,1,1,0.0,0.79,0.31,Rajasthan,RJ,66.1,52.1,26.0,17.2,Barmer,34.2,1,93.0,35.8,0.0415,0
PHD_2026_1742,DOCTORATE,Female,29,5-10 LPA,0,50,85,3,3,1,0.31,0.2,0.21,Bihar,BR,61.8,51.5,14.5,21.4,Patna,18.2,0,56.4,28.5,0.1235,0
PHD_2026_1743,DOCTORATE,Female,28,>10 LPA,0,65,18,3,1,1,0.41,1.02,0.41,Karnataka,KA,75.4,68.1,36.2,12.0,Bengaluru Urban,1.8,0,9.1,18.2,0.1009,0
PHD_2026_1744,DOCTORATE,Male,28,5-10 LPA,1,30,57,3,0,1,0.18,0.42,0.49,Tamil Nadu,TN,80.1,73.4,51.4,8.1,Ramanathapuram,7.8,1,69.7,22.1,0.2254,0
PHD_2026_1745,DOCTORATE,Male,32,5-10 LPA,1,39,6,6,2,1,0.15,0.47,0.05,Karnataka,KA,75.4,68.1,36.2,12.0,Raichur,36.8,1,74.6,34.0,0.0346,0
PHD_2026_1746,DOCTORATE,Male,33,2-5 LPA,0,37,18,2,3,1,0.04,1.0,0.64,Rajasthan,RJ,66.1,52.1,26.0,17.2,Jaisalmer,31.8,1,86.7,33.2,0.024,0
PHD_2026_1747,DOCTORATE,Female,24,5-10 LPA,1,54,42,4,4,1,0.19,0.83,0.64,Karnataka,KA,75.4,68.1,36.2,12.0,Yadgir,39.4,1,81.2,36.5,0.0329,0
PHD_2026_1748,DOCTORATE,Male,24,2-5 LPA,1,7,19,4,0,2,0.07,0.61,0.25,Maharashtra,MH,82.3,75.9,32.3,11.2,Nandurbar,33.1,1,83.3,32.4,0.1545,0
PHD_2026_1749,DOCTORATE,Male,32,2-5 LPA,0,48,6,3,2,2,0.44,1.23,0.32,Kerala,KL,94.0,92.1,43.2,3.2,Wayanad,4.1,1,96.1,18.0,0.092,0
PHD_2026_1750,DOCTORATE,Female,29,5-10 LPA,1,21,36,2,1,1,0.54,1.21,0.43,Rajasthan,RJ,66.1,52.1,26.0,17.2,Jaisalmer,31.8,1,86.7,33.2,0.1519,0
PHD_2026_1751,DOCTORATE,Female,33,2-5 LPA,0,39,8,5,1,2,0.0,0.93,0.54,Maharashtra,MH,82.3,75.9,32.3,11.2,Mumbai,2.1,0,0.0,19.5,0.0804,0
PHD_2026_1752,DOCTORATE,Male,33,2-5 LPA,0,27,56,3,0,1,0.23,0.47,0.73,Madhya Pradesh,MP,69.3,59.2,24.8,18.5,Barwani,46.1,1,85.5,37.1,0.274,0
PHD_2026_1753,DOCTORATE,Male,27,5-10 LPA,0,29,28,1,2,1,0.36,1.34,0.29,Haryana,HR,75.6,65.9,29.8,12.5,Nuh / Mewat,44.8,1,88.6,47.0,0.1176,0
PHD_2026_1754,DOCTORATE,Male,31,>10 LPA,0,12,28,2,0,1,0.0,0.72,0.71,Rajasthan,RJ,66.1,52.1,26.0,17.2,Jaipur,6.9,0,47.6,22.5,0.1107,0
PHD_2026_1755,DOCTORATE,Male,32,5-10 LPA,0,51,118,1,5,1,0.47,0.31,0.85,Rajasthan,RJ,66.1,52.1,26.0,17.2,Jaipur,6.9,0,47.6,22.5,0.3252,0
PHD_2026_1756,DOCTORATE,Female,29,>10 LPA,0,10,20,4,0,1,0.05,0.45,0.74,Madhya Pradesh,MP,69.3,59.2,24.8,18.5,Alirajpur,52.0,1,92.2,39.5,0.1302,0
PHD_2026_1757,DOCTORATE,Female,32,<2 LPA,0,9,41,2,1,1,0.25,0.66,0.4,Gujarat,GJ,78.0,69.7,21.3,17.9,Narmada,32.4,1,89.5,30.5,0.1214,0
PHD_2026_1758,DOCTORATE,Male,33,2-5 LPA,1,54,2,2,1,1,0.68,0.95,0.91,Tamil Nadu,TN,80.1,73.4,51.4,8.1,Chennai,1.2,0,0.0,17.5,0.1975,0
PHD_2026_1759,DOCTORATE,Female,26,2-5 LPA,0,31,0,3,0,1,0.41,1.07,0.75,Uttar Pradesh,UP,67.7,57.2,23.2,16.8,Shravasti,49.6,1,96.5,48.2,0.1448,0
PHD_2026_1760,DOCTORATE,Male,32,5-10 LPA,0,69,68,0,4,1,0.17,0.65,0.36,Rajasthan,RJ,66.1,52.1,26.0,17.2,Barmer,34.2,1,93.0,35.8,0.0939,0
PHD_2026_1761,DOCTORATE,Female,31,2-5 LPA,0,14,11,4,1,1,0.53,0.56,0.68,Kerala,KL,94.0,92.1,43.2,3.2,Ernakulam,0.6,0,31.9,14.8,0.1736,1
PHD_2026_1762,DOCTORATE,Male,29,5-10 LPA,0,31,53,1,1,1,0.78,0.72,0.35,Haryana,HR,75.6,65.9,29.8,12.5,Nuh / Mewat,44.8,1,88.6,47.0,0.5318,1
PHD_2026_1763,DOCTORATE,Male,33,>10 LPA,1,23,7,2,1,1,0.21,1.01,0.27,Kerala,KL,94.0,92.1,43.2,3.2,Wayanad,4.1,1,96.1,18.0,0.0531,0
PHD_2026_1764,DOCTORATE,Male,30,2-5 LPA,1,20,37,4,0,1,0.0,0.9,0.56,Gujarat,GJ,78.0,69.7,21.3,17.9,Narmada,32.4,1,89.5,30.5,0.1025,0
PHD_2026_1765,DOCTORATE,Male,27,5-10 LPA,0,10,115,4,0,1,0.4,0.2,0.06,Uttar Pradesh,UP,67.7,57.2,23.2,16.8,Lucknow,8.5,0,33.8,24.1,0.4842,1
PHD_2026_1766,DOCTORATE,Female,27,2-5 LPA,1,15,59,1,0,1,0.6,0.35,0.19,Madhya Pradesh,MP,69.3,59.2,24.8,18.5,Alirajpur,52.0,1,92.2,39.5,0.5933,1
PHD_2026_1767,DOCTORATE,Female,28,5-10 LPA,0,28,5,1,0,1,0.05,0.45,0.42,Karnataka,KA,75.4,68.1,36.2,12.0,Bengaluru Urban,1.8,0,9.1,18.2,0.1793,0
PHD_2026_1768,DOCTORATE,Female,30,<2 LPA,0,21,11,4,1,1,0.36,0.88,0.25,Maharashtra,MH,82.3,75.9,32.3,11.2,Gadchiroli,28.5,1,89.0,28.9,0.081,0
PHD_2026_1769,DOCTORATE,Female,30,5-10 LPA,0,64,7,2,2,1,0.57,0.76,0.73,Rajasthan,RJ,66.1,52.1,26.0,17.2,Barmer,34.2,1,93.0,35.8,0.1145,0
PHD_2026_1770,DOCTORATE,Female,28,2-5 LPA,1,64,3,3,3,2,0.16,1.18,0.1,Rajasthan,RJ,66.1,52.1,26.0,17.2,Jaisalmer,31.8,1,86.7,33.2,0.0281,0
PHD_2026_1771,DOCTORATE,Male,27,5-10 LPA,1,26,13,3,3,1,0.21,1.14,0.62,Madhya Pradesh,MP,69.3,59.2,24.8,18.5,Bhopal,9.4,0,19.1,23.4,0.0287,0
PHD_2026_1772,DOCTORATE,Female,29,5-10 LPA,0,24,23,4,1,1,0.0,0.91,0.29,Gujarat,GJ,78.0,69.7,21.3,17.9,Dahod,40.5,1,88.0,38.1,0.046,0
PHD_2026_1773,DOCTORATE,Female,28,5-10 LPA,0,40,14,3,3,1,0.38,1.05,0.41,Maharashtra,MH,82.3,75.9,32.3,11.2,Mumbai,2.1,0,0.0,19.5,0.0379,0
PHD_2026_1774,DOCTORATE,Female,25,<2 LPA,1,27,7,0,0,2,0.46,0.96,0.35,Bihar,BR,61.8,51.5,14.5,21.4,Purnia,50.4,1,89.2,42.1,0.4249,0
PHD_2026_1775,DOCTORATE,Male,27,2-5 LPA,0,37,48,3,0,2,0.33,0.81,0.91,Bihar,BR,61.8,51.5,14.5,21.4,Gaya,38.6,1,86.8,36.2,0.4269,0
PHD_2026_1776,DOCTORATE,Male,25,5-10 LPA,1,48,36,6,0,1,0.0,1.0,0.51,Uttar Pradesh,UP,67.7,57.2,23.2,16.8,Noida / Gautam Buddha Nagar,7.1,0,40.9,22.0,0.0931,0
PHD_2026_1777,DOCTORATE,Male,27,2-5 LPA,0,56,82,5,0,1,0.6,0.52,0.35,Rajasthan,RJ,66.1,52.1,26.0,17.2,Jaipur,6.9,0,47.6,22.5,0.477,1
PHD_2026_1778,DOCTORATE,Female,31,5-10 LPA,0,6,10,4,0,1,0.16,0.81,0.8,Maharashtra,MH,82.3,75.9,32.3,11.2,Pune,3.9,0,39.1,21.0,0.1197,0
PHD_2026_1779,DOCTORATE,Female,25,5-10 LPA,0,32,43,3,1,1,0.29,0.69,0.66,Tamil Nadu,TN,80.1,73.4,51.4,8.1,Chennai,1.2,0,0.0,17.5,0.1561,0
PHD_2026_1780,DOCTORATE,Male,33,5-10 LPA,1,10,83,2,0,1,0.44,0.2,0.87,Bihar,BR,61.8,51.5,14.5,21.4,Patna,18.2,0,56.4,28.5,0.5355,1
PHD_2026_1781,DOCTORATE,Male,32,2-5 LPA,0,13,40,3,0,1,0.54,0.86,0.34,Rajasthan,RJ,66.1,52.1,26.0,17.2,Jaipur,6.9,0,47.6,22.5,0.2529,0
PHD_2026_1782,DOCTORATE,Male,26,2-5 LPA,0,40,43,6,2,1,0.46,0.46,0.39,Haryana,HR,75.6,65.9,29.8,12.5,Nuh / Mewat,44.8,1,88.6,47.0,0.1376,0
PHD_2026_1783,DOCTORATE,Female,32,2-5 LPA,0,25,82,2,2,1,0.3,0.23,0.59,Maharashtra,MH,82.3,75.9,32.3,11.2,Mumbai,2.1,0,0.0,19.5,0.2141,0
PHD_2026_1784,DOCTORATE,Male,27,5-10 LPA,0,16,16,7,0,1,0.0,0.51,0.49,Gujarat,GJ,78.0,69.7,21.3,17.9,Dahod,40.5,1,88.0,38.1,0.0913,0
PHD_2026_1785,DOCTORATE,Male,26,2-5 LPA,1,65,6,1,2,1,0.08,0.88,0.35,Bihar,BR,61.8,51.5,14.5,21.4,Patna,18.2,0,56.4,28.5,0.0657,0
PHD_2026_1786,DOCTORATE,Male,27,>10 LPA,0,22,49,2,1,2,0.23,0.35,0.69,Bihar,BR,61.8,51.5,14.5,21.4,Patna,18.2,0,56.4,28.5,0.2972,0
PHD_2026_1787,DOCTORATE,Male,25,>10 LPA,1,24,55,4,2,2,0.16,0.59,0.14,Haryana,HR,75.6,65.9,29.8,12.5,Nuh / Mewat,44.8,1,88.6,47.0,0.1266,0
PHD_2026_1788,DOCTORATE,Male,28,2-5 LPA,1,9,5,5,0,1,0.06,0.77,0.47,Gujarat,GJ,78.0,69.7,21.3,17.9,Narmada,32.4,1,89.5,30.5,0.0767,0
PHD_2026_1789,DOCTORATE,Female,33,2-5 LPA,1,52,22,3,2,3,0.29,0.27,0.61,Uttar Pradesh,UP,67.7,57.2,23.2,16.8,Bahraich,54.4,1,92.1,46.5,0.1704,0
PHD_2026_1790,DOCTORATE,Female,32,2-5 LPA,0,49,67,5,3,1,0.02,0.4,0.35,Karnataka,KA,75.4,68.1,36.2,12.0,Bengaluru Urban,1.8,0,9.1,18.2,0.0531,1
PHD_2026_1791,DOCTORATE,Male,33,5-10 LPA,0,65,3,4,0,2,0.36,0.78,0.7,Gujarat,GJ,78.0,69.7,21.3,17.9,Narmada,32.4,1,89.5,30.5,0.2572,0
PHD_2026_1792,DOCTORATE,Female,24,>10 LPA,0,69,26,5,2,1,0.37,1.04,0.45,Bihar,BR,61.8,51.5,14.5,21.4,Katihar,48.7,1,91.1,44.3,0.0702,0
PHD_2026_1793,DOCTORATE,Male,33,5-10 LPA,1,8,42,7,1,2,0.19,0.83,0.78,Haryana,HR,75.6,65.9,29.8,12.5,Nuh / Mewat,44.8,1,88.6,47.0,0.2195,0
PHD_2026_1794,DOCTORATE,Female,32,2-5 LPA,0,21,46,2,2,2,0.49,0.85,0.54,Uttar Pradesh,UP,67.7,57.2,23.2,16.8,Balrampur,47.9,1,92.3,45.0,0.2335,0
PHD_2026_1795,DOCTORATE,Female,26,2-5 LPA,0,10,39,5,0,1,0.2,0.52,0.49,Bihar,BR,61.8,51.5,14.5,21.4,Patna,18.2,0,56.4,28.5,0.1791,0
PHD_2026_1796,DOCTORATE,Male,24,<2 LPA,0,29,118,2,5,1,0.39,0.2,0.51,Uttar Pradesh,UP,67.7,57.2,23.2,16.8,Varanasi,16.3,0,56.6,29.4,0.1223,0
PHD_2026_1797,DOCTORATE,Male,29,2-5 LPA,0,60,19,5,3,1,0.45,0.86,0.58,Madhya Pradesh,MP,69.3,59.2,24.8,18.5,Indore,6.8,0,25.9,21.8,0.0605,0
PHD_2026_1798,DOCTORATE,Female,26,2-5 LPA,0,34,30,3,1,1,0.14,0.96,0.56,Karnataka,KA,75.4,68.1,36.2,12.0,Raichur,36.8,1,74.6,34.0,0.0793,0
PHD_2026_1799,DOCTORATE,Female,33,5-10 LPA,0,62,12,1,3,1,0.62,0.7,0.95,Tamil Nadu,TN,80.1,73.4,51.4,8.1,Ramanathapuram,7.8,1,69.7,22.1,0.2217,0
PHD_2026_1800,DOCTORATE,Female,25,2-5 LPA,0,15,23,2,0,1,0.67,1.13,0.76,Rajasthan,RJ,66.1,52.1,26.0,17.2,Jaisalmer,31.8,1,86.7,33.2,0.2928,0
PHD_2026_1801,DOCTORATE,Male,33,2-5 LPA,0,12,21,0,0,3,0.26,1.02,0.57,Madhya Pradesh,MP,69.3,59.2,24.8,18.5,Alirajpur,52.0,1,92.2,39.5,0.4022,0
PHD_2026_1802,DOCTORATE,Female,32,2-5 LPA,0,29,35,6,0,1,0.57,1.11,0.83,Maharashtra,MH,82.3,75.9,32.3,11.2,Nandurbar,33.1,1,83.3,32.4,0.2988,0
PHD_2026_1803,DOCTORATE,Male,33,5-10 LPA,1,15,21,6,2,1,0.1,0.86,0.73,Kerala,KL,94.0,92.1,43.2,3.2,Wayanad,4.1,1,96.1,18.0,0.0513,0
PHD_2026_1804,DOCTORATE,Female,32,5-10 LPA,0,18,78,6,1,1,0.35,0.69,0.16,Kerala,KL,94.0,92.1,43.2,3.2,Thiruvananthapuram,0.9,0,46.2,15.2,0.1965,1
PHD_2026_1805,DOCTORATE,Male,30,5-10 LPA,1,41,16,3,4,1,0.2,0.58,0.67,Madhya Pradesh,MP,69.3,59.2,24.8,18.5,Bhopal,9.4,0,19.1,23.4,0.0274,1
PHD_2026_1806,DOCTORATE,Male,32,2-5 LPA,0,52,33,4,2,2,0.4,0.43,0.39,Karnataka,KA,75.4,68.1,36.2,12.0,Yadgir,39.4,1,81.2,36.5,0.1904,0
PHD_2026_1807,DOCTORATE,Female,31,>10 LPA,0,67,23,2,1,1,0.35,0.72,0.63,Karnataka,KA,75.4,68.1,36.2,12.0,Raichur,36.8,1,74.6,34.0,0.13,1
PHD_2026_1808,DOCTORATE,Male,25,<2 LPA,0,42,26,4,1,1,0.09,0.56,0.69,Kerala,KL,94.0,92.1,43.2,3.2,Thiruvananthapuram,0.9,0,46.2,15.2,0.092,0
PHD_2026_1809,DOCTORATE,Female,24,2-5 LPA,1,45,46,3,0,1,0.13,0.77,0.13,Haryana,HR,75.6,65.9,29.8,12.5,Nuh / Mewat,44.8,1,88.6,47.0,0.1198,0
PHD_2026_1810,DOCTORATE,Female,29,2-5 LPA,0,26,1,5,1,1,0.0,0.84,0.46,Haryana,HR,75.6,65.9,29.8,12.5,Gurugram,2.5,0,31.2,20.5,0.0392,0
PHD_2026_1811,DOCTORATE,Female,26,5-10 LPA,1,50,2,2,3,2,0.23,0.9,0.21,Maharashtra,MH,82.3,75.9,32.3,11.2,Nandurbar,33.1,1,83.3,32.4,0.0409,0
PHD_2026_1812,DOCTORATE,Female,25,2-5 LPA,0,39,3,5,1,3,0.0,0.82,0.44,Uttar Pradesh,UP,67.7,57.2,23.2,16.8,Balrampur,47.9,1,92.3,45.0,0.0745,0
PHD_2026_1813,DOCTORATE,Female,32,<2 LPA,0,8,18,0,2,1,0.65,0.89,0.42,Uttar Pradesh,UP,67.7,57.2,23.2,16.8,Bahraich,54.4,1,92.1,46.5,0.2354,0
PHD_2026_1814,DOCTORATE,Male,28,<2 LPA,0,11,26,6,0,1,0.0,0.81,0.53,Bihar,BR,61.8,51.5,14.5,21.4,Purnia,50.4,1,89.2,42.1,0.0913,0
PHD_2026_1815,DOCTORATE,Female,29,2-5 LPA,0,18,25,1,2,1,0.47,0.61,0.6,Bihar,BR,61.8,51.5,14.5,21.4,Patna,18.2,0,56.4,28.5,0.2402,0
PHD_2026_1816,DOCTORATE,Female,32,5-10 LPA,0,47,174,1,0,1,0.68,0.2,0.44,Karnataka,KA,75.4,68.1,36.2,12.0,Bengaluru Urban,1.8,0,9.1,18.2,0.9287,1
PHD_2026_1817,DOCTORATE,Female,27,>10 LPA,0,7,19,1,0,1,0.22,1.24,0.91,Haryana,HR,75.6,65.9,29.8,12.5,Nuh / Mewat,44.8,1,88.6,47.0,0.258,0
PHD_2026_1818,DOCTORATE,Female,27,5-10 LPA,0,34,17,2,1,1,0.62,1.06,0.34,Tamil Nadu,TN,80.1,73.4,51.4,8.1,Ramanathapuram,7.8,1,69.7,22.1,0.1394,0
PHD_2026_1819,DOCTORATE,Female,33,5-10 LPA,0,48,34,4,1,2,0.09,0.61,0.67,Gujarat,GJ,78.0,69.7,21.3,17.9,Narmada,32.4,1,89.5,30.5,0.1756,0
PHD_2026_1820,DOCTORATE,Male,33,2-5 LPA,0,58,67,1,1,1,0.33,0.35,0.17,Maharashtra,MH,82.3,75.9,32.3,11.2,Mumbai,2.1,0,0.0,19.5,0.3648,0
PHD_2026_1821,DOCTORATE,Female,30,<2 LPA,1,64,75,1,1,1,0.48,0.32,0.53,Rajasthan,RJ,66.1,52.1,26.0,17.2,Kota,8.2,0,39.7,21.0,0.5471,1
PHD_2026_1822,DOCTORATE,Male,24,5-10 LPA,0,12,2,3,2,1,0.32,0.93,0.45,Rajasthan,RJ,66.1,52.1,26.0,17.2,Jaipur,6.9,0,47.6,22.5,0.0476,0
PHD_2026_1823,DOCTORATE,Male,27,5-10 LPA,0,41,27,4,2,3,0.07,0.99,0.81,Madhya Pradesh,MP,69.3,59.2,24.8,18.5,Bhopal,9.4,0,19.1,23.4,0.0937,0
PHD_2026_1824,DOCTORATE,Male,29,>10 LPA,1,10,19,2,0,1,0.4,0.73,0.24,Haryana,HR,75.6,65.9,29.8,12.5,Nuh / Mewat,44.8,1,88.6,47.0,0.1554,0
PHD_2026_1825,DOCTORATE,Female,25,>10 LPA,0,47,8,2,0,1,0.48,1.15,0.83,Rajasthan,RJ,66.1,52.1,26.0,17.2,Jaisalmer,31.8,1,86.7,33.2,0.1832,0
PHD_2026_1826,DOCTORATE,Male,26,2-5 LPA,1,49,6,1,1,1,0.18,1.02,0.49,Karnataka,KA,75.4,68.1,36.2,12.0,Raichur,36.8,1,74.6,34.0,0.1248,0
PHD_2026_1827,DOCTORATE,Female,30,2-5 LPA,0,69,15,6,2,1,0.0,1.12,0.41,Uttar Pradesh,UP,67.7,57.2,23.2,16.8,Varanasi,16.3,0,56.6,29.4,0.0255,0
PHD_2026_1828,DOCTORATE,Female,28,2-5 LPA,1,51,17,6,0,1,0.09,1.17,0.29,Haryana,HR,75.6,65.9,29.8,12.5,Gurugram,2.5,0,31.2,20.5,0.0674,0
PHD_2026_1829,DOCTORATE,Female,33,2-5 LPA,0,8,1,1,1,1,0.24,0.98,0.23,Uttar Pradesh,UP,67.7,57.2,23.2,16.8,Noida / Gautam Buddha Nagar,7.1,0,40.9,22.0,0.1113,0
PHD_2026_1830,DOCTORATE,Female,32,>10 LPA,0,21,8,3,0,1,0.37,1.07,0.31,Madhya Pradesh,MP,69.3,59.2,24.8,18.5,Barwani,46.1,1,85.5,37.1,0.1125,0
PHD_2026_1831,DOCTORATE,Male,31,2-5 LPA,0,17,107,2,0,1,0.55,0.2,0.55,Uttar Pradesh,UP,67.7,57.2,23.2,16.8,Balrampur,47.9,1,92.3,45.0,0.6266,1
PHD_2026_1832,DOCTORATE,Female,29,>10 LPA,1,53,11,4,1,1,0.54,0.79,0.28,Bihar,BR,61.8,51.5,14.5,21.4,Muzaffarpur,35.1,1,90.3,38.0,0.125,1
PHD_2026_1833,DOCTORATE,Male,29,<2 LPA,0,66,55,1,2,1,0.52,0.71,0.18,Karnataka,KA,75.4,68.1,36.2,12.0,Bengaluru Urban,1.8,0,9.1,18.2,0.2743,1
PHD_2026_1834,DOCTORATE,Female,27,5-10 LPA,0,27,134,6,2,1,0.31,0.2,0.15,Karnataka,KA,75.4,68.1,36.2,12.0,Bengaluru Urban,1.8,0,9.1,18.2,0.3083,0
PHD_2026_1835,DOCTORATE,Female,27,5-10 LPA,0,30,12,4,0,1,0.16,0.8,0.88,Tamil Nadu,TN,80.1,73.4,51.4,8.1,Ramanathapuram,7.8,1,69.7,22.1,0.1304,0
PHD_2026_1836,DOCTORATE,Female,32,5-10 LPA,0,33,1,1,3,1,0.26,1.06,0.62,Gujarat,GJ,78.0,69.7,21.3,17.9,Dahod,40.5,1,88.0,38.1,0.0637,0
PHD_2026_1837,DOCTORATE,Female,33,<2 LPA,0,52,32,6,0,1,0.12,0.35,0.51,Bihar,BR,61.8,51.5,14.5,21.4,Gaya,38.6,1,86.8,36.2,0.1551,0
PHD_2026_1838,DOCTORATE,Female,28,5-10 LPA,0,9,5,4,1,1,0.4,1.19,0.62,Haryana,HR,75.6,65.9,29.8,12.5,Nuh / Mewat,44.8,1,88.6,47.0,0.0869,0
PHD_2026_1839,DOCTORATE,Male,28,5-10 LPA,0,15,53,3,1,2,0.78,0.2,0.25,Maharashtra,MH,82.3,75.9,32.3,11.2,Gadchiroli,28.5,1,89.0,28.9,0.5429,1
PHD_2026_1840,DOCTORATE,Male,26,5-10 LPA,0,11,68,4,0,1,0.66,0.2,0.34,Madhya Pradesh,MP,69.3,59.2,24.8,18.5,Barwani,46.1,1,85.5,37.1,0.4995,0
PHD_2026_1841,DOCTORATE,Male,25,<2 LPA,0,23,13,0,0,3,0.65,0.81,0.79,Tamil Nadu,TN,80.1,73.4,51.4,8.1,Ramanathapuram,7.8,1,69.7,22.1,0.655,1
PHD_2026_1842,DOCTORATE,Female,31,5-10 LPA,1,55,46,2,2,1,0.56,0.27,0.95,Maharashtra,MH,82.3,75.9,32.3,11.2,Pune,3.9,0,39.1,21.0,0.2647,0
PHD_2026_1843,DOCTORATE,Male,28,<2 LPA,1,65,9,2,2,1,0.04,0.72,0.83,Madhya Pradesh,MP,69.3,59.2,24.8,18.5,Alirajpur,52.0,1,92.2,39.5,0.0435,0
PHD_2026_1844,DOCTORATE,Female,31,<2 LPA,0,38,0,2,3,1,0.31,1.29,0.62,Haryana,HR,75.6,65.9,29.8,12.5,Gurugram,2.5,0,31.2,20.5,0.0274,0
PHD_2026_1845,DOCTORATE,Female,24,5-10 LPA,0,42,7,4,1,1,0.46,0.89,0.29,Karnataka,KA,75.4,68.1,36.2,12.0,Yadgir,39.4,1,81.2,36.5,0.0948,0
PHD_2026_1846,DOCTORATE,Male,25,5-10 LPA,1,31,96,3,0,1,0.37,0.2,0.41,Rajasthan,RJ,66.1,52.1,26.0,17.2,Barmer,34.2,1,93.0,35.8,0.4587,0
PHD_2026_1847,DOCTORATE,Female,25,5-10 LPA,0,54,11,6,2,1,0.0,0.67,0.41,Gujarat,GJ,78.0,69.7,21.3,17.9,Ahmedabad,3.8,0,15.9,20.2,0.0314,0
PHD_2026_1848,DOCTORATE,Female,33,2-5 LPA,0,31,53,2,2,3,0.65,0.86,0.44,Kerala,KL,94.0,92.1,43.2,3.2,Wayanad,4.1,1,96.1,18.0,0.3077,0
PHD_2026_1849,DOCTORATE,Male,28,2-5 LPA,0,71,9,5,2,1,0.11,0.93,0.82,Tamil Nadu,TN,80.1,73.4,51.4,8.1,Chennai,1.2,0,0.0,17.5,0.0444,0
PHD_2026_1850,DOCTORATE,Male,27,5-10 LPA,0,42,1,4,1,1,0.11,1.06,0.4,Uttar Pradesh,UP,67.7,57.2,23.2,16.8,Noida / Gautam Buddha Nagar,7.1,0,40.9,22.0,0.0416,0
PHD_2026_1851,DOCTORATE,Female,29,>10 LPA,0,21,23,3,1,2,0.44,0.97,0.44,Tamil Nadu,TN,80.1,73.4,51.4,8.1,Ramanathapuram,7.8,1,69.7,22.1,0.2059,0
PHD_2026_1852,DOCTORATE,Male,24,5-10 LPA,0,49,8,2,2,1,0.16,1.24,0.75,Madhya Pradesh,MP,69.3,59.2,24.8,18.5,Alirajpur,52.0,1,92.2,39.5,0.0388,0
PHD_2026_1853,DOCTORATE,Male,28,<2 LPA,0,45,1,2,2,1,0.62,1.14,0.88,Uttar Pradesh,UP,67.7,57.2,23.2,16.8,Shravasti,49.6,1,96.5,48.2,0.1056,0
PHD_2026_1854,DOCTORATE,Female,27,2-5 LPA,0,71,39,3,4,1,0.06,0.68,0.86,Haryana,HR,75.6,65.9,29.8,12.5,Gurugram,2.5,0,31.2,20.5,0.0309,0
PHD_2026_1855,DOCTORATE,Male,28,<2 LPA,1,69,0,7,3,1,0.25,1.03,0.51,Uttar Pradesh,UP,67.7,57.2,23.2,16.8,Lucknow,8.5,0,33.8,24.1,0.0255,0
PHD_2026_1856,DOCTORATE,Male,26,5-10 LPA,1,42,85,5,2,1,0.1,0.5,0.57,Karnataka,KA,75.4,68.1,36.2,12.0,Bengaluru Urban,1.8,0,9.1,18.2,0.1342,1
PHD_2026_1857,DOCTORATE,Female,32,2-5 LPA,1,42,42,3,1,1,0.23,0.73,0.84,Madhya Pradesh,MP,69.3,59.2,24.8,18.5,Alirajpur,52.0,1,92.2,39.5,0.1521,0
PHD_2026_1858,DOCTORATE,Male,32,5-10 LPA,1,22,11,3,0,1,0.44,0.83,0.76,Uttar Pradesh,UP,67.7,57.2,23.2,16.8,Varanasi,16.3,0,56.6,29.4,0.1987,0
PHD_2026_1859,DOCTORATE,Male,25,2-5 LPA,1,62,30,6,0,1,0.04,0.88,0.53,Kerala,KL,94.0,92.1,43.2,3.2,Thiruvananthapuram,0.9,0,46.2,15.2,0.1013,0
PHD_2026_1860,DOCTORATE,Female,32,2-5 LPA,0,23,72,4,1,1,0.35,0.32,0.57,Tamil Nadu,TN,80.1,73.4,51.4,8.1,Ramanathapuram,7.8,1,69.7,22.1,0.2762,0
PHD_2026_1861,DOCTORATE,Male,31,2-5 LPA,0,62,7,3,0,1,0.22,0.89,0.17,Bihar,BR,61.8,51.5,14.5,21.4,Purnia,50.4,1,89.2,42.1,0.0829,0
PHD_2026_1862,DOCTORATE,Male,29,<2 LPA,0,46,4,4,0,2,0.45,0.98,0.41,Kerala,KL,94.0,92.1,43.2,3.2,Thiruvananthapuram,0.9,0,46.2,15.2,0.235,0
PHD_2026_1863,DOCTORATE,Female,28,2-5 LPA,0,9,44,3,0,1,0.5,0.84,0.68,Kerala,KL,94.0,92.1,43.2,3.2,Thiruvananthapuram,0.9,0,46.2,15.2,0.3047,0
PHD_2026_1864,DOCTORATE,Female,27,>10 LPA,1,25,36,0,0,1,0.6,0.75,0.4,Maharashtra,MH,82.3,75.9,32.3,11.2,Nandurbar,33.1,1,83.3,32.4,0.4901,0
PHD_2026_1865,DOCTORATE,Male,27,<2 LPA,1,46,31,2,2,1,0.06,0.51,0.55,Rajasthan,RJ,66.1,52.1,26.0,17.2,Jaisalmer,31.8,1,86.7,33.2,0.0579,0
PHD_2026_1866,DOCTORATE,Female,27,<2 LPA,0,63,0,5,2,1,0.06,0.86,0.92,Gujarat,GJ,78.0,69.7,21.3,17.9,Dahod,40.5,1,88.0,38.1,0.0392,0
PHD_2026_1867,DOCTORATE,Female,30,2-5 LPA,0,68,18,3,1,2,0.08,0.99,0.37,Madhya Pradesh,MP,69.3,59.2,24.8,18.5,Indore,6.8,0,25.9,21.8,0.0939,0
PHD_2026_1868,DOCTORATE,Male,26,2-5 LPA,0,71,13,3,2,3,0.7,0.71,0.39,Haryana,HR,75.6,65.9,29.8,12.5,Nuh / Mewat,44.8,1,88.6,47.0,0.2242,0
PHD_2026_1869,DOCTORATE,Male,28,2-5 LPA,1,13,15,3,0,2,0.14,0.96,0.44,Uttar Pradesh,UP,67.7,57.2,23.2,16.8,Shravasti,49.6,1,96.5,48.2,0.1589,1
PHD_2026_1870,DOCTORATE,Male,26,>10 LPA,0,68,37,3,1,1,0.21,0.55,0.28,Madhya Pradesh,MP,69.3,59.2,24.8,18.5,Barwani,46.1,1,85.5,37.1,0.1037,0
PHD_2026_1871,DOCTORATE,Female,30,2-5 LPA,0,54,25,3,2,2,0.27,0.73,0.07,Tamil Nadu,TN,80.1,73.4,51.4,8.1,Coimbatore,2.1,0,24.2,18.9,0.0942,0
PHD_2026_1872,DOCTORATE,Female,32,2-5 LPA,0,30,2,1,0,1,0.32,0.89,0.17,Madhya Pradesh,MP,69.3,59.2,24.8,18.5,Indore,6.8,0,25.9,21.8,0.1959,0
PHD_2026_1873,DOCTORATE,Male,29,2-5 LPA,0,21,30,3,1,2,0.07,0.37,0.42,Bihar,BR,61.8,51.5,14.5,21.4,Patna,18.2,0,56.4,28.5,0.1536,0
PHD_2026_1874,DOCTORATE,Female,25,<2 LPA,0,25,1,1,0,1,0.29,1.28,0.65,Rajasthan,RJ,66.1,52.1,26.0,17.2,Kota,8.2,0,39.7,21.0,0.2008,1
PHD_2026_1875,DOCTORATE,Female,32,<2 LPA,0,56,45,4,2,1,0.12,0.88,0.52,Rajasthan,RJ,66.1,52.1,26.0,17.2,Jaisalmer,31.8,1,86.7,33.2,0.0632,0
PHD_2026_1876,DOCTORATE,Male,24,5-10 LPA,0,20,70,2,0,1,0.55,0.27,0.68,Tamil Nadu,TN,80.1,73.4,51.4,8.1,Ramanathapuram,7.8,1,69.7,22.1,0.5007,1
PHD_2026_1877,DOCTORATE,Male,24,2-5 LPA,0,54,15,1,2,1,0.38,0.75,0.31,Gujarat,GJ,78.0,69.7,21.3,17.9,Dahod,40.5,1,88.0,38.1,0.1413,0
PHD_2026_1878,DOCTORATE,Male,24,<2 LPA,0,11,0,4,0,1,0.31,0.91,0.4,Karnataka,KA,75.4,68.1,36.2,12.0,Raichur,36.8,1,74.6,34.0,0.1029,1
PHD_2026_1879,DOCTORATE,Female,31,5-10 LPA,1,9,29,6,0,2,0.38,0.3,0.51,Karnataka,KA,75.4,68.1,36.2,12.0,Yadgir,39.4,1,81.2,36.5,0.3841,0
PHD_2026_1880,DOCTORATE,Female,27,2-5 LPA,0,70,15,2,4,1,0.46,0.95,0.27,Maharashtra,MH,82.3,75.9,32.3,11.2,Gadchiroli,28.5,1,89.0,28.9,0.0285,0
PHD_2026_1881,DOCTORATE,Male,26,>10 LPA,1,11,18,5,0,1,0.0,0.83,0.34,Gujarat,GJ,78.0,69.7,21.3,17.9,Ahmedabad,3.8,0,15.9,20.2,0.0706,0
PHD_2026_1882,DOCTORATE,Female,24,>10 LPA,0,19,7,4,1,1,0.48,1.18,0.51,Kerala,KL,94.0,92.1,43.2,3.2,Ernakulam,0.6,0,31.9,14.8,0.0974,0
PHD_2026_1883,DOCTORATE,Male,24,<2 LPA,0,24,4,2,0,1,0.36,0.71,0.3,Maharashtra,MH,82.3,75.9,32.3,11.2,Mumbai,2.1,0,0.0,19.5,0.124,0
PHD_2026_1884,DOCTORATE,Female,24,<2 LPA,0,45,115,2,3,1,0.43,0.2,0.73,Bihar,BR,61.8,51.5,14.5,21.4,Gaya,38.6,1,86.8,36.2,0.3012,0
PHD_2026_1885,DOCTORATE,Female,28,2-5 LPA,0,50,19,1,2,1,0.56,0.85,0.29,Gujarat,GJ,78.0,69.7,21.3,17.9,Dahod,40.5,1,88.0,38.1,0.1941,0
PHD_2026_1886,DOCTORATE,Male,32,2-5 LPA,1,24,58,3,1,1,0.53,0.71,0.28,Gujarat,GJ,78.0,69.7,21.3,17.9,Narmada,32.4,1,89.5,30.5,0.2269,0
PHD_2026_1887,DOCTORATE,Male,26,5-10 LPA,0,53,16,4,4,2,0.22,0.75,0.39,Kerala,KL,94.0,92.1,43.2,3.2,Thiruvananthapuram,0.9,0,46.2,15.2,0.0398,0
PHD_2026_1888,DOCTORATE,Male,25,5-10 LPA,1,21,13,6,1,1,0.0,0.77,0.34,Tamil Nadu,TN,80.1,73.4,51.4,8.1,Coimbatore,2.1,0,24.2,18.9,0.0446,1
PHD_2026_1889,DOCTORATE,Female,24,2-5 LPA,0,71,74,4,1,1,0.29,0.2,0.4,Madhya Pradesh,MP,69.3,59.2,24.8,18.5,Indore,6.8,0,25.9,21.8,0.245,0
PHD_2026_1890,DOCTORATE,Female,33,2-5 LPA,0,66,5,0,1,1,0.35,1.0,0.6,Kerala,KL,94.0,92.1,43.2,3.2,Wayanad,4.1,1,96.1,18.0,0.1805,0
PHD_2026_1891,DOCTORATE,Male,33,5-10 LPA,0,59,30,3,0,1,0.18,0.7,0.26,Karnataka,KA,75.4,68.1,36.2,12.0,Bengaluru Urban,1.8,0,9.1,18.2,0.1203,0
PHD_2026_1892,DOCTORATE,Male,30,5-10 LPA,0,71,2,3,3,1,0.05,0.95,0.46,Rajasthan,RJ,66.1,52.1,26.0,17.2,Kota,8.2,0,39.7,21.0,0.0175,0
PHD_2026_1893,DOCTORATE,Female,25,5-10 LPA,0,47,0,2,4,1,0.63,0.57,0.44,Uttar Pradesh,UP,67.7,57.2,23.2,16.8,Noida / Gautam Buddha Nagar,7.1,0,40.9,22.0,0.046,0
PHD_2026_1894,DOCTORATE,Female,28,5-10 LPA,0,6,29,4,0,1,0.46,0.97,0.83,Rajasthan,RJ,66.1,52.1,26.0,17.2,Kota,8.2,0,39.7,21.0,0.246,0
PHD_2026_1895,DOCTORATE,Male,24,2-5 LPA,0,66,12,2,0,1,0.34,0.89,0.49,Rajasthan,RJ,66.1,52.1,26.0,17.2,Jaisalmer,31.8,1,86.7,33.2,0.1371,0
PHD_2026_1896,DOCTORATE,Female,25,<2 LPA,0,24,4,1,0,1,0.14,1.21,0.83,Maharashtra,MH,82.3,75.9,32.3,11.2,Mumbai,2.1,0,0.0,19.5,0.1861,0
PHD_2026_1897,DOCTORATE,Male,26,>10 LPA,0,59,10,3,3,1,0.14,0.92,0.63,Maharashtra,MH,82.3,75.9,32.3,11.2,Mumbai,2.1,0,0.0,19.5,0.0276,0
PHD_2026_1898,DOCTORATE,Female,26,5-10 LPA,1,61,54,3,3,2,0.5,0.35,0.63,Gujarat,GJ,78.0,69.7,21.3,17.9,Narmada,32.4,1,89.5,30.5,0.2457,0
PHD_2026_1899,DOCTORATE,Male,33,2-5 LPA,1,39,12,4,0,1,0.07,0.69,0.75,Rajasthan,RJ,66.1,52.1,26.0,17.2,Jaisalmer,31.8,1,86.7,33.2,0.1065,0
PHD_2026_1900,DOCTORATE,Female,30,<2 LPA,1,69,10,3,1,1,0.25,0.78,0.39,Bihar,BR,61.8,51.5,14.5,21.4,Purnia,50.4,1,89.2,42.1,0.0741,0
PHD_2026_1901,DOCTORATE,Male,33,5-10 LPA,0,65,30,2,1,1,0.54,0.88,0.5,Madhya Pradesh,MP,69.3,59.2,24.8,18.5,Bhopal,9.4,0,19.1,23.4,0.1737,0
PHD_2026_1902,DOCTORATE,Male,29,5-10 LPA,1,42,25,2,0,1,0.69,0.94,0.33,Uttar Pradesh,UP,67.7,57.2,23.2,16.8,Bahraich,54.4,1,92.1,46.5,0.2644,0
PHD_2026_1903,DOCTORATE,Male,30,2-5 LPA,0,14,25,3,0,1,0.51,0.83,0.73,Maharashtra,MH,82.3,75.9,32.3,11.2,Pune,3.9,0,39.1,21.0,0.2583,0
PHD_2026_1904,DOCTORATE,Male,27,5-10 LPA,0,70,8,2,0,1,0.13,0.9,0.42,Haryana,HR,75.6,65.9,29.8,12.5,Gurugram,2.5,0,31.2,20.5,0.0816,0
PHD_2026_1905,DOCTORATE,Female,32,2-5 LPA,0,10,18,1,0,1,0.69,1.32,0.31,Rajasthan,RJ,66.1,52.1,26.0,17.2,Jaipur,6.9,0,47.6,22.5,0.3699,0
PHD_2026_1906,DOCTORATE,Male,25,2-5 LPA,1,56,5,2,3,1,0.28,1.01,0.58,Tamil Nadu,TN,80.1,73.4,51.4,8.1,Coimbatore,2.1,0,24.2,18.9,0.0315,0
PHD_2026_1907,DOCTORATE,Female,25,<2 LPA,1,60,14,4,3,2,0.1,1.05,0.97,Tamil Nadu,TN,80.1,73.4,51.4,8.1,Coimbatore,2.1,0,24.2,18.9,0.058,0
PHD_2026_1908,DOCTORATE,Male,26,5-10 LPA,1,58,13,4,2,1,0.12,0.79,0.5,Kerala,KL,94.0,92.1,43.2,3.2,Thiruvananthapuram,0.9,0,46.2,15.2,0.0415,0
PHD_2026_1909,DOCTORATE,Male,25,5-10 LPA,0,21,7,4,0,1,0.0,1.13,0.64,Haryana,HR,75.6,65.9,29.8,12.5,Gurugram,2.5,0,31.2,20.5,0.0637,0
PHD_2026_1910,DOCTORATE,Female,24,5-10 LPA,0,65,109,6,1,1,0.6,0.2,0.51,Uttar Pradesh,UP,67.7,57.2,23.2,16.8,Lucknow,8.5,0,33.8,24.1,0.5429,1
PHD_2026_1911,DOCTORATE,Female,31,2-5 LPA,1,38,12,3,0,1,0.13,0.96,0.86,Karnataka,KA,75.4,68.1,36.2,12.0,Bengaluru Urban,1.8,0,9.1,18.2,0.1135,0
PHD_2026_1912,DOCTORATE,Female,30,2-5 LPA,0,35,27,6,0,2,0.05,0.94,0.38,Maharashtra,MH,82.3,75.9,32.3,11.2,Nandurbar,33.1,1,83.3,32.4,0.1532,0
PHD_2026_1913,DOCTORATE,Male,24,5-10 LPA,1,30,6,4,0,1,0.0,1.4,0.25,Haryana,HR,75.6,65.9,29.8,12.5,Nuh / Mewat,44.8,1,88.6,47.0,0.0406,0
PHD_2026_1914,DOCTORATE,Male,26,2-5 LPA,1,17,3,4,2,1,0.0,1.02,0.39,Karnataka,KA,75.4,68.1,36.2,12.0,Bengaluru Urban,1.8,0,9.1,18.2,0.0226,0
PHD_2026_1915,DOCTORATE,Male,25,2-5 LPA,0,46,0,5,2,2,0.01,0.87,0.8,Haryana,HR,75.6,65.9,29.8,12.5,Nuh / Mewat,44.8,1,88.6,47.0,0.0597,0
PHD_2026_1916,DOCTORATE,Male,32,<2 LPA,1,63,22,3,0,1,0.22,0.52,0.75,Gujarat,GJ,78.0,69.7,21.3,17.9,Ahmedabad,3.8,0,15.9,20.2,0.1761,0
PHD_2026_1917,DOCTORATE,Female,33,5-10 LPA,1,40,23,1,0,1,0.11,1.0,0.05,Karnataka,KA,75.4,68.1,36.2,12.0,Yadgir,39.4,1,81.2,36.5,0.1523,0
PHD_2026_1918,DOCTORATE,Female,24,5-10 LPA,1,15,12,3,1,1,0.09,1.02,0.23,Haryana,HR,75.6,65.9,29.8,12.5,Gurugram,2.5,0,31.2,20.5,0.0426,0
PHD_2026_1919,DOCTORATE,Male,29,2-5 LPA,0,10,23,5,2,1,0.44,0.77,0.13,Kerala,KL,94.0,92.1,43.2,3.2,Wayanad,4.1,1,96.1,18.0,0.0725,0
PHD_2026_1920,DOCTORATE,Female,28,2-5 LPA,1,9,10,2,2,1,0.2,1.05,0.36,Karnataka,KA,75.4,68.1,36.2,12.0,Yadgir,39.4,1,81.2,36.5,0.0364,0
PHD_2026_1921,DOCTORATE,Female,28,2-5 LPA,0,13,5,0,0,1,0.58,0.68,0.41,Karnataka,KA,75.4,68.1,36.2,12.0,Bengaluru Urban,1.8,0,9.1,18.2,0.3794,0
PHD_2026_1922,DOCTORATE,Male,26,5-10 LPA,0,24,0,3,1,2,0.46,1.22,0.16,Kerala,KL,94.0,92.1,43.2,3.2,Thiruvananthapuram,0.9,0,46.2,15.2,0.1187,0
PHD_2026_1923,DOCTORATE,Female,25,2-5 LPA,1,44,5,5,1,1,0.0,1.11,0.2,Gujarat,GJ,78.0,69.7,21.3,17.9,Narmada,32.4,1,89.5,30.5,0.0295,0
PHD_2026_1924,DOCTORATE,Male,31,2-5 LPA,0,70,180,0,3,1,0.82,0.2,0.58,Gujarat,GJ,78.0,69.7,21.3,17.9,Narmada,32.4,1,89.5,30.5,0.8478,1
PHD_2026_1925,DOCTORATE,Female,31,2-5 LPA,0,11,9,0,1,1,0.54,0.78,0.66,Maharashtra,MH,82.3,75.9,32.3,11.2,Gadchiroli,28.5,1,89.0,28.9,0.2978,0
PHD_2026_1926,DOCTORATE,Female,29,2-5 LPA,1,64,45,2,0,1,0.05,0.31,0.05,Madhya Pradesh,MP,69.3,59.2,24.8,18.5,Indore,6.8,0,25.9,21.8,0.1228,0
PHD_2026_1927,DOCTORATE,Male,24,5-10 LPA,0,42,9,1,0,1,0.65,0.96,0.53,Kerala,KL,94.0,92.1,43.2,3.2,Wayanad,4.1,1,96.1,18.0,0.4083,0
PHD_2026_1928,DOCTORATE,Male,25,2-5 LPA,0,32,62,3,1,1,0.35,0.36,0.23,Madhya Pradesh,MP,69.3,59.2,24.8,18.5,Alirajpur,52.0,1,92.2,39.5,0.1982,0
PHD_2026_1929,DOCTORATE,Male,33,2-5 LPA,0,63,17,2,0,3,0.15,1.39,0.59,Karnataka,KA,75.4,68.1,36.2,12.0,Raichur,36.8,1,74.6,34.0,0.1482,0
PHD_2026_1930,DOCTORATE,Male,29,2-5 LPA,0,14,7,2,0,1,0.38,0.82,0.28,Tamil Nadu,TN,80.1,73.4,51.4,8.1,Chennai,1.2,0,0.0,17.5,0.1247,1
PHD_2026_1931,DOCTORATE,Male,26,5-10 LPA,0,38,12,2,2,1,0.0,0.69,0.5,Bihar,BR,61.8,51.5,14.5,21.4,Purnia,50.4,1,89.2,42.1,0.0335,0
PHD_2026_1932,DOCTORATE,Male,25,2-5 LPA,0,49,12,1,1,1,0.59,0.96,0.35,Uttar Pradesh,UP,67.7,57.2,23.2,16.8,Noida / Gautam Buddha Nagar,7.1,0,40.9,22.0,0.2624,0
PHD_2026_1933,DOCTORATE,Male,29,5-10 LPA,0,19,26,2,0,1,0.58,0.66,0.11,Rajasthan,RJ,66.1,52.1,26.0,17.2,Kota,8.2,0,39.7,21.0,0.2225,0
PHD_2026_1934,DOCTORATE,Female,30,5-10 LPA,0,54,43,4,3,3,0.48,0.59,0.67,Karnataka,KA,75.4,68.1,36.2,12.0,Bengaluru Urban,1.8,0,9.1,18.2,0.1898,0
PHD_2026_1935,DOCTORATE,Female,26,2-5 LPA,0,69,28,3,5,1,0.42,0.89,0.28,Kerala,KL,94.0,92.1,43.2,3.2,Thiruvananthapuram,0.9,0,46.2,15.2,0.0215,0
PHD_2026_1936,DOCTORATE,Female,33,>10 LPA,0,48,8,0,2,1,0.4,0.87,0.86,Maharashtra,MH,82.3,75.9,32.3,11.2,Nandurbar,33.1,1,83.3,32.4,0.1797,0
PHD_2026_1937,DOCTORATE,Male,25,<2 LPA,0,11,14,1,0,1,0.42,1.06,0.38,Rajasthan,RJ,66.1,52.1,26.0,17.2,Kota,8.2,0,39.7,21.0,0.2767,0
PHD_2026_1938,DOCTORATE,Male,29,2-5 LPA,1,67,33,3,1,1,0.27,1.05,0.42,Maharashtra,MH,82.3,75.9,32.3,11.2,Mumbai,2.1,0,0.0,19.5,0.0942,0
PHD_2026_1939,DOCTORATE,Female,30,2-5 LPA,0,11,8,0,2,1,0.32,0.84,0.56,Gujarat,GJ,78.0,69.7,21.3,17.9,Ahmedabad,3.8,0,15.9,20.2,0.1285,0
PHD_2026_1940,DOCTORATE,Female,30,2-5 LPA,0,41,83,2,2,1,0.34,0.2,0.74,Gujarat,GJ,78.0,69.7,21.3,17.9,Narmada,32.4,1,89.5,30.5,0.2558,0
PHD_2026_1941,DOCTORATE,Male,33,<2 LPA,0,66,21,2,5,1,0.41,0.84,0.29,Karnataka,KA,75.4,68.1,36.2,12.0,Bengaluru Urban,1.8,0,9.1,18.2,0.0195,0
PHD_2026_1942,DOCTORATE,Male,29,5-10 LPA,0,42,21,3,1,1,0.3,0.84,0.15,Kerala,KL,94.0,92.1,43.2,3.2,Ernakulam,0.6,0,31.9,14.8,0.0778,0
PHD_2026_1943,DOCTORATE,Male,24,<2 LPA,0,44,59,3,1,1,0.62,0.56,0.87,Haryana,HR,75.6,65.9,29.8,12.5,Gurugram,2.5,0,31.2,20.5,0.3818,0
PHD_2026_1944,DOCTORATE,Male,32,5-10 LPA,1,66,26,5,0,1,0.32,0.71,0.91,Karnataka,KA,75.4,68.1,36.2,12.0,Raichur,36.8,1,74.6,34.0,0.222,0
PHD_2026_1945,DOCTORATE,Male,33,5-10 LPA,0,50,26,2,1,1,0.39,0.86,0.57,Maharashtra,MH,82.3,75.9,32.3,11.2,Mumbai,2.1,0,0.0,19.5,0.1302,0
PHD_2026_1946,DOCTORATE,Female,26,2-5 LPA,1,22,32,4,0,1,0.0,0.8,0.53,Haryana,HR,75.6,65.9,29.8,12.5,Nuh / Mewat,44.8,1,88.6,47.0,0.0994,0
PHD_2026_1947,DOCTORATE,Male,32,>10 LPA,1,49,7,3,0,1,0.37,1.13,0.17,Madhya Pradesh,MP,69.3,59.2,24.8,18.5,Indore,6.8,0,25.9,21.8,0.097,0
PHD_2026_1948,DOCTORATE,Female,33,5-10 LPA,0,71,3,4,1,2,0.41,1.19,0.69,Tamil Nadu,TN,80.1,73.4,51.4,8.1,Ramanathapuram,7.8,1,69.7,22.1,0.1631,0
PHD_2026_1949,DOCTORATE,Male,26,2-5 LPA,1,67,68,6,3,1,0.0,0.24,0.27,Maharashtra,MH,82.3,75.9,32.3,11.2,Pune,3.9,0,39.1,21.0,0.0534,1
PHD_2026_1950,DOCTORATE,Male,27,2-5 LPA,0,44,3,3,2,1,0.31,0.67,0.73,Madhya Pradesh,MP,69.3,59.2,24.8,18.5,Bhopal,9.4,0,19.1,23.4,0.067,0
PHD_2026_1951,DOCTORATE,Male,26,2-5 LPA,1,14,22,1,0,1,0.31,0.72,0.71,Tamil Nadu,TN,80.1,73.4,51.4,8.1,Ramanathapuram,7.8,1,69.7,22.1,0.3461,0
PHD_2026_1952,DOCTORATE,Female,25,2-5 LPA,0,41,51,5,2,1,0.27,0.36,0.53,Tamil Nadu,TN,80.1,73.4,51.4,8.1,Ramanathapuram,7.8,1,69.7,22.1,0.1225,0
PHD_2026_1953,DOCTORATE,Male,29,5-10 LPA,0,40,6,4,0,1,0.43,1.33,0.2,Haryana,HR,75.6,65.9,29.8,12.5,Gurugram,2.5,0,31.2,20.5,0.0989,0
PHD_2026_1954,DOCTORATE,Male,32,5-10 LPA,1,47,80,5,1,1,0.38,0.2,0.56,Maharashtra,MH,82.3,75.9,32.3,11.2,Pune,3.9,0,39.1,21.0,0.3306,0
PHD_2026_1955,DOCTORATE,Female,25,<2 LPA,1,25,82,6,2,1,0.41,0.39,0.54,Uttar Pradesh,UP,67.7,57.2,23.2,16.8,Shravasti,49.6,1,96.5,48.2,0.2324,0
PHD_2026_1956,DOCTORATE,Female,26,>10 LPA,0,61,8,1,5,2,0.35,1.0,0.8,Rajasthan,RJ,66.1,52.1,26.0,17.2,Jaipur,6.9,0,47.6,22.5,0.0787,0
PHD_2026_1957,DOCTORATE,Male,28,<2 LPA,0,70,2,3,2,1,0.71,0.73,0.92,Bihar,BR,61.8,51.5,14.5,21.4,Muzaffarpur,35.1,1,90.3,38.0,0.1598,0
PHD_2026_1958,DOCTORATE,Male,24,5-10 LPA,0,48,8,3,2,1,0.17,1.03,0.78,Uttar Pradesh,UP,67.7,57.2,23.2,16.8,Lucknow,8.5,0,33.8,24.1,0.0453,0
PHD_2026_1959,DOCTORATE,Female,25,5-10 LPA,0,52,148,7,2,1,0.5,0.2,0.61,Maharashtra,MH,82.3,75.9,32.3,11.2,Pune,3.9,0,39.1,21.0,0.5408,1
PHD_2026_1960,DOCTORATE,Female,33,5-10 LPA,0,28,10,5,4,2,0.04,0.63,0.56,Gujarat,GJ,78.0,69.7,21.3,17.9,Ahmedabad,3.8,0,15.9,20.2,0.0305,0
PHD_2026_1961,DOCTORATE,Female,33,2-5 LPA,0,24,31,2,0,2,0.69,0.47,0.21,Kerala,KL,94.0,92.1,43.2,3.2,Thiruvananthapuram,0.9,0,46.2,15.2,0.4744,0
PHD_2026_1962,DOCTORATE,Female,25,2-5 LPA,0,36,57,4,1,1,0.21,0.53,0.46,Karnataka,KA,75.4,68.1,36.2,12.0,Yadgir,39.4,1,81.2,36.5,0.1535,1
PHD_2026_1963,DOCTORATE,Male,32,>10 LPA,0,22,6,0,0,1,0.16,1.26,0.14,Gujarat,GJ,78.0,69.7,21.3,17.9,Narmada,32.4,1,89.5,30.5,0.1237,0
PHD_2026_1964,DOCTORATE,Female,28,2-5 LPA,0,65,69,2,1,1,0.49,0.4,0.9,Tamil Nadu,TN,80.1,73.4,51.4,8.1,Coimbatore,2.1,0,24.2,18.9,0.3756,0
PHD_2026_1965,DOCTORATE,Female,33,5-10 LPA,0,35,66,2,2,2,0.12,0.28,0.25,Rajasthan,RJ,66.1,52.1,26.0,17.2,Kota,8.2,0,39.7,21.0,0.1714,0
PHD_2026_1966,DOCTORATE,Male,24,<2 LPA,0,40,46,3,1,1,0.54,0.72,0.62,Gujarat,GJ,78.0,69.7,21.3,17.9,Dahod,40.5,1,88.0,38.1,0.2444,0
PHD_2026_1967,DOCTORATE,Female,32,<2 LPA,0,60,30,2,0,1,0.3,0.43,0.24,Gujarat,GJ,78.0,69.7,21.3,17.9,Narmada,32.4,1,89.5,30.5,0.1729,0
PHD_2026_1968,DOCTORATE,Male,30,2-5 LPA,0,17,99,3,1,1,0.72,0.2,0.29,Haryana,HR,75.6,65.9,29.8,12.5,Gurugram,2.5,0,31.2,20.5,0.5275,1
PHD_2026_1969,DOCTORATE,Male,31,5-10 LPA,0,54,18,6,4,1,0.15,0.62,0.38,Kerala,KL,94.0,92.1,43.2,3.2,Thiruvananthapuram,0.9,0,46.2,15.2,0.0203,0
PHD_2026_1970,DOCTORATE,Male,25,<2 LPA,1,67,150,3,2,2,0.83,0.2,0.74,Tamil Nadu,TN,80.1,73.4,51.4,8.1,Ramanathapuram,7.8,1,69.7,22.1,0.8411,1
PHD_2026_1971,DOCTORATE,Male,24,2-5 LPA,0,24,42,5,3,1,0.0,0.74,0.07,Kerala,KL,94.0,92.1,43.2,3.2,Ernakulam,0.6,0,31.9,14.8,0.0239,0
PHD_2026_1972,DOCTORATE,Female,32,>10 LPA,0,50,27,5,2,2,0.1,0.72,0.62,Karnataka,KA,75.4,68.1,36.2,12.0,Raichur,36.8,1,74.6,34.0,0.1,0
PHD_2026_1973,DOCTORATE,Male,31,5-10 LPA,0,32,6,3,0,1,0.01,0.84,0.58,Kerala,KL,94.0,92.1,43.2,3.2,Thiruvananthapuram,0.9,0,46.2,15.2,0.0719,1
PHD_2026_1974,DOCTORATE,Male,29,2-5 LPA,0,71,0,3,2,1,0.11,1.41,0.43,Madhya Pradesh,MP,69.3,59.2,24.8,18.5,Alirajpur,52.0,1,92.2,39.5,0.0222,0
PHD_2026_1975,DOCTORATE,Female,27,2-5 LPA,0,31,18,2,3,1,0.73,0.87,0.35,Karnataka,KA,75.4,68.1,36.2,12.0,Bengaluru Urban,1.8,0,9.1,18.2,0.0882,0
PHD_2026_1976,DOCTORATE,Male,26,2-5 LPA,0,65,23,3,3,1,0.54,0.83,0.92,Madhya Pradesh,MP,69.3,59.2,24.8,18.5,Indore,6.8,0,25.9,21.8,0.0971,0
PHD_2026_1977,DOCTORATE,Female,30,5-10 LPA,1,48,94,1,1,1,0.45,0.37,0.4,Rajasthan,RJ,66.1,52.1,26.0,17.2,Kota,8.2,0,39.7,21.0,0.5687,1
PHD_2026_1978,DOCTORATE,Male,25,<2 LPA,0,63,55,5,1,1,0.05,0.69,0.89,Haryana,HR,75.6,65.9,29.8,12.5,Nuh / Mewat,44.8,1,88.6,47.0,0.1342,0
PHD_2026_1979,DOCTORATE,Female,24,<2 LPA,1,63,32,6,2,1,0.0,1.22,0.64,Madhya Pradesh,MP,69.3,59.2,24.8,18.5,Indore,6.8,0,25.9,21.8,0.0365,0
PHD_2026_1980,DOCTORATE,Male,31,5-10 LPA,0,29,103,3,1,1,0.45,0.2,0.34,Maharashtra,MH,82.3,75.9,32.3,11.2,Mumbai,2.1,0,0.0,19.5,0.4054,0
PHD_2026_1981,DOCTORATE,Female,32,<2 LPA,0,50,17,4,1,1,0.48,1.15,0.71,Tamil Nadu,TN,80.1,73.4,51.4,8.1,Ramanathapuram,7.8,1,69.7,22.1,0.1299,0
PHD_2026_1982,DOCTORATE,Male,27,2-5 LPA,0,32,13,0,3,1,0.26,0.54,0.24,Kerala,KL,94.0,92.1,43.2,3.2,Thiruvananthapuram,0.9,0,46.2,15.2,0.0772,0
PHD_2026_1983,DOCTORATE,Female,28,2-5 LPA,0,12,5,5,0,1,0.18,0.62,0.41,Madhya Pradesh,MP,69.3,59.2,24.8,18.5,Indore,6.8,0,25.9,21.8,0.0997,0
PHD_2026_1984,DOCTORATE,Female,24,<2 LPA,0,11,16,4,0,1,0.27,0.83,0.1,Uttar Pradesh,UP,67.7,57.2,23.2,16.8,Bahraich,54.4,1,92.1,46.5,0.1017,0
PHD_2026_1985,DOCTORATE,Female,33,2-5 LPA,0,24,1,3,0,1,0.26,0.98,0.59,Madhya Pradesh,MP,69.3,59.2,24.8,18.5,Barwani,46.1,1,85.5,37.1,0.104,0
PHD_2026_1986,DOCTORATE,Male,31,2-5 LPA,0,67,2,4,2,2,0.43,0.76,0.61,Maharashtra,MH,82.3,75.9,32.3,11.2,Mumbai,2.1,0,0.0,19.5,0.1338,0
PHD_2026_1987,DOCTORATE,Male,28,>10 LPA,0,30,40,2,0,1,0.15,0.45,0.64,Madhya Pradesh,MP,69.3,59.2,24.8,18.5,Barwani,46.1,1,85.5,37.1,0.1876,0
PHD_2026_1988,DOCTORATE,Male,24,5-10 LPA,1,23,6,5,2,1,0.0,1.06,0.55,Uttar Pradesh,UP,67.7,57.2,23.2,16.8,Bahraich,54.4,1,92.1,46.5,0.0258,0
PHD_2026_1989,DOCTORATE,Male,33,2-5 LPA,1,8,28,3,1,1,0.44,0.67,0.53,Uttar Pradesh,UP,67.7,57.2,23.2,16.8,Varanasi,16.3,0,56.6,29.4,0.1602,0
PHD_2026_1990,DOCTORATE,Male,30,>10 LPA,0,33,20,4,1,1,0.29,0.88,0.66,Maharashtra,MH,82.3,75.9,32.3,11.2,Pune,3.9,0,39.1,21.0,0.1054,0
PHD_2026_1991,DOCTORATE,Female,26,>10 LPA,1,20,13,2,0,1,0.43,0.89,0.34,Uttar Pradesh,UP,67.7,57.2,23.2,16.8,Shravasti,49.6,1,96.5,48.2,0.1503,0
PHD_2026_1992,DOCTORATE,Male,24,5-10 LPA,0,31,7,5,0,2,0.0,0.72,0.4,Kerala,KL,94.0,92.1,43.2,3.2,Ernakulam,0.6,0,31.9,14.8,0.1216,0
PHD_2026_1993,DOCTORATE,Male,33,2-5 LPA,1,11,85,1,0,2,0.29,0.2,0.33,Maharashtra,MH,82.3,75.9,32.3,11.2,Mumbai,2.1,0,0.0,19.5,0.7206,1
PHD_2026_1994,DOCTORATE,Male,24,2-5 LPA,1,15,1,3,0,1,0.39,1.1,0.15,Kerala,KL,94.0,92.1,43.2,3.2,Wayanad,4.1,1,96.1,18.0,0.0927,0
PHD_2026_1995,DOCTORATE,Male,28,2-5 LPA,0,52,9,2,2,1,0.4,0.76,0.27,Maharashtra,MH,82.3,75.9,32.3,11.2,Pune,3.9,0,39.1,21.0,0.061,0
PHD_2026_1996,DOCTORATE,Female,30,2-5 LPA,0,13,180,3,0,1,0.34,0.2,0.89,Karnataka,KA,75.4,68.1,36.2,12.0,Bengaluru Urban,1.8,0,9.1,18.2,0.803,1
PHD_2026_1997,DOCTORATE,Male,25,2-5 LPA,1,10,16,4,1,1,0.41,0.87,0.71,Karnataka,KA,75.4,68.1,36.2,12.0,Bengaluru Urban,1.8,0,9.1,18.2,0.132,0
PHD_2026_1998,DOCTORATE,Male,25,2-5 LPA,0,54,41,1,4,2,0.98,0.75,0.24,Tamil Nadu,TN,80.1,73.4,51.4,8.1,Ramanathapuram,7.8,1,69.7,22.1,0.4006,0
PHD_2026_1999,DOCTORATE,Male,25,2-5 LPA,0,7,24,2,0,2,0.21,0.75,0.72,Kerala,KL,94.0,92.1,43.2,3.2,Wayanad,4.1,1,96.1,18.0,0.263,0
PHD_2026_2000,DOCTORATE,Male,32,2-5 LPA,0,12,10,1,0,1,0.26,0.94,0.3,Kerala,KL,94.0,92.1,43.2,3.2,Thiruvananthapuram,0.9,0,46.2,15.2,0.2023,0
