student_id,educational_tier,gender,age,family_income_slab,is_first_generation,ug_graduation_cgpa,current_pg_cgpa,attendance_percentage,dissertation_milestone_pct,education_loan_burden_inr,placement_readiness_score,part_time_work_hours_per_week,backlog_count,fee_payment_delay_days,state,state_code,state_literacy_rate,state_female_literacy,state_ger_higher_ed,state_dropout_rate_secondary,district,district_mpi_pct,is_aspirational_district,district_rurality_pct,district_ptr_ratio,ground_truth_risk_prob,is_dropout
PG_2026_0001,POSTGRADUATE,Male,24,5-10 LPA,0,7.66,7.79,85.0,40.4,350000.0,61.7,9,0,18,Haryana,HR,75.6,65.9,29.8,12.5,Gurugram,2.5,0,31.2,20.5,0.0607,1
PG_2026_0002,POSTGRADUATE,Male,25,2-5 LPA,1,5.58,5.28,71.0,49.6,350000.0,46.8,6,3,0,Kerala,KL,94.0,92.1,43.2,3.2,Thiruvananthapuram,0.9,0,46.2,15.2,0.606,1
PG_2026_0003,POSTGRADUATE,Female,25,2-5 LPA,0,6.36,6.69,76.1,81.8,150000.0,65.5,2,1,3,Haryana,HR,75.6,65.9,29.8,12.5,Gurugram,2.5,0,31.2,20.5,0.031,0
PG_2026_0004,POSTGRADUATE,Male,24,2-5 LPA,1,6.24,4.93,89.0,45.5,150000.0,78.9,3,1,12,Gujarat,GJ,78.0,69.7,21.3,17.9,Dahod,40.5,1,88.0,38.1,0.1394,0
PG_2026_0005,POSTGRADUATE,Male,22,<2 LPA,0,5.63,4.61,94.7,63.9,0.0,59.1,2,2,24,Karnataka,KA,75.4,68.1,36.2,12.0,Bengaluru Urban,1.8,0,9.1,18.2,0.1388,0
PG_2026_0006,POSTGRADUATE,Male,21,2-5 LPA,0,8.32,7.25,79.8,29.0,150000.0,59.5,1,0,1,Haryana,HR,75.6,65.9,29.8,12.5,Gurugram,2.5,0,31.2,20.5,0.0811,0
PG_2026_0007,POSTGRADUATE,Male,23,2-5 LPA,0,6.12,6.57,90.1,67.7,150000.0,47.7,1,1,6,Kerala,KL,94.0,92.1,43.2,3.2,Thiruvananthapuram,0.9,0,46.2,15.2,0.0482,0
PG_2026_0008,POSTGRADUATE,Female,23,5-10 LPA,1,7.78,7.72,77.5,90.2,150000.0,17.6,3,0,12,Maharashtra,MH,82.3,75.9,32.3,11.2,Mumbai,2.1,0,0.0,19.5,0.0209,0
PG_2026_0009,POSTGRADUATE,Male,23,5-10 LPA,0,7.5,7.8,84.7,46.7,0.0,95.0,1,1,5,Maharashtra,MH,82.3,75.9,32.3,11.2,Pune,3.9,0,39.1,21.0,0.0193,0
PG_2026_0010,POSTGRADUATE,Female,21,2-5 LPA,0,7.27,7.33,64.4,79.7,0.0,59.5,3,0,12,Tamil Nadu,TN,80.1,73.4,51.4,8.1,Ramanathapuram,7.8,1,69.7,22.1,0.0191,1
PG_2026_0011,POSTGRADUATE,Female,25,2-5 LPA,0,6.87,6.99,65.4,51.5,150000.0,95.0,2,1,19,Bihar,BR,61.8,51.5,14.5,21.4,Patna,18.2,0,56.4,28.5,0.0566,0
PG_2026_0012,POSTGRADUATE,Male,24,<2 LPA,1,6.31,6.06,66.1,37.2,750000.0,80.8,13,2,9,Bihar,BR,61.8,51.5,14.5,21.4,Katihar,48.7,1,91.1,44.3,0.5604,1
PG_2026_0013,POSTGRADUATE,Female,21,2-5 LPA,0,7.34,8.94,75.8,26.5,0.0,86.6,2,0,1,Madhya Pradesh,MP,69.3,59.2,24.8,18.5,Indore,6.8,0,25.9,21.8,0.0202,0
PG_2026_0014,POSTGRADUATE,Male,21,2-5 LPA,0,6.33,6.66,80.5,54.8,0.0,48.5,2,0,30,Karnataka,KA,75.4,68.1,36.2,12.0,Raichur,36.8,1,74.6,34.0,0.0477,0
PG_2026_0015,POSTGRADUATE,Male,25,<2 LPA,1,6.43,6.83,53.1,31.9,0.0,64.3,2,1,10,Madhya Pradesh,MP,69.3,59.2,24.8,18.5,Barwani,46.1,1,85.5,37.1,0.2165,0
PG_2026_0016,POSTGRADUATE,Male,26,<2 LPA,0,8.84,9.9,79.5,66.2,150000.0,52.8,3,0,16,Bihar,BR,61.8,51.5,14.5,21.4,Patna,18.2,0,56.4,28.5,0.0069,0
PG_2026_0017,POSTGRADUATE,Male,22,5-10 LPA,1,7.5,7.09,81.1,59.4,0.0,62.2,4,0,2,Uttar Pradesh,UP,67.7,57.2,23.2,16.8,Lucknow,8.5,0,33.8,24.1,0.0261,0
PG_2026_0018,POSTGRADUATE,Female,21,2-5 LPA,1,7.66,6.36,84.7,46.0,0.0,56.8,1,2,10,Maharashtra,MH,82.3,75.9,32.3,11.2,Gadchiroli,28.5,1,89.0,28.9,0.1357,0
PG_2026_0019,POSTGRADUATE,Male,21,2-5 LPA,0,7.99,8.39,78.2,77.7,0.0,95.0,1,2,3,Tamil Nadu,TN,80.1,73.4,51.4,8.1,Coimbatore,2.1,0,24.2,18.9,0.0095,0
PG_2026_0020,POSTGRADUATE,Female,24,2-5 LPA,0,6.6,6.78,74.1,100.0,150000.0,52.2,1,1,30,Maharashtra,MH,82.3,75.9,32.3,11.2,Nandurbar,33.1,1,83.3,32.4,0.0211,0
PG_2026_0021,POSTGRADUATE,Male,25,<2 LPA,1,7.04,6.16,85.3,6.1,0.0,95.0,4,0,48,Uttar Pradesh,UP,67.7,57.2,23.2,16.8,Varanasi,16.3,0,56.6,29.4,0.1172,0
PG_2026_0022,POSTGRADUATE,Male,21,5-10 LPA,0,6.32,6.25,60.2,77.9,150000.0,61.5,2,3,0,Maharashtra,MH,82.3,75.9,32.3,11.2,Gadchiroli,28.5,1,89.0,28.9,0.1815,1
PG_2026_0023,POSTGRADUATE,Female,21,>10 LPA,0,8.28,9.8,52.3,53.6,0.0,95.0,2,1,20,Madhya Pradesh,MP,69.3,59.2,24.8,18.5,Alirajpur,52.0,1,92.2,39.5,0.0139,1
PG_2026_0024,POSTGRADUATE,Female,24,5-10 LPA,0,7.52,7.78,75.4,80.5,350000.0,70.1,9,0,0,Tamil Nadu,TN,80.1,73.4,51.4,8.1,Ramanathapuram,7.8,1,69.7,22.1,0.0176,0
PG_2026_0025,POSTGRADUATE,Male,21,2-5 LPA,0,6.59,6.15,79.3,44.0,350000.0,67.2,13,4,11,Karnataka,KA,75.4,68.1,36.2,12.0,Yadgir,39.4,1,81.2,36.5,0.559,1
PG_2026_0026,POSTGRADUATE,Male,24,5-10 LPA,0,7.5,7.77,46.5,59.0,350000.0,57.5,12,0,7,Gujarat,GJ,78.0,69.7,21.3,17.9,Ahmedabad,3.8,0,15.9,20.2,0.1153,0
PG_2026_0027,POSTGRADUATE,Male,26,<2 LPA,0,8.89,9.66,57.7,20.8,750000.0,63.6,12,0,7,Bihar,BR,61.8,51.5,14.5,21.4,Purnia,50.4,1,89.2,42.1,0.168,0
PG_2026_0028,POSTGRADUATE,Male,26,2-5 LPA,0,6.98,6.03,84.5,71.4,0.0,48.9,1,0,0,Kerala,KL,94.0,92.1,43.2,3.2,Wayanad,4.1,1,96.1,18.0,0.0324,0
PG_2026_0029,POSTGRADUATE,Female,23,<2 LPA,0,5.85,5.83,70.7,48.2,0.0,67.6,0,1,11,Uttar Pradesh,UP,67.7,57.2,23.2,16.8,Shravasti,49.6,1,96.5,48.2,0.1231,0
PG_2026_0030,POSTGRADUATE,Male,24,<2 LPA,1,9.01,9.9,55.3,86.5,0.0,62.2,1,0,1,Kerala,KL,94.0,92.1,43.2,3.2,Wayanad,4.1,1,96.1,18.0,0.0043,1
PG_2026_0031,POSTGRADUATE,Male,21,>10 LPA,0,7.26,5.95,86.6,33.8,750000.0,70.9,12,3,3,Kerala,KL,94.0,92.1,43.2,3.2,Wayanad,4.1,1,96.1,18.0,0.6155,1
PG_2026_0032,POSTGRADUATE,Male,22,>10 LPA,1,7.01,6.94,94.8,93.3,750000.0,55.1,6,0,0,Bihar,BR,61.8,51.5,14.5,21.4,Patna,18.2,0,56.4,28.5,0.022,0
PG_2026_0033,POSTGRADUATE,Female,24,5-10 LPA,0,9.27,9.9,84.9,73.6,150000.0,37.8,5,1,1,Maharashtra,MH,82.3,75.9,32.3,11.2,Nandurbar,33.1,1,83.3,32.4,0.0107,0
PG_2026_0034,POSTGRADUATE,Female,22,>10 LPA,0,8.59,9.9,70.2,27.7,0.0,89.6,1,0,21,Tamil Nadu,TN,80.1,73.4,51.4,8.1,Chennai,1.2,0,0.0,17.5,0.0124,0
PG_2026_0035,POSTGRADUATE,Male,25,5-10 LPA,1,7.1,7.44,88.2,65.0,0.0,46.6,0,0,31,Kerala,KL,94.0,92.1,43.2,3.2,Wayanad,4.1,1,96.1,18.0,0.0172,0
PG_2026_0036,POSTGRADUATE,Female,25,5-10 LPA,0,6.61,7.98,65.0,61.2,750000.0,57.1,7,0,3,Maharashtra,MH,82.3,75.9,32.3,11.2,Nandurbar,33.1,1,83.3,32.4,0.0868,0
PG_2026_0037,POSTGRADUATE,Male,22,<2 LPA,0,9.8,8.03,94.4,40.8,350000.0,84.4,7,0,12,Tamil Nadu,TN,80.1,73.4,51.4,8.1,Coimbatore,2.1,0,24.2,18.9,0.0243,0
PG_2026_0038,POSTGRADUATE,Female,24,5-10 LPA,0,5.7,5.34,65.9,27.9,0.0,53.4,2,2,0,Tamil Nadu,TN,80.1,73.4,51.4,8.1,Coimbatore,2.1,0,24.2,18.9,0.5023,1
PG_2026_0039,POSTGRADUATE,Female,25,2-5 LPA,0,8.53,7.69,58.0,62.0,750000.0,75.3,7,0,40,Uttar Pradesh,UP,67.7,57.2,23.2,16.8,Noida / Gautam Buddha Nagar,7.1,0,40.9,22.0,0.0851,0
PG_2026_0040,POSTGRADUATE,Female,21,2-5 LPA,0,7.29,7.07,59.2,98.5,0.0,67.3,3,0,5,Uttar Pradesh,UP,67.7,57.2,23.2,16.8,Noida / Gautam Buddha Nagar,7.1,0,40.9,22.0,0.0115,0
PG_2026_0041,POSTGRADUATE,Male,25,2-5 LPA,1,7.2,5.7,75.4,12.6,350000.0,26.2,7,1,0,Uttar Pradesh,UP,67.7,57.2,23.2,16.8,Lucknow,8.5,0,33.8,24.1,0.6919,1
PG_2026_0042,POSTGRADUATE,Male,22,2-5 LPA,0,7.35,6.4,82.9,68.2,0.0,65.8,1,1,12,Rajasthan,RJ,66.1,52.1,26.0,17.2,Kota,8.2,0,39.7,21.0,0.0364,0
PG_2026_0043,POSTGRADUATE,Male,22,<2 LPA,0,8.23,6.93,66.0,43.4,750000.0,48.6,8,1,5,Uttar Pradesh,UP,67.7,57.2,23.2,16.8,Noida / Gautam Buddha Nagar,7.1,0,40.9,22.0,0.3824,0
PG_2026_0044,POSTGRADUATE,Male,24,<2 LPA,0,5.62,5.32,100.0,47.1,750000.0,47.7,7,0,8,Kerala,KL,94.0,92.1,43.2,3.2,Thiruvananthapuram,0.9,0,46.2,15.2,0.222,1
PG_2026_0045,POSTGRADUATE,Male,25,>10 LPA,0,7.19,6.2,76.2,70.7,150000.0,53.2,0,1,0,Tamil Nadu,TN,80.1,73.4,51.4,8.1,Chennai,1.2,0,0.0,17.5,0.0684,0
PG_2026_0046,POSTGRADUATE,Male,26,2-5 LPA,0,6.62,6.36,36.0,16.0,0.0,62.9,5,0,0,Bihar,BR,61.8,51.5,14.5,21.4,Purnia,50.4,1,89.2,42.1,0.4207,0
PG_2026_0047,POSTGRADUATE,Male,24,>10 LPA,0,9.12,8.23,75.4,46.5,750000.0,55.5,7,0,18,Kerala,KL,94.0,92.1,43.2,3.2,Thiruvananthapuram,0.9,0,46.2,15.2,0.0946,0
PG_2026_0048,POSTGRADUATE,Female,23,2-5 LPA,0,8.39,6.9,80.3,94.4,350000.0,86.0,8,0,2,Haryana,HR,75.6,65.9,29.8,12.5,Gurugram,2.5,0,31.2,20.5,0.0108,0
PG_2026_0049,POSTGRADUATE,Male,25,2-5 LPA,0,6.11,6.42,77.2,62.2,0.0,55.3,0,1,53,Rajasthan,RJ,66.1,52.1,26.0,17.2,Kota,8.2,0,39.7,21.0,0.0612,0
PG_2026_0050,POSTGRADUATE,Female,21,2-5 LPA,1,7.4,6.69,87.9,72.2,0.0,62.8,1,1,2,Gujarat,GJ,78.0,69.7,21.3,17.9,Narmada,32.4,1,89.5,30.5,0.0249,0
PG_2026_0051,POSTGRADUATE,Male,22,2-5 LPA,0,7.96,7.2,58.4,41.6,150000.0,79.6,3,0,1,Gujarat,GJ,78.0,69.7,21.3,17.9,Narmada,32.4,1,89.5,30.5,0.0738,0
PG_2026_0052,POSTGRADUATE,Female,22,<2 LPA,0,8.21,8.71,63.9,60.1,0.0,45.0,3,1,7,Maharashtra,MH,82.3,75.9,32.3,11.2,Nandurbar,33.1,1,83.3,32.4,0.0389,0
PG_2026_0053,POSTGRADUATE,Female,24,<2 LPA,0,7.99,6.48,91.3,42.3,150000.0,59.7,2,2,2,Kerala,KL,94.0,92.1,43.2,3.2,Wayanad,4.1,1,96.1,18.0,0.144,0
PG_2026_0054,POSTGRADUATE,Female,21,<2 LPA,0,5.95,5.57,98.6,37.0,150000.0,27.7,0,1,5,Karnataka,KA,75.4,68.1,36.2,12.0,Yadgir,39.4,1,81.2,36.5,0.2231,0
PG_2026_0055,POSTGRADUATE,Female,22,2-5 LPA,0,7.48,6.36,89.7,57.0,350000.0,72.3,11,5,2,Kerala,KL,94.0,92.1,43.2,3.2,Thiruvananthapuram,0.9,0,46.2,15.2,0.4208,0
PG_2026_0056,POSTGRADUATE,Female,24,2-5 LPA,0,7.85,6.14,73.9,80.7,150000.0,71.4,0,0,12,Karnataka,KA,75.4,68.1,36.2,12.0,Raichur,36.8,1,74.6,34.0,0.0237,0
PG_2026_0057,POSTGRADUATE,Male,22,5-10 LPA,0,8.14,9.07,71.2,61.2,150000.0,61.7,1,0,36,Karnataka,KA,75.4,68.1,36.2,12.0,Raichur,36.8,1,74.6,34.0,0.0129,0
PG_2026_0058,POSTGRADUATE,Male,25,2-5 LPA,0,6.83,6.78,98.3,37.4,0.0,77.1,1,0,24,Rajasthan,RJ,66.1,52.1,26.0,17.2,Jaipur,6.9,0,47.6,22.5,0.0268,1
PG_2026_0059,POSTGRADUATE,Female,21,2-5 LPA,1,7.28,7.65,76.4,50.4,750000.0,24.4,10,0,2,Tamil Nadu,TN,80.1,73.4,51.4,8.1,Ramanathapuram,7.8,1,69.7,22.1,0.2017,0
PG_2026_0060,POSTGRADUATE,Male,21,2-5 LPA,0,6.86,6.05,86.2,48.7,350000.0,46.8,8,1,15,Bihar,BR,61.8,51.5,14.5,21.4,Gaya,38.6,1,86.8,36.2,0.2062,0
PG_2026_0061,POSTGRADUATE,Female,26,>10 LPA,0,7.9,8.4,83.2,79.1,0.0,56.5,3,1,88,Uttar Pradesh,UP,67.7,57.2,23.2,16.8,Noida / Gautam Buddha Nagar,7.1,0,40.9,22.0,0.0109,0
PG_2026_0062,POSTGRADUATE,Male,26,<2 LPA,1,7.19,6.52,91.9,72.4,0.0,79.6,1,0,36,Maharashtra,MH,82.3,75.9,32.3,11.2,Mumbai,2.1,0,0.0,19.5,0.0106,1
PG_2026_0063,POSTGRADUATE,Female,23,5-10 LPA,0,7.23,7.49,66.9,57.5,0.0,46.3,4,0,11,Bihar,BR,61.8,51.5,14.5,21.4,Gaya,38.6,1,86.8,36.2,0.0463,0
PG_2026_0064,POSTGRADUATE,Male,23,<2 LPA,0,5.96,5.1,73.8,59.5,0.0,47.8,0,2,5,Bihar,BR,61.8,51.5,14.5,21.4,Katihar,48.7,1,91.1,44.3,0.2399,0
PG_2026_0065,POSTGRADUATE,Male,22,<2 LPA,1,8.9,9.9,100.0,38.3,0.0,55.3,0,1,5,Madhya Pradesh,MP,69.3,59.2,24.8,18.5,Bhopal,9.4,0,19.1,23.4,0.0111,0
PG_2026_0066,POSTGRADUATE,Male,24,2-5 LPA,1,6.29,4.86,85.0,91.8,350000.0,95.0,5,4,0,Tamil Nadu,TN,80.1,73.4,51.4,8.1,Ramanathapuram,7.8,1,69.7,22.1,0.1493,0
PG_2026_0067,POSTGRADUATE,Male,25,2-5 LPA,0,6.6,5.3,87.9,76.7,0.0,67.6,1,1,24,Madhya Pradesh,MP,69.3,59.2,24.8,18.5,Alirajpur,52.0,1,92.2,39.5,0.041,0
PG_2026_0068,POSTGRADUATE,Female,26,>10 LPA,0,7.36,7.02,71.0,53.4,150000.0,58.9,0,0,5,Haryana,HR,75.6,65.9,29.8,12.5,Nuh / Mewat,44.8,1,88.6,47.0,0.0517,0
PG_2026_0069,POSTGRADUATE,Male,26,2-5 LPA,1,8.56,7.52,64.1,59.3,1200000.0,64.6,7,0,11,Haryana,HR,75.6,65.9,29.8,12.5,Gurugram,2.5,0,31.2,20.5,0.185,0
PG_2026_0070,POSTGRADUATE,Female,22,2-5 LPA,0,6.61,5.6,76.0,55.7,0.0,35.6,2,1,0,Haryana,HR,75.6,65.9,29.8,12.5,Nuh / Mewat,44.8,1,88.6,47.0,0.1745,0
PG_2026_0071,POSTGRADUATE,Male,22,5-10 LPA,0,7.39,8.12,71.3,50.6,0.0,64.0,2,2,4,Haryana,HR,75.6,65.9,29.8,12.5,Nuh / Mewat,44.8,1,88.6,47.0,0.0641,0
PG_2026_0072,POSTGRADUATE,Male,21,2-5 LPA,0,7.74,8.01,71.6,90.1,1200000.0,51.7,4,0,9,Tamil Nadu,TN,80.1,73.4,51.4,8.1,Ramanathapuram,7.8,1,69.7,22.1,0.0521,0
PG_2026_0073,POSTGRADUATE,Female,24,<2 LPA,0,6.87,5.99,85.7,49.9,0.0,63.9,4,3,6,Rajasthan,RJ,66.1,52.1,26.0,17.2,Jaipur,6.9,0,47.6,22.5,0.2065,0
PG_2026_0074,POSTGRADUATE,Male,24,2-5 LPA,0,6.45,6.13,79.4,27.5,0.0,31.9,5,3,14,Maharashtra,MH,82.3,75.9,32.3,11.2,Mumbai,2.1,0,0.0,19.5,0.5555,1
PG_2026_0075,POSTGRADUATE,Female,25,2-5 LPA,1,7.01,6.8,56.2,66.5,150000.0,47.2,3,1,2,Karnataka,KA,75.4,68.1,36.2,12.0,Raichur,36.8,1,74.6,34.0,0.1227,0
PG_2026_0076,POSTGRADUATE,Male,25,>10 LPA,0,6.65,7.38,77.1,67.6,0.0,78.7,3,0,5,Maharashtra,MH,82.3,75.9,32.3,11.2,Nandurbar,33.1,1,83.3,32.4,0.0133,0
PG_2026_0077,POSTGRADUATE,Male,22,2-5 LPA,0,5.98,5.43,78.6,73.7,0.0,67.0,2,1,2,Uttar Pradesh,UP,67.7,57.2,23.2,16.8,Balrampur,47.9,1,92.3,45.0,0.0578,1
PG_2026_0078,POSTGRADUATE,Male,22,2-5 LPA,1,7.76,8.11,73.1,32.8,0.0,71.1,2,0,19,Gujarat,GJ,78.0,69.7,21.3,17.9,Dahod,40.5,1,88.0,38.1,0.0372,1
PG_2026_0079,POSTGRADUATE,Male,24,2-5 LPA,0,8.35,7.87,66.8,68.6,0.0,10.3,2,0,3,Uttar Pradesh,UP,67.7,57.2,23.2,16.8,Lucknow,8.5,0,33.8,24.1,0.0488,0
PG_2026_0080,POSTGRADUATE,Female,23,<2 LPA,0,7.56,7.34,76.5,52.2,0.0,36.8,0,1,6,Gujarat,GJ,78.0,69.7,21.3,17.9,Dahod,40.5,1,88.0,38.1,0.0762,0
PG_2026_0081,POSTGRADUATE,Female,25,>10 LPA,1,7.72,7.73,66.6,56.7,150000.0,80.9,0,0,8,Bihar,BR,61.8,51.5,14.5,21.4,Gaya,38.6,1,86.8,36.2,0.0235,0
PG_2026_0082,POSTGRADUATE,Female,21,2-5 LPA,0,7.42,9.29,60.7,53.5,150000.0,43.3,1,1,7,Rajasthan,RJ,66.1,52.1,26.0,17.2,Barmer,34.2,1,93.0,35.8,0.047,0
PG_2026_0083,POSTGRADUATE,Male,24,2-5 LPA,1,8.21,9.51,92.8,63.8,150000.0,89.2,4,1,2,Madhya Pradesh,MP,69.3,59.2,24.8,18.5,Alirajpur,52.0,1,92.2,39.5,0.0051,0
PG_2026_0084,POSTGRADUATE,Female,21,2-5 LPA,0,7.02,7.57,100.0,54.3,0.0,61.3,1,0,26,Rajasthan,RJ,66.1,52.1,26.0,17.2,Jaipur,6.9,0,47.6,22.5,0.0126,1
PG_2026_0085,POSTGRADUATE,Female,22,2-5 LPA,0,9.23,9.39,87.2,81.6,150000.0,50.3,2,1,25,Maharashtra,MH,82.3,75.9,32.3,11.2,Mumbai,2.1,0,0.0,19.5,0.007,0
PG_2026_0086,POSTGRADUATE,Female,24,<2 LPA,0,8.35,7.3,61.7,84.4,1200000.0,34.2,7,2,0,Gujarat,GJ,78.0,69.7,21.3,17.9,Dahod,40.5,1,88.0,38.1,0.3645,0
PG_2026_0087,POSTGRADUATE,Female,24,<2 LPA,0,7.32,6.71,73.2,89.9,0.0,19.7,0,0,3,Maharashtra,MH,82.3,75.9,32.3,11.2,Gadchiroli,28.5,1,89.0,28.9,0.0285,1
PG_2026_0088,POSTGRADUATE,Female,26,5-10 LPA,0,6.83,7.86,56.5,100.0,750000.0,45.4,9,0,1,Kerala,KL,94.0,92.1,43.2,3.2,Ernakulam,0.6,0,31.9,14.8,0.0437,0
PG_2026_0089,POSTGRADUATE,Male,24,2-5 LPA,1,7.27,7.27,61.0,85.0,350000.0,65.8,5,0,29,Haryana,HR,75.6,65.9,29.8,12.5,Gurugram,2.5,0,31.2,20.5,0.0288,0
PG_2026_0090,POSTGRADUATE,Female,26,2-5 LPA,0,6.24,6.12,74.9,56.6,1200000.0,73.5,7,3,7,Kerala,KL,94.0,92.1,43.2,3.2,Thiruvananthapuram,0.9,0,46.2,15.2,0.5943,1
PG_2026_0091,POSTGRADUATE,Male,21,2-5 LPA,0,9.77,8.69,70.1,68.1,1200000.0,65.3,15,1,15,Karnataka,KA,75.4,68.1,36.2,12.0,Yadgir,39.4,1,81.2,36.5,0.1357,0
PG_2026_0092,POSTGRADUATE,Female,21,2-5 LPA,1,7.35,7.9,94.0,67.1,350000.0,84.7,8,0,30,Maharashtra,MH,82.3,75.9,32.3,11.2,Pune,3.9,0,39.1,21.0,0.0109,0
PG_2026_0093,POSTGRADUATE,Female,24,2-5 LPA,1,8.61,6.33,93.1,62.4,1200000.0,57.7,8,0,11,Maharashtra,MH,82.3,75.9,32.3,11.2,Nandurbar,33.1,1,83.3,32.4,0.1639,0
PG_2026_0094,POSTGRADUATE,Female,24,<2 LPA,0,7.77,7.76,84.0,51.3,350000.0,64.5,8,0,28,Gujarat,GJ,78.0,69.7,21.3,17.9,Dahod,40.5,1,88.0,38.1,0.0403,0
PG_2026_0095,POSTGRADUATE,Male,24,<2 LPA,1,7.39,5.64,44.4,33.7,0.0,37.4,4,0,22,Tamil Nadu,TN,80.1,73.4,51.4,8.1,Coimbatore,2.1,0,24.2,18.9,0.4208,0
PG_2026_0096,POSTGRADUATE,Male,26,2-5 LPA,0,7.97,7.84,82.3,51.7,350000.0,70.8,4,2,0,Tamil Nadu,TN,80.1,73.4,51.4,8.1,Chennai,1.2,0,0.0,17.5,0.0799,0
PG_2026_0097,POSTGRADUATE,Female,25,<2 LPA,1,8.69,8.94,72.8,100.0,0.0,76.4,1,0,3,Rajasthan,RJ,66.1,52.1,26.0,17.2,Barmer,34.2,1,93.0,35.8,0.002,0
PG_2026_0098,POSTGRADUATE,Male,24,5-10 LPA,1,6.77,7.43,94.4,64.8,0.0,63.3,1,0,10,Uttar Pradesh,UP,67.7,57.2,23.2,16.8,Shravasti,49.6,1,96.5,48.2,0.0108,0
PG_2026_0099,POSTGRADUATE,Male,22,5-10 LPA,1,8.12,8.55,67.6,74.7,750000.0,62.6,12,0,40,Kerala,KL,94.0,92.1,43.2,3.2,Ernakulam,0.6,0,31.9,14.8,0.0409,0
PG_2026_0100,POSTGRADUATE,Male,22,<2 LPA,1,7.58,8.19,77.6,80.4,750000.0,64.8,6,1,8,Uttar Pradesh,UP,67.7,57.2,23.2,16.8,Balrampur,47.9,1,92.3,45.0,0.0389,0
PG_2026_0101,POSTGRADUATE,Male,23,<2 LPA,0,6.15,6.54,81.9,99.2,0.0,80.7,1,0,14,Tamil Nadu,TN,80.1,73.4,51.4,8.1,Ramanathapuram,7.8,1,69.7,22.1,0.0055,0
PG_2026_0102,POSTGRADUATE,Male,24,2-5 LPA,0,6.99,5.5,79.3,91.9,750000.0,95.0,5,0,9,Maharashtra,MH,82.3,75.9,32.3,11.2,Mumbai,2.1,0,0.0,19.5,0.0348,0
PG_2026_0103,POSTGRADUATE,Male,24,<2 LPA,0,7.54,6.36,100.0,46.6,150000.0,65.3,1,2,0,Karnataka,KA,75.4,68.1,36.2,12.0,Bengaluru Urban,1.8,0,9.1,18.2,0.093,0
PG_2026_0104,POSTGRADUATE,Male,22,>10 LPA,1,8.14,6.45,62.1,69.3,0.0,61.1,0,2,9,Rajasthan,RJ,66.1,52.1,26.0,17.2,Jaisalmer,31.8,1,86.7,33.2,0.1036,0
PG_2026_0105,POSTGRADUATE,Male,23,<2 LPA,0,7.62,8.23,72.7,64.6,350000.0,64.9,9,0,9,Karnataka,KA,75.4,68.1,36.2,12.0,Raichur,36.8,1,74.6,34.0,0.0287,0
PG_2026_0106,POSTGRADUATE,Male,22,<2 LPA,1,7.85,9.65,75.0,56.0,1200000.0,85.3,5,1,1,Maharashtra,MH,82.3,75.9,32.3,11.2,Nandurbar,33.1,1,83.3,32.4,0.055,0
PG_2026_0107,POSTGRADUATE,Male,25,5-10 LPA,0,7.51,6.91,79.9,83.8,0.0,66.1,0,1,12,Madhya Pradesh,MP,69.3,59.2,24.8,18.5,Indore,6.8,0,25.9,21.8,0.017,0
PG_2026_0108,POSTGRADUATE,Female,26,<2 LPA,0,6.32,6.16,85.3,99.2,350000.0,53.5,4,2,3,Bihar,BR,61.8,51.5,14.5,21.4,Gaya,38.6,1,86.8,36.2,0.0512,0
PG_2026_0109,POSTGRADUATE,Female,24,2-5 LPA,0,7.71,7.01,77.3,83.1,150000.0,38.7,4,0,3,Haryana,HR,75.6,65.9,29.8,12.5,Gurugram,2.5,0,31.2,20.5,0.0269,0
PG_2026_0110,POSTGRADUATE,Male,24,5-10 LPA,1,7.15,7.16,72.8,59.0,0.0,53.1,4,0,1,Madhya Pradesh,MP,69.3,59.2,24.8,18.5,Alirajpur,52.0,1,92.2,39.5,0.0389,0
PG_2026_0111,POSTGRADUATE,Male,22,2-5 LPA,0,7.42,7.49,68.5,19.8,750000.0,67.0,5,0,23,Maharashtra,MH,82.3,75.9,32.3,11.2,Pune,3.9,0,39.1,21.0,0.2671,0
PG_2026_0112,POSTGRADUATE,Male,23,5-10 LPA,0,7.81,6.51,84.6,74.8,750000.0,67.1,7,0,9,Gujarat,GJ,78.0,69.7,21.3,17.9,Dahod,40.5,1,88.0,38.1,0.0568,0
PG_2026_0113,POSTGRADUATE,Male,22,<2 LPA,0,6.76,7.27,71.2,92.6,750000.0,56.1,5,0,26,Maharashtra,MH,82.3,75.9,32.3,11.2,Nandurbar,33.1,1,83.3,32.4,0.0356,0
PG_2026_0114,POSTGRADUATE,Male,24,2-5 LPA,0,7.87,7.25,83.7,46.0,350000.0,53.2,10,1,26,Rajasthan,RJ,66.1,52.1,26.0,17.2,Kota,8.2,0,39.7,21.0,0.1305,0
PG_2026_0115,POSTGRADUATE,Male,26,2-5 LPA,1,6.53,5.83,81.9,52.8,0.0,60.0,0,1,1,Gujarat,GJ,78.0,69.7,21.3,17.9,Dahod,40.5,1,88.0,38.1,0.0904,0
PG_2026_0116,POSTGRADUATE,Female,25,2-5 LPA,1,6.87,6.15,87.5,76.5,150000.0,63.6,0,1,18,Maharashtra,MH,82.3,75.9,32.3,11.2,Mumbai,2.1,0,0.0,19.5,0.0345,0
PG_2026_0117,POSTGRADUATE,Female,24,2-5 LPA,1,7.35,6.49,76.4,16.4,750000.0,75.5,8,2,2,Rajasthan,RJ,66.1,52.1,26.0,17.2,Kota,8.2,0,39.7,21.0,0.5888,1
PG_2026_0118,POSTGRADUATE,Female,25,2-5 LPA,0,6.14,6.32,100.0,74.4,350000.0,50.8,11,1,6,Tamil Nadu,TN,80.1,73.4,51.4,8.1,Chennai,1.2,0,0.0,17.5,0.0581,0
PG_2026_0119,POSTGRADUATE,Male,21,5-10 LPA,0,8.35,8.51,67.6,77.4,350000.0,90.8,5,1,0,Maharashtra,MH,82.3,75.9,32.3,11.2,Gadchiroli,28.5,1,89.0,28.9,0.0158,0
PG_2026_0120,POSTGRADUATE,Female,21,<2 LPA,0,8.39,7.37,100.0,52.1,750000.0,67.0,5,0,25,Rajasthan,RJ,66.1,52.1,26.0,17.2,Kota,8.2,0,39.7,21.0,0.0466,0
PG_2026_0121,POSTGRADUATE,Male,23,2-5 LPA,0,7.46,6.57,62.7,72.5,750000.0,86.6,13,0,7,Tamil Nadu,TN,80.1,73.4,51.4,8.1,Ramanathapuram,7.8,1,69.7,22.1,0.0927,0
PG_2026_0122,POSTGRADUATE,Female,24,2-5 LPA,1,8.49,8.27,64.4,47.4,350000.0,94.0,6,0,4,Madhya Pradesh,MP,69.3,59.2,24.8,18.5,Barwani,46.1,1,85.5,37.1,0.0327,0
PG_2026_0123,POSTGRADUATE,Female,26,5-10 LPA,0,7.26,7.7,72.6,75.0,350000.0,68.9,8,1,1,Tamil Nadu,TN,80.1,73.4,51.4,8.1,Chennai,1.2,0,0.0,17.5,0.0388,0
PG_2026_0124,POSTGRADUATE,Male,26,<2 LPA,1,7.42,7.25,47.5,41.0,350000.0,29.8,8,0,3,Gujarat,GJ,78.0,69.7,21.3,17.9,Ahmedabad,3.8,0,15.9,20.2,0.3227,0
PG_2026_0125,POSTGRADUATE,Female,26,5-10 LPA,0,6.91,6.7,67.5,57.8,150000.0,53.4,4,0,0,Kerala,KL,94.0,92.1,43.2,3.2,Ernakulam,0.6,0,31.9,14.8,0.0736,1
PG_2026_0126,POSTGRADUATE,Male,21,<2 LPA,1,8.55,8.06,71.3,70.6,0.0,76.3,1,0,0,Bihar,BR,61.8,51.5,14.5,21.4,Katihar,48.7,1,91.1,44.3,0.0096,0
PG_2026_0127,POSTGRADUATE,Male,23,<2 LPA,1,6.29,6.2,62.8,71.0,750000.0,63.1,9,2,4,Gujarat,GJ,78.0,69.7,21.3,17.9,Ahmedabad,3.8,0,15.9,20.2,0.3308,0
PG_2026_0128,POSTGRADUATE,Male,22,<2 LPA,1,7.4,7.17,53.0,51.9,0.0,62.3,4,0,9,Karnataka,KA,75.4,68.1,36.2,12.0,Bengaluru Urban,1.8,0,9.1,18.2,0.0721,0
PG_2026_0129,POSTGRADUATE,Male,26,<2 LPA,1,6.92,6.1,76.7,88.0,150000.0,50.7,1,2,11,Tamil Nadu,TN,80.1,73.4,51.4,8.1,Chennai,1.2,0,0.0,17.5,0.0699,0
PG_2026_0130,POSTGRADUATE,Female,26,<2 LPA,1,6.84,6.68,61.7,72.5,750000.0,70.4,16,2,47,Madhya Pradesh,MP,69.3,59.2,24.8,18.5,Alirajpur,52.0,1,92.2,39.5,0.2915,0
PG_2026_0131,POSTGRADUATE,Male,25,2-5 LPA,0,9.8,9.9,93.3,39.9,350000.0,89.6,8,1,0,Tamil Nadu,TN,80.1,73.4,51.4,8.1,Coimbatore,2.1,0,24.2,18.9,0.0144,0
PG_2026_0132,POSTGRADUATE,Male,24,2-5 LPA,0,8.15,7.27,70.6,70.4,0.0,70.0,3,0,4,Uttar Pradesh,UP,67.7,57.2,23.2,16.8,Bahraich,54.4,1,92.1,46.5,0.0184,0
PG_2026_0133,POSTGRADUATE,Male,25,<2 LPA,0,8.41,8.41,77.1,82.3,0.0,72.4,1,0,13,Haryana,HR,75.6,65.9,29.8,12.5,Nuh / Mewat,44.8,1,88.6,47.0,0.0048,0
PG_2026_0134,POSTGRADUATE,Female,25,<2 LPA,0,6.96,6.78,67.9,59.8,0.0,84.3,4,0,2,Rajasthan,RJ,66.1,52.1,26.0,17.2,Barmer,34.2,1,93.0,35.8,0.0291,0
PG_2026_0135,POSTGRADUATE,Male,24,5-10 LPA,1,8.47,8.79,95.7,35.8,0.0,47.6,1,0,15,Uttar Pradesh,UP,67.7,57.2,23.2,16.8,Shravasti,49.6,1,96.5,48.2,0.0185,0
PG_2026_0136,POSTGRADUATE,Female,24,2-5 LPA,0,7.69,7.89,96.5,40.5,0.0,64.4,3,1,8,Kerala,KL,94.0,92.1,43.2,3.2,Thiruvananthapuram,0.9,0,46.2,15.2,0.0313,0
PG_2026_0137,POSTGRADUATE,Female,26,>10 LPA,0,7.74,8.88,64.0,0.0,150000.0,92.0,2,0,0,Maharashtra,MH,82.3,75.9,32.3,11.2,Gadchiroli,28.5,1,89.0,28.9,0.0794,0
PG_2026_0138,POSTGRADUATE,Female,23,2-5 LPA,0,5.59,4.94,81.4,73.8,0.0,44.4,0,2,30,Haryana,HR,75.6,65.9,29.8,12.5,Gurugram,2.5,0,31.2,20.5,0.1509,0
PG_2026_0139,POSTGRADUATE,Male,25,2-5 LPA,1,8.07,9.21,83.6,37.3,0.0,77.6,2,1,4,Gujarat,GJ,78.0,69.7,21.3,17.9,Dahod,40.5,1,88.0,38.1,0.0187,0
PG_2026_0140,POSTGRADUATE,Female,25,2-5 LPA,0,8.25,7.41,58.7,54.7,350000.0,76.8,12,1,0,Bihar,BR,61.8,51.5,14.5,21.4,Katihar,48.7,1,91.1,44.3,0.1255,1
PG_2026_0141,POSTGRADUATE,Female,22,5-10 LPA,0,6.16,6.6,77.4,40.9,350000.0,69.5,5,0,2,Tamil Nadu,TN,80.1,73.4,51.4,8.1,Coimbatore,2.1,0,24.2,18.9,0.1017,0
PG_2026_0142,POSTGRADUATE,Male,21,5-10 LPA,1,7.2,6.67,63.2,34.4,150000.0,77.1,4,1,24,Karnataka,KA,75.4,68.1,36.2,12.0,Raichur,36.8,1,74.6,34.0,0.1757,1
PG_2026_0143,POSTGRADUATE,Female,21,>10 LPA,1,7.62,7.45,76.4,89.4,1200000.0,49.1,7,1,4,Madhya Pradesh,MP,69.3,59.2,24.8,18.5,Alirajpur,52.0,1,92.2,39.5,0.1135,0
PG_2026_0144,POSTGRADUATE,Male,24,<2 LPA,0,7.38,6.4,51.0,50.7,0.0,93.3,3,3,16,Maharashtra,MH,82.3,75.9,32.3,11.2,Pune,3.9,0,39.1,21.0,0.2338,0
PG_2026_0145,POSTGRADUATE,Female,24,2-5 LPA,0,7.21,6.45,78.8,70.4,750000.0,67.0,9,2,0,Karnataka,KA,75.4,68.1,36.2,12.0,Raichur,36.8,1,74.6,34.0,0.202,0
PG_2026_0146,POSTGRADUATE,Male,22,2-5 LPA,1,8.38,7.14,92.6,53.4,750000.0,60.2,11,0,7,Bihar,BR,61.8,51.5,14.5,21.4,Purnia,50.4,1,89.2,42.1,0.0855,1
PG_2026_0147,POSTGRADUATE,Female,21,>10 LPA,0,7.47,7.41,60.9,76.1,750000.0,46.5,6,1,29,Haryana,HR,75.6,65.9,29.8,12.5,Gurugram,2.5,0,31.2,20.5,0.1468,0
PG_2026_0148,POSTGRADUATE,Female,22,2-5 LPA,1,6.97,7.1,78.1,88.5,0.0,55.4,3,0,10,Rajasthan,RJ,66.1,52.1,26.0,17.2,Jaipur,6.9,0,47.6,22.5,0.0116,0
PG_2026_0149,POSTGRADUATE,Female,23,2-5 LPA,0,8.46,7.52,69.8,70.8,150000.0,75.4,3,0,1,Bihar,BR,61.8,51.5,14.5,21.4,Katihar,48.7,1,91.1,44.3,0.0182,0
PG_2026_0150,POSTGRADUATE,Female,23,2-5 LPA,0,7.73,6.93,73.9,52.9,0.0,95.0,3,0,14,Gujarat,GJ,78.0,69.7,21.3,17.9,Dahod,40.5,1,88.0,38.1,0.0224,1
PG_2026_0151,POSTGRADUATE,Male,21,2-5 LPA,0,8.73,8.24,77.3,85.3,350000.0,61.9,10,0,0,Rajasthan,RJ,66.1,52.1,26.0,17.2,Kota,8.2,0,39.7,21.0,0.0134,0
PG_2026_0152,POSTGRADUATE,Male,23,<2 LPA,0,8.94,8.86,88.1,62.8,150000.0,29.7,3,0,36,Haryana,HR,75.6,65.9,29.8,12.5,Gurugram,2.5,0,31.2,20.5,0.0166,0
PG_2026_0153,POSTGRADUATE,Female,26,2-5 LPA,1,8.16,7.85,65.9,76.5,750000.0,73.2,12,0,9,Karnataka,KA,75.4,68.1,36.2,12.0,Yadgir,39.4,1,81.2,36.5,0.0477,0
PG_2026_0154,POSTGRADUATE,Male,23,<2 LPA,0,7.41,8.75,71.5,83.5,0.0,38.6,4,0,0,Madhya Pradesh,MP,69.3,59.2,24.8,18.5,Bhopal,9.4,0,19.1,23.4,0.0098,0
PG_2026_0155,POSTGRADUATE,Female,23,<2 LPA,0,6.69,6.58,100.0,55.1,0.0,48.6,1,1,4,Gujarat,GJ,78.0,69.7,21.3,17.9,Ahmedabad,3.8,0,15.9,20.2,0.0438,0
PG_2026_0156,POSTGRADUATE,Male,23,5-10 LPA,1,7.53,7.79,80.6,75.8,150000.0,33.3,2,0,2,Gujarat,GJ,78.0,69.7,21.3,17.9,Dahod,40.5,1,88.0,38.1,0.0213,0
PG_2026_0157,POSTGRADUATE,Female,24,<2 LPA,0,9.04,8.95,63.9,52.8,150000.0,39.7,4,0,3,Maharashtra,MH,82.3,75.9,32.3,11.2,Mumbai,2.1,0,0.0,19.5,0.0385,0
PG_2026_0158,POSTGRADUATE,Female,24,<2 LPA,1,6.95,6.85,81.6,100.0,750000.0,48.9,8,0,21,Madhya Pradesh,MP,69.3,59.2,24.8,18.5,Alirajpur,52.0,1,92.2,39.5,0.0327,1
PG_2026_0159,POSTGRADUATE,Male,22,5-10 LPA,1,8.42,7.73,58.6,76.2,150000.0,93.5,1,1,13,Uttar Pradesh,UP,67.7,57.2,23.2,16.8,Varanasi,16.3,0,56.6,29.4,0.0201,0
PG_2026_0160,POSTGRADUATE,Male,21,2-5 LPA,1,8.25,7.88,90.9,56.3,0.0,67.2,2,0,8,Uttar Pradesh,UP,67.7,57.2,23.2,16.8,Balrampur,47.9,1,92.3,45.0,0.0121,0
PG_2026_0161,POSTGRADUATE,Male,25,2-5 LPA,0,7.39,5.39,100.0,90.6,750000.0,42.5,5,3,20,Tamil Nadu,TN,80.1,73.4,51.4,8.1,Coimbatore,2.1,0,24.2,18.9,0.2171,0
PG_2026_0162,POSTGRADUATE,Male,25,<2 LPA,0,9.09,8.22,63.8,53.8,350000.0,66.6,5,1,15,Tamil Nadu,TN,80.1,73.4,51.4,8.1,Chennai,1.2,0,0.0,17.5,0.0722,0
PG_2026_0163,POSTGRADUATE,Male,21,<2 LPA,1,9.8,9.9,74.2,71.8,0.0,74.4,4,0,34,Karnataka,KA,75.4,68.1,36.2,12.0,Yadgir,39.4,1,81.2,36.5,0.0036,0
PG_2026_0164,POSTGRADUATE,Female,22,>10 LPA,0,8.04,7.63,94.3,99.1,150000.0,48.3,0,1,1,Tamil Nadu,TN,80.1,73.4,51.4,8.1,Coimbatore,2.1,0,24.2,18.9,0.0079,0
PG_2026_0165,POSTGRADUATE,Female,21,5-10 LPA,1,8.2,7.84,65.6,49.8,750000.0,54.6,9,0,6,Maharashtra,MH,82.3,75.9,32.3,11.2,Gadchiroli,28.5,1,89.0,28.9,0.1448,0
PG_2026_0166,POSTGRADUATE,Male,23,2-5 LPA,0,8.29,7.48,74.6,34.4,150000.0,87.0,4,0,9,Maharashtra,MH,82.3,75.9,32.3,11.2,Gadchiroli,28.5,1,89.0,28.9,0.0459,0
PG_2026_0167,POSTGRADUATE,Male,26,2-5 LPA,0,7.55,8.19,83.4,48.7,150000.0,67.8,6,1,6,Haryana,HR,75.6,65.9,29.8,12.5,Nuh / Mewat,44.8,1,88.6,47.0,0.0379,0
PG_2026_0168,POSTGRADUATE,Male,24,>10 LPA,1,6.49,6.27,77.4,16.4,750000.0,70.2,8,3,5,Rajasthan,RJ,66.1,52.1,26.0,17.2,Jaipur,6.9,0,47.6,22.5,0.7421,1
PG_2026_0169,POSTGRADUATE,Female,26,2-5 LPA,1,8.45,7.14,64.4,59.8,0.0,56.3,1,0,1,Haryana,HR,75.6,65.9,29.8,12.5,Gurugram,2.5,0,31.2,20.5,0.0414,1
PG_2026_0170,POSTGRADUATE,Female,25,2-5 LPA,1,6.17,5.91,82.5,82.7,0.0,72.2,1,1,4,Rajasthan,RJ,66.1,52.1,26.0,17.2,Barmer,34.2,1,93.0,35.8,0.0259,0
PG_2026_0171,POSTGRADUATE,Female,26,>10 LPA,0,7.6,5.8,80.5,78.4,0.0,72.0,2,2,4,Tamil Nadu,TN,80.1,73.4,51.4,8.1,Ramanathapuram,7.8,1,69.7,22.1,0.0564,0
PG_2026_0172,POSTGRADUATE,Female,22,5-10 LPA,0,7.88,7.97,83.3,68.6,0.0,63.5,1,0,13,Kerala,KL,94.0,92.1,43.2,3.2,Ernakulam,0.6,0,31.9,14.8,0.0098,0
PG_2026_0173,POSTGRADUATE,Male,21,5-10 LPA,0,7.49,8.0,98.7,65.9,0.0,44.2,3,0,0,Haryana,HR,75.6,65.9,29.8,12.5,Gurugram,2.5,0,31.2,20.5,0.0105,0
PG_2026_0174,POSTGRADUATE,Female,25,2-5 LPA,0,8.7,7.65,58.4,59.2,0.0,89.1,4,0,10,Kerala,KL,94.0,92.1,43.2,3.2,Thiruvananthapuram,0.9,0,46.2,15.2,0.0224,0
PG_2026_0175,POSTGRADUATE,Male,25,<2 LPA,0,6.37,6.38,58.1,36.4,0.0,73.3,2,4,5,Kerala,KL,94.0,92.1,43.2,3.2,Thiruvananthapuram,0.9,0,46.2,15.2,0.4941,0
PG_2026_0176,POSTGRADUATE,Female,21,<2 LPA,1,6.87,6.03,83.8,70.5,0.0,82.0,0,2,0,Madhya Pradesh,MP,69.3,59.2,24.8,18.5,Barwani,46.1,1,85.5,37.1,0.0457,0
PG_2026_0177,POSTGRADUATE,Male,26,2-5 LPA,0,8.22,6.53,59.7,40.9,750000.0,46.5,11,1,1,Maharashtra,MH,82.3,75.9,32.3,11.2,Pune,3.9,0,39.1,21.0,0.5405,1
PG_2026_0178,POSTGRADUATE,Male,23,2-5 LPA,0,7.49,7.46,62.8,53.4,0.0,77.0,7,0,34,Tamil Nadu,TN,80.1,73.4,51.4,8.1,Ramanathapuram,7.8,1,69.7,22.1,0.0372,0
PG_2026_0179,POSTGRADUATE,Male,23,2-5 LPA,1,7.69,8.42,81.2,69.5,0.0,95.0,2,0,17,Rajasthan,RJ,66.1,52.1,26.0,17.2,Jaipur,6.9,0,47.6,22.5,0.0044,0
PG_2026_0180,POSTGRADUATE,Male,25,<2 LPA,0,6.59,6.9,100.0,64.5,0.0,60.8,2,0,2,Uttar Pradesh,UP,67.7,57.2,23.2,16.8,Balrampur,47.9,1,92.3,45.0,0.0134,0
PG_2026_0181,POSTGRADUATE,Female,25,5-10 LPA,0,7.04,9.56,91.6,67.3,150000.0,53.5,2,0,20,Haryana,HR,75.6,65.9,29.8,12.5,Gurugram,2.5,0,31.2,20.5,0.0053,0
PG_2026_0182,POSTGRADUATE,Male,25,<2 LPA,1,7.09,6.78,79.3,55.4,350000.0,65.8,7,0,8,Gujarat,GJ,78.0,69.7,21.3,17.9,Dahod,40.5,1,88.0,38.1,0.0636,0
PG_2026_0183,POSTGRADUATE,Female,21,2-5 LPA,1,7.01,6.7,88.8,37.0,750000.0,69.9,6,1,2,Uttar Pradesh,UP,67.7,57.2,23.2,16.8,Varanasi,16.3,0,56.6,29.4,0.2131,0
PG_2026_0184,POSTGRADUATE,Female,25,>10 LPA,0,8.3,7.68,71.1,74.3,150000.0,58.3,0,1,2,Tamil Nadu,TN,80.1,73.4,51.4,8.1,Coimbatore,2.1,0,24.2,18.9,0.0293,1
PG_2026_0185,POSTGRADUATE,Female,23,2-5 LPA,0,8.2,8.47,78.0,79.6,0.0,45.1,1,0,32,Gujarat,GJ,78.0,69.7,21.3,17.9,Dahod,40.5,1,88.0,38.1,0.0086,0
PG_2026_0186,POSTGRADUATE,Male,23,<2 LPA,0,7.71,8.03,82.5,83.7,0.0,49.9,2,1,0,Madhya Pradesh,MP,69.3,59.2,24.8,18.5,Indore,6.8,0,25.9,21.8,0.0128,0
PG_2026_0187,POSTGRADUATE,Female,22,<2 LPA,0,5.72,5.71,80.5,78.8,150000.0,67.9,1,0,14,Maharashtra,MH,82.3,75.9,32.3,11.2,Gadchiroli,28.5,1,89.0,28.9,0.0289,0
PG_2026_0188,POSTGRADUATE,Female,23,5-10 LPA,0,7.05,6.75,64.9,23.1,350000.0,95.0,11,0,48,Tamil Nadu,TN,80.1,73.4,51.4,8.1,Ramanathapuram,7.8,1,69.7,22.1,0.174,0
PG_2026_0189,POSTGRADUATE,Male,23,<2 LPA,1,7.75,6.66,80.1,41.9,750000.0,94.8,6,0,26,Maharashtra,MH,82.3,75.9,32.3,11.2,Nandurbar,33.1,1,83.3,32.4,0.1003,0
PG_2026_0190,POSTGRADUATE,Male,24,2-5 LPA,0,6.74,5.55,75.5,94.0,0.0,52.8,1,4,6,Rajasthan,RJ,66.1,52.1,26.0,17.2,Barmer,34.2,1,93.0,35.8,0.1507,0
PG_2026_0191,POSTGRADUATE,Male,23,<2 LPA,0,6.38,5.5,68.6,100.0,0.0,93.6,4,1,8,Gujarat,GJ,78.0,69.7,21.3,17.9,Narmada,32.4,1,89.5,30.5,0.0196,0
PG_2026_0192,POSTGRADUATE,Male,22,2-5 LPA,0,6.38,6.03,70.9,86.3,750000.0,55.7,14,4,17,Tamil Nadu,TN,80.1,73.4,51.4,8.1,Chennai,1.2,0,0.0,17.5,0.484,0
PG_2026_0193,POSTGRADUATE,Male,21,2-5 LPA,0,8.15,7.99,100.0,85.5,150000.0,46.6,5,0,1,Karnataka,KA,75.4,68.1,36.2,12.0,Raichur,36.8,1,74.6,34.0,0.0066,0
PG_2026_0194,POSTGRADUATE,Male,21,2-5 LPA,0,7.42,8.04,77.4,71.0,350000.0,48.6,7,1,14,Karnataka,KA,75.4,68.1,36.2,12.0,Yadgir,39.4,1,81.2,36.5,0.0461,0
PG_2026_0195,POSTGRADUATE,Female,24,5-10 LPA,1,7.23,7.82,74.1,67.7,0.0,51.3,5,0,2,Haryana,HR,75.6,65.9,29.8,12.5,Nuh / Mewat,44.8,1,88.6,47.0,0.0209,0
PG_2026_0196,POSTGRADUATE,Female,24,<2 LPA,0,8.87,9.08,75.5,100.0,0.0,57.2,2,0,9,Haryana,HR,75.6,65.9,29.8,12.5,Nuh / Mewat,44.8,1,88.6,47.0,0.0026,0
PG_2026_0197,POSTGRADUATE,Male,26,<2 LPA,1,6.78,6.33,80.2,52.3,0.0,74.3,4,3,20,Maharashtra,MH,82.3,75.9,32.3,11.2,Nandurbar,33.1,1,83.3,32.4,0.1589,0
PG_2026_0198,POSTGRADUATE,Male,26,<2 LPA,0,5.72,4.71,83.1,52.2,0.0,67.8,1,2,3,Gujarat,GJ,78.0,69.7,21.3,17.9,Narmada,32.4,1,89.5,30.5,0.2088,0
PG_2026_0199,POSTGRADUATE,Male,26,<2 LPA,0,5.85,5.31,57.4,54.7,750000.0,80.5,10,4,24,Rajasthan,RJ,66.1,52.1,26.0,17.2,Barmer,34.2,1,93.0,35.8,0.7696,1
PG_2026_0200,POSTGRADUATE,Male,24,2-5 LPA,1,5.5,6.56,84.5,42.2,150000.0,43.0,2,1,3,Kerala,KL,94.0,92.1,43.2,3.2,Wayanad,4.1,1,96.1,18.0,0.1434,0
PG_2026_0201,POSTGRADUATE,Female,24,2-5 LPA,0,6.79,6.95,92.5,48.3,0.0,84.7,1,0,15,Uttar Pradesh,UP,67.7,57.2,23.2,16.8,Bahraich,54.4,1,92.1,46.5,0.0172,0
PG_2026_0202,POSTGRADUATE,Female,21,<2 LPA,1,7.68,6.68,100.0,40.0,1200000.0,43.3,7,0,15,Tamil Nadu,TN,80.1,73.4,51.4,8.1,Chennai,1.2,0,0.0,17.5,0.2694,0
PG_2026_0203,POSTGRADUATE,Female,23,2-5 LPA,1,7.95,8.34,62.7,22.3,0.0,46.9,3,0,1,Rajasthan,RJ,66.1,52.1,26.0,17.2,Jaipur,6.9,0,47.6,22.5,0.1012,0
PG_2026_0204,POSTGRADUATE,Female,26,<2 LPA,1,8.99,9.04,47.2,56.0,0.0,62.9,0,0,25,Kerala,KL,94.0,92.1,43.2,3.2,Ernakulam,0.6,0,31.9,14.8,0.0239,0
PG_2026_0205,POSTGRADUATE,Female,25,2-5 LPA,1,9.54,8.87,64.2,52.7,0.0,47.6,4,2,5,Rajasthan,RJ,66.1,52.1,26.0,17.2,Kota,8.2,0,39.7,21.0,0.0718,0
PG_2026_0206,POSTGRADUATE,Female,26,2-5 LPA,1,6.5,6.62,68.7,58.3,0.0,54.9,3,1,46,Uttar Pradesh,UP,67.7,57.2,23.2,16.8,Balrampur,47.9,1,92.3,45.0,0.0884,0
PG_2026_0207,POSTGRADUATE,Female,25,>10 LPA,1,8.84,9.87,90.3,65.2,0.0,36.0,2,2,6,Haryana,HR,75.6,65.9,29.8,12.5,Gurugram,2.5,0,31.2,20.5,0.0152,0
PG_2026_0208,POSTGRADUATE,Female,25,5-10 LPA,1,8.82,8.95,100.0,28.1,150000.0,31.6,5,0,5,Uttar Pradesh,UP,67.7,57.2,23.2,16.8,Varanasi,16.3,0,56.6,29.4,0.0379,0
PG_2026_0209,POSTGRADUATE,Female,25,<2 LPA,0,8.52,7.58,94.8,74.1,350000.0,52.8,5,0,10,Tamil Nadu,TN,80.1,73.4,51.4,8.1,Coimbatore,2.1,0,24.2,18.9,0.0169,0
PG_2026_0210,POSTGRADUATE,Male,21,<2 LPA,0,7.0,6.43,70.7,46.1,0.0,50.5,0,2,8,Kerala,KL,94.0,92.1,43.2,3.2,Thiruvananthapuram,0.9,0,46.2,15.2,0.2009,0
PG_2026_0211,POSTGRADUATE,Female,25,2-5 LPA,1,7.78,7.49,82.4,6.2,0.0,87.7,2,0,1,Madhya Pradesh,MP,69.3,59.2,24.8,18.5,Alirajpur,52.0,1,92.2,39.5,0.0695,0
PG_2026_0212,POSTGRADUATE,Female,23,5-10 LPA,1,6.76,7.05,58.9,52.9,350000.0,56.8,10,0,0,Haryana,HR,75.6,65.9,29.8,12.5,Nuh / Mewat,44.8,1,88.6,47.0,0.1346,0
PG_2026_0213,POSTGRADUATE,Female,24,>10 LPA,0,7.81,9.39,81.3,0.0,0.0,70.5,1,0,13,Tamil Nadu,TN,80.1,73.4,51.4,8.1,Ramanathapuram,7.8,1,69.7,22.1,0.044,0
PG_2026_0214,POSTGRADUATE,Female,26,2-5 LPA,0,7.82,7.81,70.1,49.9,0.0,87.5,1,0,3,Gujarat,GJ,78.0,69.7,21.3,17.9,Narmada,32.4,1,89.5,30.5,0.0188,0
PG_2026_0215,POSTGRADUATE,Female,26,2-5 LPA,0,6.58,6.04,85.0,65.1,150000.0,57.7,2,2,2,Gujarat,GJ,78.0,69.7,21.3,17.9,Dahod,40.5,1,88.0,38.1,0.1086,0
PG_2026_0216,POSTGRADUATE,Female,21,2-5 LPA,1,6.98,7.86,73.9,56.5,150000.0,48.2,4,0,0,Gujarat,GJ,78.0,69.7,21.3,17.9,Ahmedabad,3.8,0,15.9,20.2,0.0384,0
PG_2026_0217,POSTGRADUATE,Male,26,2-5 LPA,1,6.23,5.84,39.0,100.0,350000.0,48.7,12,3,8,Madhya Pradesh,MP,69.3,59.2,24.8,18.5,Barwani,46.1,1,85.5,37.1,0.3749,0
PG_2026_0218,POSTGRADUATE,Female,24,2-5 LPA,0,9.11,7.83,56.1,42.5,0.0,60.4,4,1,14,Rajasthan,RJ,66.1,52.1,26.0,17.2,Kota,8.2,0,39.7,21.0,0.1051,0
PG_2026_0219,POSTGRADUATE,Male,21,>10 LPA,1,7.6,7.8,63.0,99.8,0.0,71.5,2,0,42,Gujarat,GJ,78.0,69.7,21.3,17.9,Ahmedabad,3.8,0,15.9,20.2,0.0059,0
PG_2026_0220,POSTGRADUATE,Female,24,2-5 LPA,0,7.69,7.17,79.3,61.3,0.0,95.0,1,0,2,Tamil Nadu,TN,80.1,73.4,51.4,8.1,Ramanathapuram,7.8,1,69.7,22.1,0.0118,0
PG_2026_0221,POSTGRADUATE,Male,25,5-10 LPA,0,5.69,6.42,65.7,53.1,150000.0,35.2,3,2,0,Rajasthan,RJ,66.1,52.1,26.0,17.2,Jaipur,6.9,0,47.6,22.5,0.3017,1
PG_2026_0222,POSTGRADUATE,Female,26,>10 LPA,0,6.53,6.8,68.1,58.5,0.0,53.3,2,0,1,Tamil Nadu,TN,80.1,73.4,51.4,8.1,Coimbatore,2.1,0,24.2,18.9,0.0507,0
PG_2026_0223,POSTGRADUATE,Female,26,2-5 LPA,0,7.74,6.97,78.3,55.3,0.0,79.1,0,1,18,Haryana,HR,75.6,65.9,29.8,12.5,Gurugram,2.5,0,31.2,20.5,0.0355,0
PG_2026_0224,POSTGRADUATE,Female,26,<2 LPA,0,6.65,5.73,74.8,84.5,350000.0,56.9,7,4,2,Rajasthan,RJ,66.1,52.1,26.0,17.2,Barmer,34.2,1,93.0,35.8,0.3058,0
PG_2026_0225,POSTGRADUATE,Female,25,<2 LPA,0,5.58,6.3,96.9,80.9,350000.0,72.7,8,0,14,Bihar,BR,61.8,51.5,14.5,21.4,Purnia,50.4,1,89.2,42.1,0.0188,0
PG_2026_0226,POSTGRADUATE,Female,23,<2 LPA,1,8.52,7.68,72.9,63.3,350000.0,37.4,12,0,8,Haryana,HR,75.6,65.9,29.8,12.5,Nuh / Mewat,44.8,1,88.6,47.0,0.0737,0
PG_2026_0227,POSTGRADUATE,Male,22,2-5 LPA,1,7.54,6.54,80.5,70.7,0.0,69.1,4,0,9,Madhya Pradesh,MP,69.3,59.2,24.8,18.5,Alirajpur,52.0,1,92.2,39.5,0.0212,0
PG_2026_0228,POSTGRADUATE,Male,23,2-5 LPA,0,6.98,5.73,75.0,60.7,750000.0,69.5,10,2,4,Tamil Nadu,TN,80.1,73.4,51.4,8.1,Ramanathapuram,7.8,1,69.7,22.1,0.3682,0
PG_2026_0229,POSTGRADUATE,Male,24,2-5 LPA,0,6.98,6.44,60.5,70.1,150000.0,69.4,5,3,8,Madhya Pradesh,MP,69.3,59.2,24.8,18.5,Barwani,46.1,1,85.5,37.1,0.198,0
PG_2026_0230,POSTGRADUATE,Male,25,<2 LPA,1,6.88,5.39,59.8,69.9,350000.0,63.6,6,0,18,Gujarat,GJ,78.0,69.7,21.3,17.9,Narmada,32.4,1,89.5,30.5,0.1364,0
PG_2026_0231,POSTGRADUATE,Female,22,2-5 LPA,0,7.49,7.26,72.7,77.3,0.0,61.7,4,1,2,Uttar Pradesh,UP,67.7,57.2,23.2,16.8,Bahraich,54.4,1,92.1,46.5,0.0272,0
PG_2026_0232,POSTGRADUATE,Male,23,2-5 LPA,0,6.65,6.2,73.6,77.3,0.0,55.4,3,1,4,Bihar,BR,61.8,51.5,14.5,21.4,Katihar,48.7,1,91.1,44.3,0.0509,0
PG_2026_0233,POSTGRADUATE,Female,26,<2 LPA,0,7.83,7.94,80.0,67.9,350000.0,82.3,6,0,3,Maharashtra,MH,82.3,75.9,32.3,11.2,Mumbai,2.1,0,0.0,19.5,0.0154,0
PG_2026_0234,POSTGRADUATE,Male,25,2-5 LPA,0,9.8,9.76,59.2,58.3,150000.0,45.1,1,0,0,Bihar,BR,61.8,51.5,14.5,21.4,Muzaffarpur,35.1,1,90.3,38.0,0.0193,0
PG_2026_0235,POSTGRADUATE,Male,25,<2 LPA,1,7.93,8.37,82.9,56.4,0.0,45.2,4,2,8,Haryana,HR,75.6,65.9,29.8,12.5,Nuh / Mewat,44.8,1,88.6,47.0,0.0508,0
PG_2026_0236,POSTGRADUATE,Male,24,2-5 LPA,1,5.5,4.46,89.3,84.0,750000.0,47.5,5,3,19,Gujarat,GJ,78.0,69.7,21.3,17.9,Ahmedabad,3.8,0,15.9,20.2,0.4205,0
PG_2026_0237,POSTGRADUATE,Female,24,5-10 LPA,0,8.85,7.84,73.0,1.6,150000.0,71.1,0,0,27,Tamil Nadu,TN,80.1,73.4,51.4,8.1,Coimbatore,2.1,0,24.2,18.9,0.1352,0
PG_2026_0238,POSTGRADUATE,Male,21,<2 LPA,0,7.79,7.58,64.0,25.9,750000.0,57.0,8,0,48,Maharashtra,MH,82.3,75.9,32.3,11.2,Pune,3.9,0,39.1,21.0,0.3034,0
PG_2026_0239,POSTGRADUATE,Male,25,2-5 LPA,0,7.01,7.13,79.4,77.2,150000.0,87.4,1,1,3,Rajasthan,RJ,66.1,52.1,26.0,17.2,Jaipur,6.9,0,47.6,22.5,0.0164,0
PG_2026_0240,POSTGRADUATE,Female,22,2-5 LPA,1,8.68,7.52,86.2,64.0,0.0,62.1,2,1,1,Gujarat,GJ,78.0,69.7,21.3,17.9,Narmada,32.4,1,89.5,30.5,0.0233,0
PG_2026_0241,POSTGRADUATE,Male,24,2-5 LPA,0,8.05,8.29,81.4,76.1,350000.0,64.3,9,2,3,Uttar Pradesh,UP,67.7,57.2,23.2,16.8,Varanasi,16.3,0,56.6,29.4,0.0387,0
PG_2026_0242,POSTGRADUATE,Female,21,2-5 LPA,1,6.93,6.47,63.7,36.6,350000.0,62.8,7,1,3,Maharashtra,MH,82.3,75.9,32.3,11.2,Mumbai,2.1,0,0.0,19.5,0.3022,0
PG_2026_0243,POSTGRADUATE,Male,26,2-5 LPA,1,6.4,6.2,59.5,59.0,0.0,39.9,2,0,11,Uttar Pradesh,UP,67.7,57.2,23.2,16.8,Varanasi,16.3,0,56.6,29.4,0.1106,0
PG_2026_0244,POSTGRADUATE,Male,22,<2 LPA,1,7.42,6.57,76.4,46.5,0.0,65.0,0,0,8,Gujarat,GJ,78.0,69.7,21.3,17.9,Narmada,32.4,1,89.5,30.5,0.0504,0
PG_2026_0245,POSTGRADUATE,Male,26,5-10 LPA,1,7.18,7.68,88.4,89.1,350000.0,39.0,7,1,0,Haryana,HR,75.6,65.9,29.8,12.5,Gurugram,2.5,0,31.2,20.5,0.0265,0
PG_2026_0246,POSTGRADUATE,Female,26,2-5 LPA,0,6.89,4.0,92.7,28.0,0.0,16.1,1,2,18,Uttar Pradesh,UP,67.7,57.2,23.2,16.8,Balrampur,47.9,1,92.3,45.0,0.6574,1
PG_2026_0247,POSTGRADUATE,Male,26,<2 LPA,0,8.16,7.39,70.4,51.0,150000.0,46.1,4,0,2,Karnataka,KA,75.4,68.1,36.2,12.0,Yadgir,39.4,1,81.2,36.5,0.068,0
PG_2026_0248,POSTGRADUATE,Male,22,2-5 LPA,1,7.88,7.97,100.0,33.1,350000.0,44.0,6,1,0,Karnataka,KA,75.4,68.1,36.2,12.0,Raichur,36.8,1,74.6,34.0,0.0919,0
PG_2026_0249,POSTGRADUATE,Female,25,<2 LPA,0,7.05,6.69,100.0,35.9,350000.0,58.8,12,2,5,Rajasthan,RJ,66.1,52.1,26.0,17.2,Jaipur,6.9,0,47.6,22.5,0.2202,0
PG_2026_0250,POSTGRADUATE,Male,25,2-5 LPA,0,7.29,7.11,75.8,35.5,0.0,87.1,4,1,7,Gujarat,GJ,78.0,69.7,21.3,17.9,Narmada,32.4,1,89.5,30.5,0.0672,1
PG_2026_0251,POSTGRADUATE,Female,24,2-5 LPA,0,9.31,8.59,58.2,53.3,350000.0,54.5,11,1,20,Bihar,BR,61.8,51.5,14.5,21.4,Muzaffarpur,35.1,1,90.3,38.0,0.1074,0
PG_2026_0252,POSTGRADUATE,Female,26,2-5 LPA,1,5.5,4.0,77.5,25.3,0.0,66.8,2,3,2,Gujarat,GJ,78.0,69.7,21.3,17.9,Ahmedabad,3.8,0,15.9,20.2,0.6736,1
PG_2026_0253,POSTGRADUATE,Male,26,2-5 LPA,0,8.53,8.65,59.4,55.7,0.0,88.9,0,0,4,Madhya Pradesh,MP,69.3,59.2,24.8,18.5,Barwani,46.1,1,85.5,37.1,0.0126,0
PG_2026_0254,POSTGRADUATE,Female,26,5-10 LPA,0,7.33,5.25,75.4,69.1,0.0,95.0,1,2,17,Uttar Pradesh,UP,67.7,57.2,23.2,16.8,Varanasi,16.3,0,56.6,29.4,0.0735,0
PG_2026_0255,POSTGRADUATE,Female,24,<2 LPA,0,7.95,8.1,80.1,66.1,0.0,52.1,2,2,38,Madhya Pradesh,MP,69.3,59.2,24.8,18.5,Alirajpur,52.0,1,92.2,39.5,0.0375,0
PG_2026_0256,POSTGRADUATE,Female,22,<2 LPA,0,8.25,8.23,73.2,18.0,350000.0,65.6,9,1,1,Uttar Pradesh,UP,67.7,57.2,23.2,16.8,Noida / Gautam Buddha Nagar,7.1,0,40.9,22.0,0.1936,0
PG_2026_0257,POSTGRADUATE,Male,24,<2 LPA,0,8.54,7.92,94.9,54.5,350000.0,75.1,6,0,4,Madhya Pradesh,MP,69.3,59.2,24.8,18.5,Indore,6.8,0,25.9,21.8,0.0184,0
PG_2026_0258,POSTGRADUATE,Male,26,2-5 LPA,0,7.51,5.99,59.2,75.4,0.0,56.6,2,0,12,Gujarat,GJ,78.0,69.7,21.3,17.9,Ahmedabad,3.8,0,15.9,20.2,0.0534,1
PG_2026_0259,POSTGRADUATE,Female,21,5-10 LPA,0,7.2,7.71,46.7,82.3,0.0,54.4,1,0,3,Gujarat,GJ,78.0,69.7,21.3,17.9,Ahmedabad,3.8,0,15.9,20.2,0.0247,0
PG_2026_0260,POSTGRADUATE,Female,23,2-5 LPA,1,7.1,6.35,83.4,63.6,0.0,69.4,0,1,1,Maharashtra,MH,82.3,75.9,32.3,11.2,Gadchiroli,28.5,1,89.0,28.9,0.039,0
PG_2026_0261,POSTGRADUATE,Female,22,<2 LPA,1,7.99,7.08,89.1,31.9,150000.0,47.4,4,0,26,Tamil Nadu,TN,80.1,73.4,51.4,8.1,Coimbatore,2.1,0,24.2,18.9,0.0859,0
PG_2026_0262,POSTGRADUATE,Male,26,5-10 LPA,0,7.03,7.31,59.4,70.8,350000.0,66.9,7,0,16,Bihar,BR,61.8,51.5,14.5,21.4,Patna,18.2,0,56.4,28.5,0.0499,0
PG_2026_0263,POSTGRADUATE,Male,21,<2 LPA,1,9.04,9.06,62.8,54.8,1200000.0,77.5,6,3,7,Madhya Pradesh,MP,69.3,59.2,24.8,18.5,Barwani,46.1,1,85.5,37.1,0.2839,0
PG_2026_0264,POSTGRADUATE,Male,24,5-10 LPA,0,7.6,6.08,91.3,25.8,0.0,91.4,2,2,3,Uttar Pradesh,UP,67.7,57.2,23.2,16.8,Varanasi,16.3,0,56.6,29.4,0.1367,0
PG_2026_0265,POSTGRADUATE,Male,21,2-5 LPA,1,7.51,5.69,77.7,61.2,150000.0,54.5,1,1,2,Haryana,HR,75.6,65.9,29.8,12.5,Nuh / Mewat,44.8,1,88.6,47.0,0.1157,0
PG_2026_0266,POSTGRADUATE,Female,24,<2 LPA,0,6.02,7.01,76.5,84.8,0.0,88.9,4,0,9,Kerala,KL,94.0,92.1,43.2,3.2,Wayanad,4.1,1,96.1,18.0,0.0077,0
PG_2026_0267,POSTGRADUATE,Male,23,2-5 LPA,0,6.65,6.07,65.6,41.9,750000.0,51.3,12,2,16,Gujarat,GJ,78.0,69.7,21.3,17.9,Dahod,40.5,1,88.0,38.1,0.6565,1
PG_2026_0268,POSTGRADUATE,Female,22,2-5 LPA,0,6.4,6.18,66.3,31.5,0.0,74.4,2,5,10,Karnataka,KA,75.4,68.1,36.2,12.0,Raichur,36.8,1,74.6,34.0,0.6213,1
PG_2026_0269,POSTGRADUATE,Female,26,<2 LPA,0,6.96,6.82,86.9,77.4,350000.0,66.0,7,1,23,Maharashtra,MH,82.3,75.9,32.3,11.2,Pune,3.9,0,39.1,21.0,0.0385,0
PG_2026_0270,POSTGRADUATE,Female,21,2-5 LPA,0,7.14,7.04,71.9,86.6,750000.0,24.1,7,1,18,Maharashtra,MH,82.3,75.9,32.3,11.2,Nandurbar,33.1,1,83.3,32.4,0.1456,1
PG_2026_0271,POSTGRADUATE,Female,21,<2 LPA,0,7.64,7.34,47.4,65.5,0.0,55.7,2,0,18,Maharashtra,MH,82.3,75.9,32.3,11.2,Pune,3.9,0,39.1,21.0,0.0525,0
PG_2026_0272,POSTGRADUATE,Male,23,<2 LPA,0,8.15,7.27,82.3,56.7,0.0,64.9,3,2,30,Maharashtra,MH,82.3,75.9,32.3,11.2,Gadchiroli,28.5,1,89.0,28.9,0.0602,0
PG_2026_0273,POSTGRADUATE,Male,23,2-5 LPA,0,6.8,7.22,79.0,35.5,350000.0,42.3,7,0,5,Haryana,HR,75.6,65.9,29.8,12.5,Nuh / Mewat,44.8,1,88.6,47.0,0.1471,0
PG_2026_0274,POSTGRADUATE,Male,23,2-5 LPA,0,8.9,9.58,66.0,74.6,350000.0,69.0,7,0,15,Tamil Nadu,TN,80.1,73.4,51.4,8.1,Chennai,1.2,0,0.0,17.5,0.0102,0
PG_2026_0275,POSTGRADUATE,Male,23,<2 LPA,0,9.25,8.66,73.0,27.7,150000.0,44.5,2,0,3,Bihar,BR,61.8,51.5,14.5,21.4,Katihar,48.7,1,91.1,44.3,0.0682,0
PG_2026_0276,POSTGRADUATE,Male,22,2-5 LPA,0,5.77,6.5,57.8,79.6,0.0,71.9,1,0,30,Maharashtra,MH,82.3,75.9,32.3,11.2,Nandurbar,33.1,1,83.3,32.4,0.0266,0
PG_2026_0277,POSTGRADUATE,Male,24,5-10 LPA,0,5.89,5.29,78.3,25.4,150000.0,79.9,3,3,10,Bihar,BR,61.8,51.5,14.5,21.4,Gaya,38.6,1,86.8,36.2,0.4963,0
PG_2026_0278,POSTGRADUATE,Female,22,5-10 LPA,1,5.74,5.31,90.0,89.0,0.0,90.3,1,2,3,Maharashtra,MH,82.3,75.9,32.3,11.2,Mumbai,2.1,0,0.0,19.5,0.0264,1
PG_2026_0279,POSTGRADUATE,Male,23,2-5 LPA,0,5.93,6.11,66.6,91.3,0.0,58.0,5,3,10,Maharashtra,MH,82.3,75.9,32.3,11.2,Mumbai,2.1,0,0.0,19.5,0.1052,0
PG_2026_0280,POSTGRADUATE,Female,23,5-10 LPA,0,6.8,6.21,81.7,51.6,0.0,65.1,0,3,38,Karnataka,KA,75.4,68.1,36.2,12.0,Raichur,36.8,1,74.6,34.0,0.1713,0
PG_2026_0281,POSTGRADUATE,Female,23,<2 LPA,0,7.51,7.73,73.8,54.8,750000.0,85.3,6,0,28,Haryana,HR,75.6,65.9,29.8,12.5,Nuh / Mewat,44.8,1,88.6,47.0,0.0545,0
PG_2026_0282,POSTGRADUATE,Female,24,2-5 LPA,0,7.52,7.0,64.2,68.4,350000.0,54.2,5,1,2,Uttar Pradesh,UP,67.7,57.2,23.2,16.8,Varanasi,16.3,0,56.6,29.4,0.104,0
PG_2026_0283,POSTGRADUATE,Female,24,2-5 LPA,1,9.75,9.9,53.0,65.4,150000.0,53.9,1,0,0,Kerala,KL,94.0,92.1,43.2,3.2,Wayanad,4.1,1,96.1,18.0,0.0142,0
PG_2026_0284,POSTGRADUATE,Female,26,5-10 LPA,0,7.12,5.87,70.5,66.0,150000.0,41.9,4,3,68,Tamil Nadu,TN,80.1,73.4,51.4,8.1,Ramanathapuram,7.8,1,69.7,22.1,0.3261,0
PG_2026_0285,POSTGRADUATE,Male,23,2-5 LPA,0,7.81,8.53,63.7,81.7,0.0,48.3,1,0,10,Rajasthan,RJ,66.1,52.1,26.0,17.2,Kota,8.2,0,39.7,21.0,0.0111,0
PG_2026_0286,POSTGRADUATE,Male,24,<2 LPA,0,8.88,9.06,52.1,46.3,750000.0,64.8,2,1,21,Bihar,BR,61.8,51.5,14.5,21.4,Gaya,38.6,1,86.8,36.2,0.1337,0
PG_2026_0287,POSTGRADUATE,Female,26,<2 LPA,1,7.83,6.66,75.1,61.7,350000.0,77.3,10,1,2,Tamil Nadu,TN,80.1,73.4,51.4,8.1,Coimbatore,2.1,0,24.2,18.9,0.0872,1
PG_2026_0288,POSTGRADUATE,Female,26,<2 LPA,0,8.08,7.75,51.6,78.4,0.0,67.3,4,0,5,Bihar,BR,61.8,51.5,14.5,21.4,Purnia,50.4,1,89.2,42.1,0.0207,0
PG_2026_0289,POSTGRADUATE,Female,21,2-5 LPA,0,8.19,7.52,72.0,39.8,750000.0,34.3,7,0,0,Haryana,HR,75.6,65.9,29.8,12.5,Gurugram,2.5,0,31.2,20.5,0.2481,0
PG_2026_0290,POSTGRADUATE,Male,22,2-5 LPA,0,8.82,9.63,85.0,59.3,1200000.0,84.0,9,0,3,Haryana,HR,75.6,65.9,29.8,12.5,Nuh / Mewat,44.8,1,88.6,47.0,0.0269,0
PG_2026_0291,POSTGRADUATE,Male,22,5-10 LPA,0,8.18,8.17,66.0,15.9,0.0,59.0,2,2,2,Uttar Pradesh,UP,67.7,57.2,23.2,16.8,Lucknow,8.5,0,33.8,24.1,0.2241,0
PG_2026_0292,POSTGRADUATE,Female,25,<2 LPA,0,6.48,6.73,85.1,98.2,0.0,45.2,3,1,14,Tamil Nadu,TN,80.1,73.4,51.4,8.1,Chennai,1.2,0,0.0,17.5,0.0165,0
PG_2026_0293,POSTGRADUATE,Male,21,>10 LPA,0,8.86,9.46,65.6,55.1,0.0,90.3,1,0,8,Madhya Pradesh,MP,69.3,59.2,24.8,18.5,Barwani,46.1,1,85.5,37.1,0.0069,0
PG_2026_0294,POSTGRADUATE,Male,21,2-5 LPA,0,8.27,8.65,66.0,97.3,350000.0,68.7,9,0,19,Kerala,KL,94.0,92.1,43.2,3.2,Thiruvananthapuram,0.9,0,46.2,15.2,0.0084,1
PG_2026_0295,POSTGRADUATE,Female,23,5-10 LPA,1,6.2,4.79,95.5,70.2,150000.0,75.6,2,3,2,Bihar,BR,61.8,51.5,14.5,21.4,Purnia,50.4,1,89.2,42.1,0.1453,0
PG_2026_0296,POSTGRADUATE,Female,24,2-5 LPA,1,7.88,6.46,73.2,98.4,150000.0,63.5,1,2,22,Tamil Nadu,TN,80.1,73.4,51.4,8.1,Ramanathapuram,7.8,1,69.7,22.1,0.0355,0
PG_2026_0297,POSTGRADUATE,Female,24,<2 LPA,1,8.87,9.1,89.1,40.8,0.0,47.9,1,2,10,Maharashtra,MH,82.3,75.9,32.3,11.2,Gadchiroli,28.5,1,89.0,28.9,0.042,0
PG_2026_0298,POSTGRADUATE,Male,25,<2 LPA,0,7.28,7.93,74.1,88.6,350000.0,61.8,7,0,3,Gujarat,GJ,78.0,69.7,21.3,17.9,Ahmedabad,3.8,0,15.9,20.2,0.014,0
PG_2026_0299,POSTGRADUATE,Male,25,<2 LPA,0,8.14,7.59,89.4,39.5,750000.0,44.7,10,0,6,Rajasthan,RJ,66.1,52.1,26.0,17.2,Barmer,34.2,1,93.0,35.8,0.1472,0
PG_2026_0300,POSTGRADUATE,Female,24,2-5 LPA,0,7.82,8.31,73.5,64.2,750000.0,66.5,9,2,6,Madhya Pradesh,MP,69.3,59.2,24.8,18.5,Indore,6.8,0,25.9,21.8,0.1179,1
PG_2026_0301,POSTGRADUATE,Male,22,5-10 LPA,1,6.71,7.89,87.9,39.2,350000.0,50.2,5,0,12,Gujarat,GJ,78.0,69.7,21.3,17.9,Dahod,40.5,1,88.0,38.1,0.0599,0
PG_2026_0302,POSTGRADUATE,Male,24,2-5 LPA,1,9.8,9.57,66.3,55.2,0.0,57.5,1,0,18,Rajasthan,RJ,66.1,52.1,26.0,17.2,Kota,8.2,0,39.7,21.0,0.0121,0
PG_2026_0303,POSTGRADUATE,Male,21,<2 LPA,1,7.55,7.89,74.0,44.9,350000.0,48.7,9,1,1,Tamil Nadu,TN,80.1,73.4,51.4,8.1,Ramanathapuram,7.8,1,69.7,22.1,0.1342,1
PG_2026_0304,POSTGRADUATE,Female,22,<2 LPA,1,7.25,6.24,60.1,53.3,0.0,56.6,2,2,8,Gujarat,GJ,78.0,69.7,21.3,17.9,Dahod,40.5,1,88.0,38.1,0.2199,0
PG_2026_0305,POSTGRADUATE,Female,22,2-5 LPA,0,8.28,7.66,80.4,70.5,350000.0,66.6,8,0,4,Karnataka,KA,75.4,68.1,36.2,12.0,Yadgir,39.4,1,81.2,36.5,0.0237,0
PG_2026_0306,POSTGRADUATE,Female,23,>10 LPA,0,6.16,5.79,72.4,76.8,150000.0,95.0,1,2,3,Maharashtra,MH,82.3,75.9,32.3,11.2,Nandurbar,33.1,1,83.3,32.4,0.0582,0
PG_2026_0307,POSTGRADUATE,Female,23,>10 LPA,1,7.74,8.33,56.1,51.5,0.0,48.6,5,0,7,Maharashtra,MH,82.3,75.9,32.3,11.2,Mumbai,2.1,0,0.0,19.5,0.0491,0
PG_2026_0308,POSTGRADUATE,Male,21,2-5 LPA,0,6.15,5.85,82.0,48.9,750000.0,45.2,6,0,26,Tamil Nadu,TN,80.1,73.4,51.4,8.1,Chennai,1.2,0,0.0,17.5,0.2574,0
PG_2026_0309,POSTGRADUATE,Female,21,2-5 LPA,0,6.64,6.65,65.3,63.7,150000.0,81.7,4,0,6,Rajasthan,RJ,66.1,52.1,26.0,17.2,Jaipur,6.9,0,47.6,22.5,0.0385,0
PG_2026_0310,POSTGRADUATE,Male,25,2-5 LPA,1,7.56,7.27,88.0,100.0,0.0,58.0,1,1,5,Kerala,KL,94.0,92.1,43.2,3.2,Ernakulam,0.6,0,31.9,14.8,0.0077,1
PG_2026_0311,POSTGRADUATE,Male,21,2-5 LPA,0,8.3,6.5,99.3,36.3,350000.0,43.8,12,2,2,Gujarat,GJ,78.0,69.7,21.3,17.9,Narmada,32.4,1,89.5,30.5,0.2983,0
PG_2026_0312,POSTGRADUATE,Female,21,2-5 LPA,0,6.45,5.97,76.6,23.3,0.0,67.0,1,1,11,Tamil Nadu,TN,80.1,73.4,51.4,8.1,Chennai,1.2,0,0.0,17.5,0.2136,0
PG_2026_0313,POSTGRADUATE,Female,26,<2 LPA,0,7.63,6.76,81.1,78.6,150000.0,77.1,3,2,1,Madhya Pradesh,MP,69.3,59.2,24.8,18.5,Barwani,46.1,1,85.5,37.1,0.0387,0
PG_2026_0314,POSTGRADUATE,Male,22,2-5 LPA,1,8.2,7.44,84.7,70.1,750000.0,64.5,9,2,23,Uttar Pradesh,UP,67.7,57.2,23.2,16.8,Balrampur,47.9,1,92.3,45.0,0.1152,0
PG_2026_0315,POSTGRADUATE,Male,24,5-10 LPA,0,8.54,8.77,100.0,27.5,350000.0,82.8,8,2,3,Kerala,KL,94.0,92.1,43.2,3.2,Ernakulam,0.6,0,31.9,14.8,0.0608,1
PG_2026_0316,POSTGRADUATE,Female,23,2-5 LPA,1,7.55,8.1,93.8,56.5,150000.0,46.4,4,0,16,Kerala,KL,94.0,92.1,43.2,3.2,Ernakulam,0.6,0,31.9,14.8,0.0197,0
PG_2026_0317,POSTGRADUATE,Female,22,2-5 LPA,0,5.78,6.47,95.3,78.8,350000.0,61.4,8,3,6,Rajasthan,RJ,66.1,52.1,26.0,17.2,Barmer,34.2,1,93.0,35.8,0.0999,0
PG_2026_0318,POSTGRADUATE,Female,25,5-10 LPA,0,7.9,6.99,97.3,57.6,1200000.0,35.5,6,0,17,Gujarat,GJ,78.0,69.7,21.3,17.9,Dahod,40.5,1,88.0,38.1,0.1706,0
PG_2026_0319,POSTGRADUATE,Male,23,2-5 LPA,0,7.39,7.79,77.7,65.2,0.0,44.6,3,0,5,Tamil Nadu,TN,80.1,73.4,51.4,8.1,Ramanathapuram,7.8,1,69.7,22.1,0.0222,0
PG_2026_0320,POSTGRADUATE,Female,25,2-5 LPA,1,6.02,4.47,66.9,93.0,150000.0,73.7,4,2,1,Karnataka,KA,75.4,68.1,36.2,12.0,Raichur,36.8,1,74.6,34.0,0.1265,0
PG_2026_0321,POSTGRADUATE,Male,23,5-10 LPA,0,7.84,7.65,58.6,47.1,0.0,39.8,3,0,20,Haryana,HR,75.6,65.9,29.8,12.5,Gurugram,2.5,0,31.2,20.5,0.083,0
PG_2026_0322,POSTGRADUATE,Male,24,5-10 LPA,1,9.74,9.88,69.9,72.9,0.0,46.0,0,0,2,Maharashtra,MH,82.3,75.9,32.3,11.2,Pune,3.9,0,39.1,21.0,0.006,1
PG_2026_0323,POSTGRADUATE,Male,21,2-5 LPA,1,8.63,8.71,70.9,78.3,750000.0,84.0,8,0,1,Haryana,HR,75.6,65.9,29.8,12.5,Nuh / Mewat,44.8,1,88.6,47.0,0.0174,0
PG_2026_0324,POSTGRADUATE,Female,26,2-5 LPA,1,7.86,6.97,79.9,59.9,150000.0,58.8,3,1,54,Kerala,KL,94.0,92.1,43.2,3.2,Ernakulam,0.6,0,31.9,14.8,0.0589,0
PG_2026_0325,POSTGRADUATE,Male,22,2-5 LPA,0,8.64,7.92,87.4,33.9,0.0,75.3,0,1,4,Karnataka,KA,75.4,68.1,36.2,12.0,Bengaluru Urban,1.8,0,9.1,18.2,0.0365,0
PG_2026_0326,POSTGRADUATE,Male,25,<2 LPA,0,6.83,6.08,75.3,65.2,0.0,31.6,2,0,2,Kerala,KL,94.0,92.1,43.2,3.2,Wayanad,4.1,1,96.1,18.0,0.0725,0
PG_2026_0327,POSTGRADUATE,Male,24,<2 LPA,0,5.61,4.93,50.2,52.0,0.0,73.2,1,2,0,Tamil Nadu,TN,80.1,73.4,51.4,8.1,Chennai,1.2,0,0.0,17.5,0.3611,1
PG_2026_0328,POSTGRADUATE,Male,24,2-5 LPA,0,5.98,6.54,82.3,64.9,1200000.0,35.4,7,0,18,Maharashtra,MH,82.3,75.9,32.3,11.2,Nandurbar,33.1,1,83.3,32.4,0.2498,0
PG_2026_0329,POSTGRADUATE,Male,26,2-5 LPA,0,6.58,6.72,66.4,40.4,750000.0,85.8,6,0,15,Madhya Pradesh,MP,69.3,59.2,24.8,18.5,Alirajpur,52.0,1,92.2,39.5,0.1703,0
PG_2026_0330,POSTGRADUATE,Male,25,<2 LPA,0,7.89,6.96,72.4,52.4,350000.0,79.5,9,0,15,Gujarat,GJ,78.0,69.7,21.3,17.9,Narmada,32.4,1,89.5,30.5,0.0637,0
PG_2026_0331,POSTGRADUATE,Male,21,2-5 LPA,0,8.37,8.39,66.4,77.6,350000.0,45.4,4,0,7,Rajasthan,RJ,66.1,52.1,26.0,17.2,Jaisalmer,31.8,1,86.7,33.2,0.0249,0
PG_2026_0332,POSTGRADUATE,Male,24,2-5 LPA,1,6.11,6.75,72.6,54.5,0.0,65.9,3,1,7,Haryana,HR,75.6,65.9,29.8,12.5,Gurugram,2.5,0,31.2,20.5,0.0684,0
PG_2026_0333,POSTGRADUATE,Female,26,5-10 LPA,0,6.9,7.71,83.0,42.7,1200000.0,34.6,10,0,47,Kerala,KL,94.0,92.1,43.2,3.2,Ernakulam,0.6,0,31.9,14.8,0.2958,0
PG_2026_0334,POSTGRADUATE,Female,23,<2 LPA,0,9.27,9.3,81.4,52.0,350000.0,80.9,5,0,27,Madhya Pradesh,MP,69.3,59.2,24.8,18.5,Barwani,46.1,1,85.5,37.1,0.0122,0
PG_2026_0335,POSTGRADUATE,Male,22,2-5 LPA,1,8.03,7.4,64.9,16.8,1200000.0,52.8,12,0,6,Rajasthan,RJ,66.1,52.1,26.0,17.2,Jaipur,6.9,0,47.6,22.5,0.6136,1
PG_2026_0336,POSTGRADUATE,Female,26,2-5 LPA,0,7.1,6.71,60.6,55.7,0.0,10.0,1,0,0,Karnataka,KA,75.4,68.1,36.2,12.0,Yadgir,39.4,1,81.2,36.5,0.1514,1
PG_2026_0337,POSTGRADUATE,Female,21,>10 LPA,0,6.37,6.53,67.4,45.8,350000.0,74.3,8,0,6,Maharashtra,MH,82.3,75.9,32.3,11.2,Nandurbar,33.1,1,83.3,32.4,0.1193,0
PG_2026_0338,POSTGRADUATE,Female,24,>10 LPA,1,5.5,5.85,72.7,56.4,150000.0,95.0,3,3,5,Bihar,BR,61.8,51.5,14.5,21.4,Katihar,48.7,1,91.1,44.3,0.1759,0
PG_2026_0339,POSTGRADUATE,Male,26,<2 LPA,1,7.55,6.74,79.2,67.7,350000.0,82.2,7,1,9,Rajasthan,RJ,66.1,52.1,26.0,17.2,Kota,8.2,0,39.7,21.0,0.0508,0
PG_2026_0340,POSTGRADUATE,Female,26,5-10 LPA,0,7.06,7.64,76.5,57.2,750000.0,61.7,7,0,7,Uttar Pradesh,UP,67.7,57.2,23.2,16.8,Balrampur,47.9,1,92.3,45.0,0.0784,0
PG_2026_0341,POSTGRADUATE,Male,26,5-10 LPA,0,6.76,5.38,56.6,61.6,0.0,36.0,2,1,0,Tamil Nadu,TN,80.1,73.4,51.4,8.1,Ramanathapuram,7.8,1,69.7,22.1,0.2566,1
PG_2026_0342,POSTGRADUATE,Male,22,<2 LPA,1,7.32,7.38,76.0,100.0,0.0,66.0,2,0,7,Rajasthan,RJ,66.1,52.1,26.0,17.2,Jaisalmer,31.8,1,86.7,33.2,0.0055,0
PG_2026_0343,POSTGRADUATE,Male,23,2-5 LPA,0,8.43,8.74,72.5,46.4,0.0,53.2,1,0,2,Maharashtra,MH,82.3,75.9,32.3,11.2,Mumbai,2.1,0,0.0,19.5,0.0234,0
PG_2026_0344,POSTGRADUATE,Female,21,2-5 LPA,1,7.38,5.86,95.4,47.3,150000.0,76.4,4,1,13,Tamil Nadu,TN,80.1,73.4,51.4,8.1,Coimbatore,2.1,0,24.2,18.9,0.0756,0
PG_2026_0345,POSTGRADUATE,Male,22,2-5 LPA,0,7.12,6.05,58.5,61.5,0.0,54.3,1,0,24,Gujarat,GJ,78.0,69.7,21.3,17.9,Ahmedabad,3.8,0,15.9,20.2,0.0842,0
PG_2026_0346,POSTGRADUATE,Male,26,5-10 LPA,1,5.58,4.43,88.3,60.2,750000.0,45.8,8,3,27,Maharashtra,MH,82.3,75.9,32.3,11.2,Gadchiroli,28.5,1,89.0,28.9,0.6675,1
PG_2026_0347,POSTGRADUATE,Female,24,2-5 LPA,0,7.02,7.14,88.0,88.5,0.0,69.2,1,0,2,Karnataka,KA,75.4,68.1,36.2,12.0,Yadgir,39.4,1,81.2,36.5,0.006,0
PG_2026_0348,POSTGRADUATE,Female,26,2-5 LPA,1,8.36,8.48,82.8,94.0,750000.0,75.8,10,0,26,Bihar,BR,61.8,51.5,14.5,21.4,Gaya,38.6,1,86.8,36.2,0.0102,1
PG_2026_0349,POSTGRADUATE,Male,21,<2 LPA,1,8.21,7.82,82.5,34.9,150000.0,80.8,4,0,21,Karnataka,KA,75.4,68.1,36.2,12.0,Bengaluru Urban,1.8,0,9.1,18.2,0.0339,0
PG_2026_0350,POSTGRADUATE,Male,25,<2 LPA,1,7.74,8.0,66.0,52.6,750000.0,55.9,12,1,2,Gujarat,GJ,78.0,69.7,21.3,17.9,Dahod,40.5,1,88.0,38.1,0.1989,0
PG_2026_0351,POSTGRADUATE,Female,22,<2 LPA,0,7.47,6.02,70.9,47.7,350000.0,87.3,11,1,2,Uttar Pradesh,UP,67.7,57.2,23.2,16.8,Balrampur,47.9,1,92.3,45.0,0.176,0
PG_2026_0352,POSTGRADUATE,Male,25,>10 LPA,0,7.05,6.25,68.7,91.7,0.0,95.0,2,3,11,Kerala,KL,94.0,92.1,43.2,3.2,Thiruvananthapuram,0.9,0,46.2,15.2,0.0414,0
PG_2026_0353,POSTGRADUATE,Female,22,<2 LPA,0,6.81,6.12,75.1,97.7,0.0,90.4,1,0,23,Gujarat,GJ,78.0,69.7,21.3,17.9,Narmada,32.4,1,89.5,30.5,0.0073,0
PG_2026_0354,POSTGRADUATE,Male,22,2-5 LPA,1,8.44,8.04,63.8,38.9,1200000.0,74.1,5,1,16,Rajasthan,RJ,66.1,52.1,26.0,17.2,Jaipur,6.9,0,47.6,22.5,0.3086,0
PG_2026_0355,POSTGRADUATE,Male,25,2-5 LPA,0,8.02,7.45,85.9,42.3,150000.0,62.3,1,0,2,Madhya Pradesh,MP,69.3,59.2,24.8,18.5,Barwani,46.1,1,85.5,37.1,0.0376,0
PG_2026_0356,POSTGRADUATE,Female,26,>10 LPA,1,8.39,8.6,64.9,45.8,0.0,75.9,3,1,8,Gujarat,GJ,78.0,69.7,21.3,17.9,Dahod,40.5,1,88.0,38.1,0.0358,0
PG_2026_0357,POSTGRADUATE,Female,22,<2 LPA,1,6.58,7.03,76.2,54.0,150000.0,51.5,2,1,3,Maharashtra,MH,82.3,75.9,32.3,11.2,Gadchiroli,28.5,1,89.0,28.9,0.085,0
PG_2026_0358,POSTGRADUATE,Female,24,5-10 LPA,0,8.7,9.9,75.8,51.5,0.0,40.9,2,0,3,Haryana,HR,75.6,65.9,29.8,12.5,Gurugram,2.5,0,31.2,20.5,0.0125,0
PG_2026_0359,POSTGRADUATE,Male,22,5-10 LPA,0,6.03,6.67,74.5,58.9,350000.0,32.6,9,2,5,Bihar,BR,61.8,51.5,14.5,21.4,Muzaffarpur,35.1,1,90.3,38.0,0.2931,0
PG_2026_0360,POSTGRADUATE,Female,23,2-5 LPA,0,6.09,4.0,100.0,41.2,350000.0,60.3,6,1,5,Maharashtra,MH,82.3,75.9,32.3,11.2,Pune,3.9,0,39.1,21.0,0.329,0
PG_2026_0361,POSTGRADUATE,Female,22,2-5 LPA,0,7.33,6.5,85.2,57.1,1200000.0,43.3,1,0,3,Haryana,HR,75.6,65.9,29.8,12.5,Gurugram,2.5,0,31.2,20.5,0.2207,0
PG_2026_0362,POSTGRADUATE,Male,25,5-10 LPA,0,6.5,6.88,48.6,92.9,150000.0,47.5,2,3,8,Tamil Nadu,TN,80.1,73.4,51.4,8.1,Ramanathapuram,7.8,1,69.7,22.1,0.1482,0
PG_2026_0363,POSTGRADUATE,Male,26,2-5 LPA,0,6.0,6.2,60.8,76.4,0.0,70.3,2,4,17,Bihar,BR,61.8,51.5,14.5,21.4,Muzaffarpur,35.1,1,90.3,38.0,0.2065,0
PG_2026_0364,POSTGRADUATE,Female,21,>10 LPA,0,7.48,8.2,61.1,78.2,350000.0,59.2,9,2,58,Bihar,BR,61.8,51.5,14.5,21.4,Katihar,48.7,1,91.1,44.3,0.0742,0
PG_2026_0365,POSTGRADUATE,Female,21,>10 LPA,0,7.06,5.12,94.5,65.6,750000.0,80.7,6,3,11,Rajasthan,RJ,66.1,52.1,26.0,17.2,Jaisalmer,31.8,1,86.7,33.2,0.3041,0
PG_2026_0366,POSTGRADUATE,Male,22,2-5 LPA,1,7.26,6.4,73.9,55.2,150000.0,52.9,3,1,4,Madhya Pradesh,MP,69.3,59.2,24.8,18.5,Alirajpur,52.0,1,92.2,39.5,0.1197,0
PG_2026_0367,POSTGRADUATE,Male,23,>10 LPA,0,6.75,4.95,44.7,50.0,150000.0,81.8,5,2,23,Bihar,BR,61.8,51.5,14.5,21.4,Gaya,38.6,1,86.8,36.2,0.4634,0
PG_2026_0368,POSTGRADUATE,Male,26,2-5 LPA,1,6.88,6.67,61.8,63.3,750000.0,54.2,7,0,3,Madhya Pradesh,MP,69.3,59.2,24.8,18.5,Barwani,46.1,1,85.5,37.1,0.1745,0
PG_2026_0369,POSTGRADUATE,Male,24,5-10 LPA,0,8.94,8.69,64.7,37.1,750000.0,95.0,5,1,4,Tamil Nadu,TN,80.1,73.4,51.4,8.1,Chennai,1.2,0,0.0,17.5,0.0979,0
PG_2026_0370,POSTGRADUATE,Female,23,>10 LPA,1,8.51,8.56,53.6,65.3,750000.0,35.3,4,2,6,Kerala,KL,94.0,92.1,43.2,3.2,Wayanad,4.1,1,96.1,18.0,0.2412,1
PG_2026_0371,POSTGRADUATE,Male,21,5-10 LPA,1,8.75,7.27,67.1,83.8,150000.0,69.2,1,0,2,Maharashtra,MH,82.3,75.9,32.3,11.2,Mumbai,2.1,0,0.0,19.5,0.0153,0
PG_2026_0372,POSTGRADUATE,Male,25,<2 LPA,1,7.4,6.03,56.4,52.6,0.0,86.7,1,2,10,Kerala,KL,94.0,92.1,43.2,3.2,Ernakulam,0.6,0,31.9,14.8,0.1614,0
PG_2026_0373,POSTGRADUATE,Male,21,2-5 LPA,0,7.37,7.3,55.3,32.8,0.0,58.2,1,1,0,Uttar Pradesh,UP,67.7,57.2,23.2,16.8,Varanasi,16.3,0,56.6,29.4,0.1748,0
PG_2026_0374,POSTGRADUATE,Male,22,5-10 LPA,0,6.56,5.67,71.4,71.2,350000.0,53.2,6,2,1,Karnataka,KA,75.4,68.1,36.2,12.0,Raichur,36.8,1,74.6,34.0,0.2344,0
PG_2026_0375,POSTGRADUATE,Male,22,2-5 LPA,1,7.97,5.8,59.0,58.3,150000.0,35.3,1,5,16,Karnataka,KA,75.4,68.1,36.2,12.0,Yadgir,39.4,1,81.2,36.5,0.7215,1
PG_2026_0376,POSTGRADUATE,Male,26,>10 LPA,0,7.35,7.28,59.7,29.1,350000.0,39.3,10,3,3,Bihar,BR,61.8,51.5,14.5,21.4,Gaya,38.6,1,86.8,36.2,0.6625,1
PG_2026_0377,POSTGRADUATE,Female,24,<2 LPA,1,6.91,4.9,83.2,55.7,0.0,75.6,1,2,2,Bihar,BR,61.8,51.5,14.5,21.4,Muzaffarpur,35.1,1,90.3,38.0,0.1522,0
PG_2026_0378,POSTGRADUATE,Female,22,2-5 LPA,0,6.38,5.7,52.5,50.8,350000.0,54.0,8,1,12,Haryana,HR,75.6,65.9,29.8,12.5,Nuh / Mewat,44.8,1,88.6,47.0,0.4101,0
PG_2026_0379,POSTGRADUATE,Female,24,5-10 LPA,0,7.77,8.33,81.7,82.9,0.0,73.6,3,0,4,Maharashtra,MH,82.3,75.9,32.3,11.2,Pune,3.9,0,39.1,21.0,0.0045,0
PG_2026_0380,POSTGRADUATE,Female,21,2-5 LPA,1,8.98,7.58,78.0,64.4,750000.0,79.1,6,0,4,Kerala,KL,94.0,92.1,43.2,3.2,Thiruvananthapuram,0.9,0,46.2,15.2,0.0426,0
PG_2026_0381,POSTGRADUATE,Male,26,5-10 LPA,0,7.27,5.53,87.7,87.0,750000.0,59.1,8,1,1,Karnataka,KA,75.4,68.1,36.2,12.0,Raichur,36.8,1,74.6,34.0,0.1095,0
PG_2026_0382,POSTGRADUATE,Female,23,<2 LPA,0,7.79,7.22,89.2,71.6,150000.0,79.9,5,0,8,Rajasthan,RJ,66.1,52.1,26.0,17.2,Jaipur,6.9,0,47.6,22.5,0.0115,0
PG_2026_0383,POSTGRADUATE,Male,26,5-10 LPA,0,6.63,6.21,97.4,72.1,0.0,47.1,3,1,17,Rajasthan,RJ,66.1,52.1,26.0,17.2,Jaipur,6.9,0,47.6,22.5,0.0356,0
PG_2026_0384,POSTGRADUATE,Male,22,<2 LPA,1,7.56,6.78,88.9,63.3,0.0,59.5,2,0,1,Gujarat,GJ,78.0,69.7,21.3,17.9,Narmada,32.4,1,89.5,30.5,0.0213,0
PG_2026_0385,POSTGRADUATE,Male,21,2-5 LPA,1,8.01,6.48,82.4,88.9,350000.0,91.5,5,0,7,Kerala,KL,94.0,92.1,43.2,3.2,Wayanad,4.1,1,96.1,18.0,0.0124,0
PG_2026_0386,POSTGRADUATE,Male,22,<2 LPA,0,7.56,8.7,80.7,34.8,150000.0,59.5,2,0,6,Rajasthan,RJ,66.1,52.1,26.0,17.2,Jaipur,6.9,0,47.6,22.5,0.0317,0
PG_2026_0387,POSTGRADUATE,Female,22,>10 LPA,1,8.64,8.39,90.6,41.0,150000.0,80.7,3,0,20,Gujarat,GJ,78.0,69.7,21.3,17.9,Narmada,32.4,1,89.5,30.5,0.0155,0
PG_2026_0388,POSTGRADUATE,Female,21,<2 LPA,0,6.0,5.86,79.9,63.5,0.0,64.8,1,1,14,Kerala,KL,94.0,92.1,43.2,3.2,Thiruvananthapuram,0.9,0,46.2,15.2,0.0627,0
PG_2026_0389,POSTGRADUATE,Female,24,2-5 LPA,0,6.85,6.38,75.4,33.9,750000.0,13.8,6,0,4,Uttar Pradesh,UP,67.7,57.2,23.2,16.8,Noida / Gautam Buddha Nagar,7.1,0,40.9,22.0,0.5009,1
PG_2026_0390,POSTGRADUATE,Female,24,>10 LPA,0,8.52,8.8,63.6,41.4,350000.0,14.9,7,1,40,Uttar Pradesh,UP,67.7,57.2,23.2,16.8,Bahraich,54.4,1,92.1,46.5,0.2099,1
PG_2026_0391,POSTGRADUATE,Male,22,5-10 LPA,1,8.09,6.5,80.7,58.4,150000.0,40.8,1,2,11,Madhya Pradesh,MP,69.3,59.2,24.8,18.5,Indore,6.8,0,25.9,21.8,0.1551,0
PG_2026_0392,POSTGRADUATE,Male,26,2-5 LPA,1,8.64,6.7,94.0,44.2,0.0,76.7,3,1,15,Haryana,HR,75.6,65.9,29.8,12.5,Nuh / Mewat,44.8,1,88.6,47.0,0.0439,0
PG_2026_0393,POSTGRADUATE,Male,23,5-10 LPA,0,7.18,5.66,65.6,34.3,750000.0,67.5,8,1,16,Rajasthan,RJ,66.1,52.1,26.0,17.2,Barmer,34.2,1,93.0,35.8,0.543,1
PG_2026_0394,POSTGRADUATE,Male,24,5-10 LPA,0,9.05,8.12,70.5,74.2,350000.0,33.8,6,0,12,Karnataka,KA,75.4,68.1,36.2,12.0,Yadgir,39.4,1,81.2,36.5,0.0385,0
PG_2026_0395,POSTGRADUATE,Female,26,5-10 LPA,0,6.76,5.43,98.4,63.7,0.0,55.1,2,4,26,Rajasthan,RJ,66.1,52.1,26.0,17.2,Barmer,34.2,1,93.0,35.8,0.2141,0
PG_2026_0396,POSTGRADUATE,Female,22,<2 LPA,1,9.01,9.04,82.9,48.4,0.0,68.0,2,1,2,Gujarat,GJ,78.0,69.7,21.3,17.9,Dahod,40.5,1,88.0,38.1,0.0172,0
PG_2026_0397,POSTGRADUATE,Male,21,2-5 LPA,0,8.05,7.68,73.1,64.8,350000.0,64.2,8,1,0,Haryana,HR,75.6,65.9,29.8,12.5,Gurugram,2.5,0,31.2,20.5,0.0593,0
PG_2026_0398,POSTGRADUATE,Male,26,5-10 LPA,0,7.58,8.54,44.3,59.2,750000.0,76.3,14,0,0,Haryana,HR,75.6,65.9,29.8,12.5,Gurugram,2.5,0,31.2,20.5,0.1082,0
PG_2026_0399,POSTGRADUATE,Female,26,<2 LPA,1,8.27,7.93,74.1,40.5,0.0,42.0,0,0,7,Rajasthan,RJ,66.1,52.1,26.0,17.2,Jaipur,6.9,0,47.6,22.5,0.0501,1
PG_2026_0400,POSTGRADUATE,Male,22,5-10 LPA,1,6.87,6.01,91.8,70.5,350000.0,57.7,4,3,9,Bihar,BR,61.8,51.5,14.5,21.4,Muzaffarpur,35.1,1,90.3,38.0,0.1653,0
PG_2026_0401,POSTGRADUATE,Female,22,>10 LPA,0,7.5,7.51,72.1,58.7,150000.0,74.8,1,0,2,Uttar Pradesh,UP,67.7,57.2,23.2,16.8,Shravasti,49.6,1,96.5,48.2,0.0245,0
PG_2026_0402,POSTGRADUATE,Male,25,5-10 LPA,0,8.2,8.31,69.7,28.1,350000.0,53.8,9,0,4,Bihar,BR,61.8,51.5,14.5,21.4,Muzaffarpur,35.1,1,90.3,38.0,0.1212,0
PG_2026_0403,POSTGRADUATE,Male,24,2-5 LPA,1,8.29,7.89,80.2,84.4,0.0,56.8,1,0,38,Karnataka,KA,75.4,68.1,36.2,12.0,Bengaluru Urban,1.8,0,9.1,18.2,0.0074,0
PG_2026_0404,POSTGRADUATE,Male,23,5-10 LPA,0,7.71,8.62,60.4,63.3,0.0,59.2,3,0,11,Haryana,HR,75.6,65.9,29.8,12.5,Gurugram,2.5,0,31.2,20.5,0.0189,0
PG_2026_0405,POSTGRADUATE,Male,23,5-10 LPA,0,7.57,7.7,78.4,68.8,750000.0,42.4,8,0,5,Gujarat,GJ,78.0,69.7,21.3,17.9,Dahod,40.5,1,88.0,38.1,0.0734,0
PG_2026_0406,POSTGRADUATE,Male,24,<2 LPA,0,6.82,7.02,77.4,47.9,150000.0,80.9,2,1,0,Rajasthan,RJ,66.1,52.1,26.0,17.2,Kota,8.2,0,39.7,21.0,0.0582,0
PG_2026_0407,POSTGRADUATE,Female,25,5-10 LPA,0,7.81,6.95,80.8,61.6,350000.0,58.4,12,0,7,Kerala,KL,94.0,92.1,43.2,3.2,Ernakulam,0.6,0,31.9,14.8,0.0617,0
PG_2026_0408,POSTGRADUATE,Female,24,<2 LPA,0,7.11,5.94,79.4,59.7,0.0,53.3,2,3,0,Bihar,BR,61.8,51.5,14.5,21.4,Patna,18.2,0,56.4,28.5,0.2083,0
PG_2026_0409,POSTGRADUATE,Female,23,>10 LPA,0,7.35,8.0,89.0,69.6,150000.0,59.0,3,1,16,Gujarat,GJ,78.0,69.7,21.3,17.9,Dahod,40.5,1,88.0,38.1,0.0187,0
PG_2026_0410,POSTGRADUATE,Male,22,2-5 LPA,0,6.34,6.75,91.1,34.9,0.0,43.4,6,0,12,Haryana,HR,75.6,65.9,29.8,12.5,Gurugram,2.5,0,31.2,20.5,0.081,0
PG_2026_0411,POSTGRADUATE,Female,26,2-5 LPA,0,6.86,6.6,65.6,74.8,750000.0,64.9,9,1,13,Madhya Pradesh,MP,69.3,59.2,24.8,18.5,Barwani,46.1,1,85.5,37.1,0.1581,0
PG_2026_0412,POSTGRADUATE,Female,22,<2 LPA,0,6.37,6.54,77.9,69.3,0.0,48.2,2,0,15,Rajasthan,RJ,66.1,52.1,26.0,17.2,Kota,8.2,0,39.7,21.0,0.0339,0
PG_2026_0413,POSTGRADUATE,Male,21,5-10 LPA,1,5.5,5.73,91.1,66.4,350000.0,74.0,12,3,11,Rajasthan,RJ,66.1,52.1,26.0,17.2,Kota,8.2,0,39.7,21.0,0.2071,0
PG_2026_0414,POSTGRADUATE,Male,21,<2 LPA,1,7.65,7.59,74.7,57.1,150000.0,78.7,5,1,39,Karnataka,KA,75.4,68.1,36.2,12.0,Bengaluru Urban,1.8,0,9.1,18.2,0.0396,0
PG_2026_0415,POSTGRADUATE,Male,26,2-5 LPA,0,8.21,7.58,56.1,46.5,150000.0,46.5,3,0,2,Gujarat,GJ,78.0,69.7,21.3,17.9,Dahod,40.5,1,88.0,38.1,0.1015,0
PG_2026_0416,POSTGRADUATE,Female,26,5-10 LPA,0,5.59,6.21,66.8,43.5,0.0,36.1,1,2,5,Tamil Nadu,TN,80.1,73.4,51.4,8.1,Chennai,1.2,0,0.0,17.5,0.3258,0
PG_2026_0417,POSTGRADUATE,Male,24,5-10 LPA,0,6.84,6.3,61.2,66.1,150000.0,65.4,5,2,3,Uttar Pradesh,UP,67.7,57.2,23.2,16.8,Lucknow,8.5,0,33.8,24.1,0.1646,0
PG_2026_0418,POSTGRADUATE,Male,23,<2 LPA,0,6.42,5.37,67.5,36.7,350000.0,83.8,10,1,14,Rajasthan,RJ,66.1,52.1,26.0,17.2,Barmer,34.2,1,93.0,35.8,0.3397,0
PG_2026_0419,POSTGRADUATE,Male,23,<2 LPA,0,7.28,6.29,97.7,66.2,0.0,85.8,0,5,5,Uttar Pradesh,UP,67.7,57.2,23.2,16.8,Balrampur,47.9,1,92.3,45.0,0.117,0
PG_2026_0420,POSTGRADUATE,Female,23,<2 LPA,0,6.71,6.17,74.1,100.0,150000.0,80.8,1,1,25,Rajasthan,RJ,66.1,52.1,26.0,17.2,Kota,8.2,0,39.7,21.0,0.0168,1
PG_2026_0421,POSTGRADUATE,Female,24,2-5 LPA,1,8.12,8.79,70.8,51.4,150000.0,84.6,1,1,1,Haryana,HR,75.6,65.9,29.8,12.5,Nuh / Mewat,44.8,1,88.6,47.0,0.0221,0
PG_2026_0422,POSTGRADUATE,Female,24,<2 LPA,0,9.04,8.33,92.2,44.8,150000.0,71.2,1,0,16,Maharashtra,MH,82.3,75.9,32.3,11.2,Gadchiroli,28.5,1,89.0,28.9,0.015,0
PG_2026_0423,POSTGRADUATE,Male,22,<2 LPA,1,5.5,5.45,60.6,89.2,150000.0,10.7,2,3,22,Rajasthan,RJ,66.1,52.1,26.0,17.2,Jaisalmer,31.8,1,86.7,33.2,0.3877,0
PG_2026_0424,POSTGRADUATE,Male,21,<2 LPA,1,7.53,8.12,84.9,43.9,150000.0,70.3,1,0,0,Haryana,HR,75.6,65.9,29.8,12.5,Nuh / Mewat,44.8,1,88.6,47.0,0.022,0
PG_2026_0425,POSTGRADUATE,Male,24,<2 LPA,0,7.08,6.59,71.8,27.3,150000.0,62.6,3,0,1,Rajasthan,RJ,66.1,52.1,26.0,17.2,Jaisalmer,31.8,1,86.7,33.2,0.1476,0
PG_2026_0426,POSTGRADUATE,Female,23,5-10 LPA,1,6.51,6.65,83.5,26.8,0.0,54.0,0,2,13,Maharashtra,MH,82.3,75.9,32.3,11.2,Pune,3.9,0,39.1,21.0,0.2172,0
PG_2026_0427,POSTGRADUATE,Male,24,2-5 LPA,0,7.68,6.7,70.6,18.9,350000.0,65.1,12,0,13,Uttar Pradesh,UP,67.7,57.2,23.2,16.8,Shravasti,49.6,1,96.5,48.2,0.2849,0
PG_2026_0428,POSTGRADUATE,Female,26,<2 LPA,1,7.06,7.72,80.5,34.2,150000.0,56.1,4,1,3,Rajasthan,RJ,66.1,52.1,26.0,17.2,Kota,8.2,0,39.7,21.0,0.0982,0
PG_2026_0429,POSTGRADUATE,Female,22,5-10 LPA,0,7.7,8.56,78.2,54.4,750000.0,42.7,8,0,85,Uttar Pradesh,UP,67.7,57.2,23.2,16.8,Balrampur,47.9,1,92.3,45.0,0.0754,0
PG_2026_0430,POSTGRADUATE,Female,22,2-5 LPA,1,7.94,7.42,54.6,58.0,0.0,60.8,1,0,9,Gujarat,GJ,78.0,69.7,21.3,17.9,Narmada,32.4,1,89.5,30.5,0.0461,0
PG_2026_0431,POSTGRADUATE,Male,26,5-10 LPA,0,6.76,6.52,60.2,80.9,0.0,74.8,0,0,25,Rajasthan,RJ,66.1,52.1,26.0,17.2,Jaipur,6.9,0,47.6,22.5,0.0215,0
PG_2026_0432,POSTGRADUATE,Male,22,2-5 LPA,1,6.43,6.06,83.8,92.1,0.0,55.5,3,1,8,Uttar Pradesh,UP,67.7,57.2,23.2,16.8,Bahraich,54.4,1,92.1,46.5,0.0247,0
PG_2026_0433,POSTGRADUATE,Female,23,5-10 LPA,1,8.1,8.01,70.0,55.2,0.0,48.9,1,0,2,Maharashtra,MH,82.3,75.9,32.3,11.2,Pune,3.9,0,39.1,21.0,0.03,0
PG_2026_0434,POSTGRADUATE,Female,21,>10 LPA,1,6.9,5.97,71.2,67.4,0.0,63.2,0,0,2,Maharashtra,MH,82.3,75.9,32.3,11.2,Pune,3.9,0,39.1,21.0,0.0414,0
PG_2026_0435,POSTGRADUATE,Male,21,2-5 LPA,0,8.56,9.07,80.4,56.6,0.0,59.8,2,0,12,Tamil Nadu,TN,80.1,73.4,51.4,8.1,Chennai,1.2,0,0.0,17.5,0.0099,0
PG_2026_0436,POSTGRADUATE,Female,25,5-10 LPA,0,5.97,6.74,72.3,70.1,150000.0,53.6,1,0,13,Tamil Nadu,TN,80.1,73.4,51.4,8.1,Chennai,1.2,0,0.0,17.5,0.0376,1
PG_2026_0437,POSTGRADUATE,Male,23,5-10 LPA,0,6.42,6.15,73.5,78.3,150000.0,58.0,1,3,16,Tamil Nadu,TN,80.1,73.4,51.4,8.1,Coimbatore,2.1,0,24.2,18.9,0.1386,0
PG_2026_0438,POSTGRADUATE,Female,22,>10 LPA,1,7.81,5.52,64.3,60.1,0.0,42.5,1,2,10,Rajasthan,RJ,66.1,52.1,26.0,17.2,Barmer,34.2,1,93.0,35.8,0.2712,0
PG_2026_0439,POSTGRADUATE,Male,25,>10 LPA,1,5.5,5.44,49.1,47.2,750000.0,38.4,7,3,10,Tamil Nadu,TN,80.1,73.4,51.4,8.1,Chennai,1.2,0,0.0,17.5,0.8683,1
PG_2026_0440,POSTGRADUATE,Male,21,2-5 LPA,1,7.05,7.35,81.6,51.5,350000.0,49.1,7,0,3,Uttar Pradesh,UP,67.7,57.2,23.2,16.8,Shravasti,49.6,1,96.5,48.2,0.0687,1
PG_2026_0441,POSTGRADUATE,Male,21,<2 LPA,1,7.85,7.4,64.0,50.7,0.0,70.2,4,1,9,Karnataka,KA,75.4,68.1,36.2,12.0,Raichur,36.8,1,74.6,34.0,0.0672,0
PG_2026_0442,POSTGRADUATE,Female,24,5-10 LPA,1,6.18,5.52,69.2,39.3,350000.0,68.1,8,1,53,Madhya Pradesh,MP,69.3,59.2,24.8,18.5,Alirajpur,52.0,1,92.2,39.5,0.3442,0
PG_2026_0443,POSTGRADUATE,Male,22,5-10 LPA,1,7.33,6.93,84.1,100.0,750000.0,95.0,7,0,4,Gujarat,GJ,78.0,69.7,21.3,17.9,Dahod,40.5,1,88.0,38.1,0.0114,0
PG_2026_0444,POSTGRADUATE,Female,24,5-10 LPA,0,6.57,6.36,83.7,69.4,0.0,66.7,3,1,20,Bihar,BR,61.8,51.5,14.5,21.4,Katihar,48.7,1,91.1,44.3,0.0368,0
PG_2026_0445,POSTGRADUATE,Female,22,<2 LPA,0,6.39,6.7,74.2,92.0,0.0,77.9,1,0,20,Bihar,BR,61.8,51.5,14.5,21.4,Patna,18.2,0,56.4,28.5,0.0085,0
PG_2026_0446,POSTGRADUATE,Female,23,5-10 LPA,1,6.88,7.33,82.8,29.9,0.0,66.2,1,1,6,Karnataka,KA,75.4,68.1,36.2,12.0,Raichur,36.8,1,74.6,34.0,0.0795,0
PG_2026_0447,POSTGRADUATE,Male,26,2-5 LPA,1,8.37,6.67,60.8,76.5,350000.0,54.5,10,0,12,Bihar,BR,61.8,51.5,14.5,21.4,Patna,18.2,0,56.4,28.5,0.0767,0
PG_2026_0448,POSTGRADUATE,Male,21,5-10 LPA,1,7.9,7.16,76.6,47.7,350000.0,45.8,7,1,5,Bihar,BR,61.8,51.5,14.5,21.4,Purnia,50.4,1,89.2,42.1,0.1612,0
PG_2026_0449,POSTGRADUATE,Female,23,5-10 LPA,0,6.86,8.62,85.7,53.6,0.0,72.1,0,0,22,Karnataka,KA,75.4,68.1,36.2,12.0,Yadgir,39.4,1,81.2,36.5,0.0088,0
PG_2026_0450,POSTGRADUATE,Male,21,>10 LPA,0,8.68,9.31,54.5,57.3,750000.0,53.8,8,0,9,Kerala,KL,94.0,92.1,43.2,3.2,Wayanad,4.1,1,96.1,18.0,0.0737,0
PG_2026_0451,POSTGRADUATE,Female,26,<2 LPA,0,9.27,9.9,82.7,72.7,750000.0,82.4,8,0,19,Madhya Pradesh,MP,69.3,59.2,24.8,18.5,Indore,6.8,0,25.9,21.8,0.0081,0
PG_2026_0452,POSTGRADUATE,Female,21,<2 LPA,1,6.79,7.16,69.3,72.5,0.0,83.0,1,2,5,Haryana,HR,75.6,65.9,29.8,12.5,Gurugram,2.5,0,31.2,20.5,0.0362,1
PG_2026_0453,POSTGRADUATE,Female,21,<2 LPA,0,6.35,5.9,74.6,61.5,350000.0,54.7,12,0,1,Gujarat,GJ,78.0,69.7,21.3,17.9,Ahmedabad,3.8,0,15.9,20.2,0.1322,0
PG_2026_0454,POSTGRADUATE,Male,21,<2 LPA,0,6.2,4.95,90.5,44.8,0.0,79.3,3,3,14,Karnataka,KA,75.4,68.1,36.2,12.0,Bengaluru Urban,1.8,0,9.1,18.2,0.2516,0
PG_2026_0455,POSTGRADUATE,Female,24,2-5 LPA,0,8.8,8.1,61.1,66.4,150000.0,88.7,2,0,14,Karnataka,KA,75.4,68.1,36.2,12.0,Yadgir,39.4,1,81.2,36.5,0.0149,0
PG_2026_0456,POSTGRADUATE,Female,25,5-10 LPA,0,7.65,8.01,72.5,78.8,150000.0,53.7,3,0,2,Maharashtra,MH,82.3,75.9,32.3,11.2,Pune,3.9,0,39.1,21.0,0.0151,0
PG_2026_0457,POSTGRADUATE,Male,24,5-10 LPA,1,8.43,8.23,69.9,52.7,0.0,61.2,4,0,13,Bihar,BR,61.8,51.5,14.5,21.4,Katihar,48.7,1,91.1,44.3,0.0253,1
PG_2026_0458,POSTGRADUATE,Male,26,5-10 LPA,1,8.9,9.53,100.0,100.0,0.0,79.4,4,0,34,Tamil Nadu,TN,80.1,73.4,51.4,8.1,Chennai,1.2,0,0.0,17.5,0.0007,0
PG_2026_0459,POSTGRADUATE,Male,22,5-10 LPA,0,7.88,8.19,62.2,71.3,0.0,79.6,0,0,7,Maharashtra,MH,82.3,75.9,32.3,11.2,Nandurbar,33.1,1,83.3,32.4,0.0104,0
PG_2026_0460,POSTGRADUATE,Male,21,2-5 LPA,0,7.25,6.07,85.5,65.4,150000.0,69.2,2,3,0,Madhya Pradesh,MP,69.3,59.2,24.8,18.5,Barwani,46.1,1,85.5,37.1,0.1326,0
PG_2026_0461,POSTGRADUATE,Female,21,5-10 LPA,1,8.21,9.13,82.7,86.7,0.0,73.2,3,1,15,Uttar Pradesh,UP,67.7,57.2,23.2,16.8,Bahraich,54.4,1,92.1,46.5,0.0041,0
PG_2026_0462,POSTGRADUATE,Male,26,5-10 LPA,0,7.39,7.06,87.4,74.4,0.0,77.3,1,0,15,Tamil Nadu,TN,80.1,73.4,51.4,8.1,Coimbatore,2.1,0,24.2,18.9,0.0088,0
PG_2026_0463,POSTGRADUATE,Female,26,2-5 LPA,0,6.52,6.93,72.7,67.8,750000.0,58.1,9,1,9,Tamil Nadu,TN,80.1,73.4,51.4,8.1,Ramanathapuram,7.8,1,69.7,22.1,0.1562,0
PG_2026_0464,POSTGRADUATE,Male,25,5-10 LPA,0,8.61,9.9,92.6,36.3,0.0,66.5,3,0,13,Madhya Pradesh,MP,69.3,59.2,24.8,18.5,Barwani,46.1,1,85.5,37.1,0.008,0
PG_2026_0465,POSTGRADUATE,Male,23,<2 LPA,0,7.06,7.52,76.6,42.5,150000.0,66.1,2,1,5,Haryana,HR,75.6,65.9,29.8,12.5,Nuh / Mewat,44.8,1,88.6,47.0,0.0723,0
PG_2026_0466,POSTGRADUATE,Female,23,<2 LPA,1,6.33,6.55,68.4,92.8,0.0,58.2,2,0,6,Maharashtra,MH,82.3,75.9,32.3,11.2,Nandurbar,33.1,1,83.3,32.4,0.0164,0
PG_2026_0467,POSTGRADUATE,Male,21,2-5 LPA,1,7.46,6.42,78.7,21.4,0.0,39.8,4,4,1,Bihar,BR,61.8,51.5,14.5,21.4,Muzaffarpur,35.1,1,90.3,38.0,0.6466,1
PG_2026_0468,POSTGRADUATE,Male,22,<2 LPA,0,7.48,5.73,76.9,20.2,150000.0,49.8,2,0,1,Uttar Pradesh,UP,67.7,57.2,23.2,16.8,Shravasti,49.6,1,96.5,48.2,0.2752,0
PG_2026_0469,POSTGRADUATE,Female,24,5-10 LPA,1,8.15,8.21,71.1,55.8,350000.0,62.9,6,0,4,Madhya Pradesh,MP,69.3,59.2,24.8,18.5,Indore,6.8,0,25.9,21.8,0.0383,1
PG_2026_0470,POSTGRADUATE,Female,21,2-5 LPA,1,6.58,5.3,63.9,67.4,0.0,54.5,1,2,13,Karnataka,KA,75.4,68.1,36.2,12.0,Bengaluru Urban,1.8,0,9.1,18.2,0.2067,0
PG_2026_0471,POSTGRADUATE,Male,26,<2 LPA,1,6.4,6.36,81.5,31.4,0.0,55.8,2,0,33,Maharashtra,MH,82.3,75.9,32.3,11.2,Pune,3.9,0,39.1,21.0,0.1008,0
PG_2026_0472,POSTGRADUATE,Female,22,<2 LPA,0,7.54,8.63,67.3,66.8,0.0,58.4,5,0,9,Maharashtra,MH,82.3,75.9,32.3,11.2,Mumbai,2.1,0,0.0,19.5,0.0148,0
PG_2026_0473,POSTGRADUATE,Female,22,>10 LPA,0,8.64,8.83,72.9,52.3,750000.0,42.3,8,1,28,Rajasthan,RJ,66.1,52.1,26.0,17.2,Barmer,34.2,1,93.0,35.8,0.1279,1
PG_2026_0474,POSTGRADUATE,Male,25,<2 LPA,1,6.96,5.19,100.0,61.4,150000.0,78.9,3,1,0,Uttar Pradesh,UP,67.7,57.2,23.2,16.8,Shravasti,49.6,1,96.5,48.2,0.0547,0
PG_2026_0475,POSTGRADUATE,Female,24,<2 LPA,1,6.82,6.54,84.1,76.4,750000.0,48.8,9,0,50,Madhya Pradesh,MP,69.3,59.2,24.8,18.5,Barwani,46.1,1,85.5,37.1,0.0807,0
PG_2026_0476,POSTGRADUATE,Female,23,>10 LPA,0,8.69,8.08,88.7,79.7,750000.0,88.4,10,2,5,Tamil Nadu,TN,80.1,73.4,51.4,8.1,Coimbatore,2.1,0,24.2,18.9,0.036,0
PG_2026_0477,POSTGRADUATE,Female,22,2-5 LPA,0,8.34,9.45,85.6,83.4,0.0,47.9,1,0,41,Bihar,BR,61.8,51.5,14.5,21.4,Katihar,48.7,1,91.1,44.3,0.0033,0
PG_2026_0478,POSTGRADUATE,Female,26,>10 LPA,1,6.55,6.89,58.9,82.9,0.0,67.5,2,1,0,Uttar Pradesh,UP,67.7,57.2,23.2,16.8,Noida / Gautam Buddha Nagar,7.1,0,40.9,22.0,0.0344,0
PG_2026_0479,POSTGRADUATE,Female,21,2-5 LPA,1,8.9,8.31,58.6,51.4,0.0,55.9,4,1,20,Uttar Pradesh,UP,67.7,57.2,23.2,16.8,Varanasi,16.3,0,56.6,29.4,0.0629,0
PG_2026_0480,POSTGRADUATE,Female,25,5-10 LPA,0,8.24,7.11,73.3,71.1,0.0,77.2,1,1,10,Bihar,BR,61.8,51.5,14.5,21.4,Gaya,38.6,1,86.8,36.2,0.024,0
PG_2026_0481,POSTGRADUATE,Female,24,<2 LPA,1,5.74,4.57,82.4,86.3,0.0,65.4,0,1,0,Madhya Pradesh,MP,69.3,59.2,24.8,18.5,Bhopal,9.4,0,19.1,23.4,0.0516,0
PG_2026_0482,POSTGRADUATE,Male,24,5-10 LPA,0,8.02,7.62,100.0,36.4,750000.0,67.8,10,2,11,Haryana,HR,75.6,65.9,29.8,12.5,Nuh / Mewat,44.8,1,88.6,47.0,0.1912,0
PG_2026_0483,POSTGRADUATE,Male,26,>10 LPA,0,8.07,8.7,92.9,66.8,350000.0,49.9,6,1,35,Gujarat,GJ,78.0,69.7,21.3,17.9,Dahod,40.5,1,88.0,38.1,0.0224,0
PG_2026_0484,POSTGRADUATE,Male,24,2-5 LPA,1,6.76,6.72,70.4,30.8,150000.0,77.2,1,1,5,Tamil Nadu,TN,80.1,73.4,51.4,8.1,Coimbatore,2.1,0,24.2,18.9,0.1455,0
PG_2026_0485,POSTGRADUATE,Male,24,2-5 LPA,1,7.05,7.55,69.6,55.7,0.0,35.9,2,0,8,Kerala,KL,94.0,92.1,43.2,3.2,Ernakulam,0.6,0,31.9,14.8,0.0504,0
PG_2026_0486,POSTGRADUATE,Female,22,>10 LPA,0,8.28,6.23,65.5,63.5,1200000.0,87.6,6,0,24,Madhya Pradesh,MP,69.3,59.2,24.8,18.5,Alirajpur,52.0,1,92.2,39.5,0.1891,0
PG_2026_0487,POSTGRADUATE,Male,24,<2 LPA,0,7.14,6.68,67.0,62.4,350000.0,37.8,6,0,3,Rajasthan,RJ,66.1,52.1,26.0,17.2,Jaipur,6.9,0,47.6,22.5,0.1205,0
PG_2026_0488,POSTGRADUATE,Female,24,<2 LPA,1,7.53,7.15,98.3,20.2,0.0,49.6,2,0,8,Rajasthan,RJ,66.1,52.1,26.0,17.2,Jaipur,6.9,0,47.6,22.5,0.0684,0
PG_2026_0489,POSTGRADUATE,Male,26,2-5 LPA,0,7.37,7.5,74.9,44.9,0.0,46.6,1,1,10,Bihar,BR,61.8,51.5,14.5,21.4,Patna,18.2,0,56.4,28.5,0.08,0
PG_2026_0490,POSTGRADUATE,Female,22,2-5 LPA,1,6.0,6.84,77.5,64.4,0.0,49.1,1,0,1,Maharashtra,MH,82.3,75.9,32.3,11.2,Nandurbar,33.1,1,83.3,32.4,0.0327,0
PG_2026_0491,POSTGRADUATE,Female,23,2-5 LPA,0,8.02,8.35,93.5,46.3,750000.0,79.9,7,0,5,Haryana,HR,75.6,65.9,29.8,12.5,Nuh / Mewat,44.8,1,88.6,47.0,0.0342,0
PG_2026_0492,POSTGRADUATE,Female,23,2-5 LPA,0,6.83,5.23,69.3,85.8,350000.0,53.4,6,2,6,Haryana,HR,75.6,65.9,29.8,12.5,Gurugram,2.5,0,31.2,20.5,0.1996,0
PG_2026_0493,POSTGRADUATE,Male,25,5-10 LPA,0,6.45,6.79,67.5,42.7,0.0,69.0,1,1,7,Bihar,BR,61.8,51.5,14.5,21.4,Purnia,50.4,1,89.2,42.1,0.1,1
PG_2026_0494,POSTGRADUATE,Male,26,2-5 LPA,0,7.51,6.59,84.3,83.4,350000.0,63.6,3,0,5,Bihar,BR,61.8,51.5,14.5,21.4,Gaya,38.6,1,86.8,36.2,0.0216,0
PG_2026_0495,POSTGRADUATE,Male,21,2-5 LPA,0,7.44,7.3,99.7,78.4,0.0,53.6,3,0,4,Maharashtra,MH,82.3,75.9,32.3,11.2,Gadchiroli,28.5,1,89.0,28.9,0.008,0
PG_2026_0496,POSTGRADUATE,Male,26,2-5 LPA,0,9.8,9.48,78.6,39.9,350000.0,78.3,11,0,25,Tamil Nadu,TN,80.1,73.4,51.4,8.1,Coimbatore,2.1,0,24.2,18.9,0.0236,0
PG_2026_0497,POSTGRADUATE,Male,26,2-5 LPA,0,7.58,6.57,81.8,21.5,0.0,72.8,2,0,0,Bihar,BR,61.8,51.5,14.5,21.4,Gaya,38.6,1,86.8,36.2,0.0908,0
PG_2026_0498,POSTGRADUATE,Male,26,2-5 LPA,1,6.65,7.37,100.0,30.9,750000.0,86.2,8,0,14,Uttar Pradesh,UP,67.7,57.2,23.2,16.8,Balrampur,47.9,1,92.3,45.0,0.0721,0
PG_2026_0499,POSTGRADUATE,Male,22,<2 LPA,0,6.64,7.61,78.2,37.1,350000.0,59.5,8,0,21,Gujarat,GJ,78.0,69.7,21.3,17.9,Narmada,32.4,1,89.5,30.5,0.0902,0
PG_2026_0500,POSTGRADUATE,Female,21,2-5 LPA,0,7.09,6.53,83.1,62.3,750000.0,57.6,10,0,11,Karnataka,KA,75.4,68.1,36.2,12.0,Bengaluru Urban,1.8,0,9.1,18.2,0.1149,0
PG_2026_0501,POSTGRADUATE,Male,24,<2 LPA,0,9.8,9.9,83.0,100.0,0.0,81.1,1,2,11,Haryana,HR,75.6,65.9,29.8,12.5,Gurugram,2.5,0,31.2,20.5,0.0022,0
PG_2026_0502,POSTGRADUATE,Female,26,<2 LPA,0,7.38,7.13,63.7,64.4,750000.0,28.8,11,0,25,Haryana,HR,75.6,65.9,29.8,12.5,Nuh / Mewat,44.8,1,88.6,47.0,0.2228,0
PG_2026_0503,POSTGRADUATE,Female,26,2-5 LPA,0,6.57,6.74,64.1,24.0,350000.0,76.8,8,0,11,Haryana,HR,75.6,65.9,29.8,12.5,Nuh / Mewat,44.8,1,88.6,47.0,0.2143,0
PG_2026_0504,POSTGRADUATE,Male,24,2-5 LPA,0,6.51,5.62,69.9,25.8,350000.0,68.0,8,4,0,Tamil Nadu,TN,80.1,73.4,51.4,8.1,Ramanathapuram,7.8,1,69.7,22.1,0.7782,1
PG_2026_0505,POSTGRADUATE,Male,22,<2 LPA,1,7.77,6.69,82.0,63.9,0.0,58.6,2,0,5,Kerala,KL,94.0,92.1,43.2,3.2,Wayanad,4.1,1,96.1,18.0,0.0271,0
PG_2026_0506,POSTGRADUATE,Male,25,<2 LPA,0,8.18,7.14,83.1,55.9,750000.0,79.1,4,0,10,Gujarat,GJ,78.0,69.7,21.3,17.9,Narmada,32.4,1,89.5,30.5,0.0576,0
PG_2026_0507,POSTGRADUATE,Male,22,5-10 LPA,0,6.65,6.43,82.1,64.8,350000.0,57.0,10,3,16,Madhya Pradesh,MP,69.3,59.2,24.8,18.5,Bhopal,9.4,0,19.1,23.4,0.2434,0
PG_2026_0508,POSTGRADUATE,Male,25,5-10 LPA,0,8.17,6.98,89.0,62.6,0.0,58.5,3,0,34,Karnataka,KA,75.4,68.1,36.2,12.0,Raichur,36.8,1,74.6,34.0,0.0205,0
PG_2026_0509,POSTGRADUATE,Female,22,2-5 LPA,0,6.98,7.75,84.1,47.6,150000.0,65.8,3,0,21,Maharashtra,MH,82.3,75.9,32.3,11.2,Gadchiroli,28.5,1,89.0,28.9,0.0283,0
PG_2026_0510,POSTGRADUATE,Female,26,2-5 LPA,0,6.73,6.2,86.9,51.2,350000.0,60.2,6,2,9,Uttar Pradesh,UP,67.7,57.2,23.2,16.8,Lucknow,8.5,0,33.8,24.1,0.2017,0
PG_2026_0511,POSTGRADUATE,Female,24,2-5 LPA,0,5.86,5.42,72.2,81.0,0.0,76.9,2,2,9,Maharashtra,MH,82.3,75.9,32.3,11.2,Pune,3.9,0,39.1,21.0,0.0725,0
PG_2026_0512,POSTGRADUATE,Male,21,2-5 LPA,1,8.19,8.34,100.0,51.7,0.0,62.6,1,0,8,Karnataka,KA,75.4,68.1,36.2,12.0,Raichur,36.8,1,74.6,34.0,0.0089,0
PG_2026_0513,POSTGRADUATE,Female,22,<2 LPA,0,6.81,7.86,82.5,83.5,350000.0,26.6,10,0,1,Tamil Nadu,TN,80.1,73.4,51.4,8.1,Ramanathapuram,7.8,1,69.7,22.1,0.0299,0
PG_2026_0514,POSTGRADUATE,Male,22,2-5 LPA,0,8.36,8.81,90.7,50.4,0.0,71.7,2,0,41,Haryana,HR,75.6,65.9,29.8,12.5,Nuh / Mewat,44.8,1,88.6,47.0,0.0082,0
PG_2026_0515,POSTGRADUATE,Female,25,2-5 LPA,1,6.9,7.68,72.3,70.5,0.0,67.0,4,0,14,Bihar,BR,61.8,51.5,14.5,21.4,Patna,18.2,0,56.4,28.5,0.0154,0
PG_2026_0516,POSTGRADUATE,Female,25,2-5 LPA,1,7.08,5.89,61.6,30.9,350000.0,68.0,5,2,2,Gujarat,GJ,78.0,69.7,21.3,17.9,Ahmedabad,3.8,0,15.9,20.2,0.5182,1
PG_2026_0517,POSTGRADUATE,Male,24,2-5 LPA,0,7.55,7.45,92.0,27.9,750000.0,48.3,9,1,0,Gujarat,GJ,78.0,69.7,21.3,17.9,Dahod,40.5,1,88.0,38.1,0.2756,0
PG_2026_0518,POSTGRADUATE,Male,23,>10 LPA,0,6.09,4.98,59.8,64.7,150000.0,61.7,1,3,8,Bihar,BR,61.8,51.5,14.5,21.4,Muzaffarpur,35.1,1,90.3,38.0,0.4078,1
PG_2026_0519,POSTGRADUATE,Female,22,<2 LPA,1,6.76,6.95,68.8,58.2,0.0,82.6,3,2,3,Kerala,KL,94.0,92.1,43.2,3.2,Thiruvananthapuram,0.9,0,46.2,15.2,0.071,0
PG_2026_0520,POSTGRADUATE,Male,25,<2 LPA,0,7.55,6.75,66.0,100.0,150000.0,72.2,1,0,3,Gujarat,GJ,78.0,69.7,21.3,17.9,Dahod,40.5,1,88.0,38.1,0.0112,0
PG_2026_0521,POSTGRADUATE,Female,24,2-5 LPA,0,7.52,7.57,63.2,69.8,0.0,44.1,3,0,7,Maharashtra,MH,82.3,75.9,32.3,11.2,Gadchiroli,28.5,1,89.0,28.9,0.0329,0
PG_2026_0522,POSTGRADUATE,Female,26,<2 LPA,1,8.18,7.04,80.4,64.1,350000.0,44.7,10,0,16,Bihar,BR,61.8,51.5,14.5,21.4,Muzaffarpur,35.1,1,90.3,38.0,0.066,0
PG_2026_0523,POSTGRADUATE,Female,21,<2 LPA,0,6.71,7.29,72.3,43.1,350000.0,66.2,6,0,33,Gujarat,GJ,78.0,69.7,21.3,17.9,Ahmedabad,3.8,0,15.9,20.2,0.0852,0
PG_2026_0524,POSTGRADUATE,Female,26,5-10 LPA,0,7.04,6.76,71.9,80.8,150000.0,67.0,3,0,26,Gujarat,GJ,78.0,69.7,21.3,17.9,Dahod,40.5,1,88.0,38.1,0.0216,0
PG_2026_0525,POSTGRADUATE,Female,21,2-5 LPA,0,8.08,6.66,84.6,64.2,0.0,60.3,5,0,5,Karnataka,KA,75.4,68.1,36.2,12.0,Bengaluru Urban,1.8,0,9.1,18.2,0.0272,0
PG_2026_0526,POSTGRADUATE,Male,25,2-5 LPA,1,7.41,7.06,91.4,21.3,750000.0,41.0,5,0,22,Karnataka,KA,75.4,68.1,36.2,12.0,Raichur,36.8,1,74.6,34.0,0.2705,0
PG_2026_0527,POSTGRADUATE,Male,21,2-5 LPA,1,7.36,7.09,65.5,53.8,150000.0,70.3,3,2,21,Gujarat,GJ,78.0,69.7,21.3,17.9,Dahod,40.5,1,88.0,38.1,0.1275,0
PG_2026_0528,POSTGRADUATE,Male,24,5-10 LPA,1,8.96,8.15,64.0,72.2,0.0,33.6,2,1,12,Haryana,HR,75.6,65.9,29.8,12.5,Gurugram,2.5,0,31.2,20.5,0.0418,0
PG_2026_0529,POSTGRADUATE,Female,23,5-10 LPA,0,9.28,9.79,95.0,44.9,350000.0,63.9,7,0,2,Bihar,BR,61.8,51.5,14.5,21.4,Gaya,38.6,1,86.8,36.2,0.012,0
PG_2026_0530,POSTGRADUATE,Female,22,5-10 LPA,0,7.08,7.12,73.2,76.3,0.0,75.7,1,0,1,Kerala,KL,94.0,92.1,43.2,3.2,Ernakulam,0.6,0,31.9,14.8,0.0126,0
PG_2026_0531,POSTGRADUATE,Female,21,2-5 LPA,0,7.25,7.86,62.8,53.1,0.0,72.3,0,0,8,Gujarat,GJ,78.0,69.7,21.3,17.9,Narmada,32.4,1,89.5,30.5,0.0262,0
PG_2026_0532,POSTGRADUATE,Male,25,<2 LPA,0,8.82,7.78,62.4,64.8,750000.0,47.5,15,0,41,Haryana,HR,75.6,65.9,29.8,12.5,Nuh / Mewat,44.8,1,88.6,47.0,0.14,0
PG_2026_0533,POSTGRADUATE,Female,25,<2 LPA,0,7.06,6.67,72.1,86.5,750000.0,81.3,8,0,5,Gujarat,GJ,78.0,69.7,21.3,17.9,Dahod,40.5,1,88.0,38.1,0.0398,0
PG_2026_0534,POSTGRADUATE,Female,24,2-5 LPA,1,7.06,6.17,82.6,86.3,0.0,35.6,0,1,25,Kerala,KL,94.0,92.1,43.2,3.2,Wayanad,4.1,1,96.1,18.0,0.039,0
PG_2026_0535,POSTGRADUATE,Male,21,>10 LPA,1,8.15,7.65,82.9,62.7,0.0,55.0,6,0,50,Haryana,HR,75.6,65.9,29.8,12.5,Nuh / Mewat,44.8,1,88.6,47.0,0.0203,0
PG_2026_0536,POSTGRADUATE,Male,26,>10 LPA,0,8.15,6.23,95.6,62.0,0.0,53.1,3,2,23,Maharashtra,MH,82.3,75.9,32.3,11.2,Pune,3.9,0,39.1,21.0,0.0744,1
PG_2026_0537,POSTGRADUATE,Male,24,<2 LPA,0,6.26,5.14,70.7,15.3,350000.0,67.4,4,3,9,Maharashtra,MH,82.3,75.9,32.3,11.2,Nandurbar,33.1,1,83.3,32.4,0.7743,1
PG_2026_0538,POSTGRADUATE,Male,23,2-5 LPA,0,6.64,6.21,44.4,58.0,0.0,60.5,2,2,5,Tamil Nadu,TN,80.1,73.4,51.4,8.1,Coimbatore,2.1,0,24.2,18.9,0.2651,0
PG_2026_0539,POSTGRADUATE,Male,25,<2 LPA,1,6.99,6.07,43.1,49.7,1200000.0,76.6,5,1,23,Maharashtra,MH,82.3,75.9,32.3,11.2,Pune,3.9,0,39.1,21.0,0.6166,1
PG_2026_0540,POSTGRADUATE,Male,21,5-10 LPA,1,5.5,5.56,76.5,54.4,350000.0,50.4,5,1,8,Tamil Nadu,TN,80.1,73.4,51.4,8.1,Ramanathapuram,7.8,1,69.7,22.1,0.2377,0
PG_2026_0541,POSTGRADUATE,Male,23,5-10 LPA,0,5.61,4.68,77.3,61.2,350000.0,66.9,5,4,7,Uttar Pradesh,UP,67.7,57.2,23.2,16.8,Shravasti,49.6,1,96.5,48.2,0.5559,1
PG_2026_0542,POSTGRADUATE,Female,24,5-10 LPA,1,8.08,8.14,60.2,49.8,0.0,61.2,1,1,4,Uttar Pradesh,UP,67.7,57.2,23.2,16.8,Lucknow,8.5,0,33.8,24.1,0.0564,0
PG_2026_0543,POSTGRADUATE,Male,22,2-5 LPA,0,6.97,6.25,53.9,66.9,150000.0,55.6,0,4,10,Bihar,BR,61.8,51.5,14.5,21.4,Muzaffarpur,35.1,1,90.3,38.0,0.4047,0
PG_2026_0544,POSTGRADUATE,Male,25,2-5 LPA,0,9.15,9.88,88.6,95.0,750000.0,74.0,12,1,7,Bihar,BR,61.8,51.5,14.5,21.4,Gaya,38.6,1,86.8,36.2,0.007,0
PG_2026_0545,POSTGRADUATE,Male,22,<2 LPA,0,8.84,8.05,81.8,65.4,0.0,60.7,2,0,12,Uttar Pradesh,UP,67.7,57.2,23.2,16.8,Varanasi,16.3,0,56.6,29.4,0.012,0
PG_2026_0546,POSTGRADUATE,Female,22,<2 LPA,0,5.5,4.49,62.5,56.4,350000.0,65.8,14,3,0,Tamil Nadu,TN,80.1,73.4,51.4,8.1,Chennai,1.2,0,0.0,17.5,0.6865,1
PG_2026_0547,POSTGRADUATE,Male,23,>10 LPA,1,6.98,7.52,91.9,73.7,350000.0,74.6,4,0,11,Karnataka,KA,75.4,68.1,36.2,12.0,Raichur,36.8,1,74.6,34.0,0.0121,0
PG_2026_0548,POSTGRADUATE,Male,26,5-10 LPA,0,8.26,8.72,50.3,70.7,350000.0,49.2,9,0,25,Bihar,BR,61.8,51.5,14.5,21.4,Katihar,48.7,1,91.1,44.3,0.0463,0
PG_2026_0549,POSTGRADUATE,Male,25,<2 LPA,0,6.74,6.69,73.3,47.6,350000.0,53.8,9,1,20,Gujarat,GJ,78.0,69.7,21.3,17.9,Ahmedabad,3.8,0,15.9,20.2,0.2005,0
PG_2026_0550,POSTGRADUATE,Female,21,<2 LPA,0,8.01,7.55,76.2,80.1,0.0,85.9,2,0,4,Gujarat,GJ,78.0,69.7,21.3,17.9,Ahmedabad,3.8,0,15.9,20.2,0.0067,1
PG_2026_0551,POSTGRADUATE,Male,22,2-5 LPA,0,7.21,6.38,69.1,33.3,0.0,61.3,1,2,17,Uttar Pradesh,UP,67.7,57.2,23.2,16.8,Bahraich,54.4,1,92.1,46.5,0.2613,0
PG_2026_0552,POSTGRADUATE,Male,22,<2 LPA,0,6.3,6.22,90.9,70.5,0.0,48.7,1,2,2,Karnataka,KA,75.4,68.1,36.2,12.0,Bengaluru Urban,1.8,0,9.1,18.2,0.0657,0
PG_2026_0553,POSTGRADUATE,Male,26,<2 LPA,0,8.59,8.67,90.1,64.2,0.0,95.0,0,0,3,Rajasthan,RJ,66.1,52.1,26.0,17.2,Jaisalmer,31.8,1,86.7,33.2,0.0033,0
PG_2026_0554,POSTGRADUATE,Male,26,2-5 LPA,0,7.14,8.69,86.0,55.4,0.0,50.5,3,0,1,Kerala,KL,94.0,92.1,43.2,3.2,Thiruvananthapuram,0.9,0,46.2,15.2,0.0133,0
PG_2026_0555,POSTGRADUATE,Male,21,2-5 LPA,0,7.15,6.21,63.1,19.8,0.0,49.8,5,2,19,Maharashtra,MH,82.3,75.9,32.3,11.2,Nandurbar,33.1,1,83.3,32.4,0.52,1
PG_2026_0556,POSTGRADUATE,Female,23,2-5 LPA,1,8.44,8.86,81.9,83.7,1200000.0,54.6,11,0,11,Tamil Nadu,TN,80.1,73.4,51.4,8.1,Ramanathapuram,7.8,1,69.7,22.1,0.0368,0
PG_2026_0557,POSTGRADUATE,Male,22,<2 LPA,1,6.94,8.47,71.2,76.5,350000.0,46.7,6,0,30,Bihar,BR,61.8,51.5,14.5,21.4,Muzaffarpur,35.1,1,90.3,38.0,0.0226,0
PG_2026_0558,POSTGRADUATE,Male,25,>10 LPA,1,7.07,6.99,77.5,100.0,150000.0,48.5,4,0,2,Madhya Pradesh,MP,69.3,59.2,24.8,18.5,Indore,6.8,0,25.9,21.8,0.0124,0
PG_2026_0559,POSTGRADUATE,Male,22,2-5 LPA,0,8.4,7.56,73.6,68.5,0.0,40.8,7,2,7,Madhya Pradesh,MP,69.3,59.2,24.8,18.5,Bhopal,9.4,0,19.1,23.4,0.0805,0
PG_2026_0560,POSTGRADUATE,Male,22,>10 LPA,1,8.22,7.35,94.6,69.8,350000.0,62.3,8,0,2,Rajasthan,RJ,66.1,52.1,26.0,17.2,Jaisalmer,31.8,1,86.7,33.2,0.0205,0
PG_2026_0561,POSTGRADUATE,Female,22,2-5 LPA,0,5.82,5.73,100.0,64.2,350000.0,87.9,1,3,1,Bihar,BR,61.8,51.5,14.5,21.4,Gaya,38.6,1,86.8,36.2,0.1,0
PG_2026_0562,POSTGRADUATE,Male,22,>10 LPA,0,8.03,7.44,74.2,44.9,1200000.0,34.9,9,1,6,Kerala,KL,94.0,92.1,43.2,3.2,Ernakulam,0.6,0,31.9,14.8,0.4814,0
PG_2026_0563,POSTGRADUATE,Male,24,<2 LPA,0,8.41,7.55,68.1,80.2,750000.0,65.8,5,1,5,Kerala,KL,94.0,92.1,43.2,3.2,Thiruvananthapuram,0.9,0,46.2,15.2,0.0678,1
PG_2026_0564,POSTGRADUATE,Male,25,2-5 LPA,0,7.22,7.26,99.3,37.1,0.0,31.5,1,0,21,Rajasthan,RJ,66.1,52.1,26.0,17.2,Jaisalmer,31.8,1,86.7,33.2,0.049,0
PG_2026_0565,POSTGRADUATE,Male,21,2-5 LPA,0,6.4,5.96,72.4,55.6,750000.0,54.9,9,3,20,Tamil Nadu,TN,80.1,73.4,51.4,8.1,Coimbatore,2.1,0,24.2,18.9,0.5856,1
PG_2026_0566,POSTGRADUATE,Male,24,2-5 LPA,1,7.05,6.25,72.4,65.7,1200000.0,73.0,7,3,10,Rajasthan,RJ,66.1,52.1,26.0,17.2,Barmer,34.2,1,93.0,35.8,0.5202,1
PG_2026_0567,POSTGRADUATE,Female,24,2-5 LPA,0,8.13,6.48,62.5,100.0,0.0,80.2,1,2,10,Kerala,KL,94.0,92.1,43.2,3.2,Wayanad,4.1,1,96.1,18.0,0.0263,0
PG_2026_0568,POSTGRADUATE,Female,24,2-5 LPA,0,6.62,6.66,64.1,40.8,350000.0,70.8,6,0,22,Haryana,HR,75.6,65.9,29.8,12.5,Nuh / Mewat,44.8,1,88.6,47.0,0.142,1
PG_2026_0569,POSTGRADUATE,Male,26,<2 LPA,0,7.08,7.17,62.9,68.8,150000.0,65.3,1,0,18,Uttar Pradesh,UP,67.7,57.2,23.2,16.8,Noida / Gautam Buddha Nagar,7.1,0,40.9,22.0,0.0329,0
PG_2026_0570,POSTGRADUATE,Male,24,>10 LPA,0,8.92,9.28,57.7,71.4,0.0,39.3,4,0,17,Gujarat,GJ,78.0,69.7,21.3,17.9,Narmada,32.4,1,89.5,30.5,0.0166,0
PG_2026_0571,POSTGRADUATE,Male,23,5-10 LPA,0,7.69,7.13,67.3,64.4,0.0,48.2,0,0,17,Haryana,HR,75.6,65.9,29.8,12.5,Gurugram,2.5,0,31.2,20.5,0.0371,0
PG_2026_0572,POSTGRADUATE,Female,23,<2 LPA,0,6.25,6.61,86.8,59.3,350000.0,43.0,13,0,2,Kerala,KL,94.0,92.1,43.2,3.2,Ernakulam,0.6,0,31.9,14.8,0.0917,0
PG_2026_0573,POSTGRADUATE,Female,22,>10 LPA,1,7.54,7.98,97.0,14.9,0.0,59.9,3,0,9,Gujarat,GJ,78.0,69.7,21.3,17.9,Narmada,32.4,1,89.5,30.5,0.0469,0
PG_2026_0574,POSTGRADUATE,Female,25,2-5 LPA,1,6.11,5.18,76.7,71.6,150000.0,34.7,3,0,2,Kerala,KL,94.0,92.1,43.2,3.2,Ernakulam,0.6,0,31.9,14.8,0.1067,0
PG_2026_0575,POSTGRADUATE,Female,21,<2 LPA,0,9.01,9.18,72.9,94.0,350000.0,70.1,11,1,4,Kerala,KL,94.0,92.1,43.2,3.2,Ernakulam,0.6,0,31.9,14.8,0.0097,0
PG_2026_0576,POSTGRADUATE,Male,22,2-5 LPA,0,8.22,8.97,70.0,100.0,750000.0,53.3,8,0,3,Uttar Pradesh,UP,67.7,57.2,23.2,16.8,Bahraich,54.4,1,92.1,46.5,0.0135,0
PG_2026_0577,POSTGRADUATE,Female,25,<2 LPA,0,5.94,6.34,62.3,83.2,150000.0,74.4,3,3,0,Gujarat,GJ,78.0,69.7,21.3,17.9,Dahod,40.5,1,88.0,38.1,0.1162,0
PG_2026_0578,POSTGRADUATE,Female,25,2-5 LPA,1,6.88,6.47,72.7,22.9,150000.0,79.0,3,4,5,Kerala,KL,94.0,92.1,43.2,3.2,Wayanad,4.1,1,96.1,18.0,0.5285,1
PG_2026_0579,POSTGRADUATE,Male,22,<2 LPA,1,8.75,8.2,93.0,68.0,150000.0,63.0,0,1,0,Haryana,HR,75.6,65.9,29.8,12.5,Nuh / Mewat,44.8,1,88.6,47.0,0.0132,0
PG_2026_0580,POSTGRADUATE,Female,23,<2 LPA,0,7.28,6.87,63.1,100.0,0.0,50.8,3,0,8,Tamil Nadu,TN,80.1,73.4,51.4,8.1,Ramanathapuram,7.8,1,69.7,22.1,0.015,0
PG_2026_0581,POSTGRADUATE,Female,21,2-5 LPA,0,6.61,6.89,84.8,69.0,0.0,26.2,0,1,7,Uttar Pradesh,UP,67.7,57.2,23.2,16.8,Bahraich,54.4,1,92.1,46.5,0.0534,0
PG_2026_0582,POSTGRADUATE,Male,23,<2 LPA,0,6.99,6.62,59.4,40.6,350000.0,73.1,4,0,28,Haryana,HR,75.6,65.9,29.8,12.5,Gurugram,2.5,0,31.2,20.5,0.1493,0
PG_2026_0583,POSTGRADUATE,Female,23,2-5 LPA,0,8.73,7.92,57.6,53.3,350000.0,67.3,4,0,47,Uttar Pradesh,UP,67.7,57.2,23.2,16.8,Balrampur,47.9,1,92.3,45.0,0.0615,0
PG_2026_0584,POSTGRADUATE,Male,22,2-5 LPA,0,6.19,5.52,89.7,44.1,750000.0,55.6,7,1,0,Karnataka,KA,75.4,68.1,36.2,12.0,Bengaluru Urban,1.8,0,9.1,18.2,0.3507,0
PG_2026_0585,POSTGRADUATE,Female,21,<2 LPA,0,8.91,8.85,100.0,92.6,150000.0,63.0,3,1,7,Rajasthan,RJ,66.1,52.1,26.0,17.2,Kota,8.2,0,39.7,21.0,0.0036,0
PG_2026_0586,POSTGRADUATE,Male,21,2-5 LPA,0,6.34,5.75,68.9,38.9,350000.0,60.4,9,0,5,Uttar Pradesh,UP,67.7,57.2,23.2,16.8,Bahraich,54.4,1,92.1,46.5,0.2576,0
PG_2026_0587,POSTGRADUATE,Male,22,>10 LPA,0,7.04,7.27,88.6,95.7,0.0,77.3,5,1,6,Kerala,KL,94.0,92.1,43.2,3.2,Wayanad,4.1,1,96.1,18.0,0.0068,0
PG_2026_0588,POSTGRADUATE,Male,21,2-5 LPA,1,7.77,6.4,64.4,8.5,350000.0,57.5,8,0,74,Karnataka,KA,75.4,68.1,36.2,12.0,Yadgir,39.4,1,81.2,36.5,0.4516,1
PG_2026_0589,POSTGRADUATE,Male,23,<2 LPA,0,7.92,6.6,71.8,56.9,350000.0,79.4,6,0,10,Maharashtra,MH,82.3,75.9,32.3,11.2,Nandurbar,33.1,1,83.3,32.4,0.0614,0
PG_2026_0590,POSTGRADUATE,Male,23,<2 LPA,0,6.5,6.87,49.2,65.3,350000.0,73.7,6,0,26,Haryana,HR,75.6,65.9,29.8,12.5,Nuh / Mewat,44.8,1,88.6,47.0,0.0847,0
PG_2026_0591,POSTGRADUATE,Male,23,2-5 LPA,1,6.1,5.6,59.9,66.0,150000.0,58.2,2,0,4,Maharashtra,MH,82.3,75.9,32.3,11.2,Mumbai,2.1,0,0.0,19.5,0.1037,1
PG_2026_0592,POSTGRADUATE,Male,22,2-5 LPA,0,6.12,5.3,67.5,75.7,0.0,67.6,1,2,20,Karnataka,KA,75.4,68.1,36.2,12.0,Raichur,36.8,1,74.6,34.0,0.1187,0
PG_2026_0593,POSTGRADUATE,Male,24,2-5 LPA,1,7.55,7.39,80.4,53.7,0.0,72.3,0,0,3,Uttar Pradesh,UP,67.7,57.2,23.2,16.8,Balrampur,47.9,1,92.3,45.0,0.0198,1
PG_2026_0594,POSTGRADUATE,Male,21,5-10 LPA,0,8.38,7.86,86.7,78.0,350000.0,69.6,5,0,15,Madhya Pradesh,MP,69.3,59.2,24.8,18.5,Bhopal,9.4,0,19.1,23.4,0.0116,0
PG_2026_0595,POSTGRADUATE,Male,23,2-5 LPA,0,6.56,5.77,69.1,35.3,0.0,58.0,2,2,1,Tamil Nadu,TN,80.1,73.4,51.4,8.1,Coimbatore,2.1,0,24.2,18.9,0.3382,0
PG_2026_0596,POSTGRADUATE,Male,26,>10 LPA,1,6.54,5.82,75.0,64.7,0.0,67.5,1,2,30,Bihar,BR,61.8,51.5,14.5,21.4,Muzaffarpur,35.1,1,90.3,38.0,0.1062,0
PG_2026_0597,POSTGRADUATE,Female,24,2-5 LPA,0,9.2,8.59,82.9,77.4,350000.0,52.2,6,0,5,Gujarat,GJ,78.0,69.7,21.3,17.9,Dahod,40.5,1,88.0,38.1,0.013,0
PG_2026_0598,POSTGRADUATE,Female,26,2-5 LPA,1,6.04,4.83,68.4,78.0,750000.0,35.8,8,1,9,Madhya Pradesh,MP,69.3,59.2,24.8,18.5,Alirajpur,52.0,1,92.2,39.5,0.4146,0
PG_2026_0599,POSTGRADUATE,Female,25,2-5 LPA,1,7.1,6.79,55.0,77.6,1200000.0,61.7,4,1,37,Haryana,HR,75.6,65.9,29.8,12.5,Gurugram,2.5,0,31.2,20.5,0.2701,0
PG_2026_0600,POSTGRADUATE,Female,24,2-5 LPA,0,8.1,9.01,72.1,59.4,0.0,84.9,0,0,13,Gujarat,GJ,78.0,69.7,21.3,17.9,Ahmedabad,3.8,0,15.9,20.2,0.0067,0
PG_2026_0601,POSTGRADUATE,Male,25,<2 LPA,0,7.63,7.67,82.0,63.9,350000.0,66.1,9,0,29,Rajasthan,RJ,66.1,52.1,26.0,17.2,Kota,8.2,0,39.7,21.0,0.0294,0
PG_2026_0602,POSTGRADUATE,Male,26,5-10 LPA,0,6.57,7.47,68.7,46.7,150000.0,67.5,2,0,0,Maharashtra,MH,82.3,75.9,32.3,11.2,Nandurbar,33.1,1,83.3,32.4,0.0492,0
PG_2026_0603,POSTGRADUATE,Male,26,2-5 LPA,0,8.03,9.38,49.4,27.7,150000.0,58.2,1,0,29,Uttar Pradesh,UP,67.7,57.2,23.2,16.8,Balrampur,47.9,1,92.3,45.0,0.0679,0
PG_2026_0604,POSTGRADUATE,Female,24,<2 LPA,0,7.36,5.62,83.0,36.3,750000.0,95.0,4,0,2,Gujarat,GJ,78.0,69.7,21.3,17.9,Dahod,40.5,1,88.0,38.1,0.1697,0
PG_2026_0605,POSTGRADUATE,Female,26,2-5 LPA,0,7.53,7.33,92.3,56.7,150000.0,60.6,2,0,12,Haryana,HR,75.6,65.9,29.8,12.5,Nuh / Mewat,44.8,1,88.6,47.0,0.0218,0
PG_2026_0606,POSTGRADUATE,Female,23,<2 LPA,0,6.63,5.24,78.6,36.6,750000.0,52.2,9,1,12,Haryana,HR,75.6,65.9,29.8,12.5,Gurugram,2.5,0,31.2,20.5,0.5686,1
PG_2026_0607,POSTGRADUATE,Female,23,2-5 LPA,0,8.46,8.33,74.1,61.1,750000.0,54.8,4,0,2,Tamil Nadu,TN,80.1,73.4,51.4,8.1,Ramanathapuram,7.8,1,69.7,22.1,0.0533,0
PG_2026_0608,POSTGRADUATE,Male,25,<2 LPA,1,5.5,5.0,65.6,57.9,150000.0,95.0,1,3,36,Madhya Pradesh,MP,69.3,59.2,24.8,18.5,Alirajpur,52.0,1,92.2,39.5,0.2713,0
PG_2026_0609,POSTGRADUATE,Female,21,>10 LPA,1,8.18,7.92,82.3,73.6,0.0,75.0,1,1,22,Maharashtra,MH,82.3,75.9,32.3,11.2,Nandurbar,33.1,1,83.3,32.4,0.0114,0
PG_2026_0610,POSTGRADUATE,Female,24,2-5 LPA,1,7.47,7.16,50.0,63.9,0.0,68.9,0,0,17,Karnataka,KA,75.4,68.1,36.2,12.0,Raichur,36.8,1,74.6,34.0,0.0411,0
PG_2026_0611,POSTGRADUATE,Male,23,5-10 LPA,0,7.63,9.26,66.2,42.3,150000.0,33.3,4,0,1,Karnataka,KA,75.4,68.1,36.2,12.0,Raichur,36.8,1,74.6,34.0,0.0493,0
PG_2026_0612,POSTGRADUATE,Female,25,2-5 LPA,1,8.8,7.46,86.7,77.2,150000.0,49.1,0,0,3,Bihar,BR,61.8,51.5,14.5,21.4,Patna,18.2,0,56.4,28.5,0.0139,1
PG_2026_0613,POSTGRADUATE,Female,22,<2 LPA,1,7.37,5.42,41.2,71.7,0.0,90.6,4,2,13,Bihar,BR,61.8,51.5,14.5,21.4,Gaya,38.6,1,86.8,36.2,0.1831,0
PG_2026_0614,POSTGRADUATE,Male,26,<2 LPA,0,8.54,8.04,81.5,57.5,150000.0,12.9,6,1,4,Gujarat,GJ,78.0,69.7,21.3,17.9,Ahmedabad,3.8,0,15.9,20.2,0.0912,0
PG_2026_0615,POSTGRADUATE,Male,22,5-10 LPA,0,8.09,7.46,78.5,70.5,750000.0,39.1,11,0,21,Gujarat,GJ,78.0,69.7,21.3,17.9,Ahmedabad,3.8,0,15.9,20.2,0.0916,0
PG_2026_0616,POSTGRADUATE,Male,26,5-10 LPA,0,8.06,7.86,78.5,65.5,150000.0,56.8,2,0,5,Maharashtra,MH,82.3,75.9,32.3,11.2,Gadchiroli,28.5,1,89.0,28.9,0.0196,0
PG_2026_0617,POSTGRADUATE,Female,21,5-10 LPA,0,7.23,6.13,64.8,16.9,0.0,62.0,1,1,5,Bihar,BR,61.8,51.5,14.5,21.4,Gaya,38.6,1,86.8,36.2,0.3294,0
PG_2026_0618,POSTGRADUATE,Male,24,5-10 LPA,0,9.08,8.54,51.0,100.0,350000.0,83.4,4,0,36,Tamil Nadu,TN,80.1,73.4,51.4,8.1,Ramanathapuram,7.8,1,69.7,22.1,0.0079,0
PG_2026_0619,POSTGRADUATE,Male,24,2-5 LPA,1,7.77,6.64,89.3,21.7,750000.0,57.6,10,0,0,Madhya Pradesh,MP,69.3,59.2,24.8,18.5,Alirajpur,52.0,1,92.2,39.5,0.2957,0
PG_2026_0620,POSTGRADUATE,Male,22,5-10 LPA,0,7.28,5.13,75.0,53.0,350000.0,38.1,14,2,3,Uttar Pradesh,UP,67.7,57.2,23.2,16.8,Lucknow,8.5,0,33.8,24.1,0.5565,1
PG_2026_0621,POSTGRADUATE,Female,21,2-5 LPA,0,7.64,7.12,61.2,63.2,0.0,83.1,1,0,1,Kerala,KL,94.0,92.1,43.2,3.2,Wayanad,4.1,1,96.1,18.0,0.0243,0
PG_2026_0622,POSTGRADUATE,Female,21,<2 LPA,0,9.22,9.71,87.0,10.2,350000.0,81.1,9,2,52,Maharashtra,MH,82.3,75.9,32.3,11.2,Mumbai,2.1,0,0.0,19.5,0.1009,0
PG_2026_0623,POSTGRADUATE,Female,23,2-5 LPA,0,7.65,6.89,63.7,36.5,0.0,72.5,2,0,18,Rajasthan,RJ,66.1,52.1,26.0,17.2,Kota,8.2,0,39.7,21.0,0.0787,0
PG_2026_0624,POSTGRADUATE,Female,25,2-5 LPA,0,7.2,7.39,73.5,81.7,0.0,75.4,2,0,4,Maharashtra,MH,82.3,75.9,32.3,11.2,Gadchiroli,28.5,1,89.0,28.9,0.0093,0
PG_2026_0625,POSTGRADUATE,Female,23,2-5 LPA,1,8.17,8.85,69.7,52.4,0.0,80.7,2,0,10,Karnataka,KA,75.4,68.1,36.2,12.0,Yadgir,39.4,1,81.2,36.5,0.0117,0
PG_2026_0626,POSTGRADUATE,Male,26,5-10 LPA,0,9.03,8.21,88.9,92.5,350000.0,35.2,9,0,13,Uttar Pradesh,UP,67.7,57.2,23.2,16.8,Bahraich,54.4,1,92.1,46.5,0.0124,0
PG_2026_0627,POSTGRADUATE,Female,21,<2 LPA,1,7.07,6.9,92.2,79.0,0.0,50.0,2,2,7,Rajasthan,RJ,66.1,52.1,26.0,17.2,Jaisalmer,31.8,1,86.7,33.2,0.0339,0
PG_2026_0628,POSTGRADUATE,Female,25,2-5 LPA,0,5.5,4.0,95.5,72.8,350000.0,37.9,12,1,4,Uttar Pradesh,UP,67.7,57.2,23.2,16.8,Noida / Gautam Buddha Nagar,7.1,0,40.9,22.0,0.2636,0
PG_2026_0629,POSTGRADUATE,Female,24,<2 LPA,0,8.29,7.88,67.7,49.3,0.0,71.9,3,1,4,Uttar Pradesh,UP,67.7,57.2,23.2,16.8,Noida / Gautam Buddha Nagar,7.1,0,40.9,22.0,0.0464,0
PG_2026_0630,POSTGRADUATE,Female,26,2-5 LPA,0,7.98,6.54,58.6,80.7,150000.0,56.6,0,0,0,Rajasthan,RJ,66.1,52.1,26.0,17.2,Jaipur,6.9,0,47.6,22.5,0.0398,1
PG_2026_0631,POSTGRADUATE,Female,25,2-5 LPA,0,7.71,6.9,75.4,86.0,350000.0,49.9,8,1,6,Maharashtra,MH,82.3,75.9,32.3,11.2,Pune,3.9,0,39.1,21.0,0.0541,0
PG_2026_0632,POSTGRADUATE,Male,23,5-10 LPA,0,8.23,8.4,76.9,16.8,0.0,66.6,2,0,2,Maharashtra,MH,82.3,75.9,32.3,11.2,Gadchiroli,28.5,1,89.0,28.9,0.0532,1
PG_2026_0633,POSTGRADUATE,Male,22,2-5 LPA,0,5.81,6.06,82.3,28.6,150000.0,63.8,3,0,7,Gujarat,GJ,78.0,69.7,21.3,17.9,Ahmedabad,3.8,0,15.9,20.2,0.1359,0
PG_2026_0634,POSTGRADUATE,Female,23,2-5 LPA,1,7.08,6.87,69.7,82.0,150000.0,67.5,2,0,3,Karnataka,KA,75.4,68.1,36.2,12.0,Bengaluru Urban,1.8,0,9.1,18.2,0.02,0
PG_2026_0635,POSTGRADUATE,Male,24,2-5 LPA,0,5.81,4.8,78.2,100.0,350000.0,72.3,9,0,42,Maharashtra,MH,82.3,75.9,32.3,11.2,Pune,3.9,0,39.1,21.0,0.0394,0
PG_2026_0636,POSTGRADUATE,Male,24,5-10 LPA,0,8.6,8.42,100.0,33.0,150000.0,67.8,2,3,2,Kerala,KL,94.0,92.1,43.2,3.2,Thiruvananthapuram,0.9,0,46.2,15.2,0.0798,0
PG_2026_0637,POSTGRADUATE,Male,26,<2 LPA,0,6.61,6.31,51.5,74.3,0.0,59.9,2,1,4,Kerala,KL,94.0,92.1,43.2,3.2,Wayanad,4.1,1,96.1,18.0,0.0875,0
PG_2026_0638,POSTGRADUATE,Male,23,<2 LPA,1,5.88,5.25,76.0,74.7,0.0,66.5,4,1,1,Kerala,KL,94.0,92.1,43.2,3.2,Thiruvananthapuram,0.9,0,46.2,15.2,0.0711,0
PG_2026_0639,POSTGRADUATE,Male,24,<2 LPA,0,6.53,6.33,79.3,82.8,150000.0,76.7,3,2,5,Rajasthan,RJ,66.1,52.1,26.0,17.2,Jaipur,6.9,0,47.6,22.5,0.0446,0
PG_2026_0640,POSTGRADUATE,Female,25,5-10 LPA,0,7.09,5.92,69.7,80.4,1200000.0,57.9,7,4,77,Maharashtra,MH,82.3,75.9,32.3,11.2,Mumbai,2.1,0,0.0,19.5,0.652,1
PG_2026_0641,POSTGRADUATE,Female,25,2-5 LPA,0,7.78,6.32,84.0,55.8,0.0,75.5,4,2,12,Bihar,BR,61.8,51.5,14.5,21.4,Patna,18.2,0,56.4,28.5,0.0817,1
PG_2026_0642,POSTGRADUATE,Male,26,5-10 LPA,0,6.98,6.59,69.6,37.8,150000.0,69.0,2,0,4,Kerala,KL,94.0,92.1,43.2,3.2,Thiruvananthapuram,0.9,0,46.2,15.2,0.0979,0
PG_2026_0643,POSTGRADUATE,Male,23,2-5 LPA,0,7.61,7.07,50.6,52.3,0.0,62.8,0,0,1,Gujarat,GJ,78.0,69.7,21.3,17.9,Ahmedabad,3.8,0,15.9,20.2,0.0695,0
PG_2026_0644,POSTGRADUATE,Male,21,5-10 LPA,1,9.01,7.91,57.3,15.1,0.0,35.0,0,0,3,Gujarat,GJ,78.0,69.7,21.3,17.9,Ahmedabad,3.8,0,15.9,20.2,0.1979,0
PG_2026_0645,POSTGRADUATE,Female,24,2-5 LPA,0,5.89,6.22,74.6,100.0,0.0,72.6,0,2,1,Gujarat,GJ,78.0,69.7,21.3,17.9,Dahod,40.5,1,88.0,38.1,0.0239,0
PG_2026_0646,POSTGRADUATE,Male,25,2-5 LPA,0,6.98,5.87,80.2,73.4,0.0,78.9,5,1,41,Uttar Pradesh,UP,67.7,57.2,23.2,16.8,Balrampur,47.9,1,92.3,45.0,0.039,0
PG_2026_0647,POSTGRADUATE,Female,24,2-5 LPA,1,8.95,9.4,61.4,51.6,150000.0,71.5,1,0,1,Gujarat,GJ,78.0,69.7,21.3,17.9,Narmada,32.4,1,89.5,30.5,0.0165,0
PG_2026_0648,POSTGRADUATE,Male,22,>10 LPA,1,6.02,6.58,80.6,54.1,0.0,56.7,2,1,24,Bihar,BR,61.8,51.5,14.5,21.4,Muzaffarpur,35.1,1,90.3,38.0,0.0694,0
PG_2026_0649,POSTGRADUATE,Male,24,<2 LPA,0,9.07,9.57,81.6,75.2,0.0,94.4,1,0,25,Uttar Pradesh,UP,67.7,57.2,23.2,16.8,Varanasi,16.3,0,56.6,29.4,0.0018,0
PG_2026_0650,POSTGRADUATE,Female,23,<2 LPA,0,6.76,5.63,68.5,51.6,0.0,39.8,1,2,2,Maharashtra,MH,82.3,75.9,32.3,11.2,Nandurbar,33.1,1,83.3,32.4,0.306,0
PG_2026_0651,POSTGRADUATE,Male,21,2-5 LPA,0,8.0,8.11,51.5,42.5,150000.0,53.4,0,0,2,Maharashtra,MH,82.3,75.9,32.3,11.2,Gadchiroli,28.5,1,89.0,28.9,0.0806,0
PG_2026_0652,POSTGRADUATE,Female,22,5-10 LPA,0,6.96,6.85,68.4,33.9,350000.0,58.5,4,0,4,Tamil Nadu,TN,80.1,73.4,51.4,8.1,Coimbatore,2.1,0,24.2,18.9,0.1666,0
PG_2026_0653,POSTGRADUATE,Male,25,5-10 LPA,0,8.09,7.79,81.6,57.0,350000.0,60.6,7,0,1,Haryana,HR,75.6,65.9,29.8,12.5,Gurugram,2.5,0,31.2,20.5,0.0367,0
PG_2026_0654,POSTGRADUATE,Female,26,2-5 LPA,1,6.14,6.58,75.4,59.2,0.0,70.2,7,1,3,Kerala,KL,94.0,92.1,43.2,3.2,Thiruvananthapuram,0.9,0,46.2,15.2,0.0622,0
PG_2026_0655,POSTGRADUATE,Male,24,2-5 LPA,0,6.77,6.46,51.7,50.6,0.0,95.0,1,2,27,Bihar,BR,61.8,51.5,14.5,21.4,Katihar,48.7,1,91.1,44.3,0.1368,0
PG_2026_0656,POSTGRADUATE,Male,26,2-5 LPA,0,8.65,9.4,87.3,52.8,0.0,77.1,2,1,23,Rajasthan,RJ,66.1,52.1,26.0,17.2,Barmer,34.2,1,93.0,35.8,0.0089,0
PG_2026_0657,POSTGRADUATE,Male,21,2-5 LPA,0,9.21,9.35,92.7,81.4,0.0,92.9,1,0,5,Gujarat,GJ,78.0,69.7,21.3,17.9,Narmada,32.4,1,89.5,30.5,0.0012,0
PG_2026_0658,POSTGRADUATE,Male,23,5-10 LPA,0,7.18,7.3,53.8,45.1,1200000.0,61.7,6,1,1,Maharashtra,MH,82.3,75.9,32.3,11.2,Gadchiroli,28.5,1,89.0,28.9,0.4921,0
PG_2026_0659,POSTGRADUATE,Female,23,<2 LPA,1,7.75,8.58,71.5,42.2,150000.0,60.2,0,0,1,Kerala,KL,94.0,92.1,43.2,3.2,Thiruvananthapuram,0.9,0,46.2,15.2,0.0317,0
PG_2026_0660,POSTGRADUATE,Female,26,>10 LPA,0,7.53,6.02,87.8,14.4,0.0,63.2,2,1,4,Haryana,HR,75.6,65.9,29.8,12.5,Nuh / Mewat,44.8,1,88.6,47.0,0.2238,1
PG_2026_0661,POSTGRADUATE,Female,25,2-5 LPA,0,8.37,7.03,75.4,43.7,750000.0,77.7,13,1,1,Tamil Nadu,TN,80.1,73.4,51.4,8.1,Chennai,1.2,0,0.0,17.5,0.2258,0
PG_2026_0662,POSTGRADUATE,Male,23,2-5 LPA,0,7.5,7.4,94.9,49.6,350000.0,50.5,2,0,11,Rajasthan,RJ,66.1,52.1,26.0,17.2,Barmer,34.2,1,93.0,35.8,0.0404,1
PG_2026_0663,POSTGRADUATE,Male,22,5-10 LPA,0,6.51,5.46,71.6,28.9,0.0,93.7,3,0,6,Haryana,HR,75.6,65.9,29.8,12.5,Nuh / Mewat,44.8,1,88.6,47.0,0.1161,0
PG_2026_0664,POSTGRADUATE,Male,24,<2 LPA,1,6.19,5.83,69.7,48.3,350000.0,70.5,9,2,8,Bihar,BR,61.8,51.5,14.5,21.4,Purnia,50.4,1,89.2,42.1,0.3414,0
PG_2026_0665,POSTGRADUATE,Male,24,2-5 LPA,0,6.8,6.52,75.1,46.3,750000.0,41.5,10,0,11,Uttar Pradesh,UP,67.7,57.2,23.2,16.8,Varanasi,16.3,0,56.6,29.4,0.2865,0
PG_2026_0666,POSTGRADUATE,Female,26,<2 LPA,0,8.33,8.56,61.8,73.2,150000.0,81.7,1,2,5,Rajasthan,RJ,66.1,52.1,26.0,17.2,Jaipur,6.9,0,47.6,22.5,0.0267,0
PG_2026_0667,POSTGRADUATE,Male,24,2-5 LPA,1,7.89,8.22,75.7,27.5,150000.0,78.9,0,0,12,Madhya Pradesh,MP,69.3,59.2,24.8,18.5,Bhopal,9.4,0,19.1,23.4,0.0388,0
PG_2026_0668,POSTGRADUATE,Male,25,<2 LPA,1,8.78,8.9,80.9,75.9,350000.0,68.3,9,0,5,Madhya Pradesh,MP,69.3,59.2,24.8,18.5,Barwani,46.1,1,85.5,37.1,0.01,1
PG_2026_0669,POSTGRADUATE,Female,24,2-5 LPA,0,6.89,6.78,71.8,73.4,1200000.0,80.5,7,0,1,Haryana,HR,75.6,65.9,29.8,12.5,Nuh / Mewat,44.8,1,88.6,47.0,0.1072,0
PG_2026_0670,POSTGRADUATE,Male,24,5-10 LPA,0,7.99,7.34,71.3,66.1,150000.0,77.2,2,0,38,Bihar,BR,61.8,51.5,14.5,21.4,Patna,18.2,0,56.4,28.5,0.021,0
PG_2026_0671,POSTGRADUATE,Male,22,5-10 LPA,0,8.36,8.04,61.8,48.3,150000.0,66.3,0,0,3,Uttar Pradesh,UP,67.7,57.2,23.2,16.8,Varanasi,16.3,0,56.6,29.4,0.0404,0
PG_2026_0672,POSTGRADUATE,Male,21,2-5 LPA,0,7.33,7.61,94.2,28.0,0.0,63.0,3,0,27,Uttar Pradesh,UP,67.7,57.2,23.2,16.8,Balrampur,47.9,1,92.3,45.0,0.0376,0
PG_2026_0673,POSTGRADUATE,Male,22,2-5 LPA,1,6.56,5.78,72.5,43.9,0.0,66.9,2,2,9,Haryana,HR,75.6,65.9,29.8,12.5,Gurugram,2.5,0,31.2,20.5,0.2213,0
PG_2026_0674,POSTGRADUATE,Female,26,<2 LPA,0,9.08,7.75,58.1,61.1,0.0,95.0,2,0,0,Tamil Nadu,TN,80.1,73.4,51.4,8.1,Chennai,1.2,0,0.0,17.5,0.0168,0
PG_2026_0675,POSTGRADUATE,Female,24,5-10 LPA,0,6.74,6.88,100.0,37.6,750000.0,53.5,12,0,43,Bihar,BR,61.8,51.5,14.5,21.4,Muzaffarpur,35.1,1,90.3,38.0,0.1514,0
PG_2026_0676,POSTGRADUATE,Male,25,<2 LPA,0,6.99,7.88,60.0,100.0,0.0,69.1,0,0,31,Haryana,HR,75.6,65.9,29.8,12.5,Gurugram,2.5,0,31.2,20.5,0.006,0
PG_2026_0677,POSTGRADUATE,Female,24,5-10 LPA,1,7.23,5.75,74.3,91.7,350000.0,44.1,4,1,12,Gujarat,GJ,78.0,69.7,21.3,17.9,Dahod,40.5,1,88.0,38.1,0.0818,0
PG_2026_0678,POSTGRADUATE,Male,21,<2 LPA,0,8.31,9.82,64.3,100.0,0.0,57.1,0,0,7,Karnataka,KA,75.4,68.1,36.2,12.0,Yadgir,39.4,1,81.2,36.5,0.0023,0
PG_2026_0679,POSTGRADUATE,Female,26,<2 LPA,0,8.13,8.07,58.8,57.7,150000.0,64.4,3,0,49,Gujarat,GJ,78.0,69.7,21.3,17.9,Narmada,32.4,1,89.5,30.5,0.0363,0
PG_2026_0680,POSTGRADUATE,Male,23,>10 LPA,0,6.58,6.79,100.0,45.9,1200000.0,85.6,10,0,3,Tamil Nadu,TN,80.1,73.4,51.4,8.1,Coimbatore,2.1,0,24.2,18.9,0.119,0
PG_2026_0681,POSTGRADUATE,Male,22,2-5 LPA,1,8.62,7.01,88.5,65.5,0.0,95.0,3,1,60,Kerala,KL,94.0,92.1,43.2,3.2,Ernakulam,0.6,0,31.9,14.8,0.0149,0
PG_2026_0682,POSTGRADUATE,Female,23,2-5 LPA,0,7.7,8.12,92.3,92.9,750000.0,64.3,1,1,14,Uttar Pradesh,UP,67.7,57.2,23.2,16.8,Varanasi,16.3,0,56.6,29.4,0.0146,0
PG_2026_0683,POSTGRADUATE,Female,24,<2 LPA,0,7.2,8.2,87.3,99.4,350000.0,73.2,8,0,5,Tamil Nadu,TN,80.1,73.4,51.4,8.1,Coimbatore,2.1,0,24.2,18.9,0.0046,0
PG_2026_0684,POSTGRADUATE,Male,25,>10 LPA,0,8.64,7.48,70.1,47.8,1200000.0,77.3,9,1,23,Bihar,BR,61.8,51.5,14.5,21.4,Gaya,38.6,1,86.8,36.2,0.2845,0
PG_2026_0685,POSTGRADUATE,Female,23,2-5 LPA,0,6.13,4.96,83.8,35.1,750000.0,47.8,10,1,19,Madhya Pradesh,MP,69.3,59.2,24.8,18.5,Barwani,46.1,1,85.5,37.1,0.6106,1
PG_2026_0686,POSTGRADUATE,Male,22,5-10 LPA,0,7.06,6.37,76.6,53.8,0.0,69.0,1,1,0,Bihar,BR,61.8,51.5,14.5,21.4,Katihar,48.7,1,91.1,44.3,0.0673,0
PG_2026_0687,POSTGRADUATE,Male,26,2-5 LPA,0,6.59,4.46,77.4,57.4,0.0,48.3,1,4,28,Tamil Nadu,TN,80.1,73.4,51.4,8.1,Coimbatore,2.1,0,24.2,18.9,0.5465,1
PG_2026_0688,POSTGRADUATE,Male,24,2-5 LPA,1,6.39,6.0,68.1,20.3,0.0,35.4,1,0,21,Karnataka,KA,75.4,68.1,36.2,12.0,Yadgir,39.4,1,81.2,36.5,0.3046,0
PG_2026_0689,POSTGRADUATE,Male,24,5-10 LPA,0,8.05,8.23,67.1,33.0,150000.0,49.4,2,0,0,Gujarat,GJ,78.0,69.7,21.3,17.9,Narmada,32.4,1,89.5,30.5,0.0768,0
PG_2026_0690,POSTGRADUATE,Male,23,>10 LPA,0,7.09,7.02,80.5,100.0,150000.0,58.8,2,0,32,Rajasthan,RJ,66.1,52.1,26.0,17.2,Jaisalmer,31.8,1,86.7,33.2,0.0085,0
PG_2026_0691,POSTGRADUATE,Female,22,2-5 LPA,0,8.21,8.4,64.4,41.4,1200000.0,65.6,7,0,0,Bihar,BR,61.8,51.5,14.5,21.4,Muzaffarpur,35.1,1,90.3,38.0,0.2028,0
PG_2026_0692,POSTGRADUATE,Female,25,2-5 LPA,1,8.16,6.06,76.0,74.0,0.0,69.5,3,3,23,Gujarat,GJ,78.0,69.7,21.3,17.9,Ahmedabad,3.8,0,15.9,20.2,0.11,0
PG_2026_0693,POSTGRADUATE,Male,26,<2 LPA,1,8.07,7.65,89.2,84.9,1200000.0,60.6,13,0,7,Karnataka,KA,75.4,68.1,36.2,12.0,Yadgir,39.4,1,81.2,36.5,0.0514,0
PG_2026_0694,POSTGRADUATE,Female,25,2-5 LPA,0,7.72,7.29,85.4,22.3,750000.0,43.8,3,0,6,Haryana,HR,75.6,65.9,29.8,12.5,Gurugram,2.5,0,31.2,20.5,0.2501,0
PG_2026_0695,POSTGRADUATE,Male,23,<2 LPA,0,5.93,6.57,71.1,62.3,150000.0,75.0,2,0,0,Uttar Pradesh,UP,67.7,57.2,23.2,16.8,Shravasti,49.6,1,96.5,48.2,0.038,0
PG_2026_0696,POSTGRADUATE,Male,26,2-5 LPA,1,7.2,7.17,92.1,49.8,0.0,62.1,1,1,16,Kerala,KL,94.0,92.1,43.2,3.2,Wayanad,4.1,1,96.1,18.0,0.0372,0
PG_2026_0697,POSTGRADUATE,Female,26,5-10 LPA,0,7.98,9.01,72.3,49.4,350000.0,46.4,8,0,7,Rajasthan,RJ,66.1,52.1,26.0,17.2,Jaipur,6.9,0,47.6,22.5,0.0442,0
PG_2026_0698,POSTGRADUATE,Male,25,2-5 LPA,0,5.9,6.32,83.4,31.7,0.0,51.7,7,1,2,Bihar,BR,61.8,51.5,14.5,21.4,Patna,18.2,0,56.4,28.5,0.1858,0
PG_2026_0699,POSTGRADUATE,Male,24,<2 LPA,1,6.95,6.54,65.4,64.6,150000.0,53.3,4,0,24,Madhya Pradesh,MP,69.3,59.2,24.8,18.5,Indore,6.8,0,25.9,21.8,0.0679,0
PG_2026_0700,POSTGRADUATE,Male,23,<2 LPA,1,9.42,8.67,87.4,27.8,750000.0,51.9,7,1,3,Karnataka,KA,75.4,68.1,36.2,12.0,Yadgir,39.4,1,81.2,36.5,0.1635,0
PG_2026_0701,POSTGRADUATE,Male,24,<2 LPA,1,7.62,7.4,84.5,32.9,150000.0,68.9,3,0,4,Tamil Nadu,TN,80.1,73.4,51.4,8.1,Ramanathapuram,7.8,1,69.7,22.1,0.052,0
PG_2026_0702,POSTGRADUATE,Female,25,2-5 LPA,1,6.89,8.35,92.5,61.6,750000.0,53.3,12,1,17,Karnataka,KA,75.4,68.1,36.2,12.0,Bengaluru Urban,1.8,0,9.1,18.2,0.0665,0
PG_2026_0703,POSTGRADUATE,Male,26,2-5 LPA,0,7.38,7.47,66.8,35.5,0.0,48.7,1,1,21,Bihar,BR,61.8,51.5,14.5,21.4,Muzaffarpur,35.1,1,90.3,38.0,0.131,1
PG_2026_0704,POSTGRADUATE,Male,23,5-10 LPA,0,7.21,5.89,100.0,84.6,150000.0,74.2,2,2,3,Kerala,KL,94.0,92.1,43.2,3.2,Ernakulam,0.6,0,31.9,14.8,0.0297,0
PG_2026_0705,POSTGRADUATE,Female,25,<2 LPA,0,7.96,6.84,78.4,60.9,350000.0,64.0,6,0,3,Maharashtra,MH,82.3,75.9,32.3,11.2,Gadchiroli,28.5,1,89.0,28.9,0.0525,0
PG_2026_0706,POSTGRADUATE,Male,23,>10 LPA,1,7.66,7.68,79.6,49.8,1200000.0,39.0,10,0,10,Rajasthan,RJ,66.1,52.1,26.0,17.2,Barmer,34.2,1,93.0,35.8,0.2524,0
PG_2026_0707,POSTGRADUATE,Male,22,5-10 LPA,0,7.37,7.82,88.1,73.2,750000.0,70.2,7,0,4,Gujarat,GJ,78.0,69.7,21.3,17.9,Dahod,40.5,1,88.0,38.1,0.0257,0
PG_2026_0708,POSTGRADUATE,Male,21,5-10 LPA,0,7.81,8.1,69.4,65.7,1200000.0,60.6,5,0,1,Maharashtra,MH,82.3,75.9,32.3,11.2,Mumbai,2.1,0,0.0,19.5,0.1023,0
PG_2026_0709,POSTGRADUATE,Female,26,2-5 LPA,0,6.9,5.48,66.5,100.0,0.0,67.5,5,2,22,Gujarat,GJ,78.0,69.7,21.3,17.9,Narmada,32.4,1,89.5,30.5,0.058,0
PG_2026_0710,POSTGRADUATE,Male,21,2-5 LPA,0,7.05,5.49,100.0,61.3,0.0,27.9,2,1,6,Tamil Nadu,TN,80.1,73.4,51.4,8.1,Coimbatore,2.1,0,24.2,18.9,0.095,1
PG_2026_0711,POSTGRADUATE,Male,24,2-5 LPA,0,8.19,8.32,79.6,16.7,0.0,68.3,2,1,10,Uttar Pradesh,UP,67.7,57.2,23.2,16.8,Shravasti,49.6,1,96.5,48.2,0.0802,0
PG_2026_0712,POSTGRADUATE,Male,23,2-5 LPA,0,7.03,6.5,94.0,48.5,0.0,66.6,2,1,0,Karnataka,KA,75.4,68.1,36.2,12.0,Yadgir,39.4,1,81.2,36.5,0.0494,0
PG_2026_0713,POSTGRADUATE,Female,26,>10 LPA,0,7.95,5.86,76.6,76.4,150000.0,59.2,2,1,2,Rajasthan,RJ,66.1,52.1,26.0,17.2,Jaisalmer,31.8,1,86.7,33.2,0.0639,0
PG_2026_0714,POSTGRADUATE,Male,24,<2 LPA,1,7.46,6.69,61.3,25.0,350000.0,79.5,13,0,1,Kerala,KL,94.0,92.1,43.2,3.2,Wayanad,4.1,1,96.1,18.0,0.2489,0
PG_2026_0715,POSTGRADUATE,Female,25,<2 LPA,1,6.84,6.44,96.7,58.6,150000.0,49.5,1,2,5,Gujarat,GJ,78.0,69.7,21.3,17.9,Dahod,40.5,1,88.0,38.1,0.0891,0
PG_2026_0716,POSTGRADUATE,Male,25,<2 LPA,0,7.84,8.4,85.0,59.6,150000.0,55.7,3,0,0,Maharashtra,MH,82.3,75.9,32.3,11.2,Mumbai,2.1,0,0.0,19.5,0.0157,0
PG_2026_0717,POSTGRADUATE,Male,22,>10 LPA,1,6.26,6.86,73.6,90.3,0.0,41.8,3,0,1,Madhya Pradesh,MP,69.3,59.2,24.8,18.5,Indore,6.8,0,25.9,21.8,0.0185,0
PG_2026_0718,POSTGRADUATE,Female,26,5-10 LPA,0,6.85,6.9,77.6,32.3,1200000.0,34.3,10,1,23,Tamil Nadu,TN,80.1,73.4,51.4,8.1,Chennai,1.2,0,0.0,17.5,0.6486,1
PG_2026_0719,POSTGRADUATE,Female,25,<2 LPA,0,6.6,5.19,61.5,80.2,150000.0,37.5,3,1,4,Uttar Pradesh,UP,67.7,57.2,23.2,16.8,Shravasti,49.6,1,96.5,48.2,0.1786,0
PG_2026_0720,POSTGRADUATE,Female,26,2-5 LPA,0,7.15,5.37,60.6,32.1,150000.0,94.3,1,1,15,Bihar,BR,61.8,51.5,14.5,21.4,Gaya,38.6,1,86.8,36.2,0.2466,0
PG_2026_0721,POSTGRADUATE,Female,24,>10 LPA,0,5.98,5.79,80.3,29.9,750000.0,87.0,6,2,20,Tamil Nadu,TN,80.1,73.4,51.4,8.1,Ramanathapuram,7.8,1,69.7,22.1,0.4638,0
PG_2026_0722,POSTGRADUATE,Female,26,2-5 LPA,0,7.92,6.83,56.2,50.7,0.0,65.4,2,0,10,Karnataka,KA,75.4,68.1,36.2,12.0,Yadgir,39.4,1,81.2,36.5,0.0721,0
PG_2026_0723,POSTGRADUATE,Male,25,<2 LPA,1,7.81,6.56,69.5,92.2,0.0,95.0,2,0,0,Gujarat,GJ,78.0,69.7,21.3,17.9,Dahod,40.5,1,88.0,38.1,0.0077,0
PG_2026_0724,POSTGRADUATE,Male,21,>10 LPA,0,9.42,9.23,81.5,74.3,0.0,61.4,4,1,19,Bihar,BR,61.8,51.5,14.5,21.4,Muzaffarpur,35.1,1,90.3,38.0,0.0081,0
PG_2026_0725,POSTGRADUATE,Male,23,2-5 LPA,1,7.7,7.11,98.8,78.4,0.0,61.4,2,0,7,Karnataka,KA,75.4,68.1,36.2,12.0,Bengaluru Urban,1.8,0,9.1,18.2,0.0075,0
PG_2026_0726,POSTGRADUATE,Male,26,>10 LPA,1,8.36,8.93,93.0,78.6,0.0,94.9,3,1,16,Maharashtra,MH,82.3,75.9,32.3,11.2,Nandurbar,33.1,1,83.3,32.4,0.0029,0
PG_2026_0727,POSTGRADUATE,Male,21,2-5 LPA,0,8.92,8.38,76.7,64.5,0.0,27.4,0,0,3,Bihar,BR,61.8,51.5,14.5,21.4,Katihar,48.7,1,91.1,44.3,0.0215,0
PG_2026_0728,POSTGRADUATE,Male,23,<2 LPA,0,7.56,7.63,67.6,66.2,750000.0,32.2,4,0,20,Tamil Nadu,TN,80.1,73.4,51.4,8.1,Coimbatore,2.1,0,24.2,18.9,0.1169,0
PG_2026_0729,POSTGRADUATE,Male,26,2-5 LPA,0,7.09,6.32,77.6,49.5,150000.0,73.7,1,0,28,Kerala,KL,94.0,92.1,43.2,3.2,Thiruvananthapuram,0.9,0,46.2,15.2,0.0547,0
PG_2026_0730,POSTGRADUATE,Female,26,5-10 LPA,1,6.72,7.1,100.0,97.5,750000.0,51.0,7,0,28,Haryana,HR,75.6,65.9,29.8,12.5,Nuh / Mewat,44.8,1,88.6,47.0,0.0168,0
PG_2026_0731,POSTGRADUATE,Female,24,<2 LPA,1,8.69,7.97,78.6,60.8,750000.0,40.3,4,0,0,Uttar Pradesh,UP,67.7,57.2,23.2,16.8,Bahraich,54.4,1,92.1,46.5,0.0751,0
PG_2026_0732,POSTGRADUATE,Male,23,2-5 LPA,0,8.29,7.74,87.2,84.0,1200000.0,46.5,6,0,10,Karnataka,KA,75.4,68.1,36.2,12.0,Bengaluru Urban,1.8,0,9.1,18.2,0.0556,0
PG_2026_0733,POSTGRADUATE,Female,25,5-10 LPA,0,8.04,7.9,67.7,50.6,150000.0,71.7,2,1,8,Haryana,HR,75.6,65.9,29.8,12.5,Nuh / Mewat,44.8,1,88.6,47.0,0.0528,0
PG_2026_0734,POSTGRADUATE,Female,26,<2 LPA,1,7.96,7.06,73.6,76.9,750000.0,34.3,11,0,23,Maharashtra,MH,82.3,75.9,32.3,11.2,Mumbai,2.1,0,0.0,19.5,0.1129,0
PG_2026_0735,POSTGRADUATE,Female,23,5-10 LPA,0,7.95,8.72,85.8,50.4,750000.0,73.2,9,1,0,Madhya Pradesh,MP,69.3,59.2,24.8,18.5,Indore,6.8,0,25.9,21.8,0.0596,0
PG_2026_0736,POSTGRADUATE,Male,25,2-5 LPA,0,7.74,6.68,83.6,72.1,350000.0,32.9,10,0,34,Maharashtra,MH,82.3,75.9,32.3,11.2,Pune,3.9,0,39.1,21.0,0.0699,0
PG_2026_0737,POSTGRADUATE,Female,22,>10 LPA,1,7.88,7.43,79.1,61.6,0.0,84.5,2,0,25,Uttar Pradesh,UP,67.7,57.2,23.2,16.8,Varanasi,16.3,0,56.6,29.4,0.0129,0
PG_2026_0738,POSTGRADUATE,Male,24,2-5 LPA,0,7.58,8.44,88.5,45.8,750000.0,21.2,11,0,1,Madhya Pradesh,MP,69.3,59.2,24.8,18.5,Bhopal,9.4,0,19.1,23.4,0.1284,0
PG_2026_0739,POSTGRADUATE,Male,26,5-10 LPA,1,7.09,6.84,82.7,54.0,0.0,52.0,3,1,19,Haryana,HR,75.6,65.9,29.8,12.5,Gurugram,2.5,0,31.2,20.5,0.0648,0
PG_2026_0740,POSTGRADUATE,Male,21,<2 LPA,0,9.14,8.33,73.8,85.3,1200000.0,45.8,3,0,8,Haryana,HR,75.6,65.9,29.8,12.5,Gurugram,2.5,0,31.2,20.5,0.0526,0
PG_2026_0741,POSTGRADUATE,Female,24,2-5 LPA,1,8.03,7.66,70.5,73.3,0.0,48.5,2,0,41,Tamil Nadu,TN,80.1,73.4,51.4,8.1,Coimbatore,2.1,0,24.2,18.9,0.02,0
PG_2026_0742,POSTGRADUATE,Female,25,<2 LPA,0,8.18,7.61,88.7,77.4,350000.0,58.1,6,2,1,Uttar Pradesh,UP,67.7,57.2,23.2,16.8,Bahraich,54.4,1,92.1,46.5,0.0437,0
PG_2026_0743,POSTGRADUATE,Female,23,2-5 LPA,1,5.58,6.96,83.7,52.7,150000.0,63.1,6,0,12,Bihar,BR,61.8,51.5,14.5,21.4,Patna,18.2,0,56.4,28.5,0.0428,0
PG_2026_0744,POSTGRADUATE,Female,23,2-5 LPA,0,7.3,8.57,57.0,37.4,350000.0,71.1,11,0,4,Rajasthan,RJ,66.1,52.1,26.0,17.2,Barmer,34.2,1,93.0,35.8,0.0875,0
PG_2026_0745,POSTGRADUATE,Female,23,<2 LPA,0,5.5,5.53,94.1,44.9,750000.0,55.9,8,3,24,Haryana,HR,75.6,65.9,29.8,12.5,Gurugram,2.5,0,31.2,20.5,0.5618,1
PG_2026_0746,POSTGRADUATE,Female,21,>10 LPA,1,7.99,7.98,91.0,66.0,750000.0,44.7,5,0,14,Uttar Pradesh,UP,67.7,57.2,23.2,16.8,Lucknow,8.5,0,33.8,24.1,0.0422,0
PG_2026_0747,POSTGRADUATE,Female,22,<2 LPA,0,7.35,7.89,66.3,55.3,0.0,43.3,3,2,16,Madhya Pradesh,MP,69.3,59.2,24.8,18.5,Alirajpur,52.0,1,92.2,39.5,0.1068,0
PG_2026_0748,POSTGRADUATE,Male,23,2-5 LPA,1,7.94,7.6,93.1,43.7,150000.0,37.1,5,0,3,Bihar,BR,61.8,51.5,14.5,21.4,Katihar,48.7,1,91.1,44.3,0.0501,0
PG_2026_0749,POSTGRADUATE,Female,22,2-5 LPA,1,6.47,6.14,86.0,46.8,150000.0,60.5,1,4,15,Haryana,HR,75.6,65.9,29.8,12.5,Nuh / Mewat,44.8,1,88.6,47.0,0.3442,0
PG_2026_0750,POSTGRADUATE,Female,22,2-5 LPA,0,7.09,6.13,83.5,39.4,750000.0,47.5,7,2,0,Karnataka,KA,75.4,68.1,36.2,12.0,Bengaluru Urban,1.8,0,9.1,18.2,0.5161,1
PG_2026_0751,POSTGRADUATE,Male,21,<2 LPA,0,5.5,4.0,64.0,36.2,150000.0,54.7,6,3,3,Uttar Pradesh,UP,67.7,57.2,23.2,16.8,Varanasi,16.3,0,56.6,29.4,0.7949,1
PG_2026_0752,POSTGRADUATE,Male,26,<2 LPA,0,5.76,6.3,73.3,20.0,350000.0,46.7,4,2,6,Rajasthan,RJ,66.1,52.1,26.0,17.2,Jaipur,6.9,0,47.6,22.5,0.5657,1
PG_2026_0753,POSTGRADUATE,Male,24,2-5 LPA,0,6.7,7.31,78.6,94.1,750000.0,65.2,7,1,4,Maharashtra,MH,82.3,75.9,32.3,11.2,Pune,3.9,0,39.1,21.0,0.0389,0
PG_2026_0754,POSTGRADUATE,Male,22,5-10 LPA,0,8.43,8.7,68.5,62.7,350000.0,42.1,8,0,60,Madhya Pradesh,MP,69.3,59.2,24.8,18.5,Indore,6.8,0,25.9,21.8,0.0401,0
PG_2026_0755,POSTGRADUATE,Male,26,<2 LPA,0,7.91,7.48,64.1,7.6,0.0,62.0,1,1,7,Uttar Pradesh,UP,67.7,57.2,23.2,16.8,Varanasi,16.3,0,56.6,29.4,0.2488,0
PG_2026_0756,POSTGRADUATE,Female,22,>10 LPA,0,7.48,7.08,56.9,72.2,350000.0,62.5,4,0,7,Madhya Pradesh,MP,69.3,59.2,24.8,18.5,Alirajpur,52.0,1,92.2,39.5,0.0567,1
PG_2026_0757,POSTGRADUATE,Male,24,<2 LPA,0,8.4,7.73,94.6,86.8,750000.0,77.6,9,1,20,Haryana,HR,75.6,65.9,29.8,12.5,Nuh / Mewat,44.8,1,88.6,47.0,0.0211,0
PG_2026_0758,POSTGRADUATE,Male,21,<2 LPA,0,5.5,5.86,74.1,34.6,0.0,42.0,4,2,12,Madhya Pradesh,MP,69.3,59.2,24.8,18.5,Indore,6.8,0,25.9,21.8,0.3886,0
PG_2026_0759,POSTGRADUATE,Female,26,<2 LPA,0,8.34,7.71,78.5,52.3,350000.0,59.0,13,1,0,Karnataka,KA,75.4,68.1,36.2,12.0,Bengaluru Urban,1.8,0,9.1,18.2,0.0975,0
PG_2026_0760,POSTGRADUATE,Female,23,<2 LPA,0,7.47,6.73,81.2,26.1,0.0,76.3,4,1,13,Rajasthan,RJ,66.1,52.1,26.0,17.2,Kota,8.2,0,39.7,21.0,0.1155,0
PG_2026_0761,POSTGRADUATE,Female,21,2-5 LPA,1,5.67,5.14,84.7,51.0,0.0,40.1,1,1,16,Tamil Nadu,TN,80.1,73.4,51.4,8.1,Ramanathapuram,7.8,1,69.7,22.1,0.1793,0
PG_2026_0762,POSTGRADUATE,Female,24,5-10 LPA,0,7.77,7.15,63.2,34.6,350000.0,39.2,8,0,6,Tamil Nadu,TN,80.1,73.4,51.4,8.1,Chennai,1.2,0,0.0,17.5,0.2467,0
PG_2026_0763,POSTGRADUATE,Male,21,<2 LPA,0,8.55,8.81,76.5,88.1,150000.0,34.0,3,0,15,Haryana,HR,75.6,65.9,29.8,12.5,Nuh / Mewat,44.8,1,88.6,47.0,0.0092,0
PG_2026_0764,POSTGRADUATE,Female,26,<2 LPA,1,7.2,5.63,59.9,82.3,0.0,82.8,0,0,59,Haryana,HR,75.6,65.9,29.8,12.5,Nuh / Mewat,44.8,1,88.6,47.0,0.0284,0
PG_2026_0765,POSTGRADUATE,Female,26,5-10 LPA,0,6.6,5.43,93.0,8.2,0.0,58.4,5,1,3,Maharashtra,MH,82.3,75.9,32.3,11.2,Nandurbar,33.1,1,83.3,32.4,0.3418,0
PG_2026_0766,POSTGRADUATE,Male,24,<2 LPA,0,8.24,7.87,68.8,7.1,350000.0,86.3,6,1,4,Rajasthan,RJ,66.1,52.1,26.0,17.2,Barmer,34.2,1,93.0,35.8,0.2254,0
PG_2026_0767,POSTGRADUATE,Male,23,5-10 LPA,0,6.78,6.07,69.3,89.6,150000.0,87.3,1,2,0,Kerala,KL,94.0,92.1,43.2,3.2,Ernakulam,0.6,0,31.9,14.8,0.0414,0
PG_2026_0768,POSTGRADUATE,Female,24,>10 LPA,1,8.41,7.77,52.9,55.1,0.0,62.6,2,1,39,Maharashtra,MH,82.3,75.9,32.3,11.2,Mumbai,2.1,0,0.0,19.5,0.0712,0
PG_2026_0769,POSTGRADUATE,Male,21,2-5 LPA,1,7.08,8.3,56.5,46.6,0.0,43.9,2,0,16,Gujarat,GJ,78.0,69.7,21.3,17.9,Dahod,40.5,1,88.0,38.1,0.0573,0
PG_2026_0770,POSTGRADUATE,Female,24,2-5 LPA,0,7.99,6.44,29.1,55.7,350000.0,71.5,13,0,0,Karnataka,KA,75.4,68.1,36.2,12.0,Yadgir,39.4,1,81.2,36.5,0.2865,0
PG_2026_0771,POSTGRADUATE,Male,24,2-5 LPA,0,6.3,5.78,84.1,70.8,0.0,53.2,3,1,0,Kerala,KL,94.0,92.1,43.2,3.2,Thiruvananthapuram,0.9,0,46.2,15.2,0.0605,0
PG_2026_0772,POSTGRADUATE,Female,23,2-5 LPA,1,8.82,9.9,76.2,65.9,150000.0,52.2,1,0,35,Gujarat,GJ,78.0,69.7,21.3,17.9,Ahmedabad,3.8,0,15.9,20.2,0.0072,0
PG_2026_0773,POSTGRADUATE,Male,26,2-5 LPA,0,7.34,7.1,90.5,49.6,150000.0,48.7,4,0,34,Haryana,HR,75.6,65.9,29.8,12.5,Gurugram,2.5,0,31.2,20.5,0.0446,0
PG_2026_0774,POSTGRADUATE,Male,26,2-5 LPA,1,7.6,6.74,92.5,51.5,0.0,42.7,1,0,31,Haryana,HR,75.6,65.9,29.8,12.5,Gurugram,2.5,0,31.2,20.5,0.0391,0
PG_2026_0775,POSTGRADUATE,Male,25,2-5 LPA,0,8.48,7.62,81.0,50.7,0.0,64.9,3,0,4,Bihar,BR,61.8,51.5,14.5,21.4,Purnia,50.4,1,89.2,42.1,0.0245,0
PG_2026_0776,POSTGRADUATE,Male,26,5-10 LPA,0,6.66,6.56,68.7,60.0,0.0,37.8,0,0,2,Gujarat,GJ,78.0,69.7,21.3,17.9,Narmada,32.4,1,89.5,30.5,0.0675,0
PG_2026_0777,POSTGRADUATE,Male,24,2-5 LPA,0,6.84,6.9,72.4,86.3,0.0,33.6,6,0,8,Karnataka,KA,75.4,68.1,36.2,12.0,Bengaluru Urban,1.8,0,9.1,18.2,0.0279,0
PG_2026_0778,POSTGRADUATE,Female,25,<2 LPA,1,7.05,6.47,81.4,94.7,0.0,85.8,1,2,13,Maharashtra,MH,82.3,75.9,32.3,11.2,Nandurbar,33.1,1,83.3,32.4,0.0163,0
PG_2026_0779,POSTGRADUATE,Female,22,<2 LPA,0,5.5,4.13,85.0,47.8,750000.0,57.6,6,2,6,Tamil Nadu,TN,80.1,73.4,51.4,8.1,Ramanathapuram,7.8,1,69.7,22.1,0.6429,1
PG_2026_0780,POSTGRADUATE,Male,23,2-5 LPA,0,8.84,8.43,90.9,81.5,350000.0,71.6,5,0,16,Bihar,BR,61.8,51.5,14.5,21.4,Katihar,48.7,1,91.1,44.3,0.0064,0
PG_2026_0781,POSTGRADUATE,Male,26,2-5 LPA,0,8.44,8.14,76.0,83.6,350000.0,36.8,5,0,31,Haryana,HR,75.6,65.9,29.8,12.5,Gurugram,2.5,0,31.2,20.5,0.0214,0
PG_2026_0782,POSTGRADUATE,Male,23,2-5 LPA,0,6.7,5.26,89.1,100.0,150000.0,67.0,2,2,20,Bihar,BR,61.8,51.5,14.5,21.4,Gaya,38.6,1,86.8,36.2,0.0387,0
PG_2026_0783,POSTGRADUATE,Male,26,5-10 LPA,1,6.77,6.37,79.0,48.1,150000.0,71.0,2,2,11,Rajasthan,RJ,66.1,52.1,26.0,17.2,Barmer,34.2,1,93.0,35.8,0.1445,0
PG_2026_0784,POSTGRADUATE,Female,22,2-5 LPA,0,7.86,8.13,68.3,77.4,0.0,61.1,3,0,19,Uttar Pradesh,UP,67.7,57.2,23.2,16.8,Bahraich,54.4,1,92.1,46.5,0.0116,0
PG_2026_0785,POSTGRADUATE,Female,25,5-10 LPA,0,8.09,7.15,100.0,29.5,0.0,70.3,1,1,1,Bihar,BR,61.8,51.5,14.5,21.4,Katihar,48.7,1,91.1,44.3,0.0504,0
PG_2026_0786,POSTGRADUATE,Female,24,5-10 LPA,1,6.45,5.24,70.7,72.3,350000.0,33.6,8,0,11,Uttar Pradesh,UP,67.7,57.2,23.2,16.8,Varanasi,16.3,0,56.6,29.4,0.1831,0
PG_2026_0787,POSTGRADUATE,Male,22,<2 LPA,1,7.92,6.97,63.5,42.4,750000.0,67.3,6,0,20,Kerala,KL,94.0,92.1,43.2,3.2,Wayanad,4.1,1,96.1,18.0,0.2082,0
PG_2026_0788,POSTGRADUATE,Female,23,2-5 LPA,0,6.77,5.18,95.9,69.1,350000.0,42.9,12,2,13,Madhya Pradesh,MP,69.3,59.2,24.8,18.5,Bhopal,9.4,0,19.1,23.4,0.2392,0
PG_2026_0789,POSTGRADUATE,Male,23,2-5 LPA,0,7.99,7.42,76.9,66.1,350000.0,42.1,6,1,14,Maharashtra,MH,82.3,75.9,32.3,11.2,Pune,3.9,0,39.1,21.0,0.0826,0
PG_2026_0790,POSTGRADUATE,Female,21,5-10 LPA,0,7.41,7.53,49.3,54.1,150000.0,58.7,2,2,10,Uttar Pradesh,UP,67.7,57.2,23.2,16.8,Shravasti,49.6,1,96.5,48.2,0.1836,0
PG_2026_0791,POSTGRADUATE,Male,24,5-10 LPA,1,7.16,7.4,64.7,43.4,0.0,67.4,1,0,7,Gujarat,GJ,78.0,69.7,21.3,17.9,Narmada,32.4,1,89.5,30.5,0.0501,1
PG_2026_0792,POSTGRADUATE,Female,25,<2 LPA,1,7.71,7.86,100.0,56.5,0.0,82.6,2,1,55,Madhya Pradesh,MP,69.3,59.2,24.8,18.5,Indore,6.8,0,25.9,21.8,0.0112,1
PG_2026_0793,POSTGRADUATE,Male,23,<2 LPA,1,7.2,7.39,81.3,77.0,350000.0,55.6,9,1,6,Rajasthan,RJ,66.1,52.1,26.0,17.2,Kota,8.2,0,39.7,21.0,0.0442,0
PG_2026_0794,POSTGRADUATE,Male,25,<2 LPA,1,8.04,7.67,93.2,95.3,750000.0,73.0,6,0,6,Uttar Pradesh,UP,67.7,57.2,23.2,16.8,Shravasti,49.6,1,96.5,48.2,0.0102,0
PG_2026_0795,POSTGRADUATE,Male,25,2-5 LPA,0,8.04,7.62,77.8,100.0,150000.0,62.4,2,0,1,Uttar Pradesh,UP,67.7,57.2,23.2,16.8,Varanasi,16.3,0,56.6,29.4,0.0062,0
PG_2026_0796,POSTGRADUATE,Female,26,2-5 LPA,0,8.95,6.48,50.6,70.3,0.0,33.5,1,4,15,Kerala,KL,94.0,92.1,43.2,3.2,Ernakulam,0.6,0,31.9,14.8,0.4312,0
PG_2026_0797,POSTGRADUATE,Male,22,<2 LPA,1,6.05,6.74,60.2,35.3,0.0,68.5,2,1,0,Tamil Nadu,TN,80.1,73.4,51.4,8.1,Ramanathapuram,7.8,1,69.7,22.1,0.1612,0
PG_2026_0798,POSTGRADUATE,Male,25,2-5 LPA,0,9.21,9.04,70.3,78.3,1200000.0,83.9,6,0,11,Karnataka,KA,75.4,68.1,36.2,12.0,Raichur,36.8,1,74.6,34.0,0.0269,0
PG_2026_0799,POSTGRADUATE,Female,25,<2 LPA,0,7.77,7.19,88.1,42.7,350000.0,60.6,9,1,22,Haryana,HR,75.6,65.9,29.8,12.5,Gurugram,2.5,0,31.2,20.5,0.1129,0
PG_2026_0800,POSTGRADUATE,Male,23,5-10 LPA,0,7.96,9.68,71.8,34.6,0.0,28.7,1,0,1,Madhya Pradesh,MP,69.3,59.2,24.8,18.5,Alirajpur,52.0,1,92.2,39.5,0.0347,0
PG_2026_0801,POSTGRADUATE,Male,24,2-5 LPA,0,9.0,8.43,91.4,21.3,150000.0,66.1,4,0,1,Kerala,KL,94.0,92.1,43.2,3.2,Thiruvananthapuram,0.9,0,46.2,15.2,0.04,0
PG_2026_0802,POSTGRADUATE,Male,25,<2 LPA,0,7.75,5.68,99.3,43.8,0.0,55.4,3,3,2,Tamil Nadu,TN,80.1,73.4,51.4,8.1,Coimbatore,2.1,0,24.2,18.9,0.2249,0
PG_2026_0803,POSTGRADUATE,Female,25,<2 LPA,0,7.53,5.9,54.4,65.6,0.0,56.3,2,1,14,Kerala,KL,94.0,92.1,43.2,3.2,Thiruvananthapuram,0.9,0,46.2,15.2,0.1386,1
PG_2026_0804,POSTGRADUATE,Female,24,2-5 LPA,0,6.37,5.76,73.2,59.3,150000.0,36.0,0,5,19,Uttar Pradesh,UP,67.7,57.2,23.2,16.8,Lucknow,8.5,0,33.8,24.1,0.6142,1
PG_2026_0805,POSTGRADUATE,Female,26,<2 LPA,0,8.65,6.94,79.0,100.0,750000.0,86.4,17,0,9,Gujarat,GJ,78.0,69.7,21.3,17.9,Ahmedabad,3.8,0,15.9,20.2,0.022,0
PG_2026_0806,POSTGRADUATE,Female,21,<2 LPA,0,6.57,5.53,74.9,40.8,750000.0,79.7,12,3,13,Kerala,KL,94.0,92.1,43.2,3.2,Thiruvananthapuram,0.9,0,46.2,15.2,0.6539,1
PG_2026_0807,POSTGRADUATE,Female,23,2-5 LPA,0,7.44,8.1,73.2,67.7,0.0,63.5,2,0,9,Karnataka,KA,75.4,68.1,36.2,12.0,Yadgir,39.4,1,81.2,36.5,0.0131,0
PG_2026_0808,POSTGRADUATE,Male,23,5-10 LPA,0,7.86,6.74,80.1,73.5,150000.0,67.4,2,0,30,Rajasthan,RJ,66.1,52.1,26.0,17.2,Jaipur,6.9,0,47.6,22.5,0.0212,0
PG_2026_0809,POSTGRADUATE,Male,22,<2 LPA,0,8.39,7.69,83.6,63.5,0.0,35.0,0,1,25,Tamil Nadu,TN,80.1,73.4,51.4,8.1,Chennai,1.2,0,0.0,17.5,0.0371,0
PG_2026_0810,POSTGRADUATE,Male,26,>10 LPA,0,7.24,5.99,82.2,68.5,0.0,68.6,7,0,22,Rajasthan,RJ,66.1,52.1,26.0,17.2,Barmer,34.2,1,93.0,35.8,0.0329,0
PG_2026_0811,POSTGRADUATE,Female,25,2-5 LPA,0,6.83,5.77,80.3,37.7,350000.0,69.3,5,2,7,Maharashtra,MH,82.3,75.9,32.3,11.2,Gadchiroli,28.5,1,89.0,28.9,0.3344,1
PG_2026_0812,POSTGRADUATE,Male,23,<2 LPA,0,8.27,8.92,67.3,62.0,0.0,58.1,3,0,1,Uttar Pradesh,UP,67.7,57.2,23.2,16.8,Lucknow,8.5,0,33.8,24.1,0.014,0
PG_2026_0813,POSTGRADUATE,Male,26,<2 LPA,0,7.5,7.02,78.9,66.8,0.0,34.6,1,0,11,Madhya Pradesh,MP,69.3,59.2,24.8,18.5,Bhopal,9.4,0,19.1,23.4,0.0348,0
PG_2026_0814,POSTGRADUATE,Male,26,5-10 LPA,0,8.51,8.7,93.6,76.5,1200000.0,41.1,4,0,5,Haryana,HR,75.6,65.9,29.8,12.5,Nuh / Mewat,44.8,1,88.6,47.0,0.0371,0
PG_2026_0815,POSTGRADUATE,Male,21,<2 LPA,0,5.5,4.43,78.7,43.8,150000.0,57.0,6,2,16,Haryana,HR,75.6,65.9,29.8,12.5,Gurugram,2.5,0,31.2,20.5,0.4661,0
PG_2026_0816,POSTGRADUATE,Female,22,2-5 LPA,1,6.92,7.29,54.5,63.3,0.0,58.6,2,0,6,Uttar Pradesh,UP,67.7,57.2,23.2,16.8,Balrampur,47.9,1,92.3,45.0,0.0447,0
PG_2026_0817,POSTGRADUATE,Male,26,5-10 LPA,1,6.67,5.13,78.1,45.9,150000.0,60.9,0,3,6,Karnataka,KA,75.4,68.1,36.2,12.0,Bengaluru Urban,1.8,0,9.1,18.2,0.4095,0
PG_2026_0818,POSTGRADUATE,Female,25,2-5 LPA,1,7.99,7.09,59.1,87.3,0.0,95.0,3,0,0,Karnataka,KA,75.4,68.1,36.2,12.0,Yadgir,39.4,1,81.2,36.5,0.0097,0
PG_2026_0819,POSTGRADUATE,Male,22,>10 LPA,0,7.3,6.63,61.2,54.6,0.0,68.1,2,1,10,Uttar Pradesh,UP,67.7,57.2,23.2,16.8,Noida / Gautam Buddha Nagar,7.1,0,40.9,22.0,0.0924,0
PG_2026_0820,POSTGRADUATE,Male,22,<2 LPA,0,6.01,6.01,67.1,70.3,350000.0,69.3,8,1,7,Haryana,HR,75.6,65.9,29.8,12.5,Gurugram,2.5,0,31.2,20.5,0.1233,0
PG_2026_0821,POSTGRADUATE,Male,26,<2 LPA,0,6.99,7.71,80.6,22.1,350000.0,22.9,10,0,25,Haryana,HR,75.6,65.9,29.8,12.5,Nuh / Mewat,44.8,1,88.6,47.0,0.247,0
PG_2026_0822,POSTGRADUATE,Male,26,2-5 LPA,0,8.96,9.9,67.0,27.1,150000.0,58.0,3,0,14,Rajasthan,RJ,66.1,52.1,26.0,17.2,Jaipur,6.9,0,47.6,22.5,0.0344,0
PG_2026_0823,POSTGRADUATE,Male,25,2-5 LPA,0,7.68,8.4,77.8,74.8,750000.0,78.9,5,0,29,Haryana,HR,75.6,65.9,29.8,12.5,Nuh / Mewat,44.8,1,88.6,47.0,0.019,0
PG_2026_0824,POSTGRADUATE,Female,22,2-5 LPA,1,6.79,7.35,72.0,38.9,150000.0,78.3,1,1,0,Uttar Pradesh,UP,67.7,57.2,23.2,16.8,Lucknow,8.5,0,33.8,24.1,0.0779,0
PG_2026_0825,POSTGRADUATE,Male,26,2-5 LPA,1,8.58,9.06,85.8,1.8,0.0,73.8,1,1,9,Tamil Nadu,TN,80.1,73.4,51.4,8.1,Ramanathapuram,7.8,1,69.7,22.1,0.0653,0
PG_2026_0826,POSTGRADUATE,Female,26,<2 LPA,1,6.35,5.35,68.2,67.2,150000.0,95.0,1,2,1,Uttar Pradesh,UP,67.7,57.2,23.2,16.8,Bahraich,54.4,1,92.1,46.5,0.1115,0
PG_2026_0827,POSTGRADUATE,Female,22,<2 LPA,0,6.96,6.01,72.9,38.2,750000.0,71.3,10,4,7,Uttar Pradesh,UP,67.7,57.2,23.2,16.8,Balrampur,47.9,1,92.3,45.0,0.7537,1
PG_2026_0828,POSTGRADUATE,Male,23,2-5 LPA,1,8.49,7.87,74.3,61.7,150000.0,54.4,5,0,4,Bihar,BR,61.8,51.5,14.5,21.4,Patna,18.2,0,56.4,28.5,0.0292,0
PG_2026_0829,POSTGRADUATE,Female,26,>10 LPA,0,6.33,5.08,92.5,42.0,150000.0,72.5,2,4,2,Madhya Pradesh,MP,69.3,59.2,24.8,18.5,Bhopal,9.4,0,19.1,23.4,0.428,0
PG_2026_0830,POSTGRADUATE,Female,23,2-5 LPA,0,5.5,4.0,83.8,16.5,0.0,56.4,1,2,14,Madhya Pradesh,MP,69.3,59.2,24.8,18.5,Alirajpur,52.0,1,92.2,39.5,0.6267,1
PG_2026_0831,POSTGRADUATE,Male,25,2-5 LPA,1,7.15,7.17,70.6,48.5,0.0,82.6,3,0,0,Karnataka,KA,75.4,68.1,36.2,12.0,Raichur,36.8,1,74.6,34.0,0.0322,0
PG_2026_0832,POSTGRADUATE,Male,24,<2 LPA,1,5.97,7.12,78.3,71.7,350000.0,68.8,7,1,17,Karnataka,KA,75.4,68.1,36.2,12.0,Bengaluru Urban,1.8,0,9.1,18.2,0.0484,0
PG_2026_0833,POSTGRADUATE,Male,21,2-5 LPA,1,5.5,4.0,74.5,73.4,0.0,95.0,0,5,0,Gujarat,GJ,78.0,69.7,21.3,17.9,Narmada,32.4,1,89.5,30.5,0.3763,0
PG_2026_0834,POSTGRADUATE,Female,21,2-5 LPA,0,7.11,5.91,61.6,52.1,0.0,54.1,2,4,9,Maharashtra,MH,82.3,75.9,32.3,11.2,Gadchiroli,28.5,1,89.0,28.9,0.4916,0
PG_2026_0835,POSTGRADUATE,Male,26,2-5 LPA,0,9.12,8.02,54.4,49.1,750000.0,79.4,1,1,4,Bihar,BR,61.8,51.5,14.5,21.4,Katihar,48.7,1,91.1,44.3,0.143,0
PG_2026_0836,POSTGRADUATE,Female,26,2-5 LPA,1,6.74,6.57,73.1,48.5,0.0,57.1,3,0,29,Kerala,KL,94.0,92.1,43.2,3.2,Ernakulam,0.6,0,31.9,14.8,0.0664,0
PG_2026_0837,POSTGRADUATE,Male,21,>10 LPA,0,6.83,7.01,82.7,55.7,0.0,28.7,5,1,6,Karnataka,KA,75.4,68.1,36.2,12.0,Raichur,36.8,1,74.6,34.0,0.0922,0
PG_2026_0838,POSTGRADUATE,Male,24,<2 LPA,1,7.75,6.53,83.9,76.8,350000.0,59.1,9,0,4,Bihar,BR,61.8,51.5,14.5,21.4,Patna,18.2,0,56.4,28.5,0.0378,0
PG_2026_0839,POSTGRADUATE,Male,26,5-10 LPA,0,7.12,6.7,86.3,65.1,750000.0,64.1,10,0,31,Gujarat,GJ,78.0,69.7,21.3,17.9,Dahod,40.5,1,88.0,38.1,0.0786,0
PG_2026_0840,POSTGRADUATE,Female,25,>10 LPA,0,6.32,6.22,96.0,50.6,750000.0,61.1,13,2,28,Maharashtra,MH,82.3,75.9,32.3,11.2,Nandurbar,33.1,1,83.3,32.4,0.3067,0
PG_2026_0841,POSTGRADUATE,Female,21,2-5 LPA,0,6.46,5.6,71.5,49.5,150000.0,67.7,3,1,21,Bihar,BR,61.8,51.5,14.5,21.4,Purnia,50.4,1,89.2,42.1,0.1706,0
PG_2026_0842,POSTGRADUATE,Male,26,<2 LPA,0,6.82,6.67,75.9,70.3,0.0,95.0,1,1,1,Madhya Pradesh,MP,69.3,59.2,24.8,18.5,Barwani,46.1,1,85.5,37.1,0.0204,1
PG_2026_0843,POSTGRADUATE,Female,26,<2 LPA,1,6.32,5.74,78.6,79.6,350000.0,51.8,9,3,23,Tamil Nadu,TN,80.1,73.4,51.4,8.1,Coimbatore,2.1,0,24.2,18.9,0.2504,0
PG_2026_0844,POSTGRADUATE,Female,25,2-5 LPA,0,9.8,9.64,80.1,82.7,1200000.0,51.9,9,0,6,Maharashtra,MH,82.3,75.9,32.3,11.2,Gadchiroli,28.5,1,89.0,28.9,0.026,0
PG_2026_0845,POSTGRADUATE,Female,26,<2 LPA,0,7.35,7.12,84.9,24.9,750000.0,50.9,8,0,7,Maharashtra,MH,82.3,75.9,32.3,11.2,Pune,3.9,0,39.1,21.0,0.259,0
PG_2026_0846,POSTGRADUATE,Female,23,5-10 LPA,0,6.32,6.5,72.2,56.3,350000.0,48.4,10,2,0,Kerala,KL,94.0,92.1,43.2,3.2,Ernakulam,0.6,0,31.9,14.8,0.2882,0
PG_2026_0847,POSTGRADUATE,Female,26,5-10 LPA,0,9.04,9.53,84.2,38.7,150000.0,59.4,2,0,5,Haryana,HR,75.6,65.9,29.8,12.5,Nuh / Mewat,44.8,1,88.6,47.0,0.016,1
PG_2026_0848,POSTGRADUATE,Male,21,5-10 LPA,1,7.98,7.76,58.3,57.1,0.0,52.6,1,1,0,Maharashtra,MH,82.3,75.9,32.3,11.2,Mumbai,2.1,0,0.0,19.5,0.067,0
PG_2026_0849,POSTGRADUATE,Male,26,>10 LPA,1,6.28,4.81,50.7,51.6,1200000.0,79.1,7,0,11,Gujarat,GJ,78.0,69.7,21.3,17.9,Ahmedabad,3.8,0,15.9,20.2,0.5965,1
PG_2026_0850,POSTGRADUATE,Male,26,5-10 LPA,0,7.37,7.41,65.2,29.1,0.0,79.1,2,0,1,Karnataka,KA,75.4,68.1,36.2,12.0,Raichur,36.8,1,74.6,34.0,0.0652,0
PG_2026_0851,POSTGRADUATE,Female,26,2-5 LPA,0,6.53,7.14,90.5,100.0,150000.0,64.2,3,1,7,Gujarat,GJ,78.0,69.7,21.3,17.9,Dahod,40.5,1,88.0,38.1,0.0091,0
PG_2026_0852,POSTGRADUATE,Female,26,<2 LPA,1,8.46,7.62,66.6,66.6,150000.0,51.7,1,1,12,Uttar Pradesh,UP,67.7,57.2,23.2,16.8,Varanasi,16.3,0,56.6,29.4,0.0524,0
PG_2026_0853,POSTGRADUATE,Male,26,5-10 LPA,0,7.04,5.52,84.8,55.2,750000.0,56.2,11,2,24,Rajasthan,RJ,66.1,52.1,26.0,17.2,Jaisalmer,31.8,1,86.7,33.2,0.4432,0
PG_2026_0854,POSTGRADUATE,Male,21,<2 LPA,0,8.11,7.75,81.9,80.6,350000.0,73.5,12,0,11,Bihar,BR,61.8,51.5,14.5,21.4,Katihar,48.7,1,91.1,44.3,0.0152,0
PG_2026_0855,POSTGRADUATE,Female,21,5-10 LPA,0,8.32,6.51,64.8,94.9,750000.0,42.4,7,0,0,Madhya Pradesh,MP,69.3,59.2,24.8,18.5,Barwani,46.1,1,85.5,37.1,0.0816,0
PG_2026_0856,POSTGRADUATE,Female,26,2-5 LPA,0,6.53,5.47,81.0,61.5,0.0,83.4,0,0,0,Gujarat,GJ,78.0,69.7,21.3,17.9,Dahod,40.5,1,88.0,38.1,0.0336,0
PG_2026_0857,POSTGRADUATE,Male,21,5-10 LPA,0,6.87,7.04,77.7,69.3,0.0,50.8,3,0,8,Kerala,KL,94.0,92.1,43.2,3.2,Thiruvananthapuram,0.9,0,46.2,15.2,0.0256,0
PG_2026_0858,POSTGRADUATE,Female,24,2-5 LPA,0,7.36,7.13,62.0,40.5,1200000.0,39.7,8,0,23,Maharashtra,MH,82.3,75.9,32.3,11.2,Pune,3.9,0,39.1,21.0,0.4968,0
PG_2026_0859,POSTGRADUATE,Male,22,<2 LPA,0,7.19,6.38,68.8,42.8,750000.0,31.4,11,2,6,Bihar,BR,61.8,51.5,14.5,21.4,Patna,18.2,0,56.4,28.5,0.6701,1
PG_2026_0860,POSTGRADUATE,Male,25,2-5 LPA,0,6.13,6.23,77.3,38.4,150000.0,40.5,3,0,6,Uttar Pradesh,UP,67.7,57.2,23.2,16.8,Balrampur,47.9,1,92.3,45.0,0.159,0
PG_2026_0861,POSTGRADUATE,Male,25,2-5 LPA,1,7.27,7.95,68.4,29.5,350000.0,67.1,13,0,23,Kerala,KL,94.0,92.1,43.2,3.2,Thiruvananthapuram,0.9,0,46.2,15.2,0.128,1
PG_2026_0862,POSTGRADUATE,Female,23,5-10 LPA,0,6.61,6.6,88.5,75.3,750000.0,26.3,7,0,2,Karnataka,KA,75.4,68.1,36.2,12.0,Yadgir,39.4,1,81.2,36.5,0.1019,0
PG_2026_0863,POSTGRADUATE,Male,26,2-5 LPA,1,6.14,5.94,60.7,83.8,0.0,41.0,0,4,5,Uttar Pradesh,UP,67.7,57.2,23.2,16.8,Bahraich,54.4,1,92.1,46.5,0.2807,0
PG_2026_0864,POSTGRADUATE,Female,25,<2 LPA,0,7.46,7.79,94.7,68.3,150000.0,63.5,1,1,13,Haryana,HR,75.6,65.9,29.8,12.5,Gurugram,2.5,0,31.2,20.5,0.0159,0
PG_2026_0865,POSTGRADUATE,Female,23,2-5 LPA,1,7.87,8.49,63.2,24.2,350000.0,60.7,12,0,0,Madhya Pradesh,MP,69.3,59.2,24.8,18.5,Alirajpur,52.0,1,92.2,39.5,0.1438,0
PG_2026_0866,POSTGRADUATE,Male,24,2-5 LPA,0,6.98,5.61,74.2,29.2,0.0,42.8,1,2,2,Gujarat,GJ,78.0,69.7,21.3,17.9,Narmada,32.4,1,89.5,30.5,0.4381,0
PG_2026_0867,POSTGRADUATE,Female,24,<2 LPA,0,6.65,7.82,69.4,46.1,350000.0,61.6,6,0,8,Maharashtra,MH,82.3,75.9,32.3,11.2,Nandurbar,33.1,1,83.3,32.4,0.0696,0
PG_2026_0868,POSTGRADUATE,Male,21,5-10 LPA,0,6.91,6.86,97.4,63.8,0.0,50.2,2,0,0,Tamil Nadu,TN,80.1,73.4,51.4,8.1,Ramanathapuram,7.8,1,69.7,22.1,0.0186,0
PG_2026_0869,POSTGRADUATE,Female,22,5-10 LPA,0,7.96,6.42,91.3,77.3,150000.0,71.3,3,0,8,Haryana,HR,75.6,65.9,29.8,12.5,Gurugram,2.5,0,31.2,20.5,0.0152,0
PG_2026_0870,POSTGRADUATE,Female,21,>10 LPA,0,9.8,9.9,88.0,42.9,350000.0,64.5,6,0,1,Bihar,BR,61.8,51.5,14.5,21.4,Muzaffarpur,35.1,1,90.3,38.0,0.0142,0
PG_2026_0871,POSTGRADUATE,Female,22,>10 LPA,1,8.98,9.44,90.5,81.8,150000.0,44.1,1,0,10,Tamil Nadu,TN,80.1,73.4,51.4,8.1,Ramanathapuram,7.8,1,69.7,22.1,0.0041,0
PG_2026_0872,POSTGRADUATE,Male,21,<2 LPA,0,5.91,5.76,84.3,65.2,350000.0,70.4,8,3,15,Madhya Pradesh,MP,69.3,59.2,24.8,18.5,Barwani,46.1,1,85.5,37.1,0.2344,0
PG_2026_0873,POSTGRADUATE,Male,22,5-10 LPA,1,8.36,7.16,80.7,54.1,0.0,56.9,1,0,22,Gujarat,GJ,78.0,69.7,21.3,17.9,Dahod,40.5,1,88.0,38.1,0.0305,0
PG_2026_0874,POSTGRADUATE,Female,21,2-5 LPA,1,5.5,4.0,62.1,58.6,350000.0,59.4,7,3,7,Uttar Pradesh,UP,67.7,57.2,23.2,16.8,Bahraich,54.4,1,92.1,46.5,0.7044,1
PG_2026_0875,POSTGRADUATE,Female,24,<2 LPA,0,7.78,6.81,88.9,73.3,150000.0,49.8,0,0,8,Kerala,KL,94.0,92.1,43.2,3.2,Ernakulam,0.6,0,31.9,14.8,0.0209,0
PG_2026_0876,POSTGRADUATE,Female,24,<2 LPA,1,6.49,6.26,72.3,69.7,1200000.0,60.1,5,1,10,Tamil Nadu,TN,80.1,73.4,51.4,8.1,Chennai,1.2,0,0.0,17.5,0.2931,0
PG_2026_0877,POSTGRADUATE,Female,25,2-5 LPA,1,7.05,6.65,88.5,66.6,0.0,18.5,2,1,6,Uttar Pradesh,UP,67.7,57.2,23.2,16.8,Varanasi,16.3,0,56.6,29.4,0.073,0
PG_2026_0878,POSTGRADUATE,Female,22,<2 LPA,0,7.6,7.75,80.9,49.1,1200000.0,71.6,8,0,4,Gujarat,GJ,78.0,69.7,21.3,17.9,Dahod,40.5,1,88.0,38.1,0.1342,1
PG_2026_0879,POSTGRADUATE,Female,26,2-5 LPA,0,8.02,7.02,80.2,28.0,0.0,63.2,4,1,6,Maharashtra,MH,82.3,75.9,32.3,11.2,Gadchiroli,28.5,1,89.0,28.9,0.1223,0
PG_2026_0880,POSTGRADUATE,Male,23,2-5 LPA,1,6.62,6.88,79.8,29.0,0.0,47.9,3,0,3,Karnataka,KA,75.4,68.1,36.2,12.0,Raichur,36.8,1,74.6,34.0,0.1049,0
PG_2026_0881,POSTGRADUATE,Male,26,5-10 LPA,0,8.04,9.11,52.3,58.0,0.0,48.5,1,0,49,Bihar,BR,61.8,51.5,14.5,21.4,Katihar,48.7,1,91.1,44.3,0.0254,0
PG_2026_0882,POSTGRADUATE,Female,21,5-10 LPA,0,7.45,7.18,40.3,88.6,0.0,65.1,1,0,1,Haryana,HR,75.6,65.9,29.8,12.5,Nuh / Mewat,44.8,1,88.6,47.0,0.026,0
PG_2026_0883,POSTGRADUATE,Male,24,<2 LPA,0,8.24,7.44,88.2,96.2,750000.0,88.2,9,0,0,Maharashtra,MH,82.3,75.9,32.3,11.2,Nandurbar,33.1,1,83.3,32.4,0.0106,0
PG_2026_0884,POSTGRADUATE,Female,26,<2 LPA,0,8.06,7.51,100.0,52.8,0.0,93.9,3,0,22,Tamil Nadu,TN,80.1,73.4,51.4,8.1,Chennai,1.2,0,0.0,17.5,0.0078,0
PG_2026_0885,POSTGRADUATE,Male,21,>10 LPA,0,6.59,5.49,62.9,12.8,0.0,53.0,3,2,21,Bihar,BR,61.8,51.5,14.5,21.4,Gaya,38.6,1,86.8,36.2,0.6436,1
PG_2026_0886,POSTGRADUATE,Male,21,<2 LPA,1,8.53,9.9,83.5,67.4,1200000.0,50.4,8,1,1,Karnataka,KA,75.4,68.1,36.2,12.0,Bengaluru Urban,1.8,0,9.1,18.2,0.0552,0
PG_2026_0887,POSTGRADUATE,Male,24,5-10 LPA,1,9.8,9.71,62.7,40.1,150000.0,55.4,1,1,1,Tamil Nadu,TN,80.1,73.4,51.4,8.1,Ramanathapuram,7.8,1,69.7,22.1,0.0443,0
PG_2026_0888,POSTGRADUATE,Male,26,5-10 LPA,0,6.15,6.83,80.1,62.6,750000.0,29.1,12,0,2,Karnataka,KA,75.4,68.1,36.2,12.0,Raichur,36.8,1,74.6,34.0,0.1839,0
PG_2026_0889,POSTGRADUATE,Male,23,5-10 LPA,0,7.52,6.52,65.9,51.3,0.0,79.0,3,1,2,Bihar,BR,61.8,51.5,14.5,21.4,Gaya,38.6,1,86.8,36.2,0.0806,0
PG_2026_0890,POSTGRADUATE,Male,21,5-10 LPA,0,7.94,7.59,97.8,37.2,750000.0,32.9,8,0,6,Maharashtra,MH,82.3,75.9,32.3,11.2,Gadchiroli,28.5,1,89.0,28.9,0.1463,0
PG_2026_0891,POSTGRADUATE,Male,25,2-5 LPA,1,9.0,8.89,75.8,43.4,750000.0,89.8,5,0,14,Tamil Nadu,TN,80.1,73.4,51.4,8.1,Ramanathapuram,7.8,1,69.7,22.1,0.0362,0
PG_2026_0892,POSTGRADUATE,Male,22,<2 LPA,0,8.07,8.14,78.9,49.4,1200000.0,68.9,5,1,18,Rajasthan,RJ,66.1,52.1,26.0,17.2,Kota,8.2,0,39.7,21.0,0.1716,0
PG_2026_0893,POSTGRADUATE,Male,22,2-5 LPA,0,6.99,6.41,83.7,42.5,150000.0,79.2,4,2,2,Tamil Nadu,TN,80.1,73.4,51.4,8.1,Ramanathapuram,7.8,1,69.7,22.1,0.1369,0
PG_2026_0894,POSTGRADUATE,Female,23,<2 LPA,1,9.0,8.45,94.6,54.9,0.0,36.5,1,0,7,Rajasthan,RJ,66.1,52.1,26.0,17.2,Kota,8.2,0,39.7,21.0,0.0147,1
PG_2026_0895,POSTGRADUATE,Female,26,2-5 LPA,1,6.75,6.19,69.8,69.1,350000.0,56.0,15,0,4,Gujarat,GJ,78.0,69.7,21.3,17.9,Dahod,40.5,1,88.0,38.1,0.1101,0
PG_2026_0896,POSTGRADUATE,Male,22,>10 LPA,0,7.66,7.49,78.8,63.8,1200000.0,59.0,3,0,10,Uttar Pradesh,UP,67.7,57.2,23.2,16.8,Varanasi,16.3,0,56.6,29.4,0.1103,0
PG_2026_0897,POSTGRADUATE,Male,22,<2 LPA,0,6.65,6.53,59.5,22.2,0.0,65.0,0,0,33,Maharashtra,MH,82.3,75.9,32.3,11.2,Gadchiroli,28.5,1,89.0,28.9,0.1745,0
PG_2026_0898,POSTGRADUATE,Male,21,2-5 LPA,0,8.01,8.0,81.4,100.0,0.0,76.5,5,1,0,Kerala,KL,94.0,92.1,43.2,3.2,Thiruvananthapuram,0.9,0,46.2,15.2,0.005,0
PG_2026_0899,POSTGRADUATE,Male,22,2-5 LPA,0,8.21,7.22,60.1,87.2,350000.0,71.5,7,0,90,Maharashtra,MH,82.3,75.9,32.3,11.2,Nandurbar,33.1,1,83.3,32.4,0.027,0
PG_2026_0900,POSTGRADUATE,Female,22,<2 LPA,0,6.29,5.87,88.8,71.3,350000.0,52.9,7,1,10,Maharashtra,MH,82.3,75.9,32.3,11.2,Mumbai,2.1,0,0.0,19.5,0.0935,0
PG_2026_0901,POSTGRADUATE,Female,23,2-5 LPA,0,7.66,6.79,79.9,47.3,350000.0,47.6,13,0,38,Maharashtra,MH,82.3,75.9,32.3,11.2,Nandurbar,33.1,1,83.3,32.4,0.135,0
PG_2026_0902,POSTGRADUATE,Female,26,2-5 LPA,0,7.96,7.47,86.7,56.5,0.0,46.9,1,0,2,Rajasthan,RJ,66.1,52.1,26.0,17.2,Jaisalmer,31.8,1,86.7,33.2,0.0245,0
PG_2026_0903,POSTGRADUATE,Female,26,2-5 LPA,1,8.87,8.63,58.6,38.3,0.0,80.3,1,1,17,Madhya Pradesh,MP,69.3,59.2,24.8,18.5,Alirajpur,52.0,1,92.2,39.5,0.0468,0
PG_2026_0904,POSTGRADUATE,Female,24,5-10 LPA,0,8.87,8.94,79.4,33.1,750000.0,58.6,6,1,15,Madhya Pradesh,MP,69.3,59.2,24.8,18.5,Barwani,46.1,1,85.5,37.1,0.131,0
PG_2026_0905,POSTGRADUATE,Female,22,<2 LPA,0,5.5,6.78,62.3,63.6,750000.0,48.0,13,0,54,Karnataka,KA,75.4,68.1,36.2,12.0,Raichur,36.8,1,74.6,34.0,0.213,0
PG_2026_0906,POSTGRADUATE,Female,25,5-10 LPA,0,8.61,7.52,68.4,64.4,150000.0,75.2,2,0,13,Rajasthan,RJ,66.1,52.1,26.0,17.2,Kota,8.2,0,39.7,21.0,0.023,0
PG_2026_0907,POSTGRADUATE,Male,25,5-10 LPA,0,7.04,7.53,80.6,67.4,0.0,53.2,1,0,48,Rajasthan,RJ,66.1,52.1,26.0,17.2,Kota,8.2,0,39.7,21.0,0.0172,0
PG_2026_0908,POSTGRADUATE,Female,24,>10 LPA,0,8.8,8.57,55.5,67.2,750000.0,95.0,6,0,3,Haryana,HR,75.6,65.9,29.8,12.5,Gurugram,2.5,0,31.2,20.5,0.0324,0
PG_2026_0909,POSTGRADUATE,Female,21,2-5 LPA,0,8.55,7.68,73.3,56.0,0.0,54.3,1,1,3,Madhya Pradesh,MP,69.3,59.2,24.8,18.5,Alirajpur,52.0,1,92.2,39.5,0.0461,0
PG_2026_0910,POSTGRADUATE,Male,26,<2 LPA,0,6.7,5.46,57.9,69.1,350000.0,45.4,6,3,9,Maharashtra,MH,82.3,75.9,32.3,11.2,Nandurbar,33.1,1,83.3,32.4,0.5174,1
PG_2026_0911,POSTGRADUATE,Female,23,2-5 LPA,1,8.06,6.81,57.6,74.6,1200000.0,63.3,8,1,16,Haryana,HR,75.6,65.9,29.8,12.5,Nuh / Mewat,44.8,1,88.6,47.0,0.2958,0
PG_2026_0912,POSTGRADUATE,Female,26,2-5 LPA,0,5.5,6.65,68.7,74.0,350000.0,60.7,15,0,16,Gujarat,GJ,78.0,69.7,21.3,17.9,Dahod,40.5,1,88.0,38.1,0.0709,0
PG_2026_0913,POSTGRADUATE,Female,22,2-5 LPA,1,7.41,5.26,53.1,73.7,750000.0,41.0,16,1,4,Haryana,HR,75.6,65.9,29.8,12.5,Nuh / Mewat,44.8,1,88.6,47.0,0.5499,0
PG_2026_0914,POSTGRADUATE,Female,26,2-5 LPA,1,5.5,6.01,69.7,64.0,150000.0,52.5,3,3,9,Kerala,KL,94.0,92.1,43.2,3.2,Ernakulam,0.6,0,31.9,14.8,0.2769,0
PG_2026_0915,POSTGRADUATE,Male,25,2-5 LPA,0,7.56,7.45,67.8,60.6,0.0,84.5,1,0,15,Kerala,KL,94.0,92.1,43.2,3.2,Thiruvananthapuram,0.9,0,46.2,15.2,0.0179,0
PG_2026_0916,POSTGRADUATE,Female,26,<2 LPA,1,8.25,6.91,80.7,77.9,0.0,79.9,6,1,9,Karnataka,KA,75.4,68.1,36.2,12.0,Raichur,36.8,1,74.6,34.0,0.0191,0
PG_2026_0917,POSTGRADUATE,Female,24,2-5 LPA,0,9.08,8.64,70.3,98.5,350000.0,76.3,12,0,12,Uttar Pradesh,UP,67.7,57.2,23.2,16.8,Balrampur,47.9,1,92.3,45.0,0.0068,0
PG_2026_0918,POSTGRADUATE,Female,25,5-10 LPA,0,7.15,7.03,71.5,87.2,350000.0,52.3,5,2,1,Haryana,HR,75.6,65.9,29.8,12.5,Gurugram,2.5,0,31.2,20.5,0.0751,0
PG_2026_0919,POSTGRADUATE,Male,22,2-5 LPA,0,8.31,9.21,74.0,24.8,750000.0,45.9,3,0,17,Rajasthan,RJ,66.1,52.1,26.0,17.2,Jaisalmer,31.8,1,86.7,33.2,0.1254,0
PG_2026_0920,POSTGRADUATE,Male,24,2-5 LPA,0,6.91,5.56,64.8,51.5,0.0,78.0,2,1,5,Haryana,HR,75.6,65.9,29.8,12.5,Nuh / Mewat,44.8,1,88.6,47.0,0.1309,0
PG_2026_0921,POSTGRADUATE,Male,23,2-5 LPA,1,5.5,6.31,72.5,24.1,350000.0,48.6,5,2,15,Haryana,HR,75.6,65.9,29.8,12.5,Nuh / Mewat,44.8,1,88.6,47.0,0.5359,1
PG_2026_0922,POSTGRADUATE,Female,25,>10 LPA,0,7.42,7.08,99.4,100.0,0.0,59.4,4,1,3,Gujarat,GJ,78.0,69.7,21.3,17.9,Ahmedabad,3.8,0,15.9,20.2,0.0065,1
PG_2026_0923,POSTGRADUATE,Female,23,2-5 LPA,0,7.33,7.18,81.6,92.1,0.0,35.7,5,0,3,Gujarat,GJ,78.0,69.7,21.3,17.9,Ahmedabad,3.8,0,15.9,20.2,0.0139,0
PG_2026_0924,POSTGRADUATE,Male,24,2-5 LPA,0,6.49,6.26,85.1,47.8,0.0,42.8,4,1,5,Rajasthan,RJ,66.1,52.1,26.0,17.2,Jaisalmer,31.8,1,86.7,33.2,0.1208,0
PG_2026_0925,POSTGRADUATE,Male,22,5-10 LPA,0,7.27,5.21,69.1,68.0,0.0,44.6,3,0,12,Madhya Pradesh,MP,69.3,59.2,24.8,18.5,Alirajpur,52.0,1,92.2,39.5,0.099,0
PG_2026_0926,POSTGRADUATE,Female,24,<2 LPA,1,6.7,6.71,96.8,57.0,350000.0,42.7,7,0,2,Kerala,KL,94.0,92.1,43.2,3.2,Ernakulam,0.6,0,31.9,14.8,0.0588,0
PG_2026_0927,POSTGRADUATE,Female,21,5-10 LPA,0,7.9,7.15,87.1,31.6,0.0,40.6,2,1,4,Madhya Pradesh,MP,69.3,59.2,24.8,18.5,Bhopal,9.4,0,19.1,23.4,0.12,0
PG_2026_0928,POSTGRADUATE,Female,26,2-5 LPA,0,8.96,8.53,77.0,100.0,350000.0,78.9,11,0,14,Uttar Pradesh,UP,67.7,57.2,23.2,16.8,Shravasti,49.6,1,96.5,48.2,0.0051,1
PG_2026_0929,POSTGRADUATE,Female,26,2-5 LPA,0,6.73,7.51,66.1,53.0,150000.0,78.2,1,1,6,Haryana,HR,75.6,65.9,29.8,12.5,Gurugram,2.5,0,31.2,20.5,0.0537,0
PG_2026_0930,POSTGRADUATE,Male,23,<2 LPA,0,7.85,8.04,51.6,59.4,0.0,93.1,1,0,6,Gujarat,GJ,78.0,69.7,21.3,17.9,Ahmedabad,3.8,0,15.9,20.2,0.0184,0
PG_2026_0931,POSTGRADUATE,Female,22,2-5 LPA,0,9.34,9.36,73.2,33.4,750000.0,63.6,8,0,10,Uttar Pradesh,UP,67.7,57.2,23.2,16.8,Shravasti,49.6,1,96.5,48.2,0.0775,0
PG_2026_0932,POSTGRADUATE,Male,22,5-10 LPA,0,6.93,7.94,82.3,67.6,750000.0,83.6,10,0,6,Tamil Nadu,TN,80.1,73.4,51.4,8.1,Coimbatore,2.1,0,24.2,18.9,0.0294,0
PG_2026_0933,POSTGRADUATE,Female,26,2-5 LPA,0,7.63,6.94,86.5,46.6,150000.0,73.2,2,1,12,Uttar Pradesh,UP,67.7,57.2,23.2,16.8,Varanasi,16.3,0,56.6,29.4,0.0567,0
PG_2026_0934,POSTGRADUATE,Female,24,<2 LPA,1,6.66,8.45,48.0,56.2,0.0,41.9,0,0,10,Rajasthan,RJ,66.1,52.1,26.0,17.2,Jaipur,6.9,0,47.6,22.5,0.0478,0
PG_2026_0935,POSTGRADUATE,Female,23,2-5 LPA,1,6.56,5.12,54.5,55.7,350000.0,44.1,8,4,25,Rajasthan,RJ,66.1,52.1,26.0,17.2,Jaisalmer,31.8,1,86.7,33.2,0.8055,1
PG_2026_0936,POSTGRADUATE,Female,25,2-5 LPA,0,6.65,5.47,86.6,81.3,750000.0,53.5,9,2,14,Uttar Pradesh,UP,67.7,57.2,23.2,16.8,Lucknow,8.5,0,33.8,24.1,0.2342,0
PG_2026_0937,POSTGRADUATE,Female,23,>10 LPA,0,6.42,6.78,56.1,69.6,350000.0,80.3,11,0,1,Rajasthan,RJ,66.1,52.1,26.0,17.2,Jaisalmer,31.8,1,86.7,33.2,0.0664,0
PG_2026_0938,POSTGRADUATE,Male,22,>10 LPA,1,5.5,5.12,74.8,78.2,0.0,92.6,1,1,16,Haryana,HR,75.6,65.9,29.8,12.5,Gurugram,2.5,0,31.2,20.5,0.0387,1
PG_2026_0939,POSTGRADUATE,Male,22,5-10 LPA,1,7.15,6.94,72.5,83.1,0.0,67.1,2,1,0,Madhya Pradesh,MP,69.3,59.2,24.8,18.5,Bhopal,9.4,0,19.1,23.4,0.0225,0
PG_2026_0940,POSTGRADUATE,Male,25,2-5 LPA,0,7.35,7.48,67.9,49.6,150000.0,62.8,2,0,1,Madhya Pradesh,MP,69.3,59.2,24.8,18.5,Alirajpur,52.0,1,92.2,39.5,0.0497,1
PG_2026_0941,POSTGRADUATE,Female,26,2-5 LPA,0,7.31,6.76,90.8,30.7,350000.0,84.3,5,0,28,Uttar Pradesh,UP,67.7,57.2,23.2,16.8,Noida / Gautam Buddha Nagar,7.1,0,40.9,22.0,0.0691,1
PG_2026_0942,POSTGRADUATE,Female,24,2-5 LPA,0,6.96,6.88,51.4,24.7,0.0,72.5,1,0,4,Bihar,BR,61.8,51.5,14.5,21.4,Patna,18.2,0,56.4,28.5,0.1536,0
PG_2026_0943,POSTGRADUATE,Male,26,2-5 LPA,0,6.94,6.69,79.7,53.6,0.0,72.4,1,1,25,Tamil Nadu,TN,80.1,73.4,51.4,8.1,Chennai,1.2,0,0.0,17.5,0.0494,0
PG_2026_0944,POSTGRADUATE,Male,22,5-10 LPA,1,8.41,9.01,60.6,46.5,0.0,50.8,5,1,13,Madhya Pradesh,MP,69.3,59.2,24.8,18.5,Alirajpur,52.0,1,92.2,39.5,0.055,0
PG_2026_0945,POSTGRADUATE,Male,24,<2 LPA,1,7.85,8.7,85.1,31.4,750000.0,60.9,8,0,1,Uttar Pradesh,UP,67.7,57.2,23.2,16.8,Balrampur,47.9,1,92.3,45.0,0.0871,0
PG_2026_0946,POSTGRADUATE,Female,26,2-5 LPA,1,7.82,8.3,99.8,86.0,350000.0,62.2,4,0,1,Uttar Pradesh,UP,67.7,57.2,23.2,16.8,Lucknow,8.5,0,33.8,24.1,0.0052,0
PG_2026_0947,POSTGRADUATE,Male,23,2-5 LPA,1,8.8,7.63,55.1,63.1,150000.0,71.7,6,0,1,Gujarat,GJ,78.0,69.7,21.3,17.9,Ahmedabad,3.8,0,15.9,20.2,0.0408,0
PG_2026_0948,POSTGRADUATE,Male,23,5-10 LPA,0,7.7,6.75,72.4,60.4,750000.0,54.3,9,1,5,Bihar,BR,61.8,51.5,14.5,21.4,Purnia,50.4,1,89.2,42.1,0.2238,0
PG_2026_0949,POSTGRADUATE,Male,22,<2 LPA,0,5.5,6.48,83.8,47.5,750000.0,58.2,7,3,30,Rajasthan,RJ,66.1,52.1,26.0,17.2,Barmer,34.2,1,93.0,35.8,0.4666,0
PG_2026_0950,POSTGRADUATE,Male,21,2-5 LPA,0,6.99,7.86,72.4,54.8,0.0,27.2,2,1,7,Gujarat,GJ,78.0,69.7,21.3,17.9,Narmada,32.4,1,89.5,30.5,0.0768,0
PG_2026_0951,POSTGRADUATE,Male,22,2-5 LPA,1,8.77,8.71,68.9,69.8,350000.0,79.2,8,0,3,Uttar Pradesh,UP,67.7,57.2,23.2,16.8,Bahraich,54.4,1,92.1,46.5,0.0151,0
PG_2026_0952,POSTGRADUATE,Male,21,5-10 LPA,0,8.49,7.69,70.3,17.9,350000.0,62.3,9,1,0,Tamil Nadu,TN,80.1,73.4,51.4,8.1,Ramanathapuram,7.8,1,69.7,22.1,0.2755,0
PG_2026_0953,POSTGRADUATE,Female,23,2-5 LPA,0,7.88,7.85,70.9,58.6,0.0,50.8,0,0,13,Kerala,KL,94.0,92.1,43.2,3.2,Thiruvananthapuram,0.9,0,46.2,15.2,0.0263,0
PG_2026_0954,POSTGRADUATE,Female,25,5-10 LPA,0,7.72,7.41,81.3,75.2,0.0,48.0,2,0,1,Rajasthan,RJ,66.1,52.1,26.0,17.2,Jaipur,6.9,0,47.6,22.5,0.0158,0
PG_2026_0955,POSTGRADUATE,Female,23,>10 LPA,0,9.01,8.52,86.1,90.0,750000.0,56.6,7,0,32,Kerala,KL,94.0,92.1,43.2,3.2,Ernakulam,0.6,0,31.9,14.8,0.0136,0
PG_2026_0956,POSTGRADUATE,Male,22,5-10 LPA,1,8.2,9.23,73.1,41.4,0.0,55.5,2,1,2,Bihar,BR,61.8,51.5,14.5,21.4,Katihar,48.7,1,91.1,44.3,0.0337,0
PG_2026_0957,POSTGRADUATE,Male,25,5-10 LPA,1,7.44,6.8,80.1,27.8,750000.0,80.4,5,0,2,Kerala,KL,94.0,92.1,43.2,3.2,Ernakulam,0.6,0,31.9,14.8,0.1787,0
PG_2026_0958,POSTGRADUATE,Male,21,5-10 LPA,1,8.55,8.9,72.8,35.1,0.0,24.1,1,0,0,Maharashtra,MH,82.3,75.9,32.3,11.2,Pune,3.9,0,39.1,21.0,0.0544,0
PG_2026_0959,POSTGRADUATE,Male,21,5-10 LPA,0,8.7,8.92,67.9,74.5,350000.0,66.6,6,2,14,Maharashtra,MH,82.3,75.9,32.3,11.2,Gadchiroli,28.5,1,89.0,28.9,0.0374,0
PG_2026_0960,POSTGRADUATE,Male,26,<2 LPA,0,8.13,8.66,72.9,39.5,0.0,74.4,2,0,10,Maharashtra,MH,82.3,75.9,32.3,11.2,Mumbai,2.1,0,0.0,19.5,0.0208,0
PG_2026_0961,POSTGRADUATE,Male,26,2-5 LPA,1,6.75,6.58,79.7,16.3,0.0,73.3,3,0,7,Maharashtra,MH,82.3,75.9,32.3,11.2,Pune,3.9,0,39.1,21.0,0.115,0
PG_2026_0962,POSTGRADUATE,Male,25,<2 LPA,0,6.93,6.34,100.0,32.0,0.0,72.7,1,4,2,Bihar,BR,61.8,51.5,14.5,21.4,Purnia,50.4,1,89.2,42.1,0.2455,0
PG_2026_0963,POSTGRADUATE,Male,24,2-5 LPA,1,9.25,9.72,88.3,69.9,150000.0,39.7,1,2,8,Bihar,BR,61.8,51.5,14.5,21.4,Purnia,50.4,1,89.2,42.1,0.0167,0
PG_2026_0964,POSTGRADUATE,Male,25,2-5 LPA,0,7.44,7.34,76.9,64.2,150000.0,75.4,1,0,25,Madhya Pradesh,MP,69.3,59.2,24.8,18.5,Bhopal,9.4,0,19.1,23.4,0.0191,0
PG_2026_0965,POSTGRADUATE,Male,21,2-5 LPA,0,7.6,7.26,73.4,78.4,750000.0,61.6,5,1,15,Karnataka,KA,75.4,68.1,36.2,12.0,Yadgir,39.4,1,81.2,36.5,0.0781,0
PG_2026_0966,POSTGRADUATE,Male,23,<2 LPA,0,5.5,5.72,81.5,26.8,150000.0,57.8,2,1,10,Kerala,KL,94.0,92.1,43.2,3.2,Thiruvananthapuram,0.9,0,46.2,15.2,0.2713,0
PG_2026_0967,POSTGRADUATE,Female,26,5-10 LPA,0,6.76,7.68,86.8,48.6,0.0,64.3,1,0,7,Gujarat,GJ,78.0,69.7,21.3,17.9,Narmada,32.4,1,89.5,30.5,0.0202,0
PG_2026_0968,POSTGRADUATE,Female,21,5-10 LPA,0,6.69,7.22,72.9,92.6,150000.0,70.5,2,2,8,Uttar Pradesh,UP,67.7,57.2,23.2,16.8,Lucknow,8.5,0,33.8,24.1,0.0263,0
PG_2026_0969,POSTGRADUATE,Female,24,2-5 LPA,0,6.66,7.11,76.4,39.4,1200000.0,54.1,7,0,14,Madhya Pradesh,MP,69.3,59.2,24.8,18.5,Indore,6.8,0,25.9,21.8,0.3284,0
PG_2026_0970,POSTGRADUATE,Male,25,<2 LPA,1,7.21,6.85,64.5,29.2,350000.0,54.3,12,1,33,Maharashtra,MH,82.3,75.9,32.3,11.2,Mumbai,2.1,0,0.0,19.5,0.3856,0
PG_2026_0971,POSTGRADUATE,Female,23,2-5 LPA,0,6.26,6.66,87.0,100.0,750000.0,83.3,9,0,11,Uttar Pradesh,UP,67.7,57.2,23.2,16.8,Varanasi,16.3,0,56.6,29.4,0.0163,0
PG_2026_0972,POSTGRADUATE,Male,22,<2 LPA,1,8.11,7.54,81.2,81.4,0.0,94.9,2,0,12,Karnataka,KA,75.4,68.1,36.2,12.0,Yadgir,39.4,1,81.2,36.5,0.0047,0
PG_2026_0973,POSTGRADUATE,Female,23,2-5 LPA,0,7.64,6.88,72.2,80.3,0.0,62.4,1,0,8,Tamil Nadu,TN,80.1,73.4,51.4,8.1,Ramanathapuram,7.8,1,69.7,22.1,0.0168,0
PG_2026_0974,POSTGRADUATE,Male,26,2-5 LPA,0,8.6,7.59,79.7,49.9,1200000.0,48.2,11,0,0,Kerala,KL,94.0,92.1,43.2,3.2,Wayanad,4.1,1,96.1,18.0,0.2334,0
PG_2026_0975,POSTGRADUATE,Female,24,2-5 LPA,0,5.82,6.41,79.1,74.4,750000.0,77.1,7,2,40,Haryana,HR,75.6,65.9,29.8,12.5,Nuh / Mewat,44.8,1,88.6,47.0,0.1451,0
PG_2026_0976,POSTGRADUATE,Male,22,<2 LPA,0,8.0,7.46,73.0,68.7,350000.0,51.7,9,1,7,Gujarat,GJ,78.0,69.7,21.3,17.9,Narmada,32.4,1,89.5,30.5,0.0765,0
PG_2026_0977,POSTGRADUATE,Male,26,2-5 LPA,1,6.9,7.55,69.2,72.7,1200000.0,79.4,7,0,4,Madhya Pradesh,MP,69.3,59.2,24.8,18.5,Alirajpur,52.0,1,92.2,39.5,0.0818,0
PG_2026_0978,POSTGRADUATE,Female,24,<2 LPA,0,7.27,6.82,48.9,73.7,750000.0,53.8,9,0,6,Bihar,BR,61.8,51.5,14.5,21.4,Purnia,50.4,1,89.2,42.1,0.1771,0
PG_2026_0979,POSTGRADUATE,Male,21,<2 LPA,0,9.06,7.89,100.0,61.5,0.0,46.6,0,0,11,Karnataka,KA,75.4,68.1,36.2,12.0,Raichur,36.8,1,74.6,34.0,0.0107,0
PG_2026_0980,POSTGRADUATE,Female,24,5-10 LPA,0,8.28,6.71,90.9,22.5,150000.0,48.5,1,0,2,Kerala,KL,94.0,92.1,43.2,3.2,Thiruvananthapuram,0.9,0,46.2,15.2,0.1178,0
PG_2026_0981,POSTGRADUATE,Male,24,2-5 LPA,0,8.37,7.58,76.3,51.6,0.0,87.6,1,1,0,Madhya Pradesh,MP,69.3,59.2,24.8,18.5,Bhopal,9.4,0,19.1,23.4,0.0271,0
PG_2026_0982,POSTGRADUATE,Female,25,2-5 LPA,0,8.75,9.0,76.6,53.8,0.0,77.6,2,2,11,Kerala,KL,94.0,92.1,43.2,3.2,Ernakulam,0.6,0,31.9,14.8,0.0238,0
PG_2026_0983,POSTGRADUATE,Male,23,<2 LPA,1,6.55,6.49,72.2,76.3,750000.0,48.6,5,1,3,Rajasthan,RJ,66.1,52.1,26.0,17.2,Kota,8.2,0,39.7,21.0,0.1569,0
PG_2026_0984,POSTGRADUATE,Male,25,2-5 LPA,0,7.9,8.55,72.7,61.4,150000.0,75.4,1,0,1,Kerala,KL,94.0,92.1,43.2,3.2,Thiruvananthapuram,0.9,0,46.2,15.2,0.0124,1
PG_2026_0985,POSTGRADUATE,Female,21,<2 LPA,0,6.46,4.46,76.0,72.9,750000.0,74.7,8,5,23,Kerala,KL,94.0,92.1,43.2,3.2,Ernakulam,0.6,0,31.9,14.8,0.7364,1
PG_2026_0986,POSTGRADUATE,Female,23,2-5 LPA,0,7.82,7.36,97.9,65.5,350000.0,34.8,6,1,28,Kerala,KL,94.0,92.1,43.2,3.2,Thiruvananthapuram,0.9,0,46.2,15.2,0.0553,0
PG_2026_0987,POSTGRADUATE,Female,26,5-10 LPA,0,9.29,9.62,59.6,29.6,150000.0,67.4,0,2,9,Maharashtra,MH,82.3,75.9,32.3,11.2,Pune,3.9,0,39.1,21.0,0.088,0
PG_2026_0988,POSTGRADUATE,Male,22,<2 LPA,1,6.62,7.85,90.2,60.3,750000.0,83.8,13,1,11,Maharashtra,MH,82.3,75.9,32.3,11.2,Pune,3.9,0,39.1,21.0,0.0556,0
PG_2026_0989,POSTGRADUATE,Male,23,5-10 LPA,0,7.53,5.68,63.1,70.2,0.0,65.3,3,4,7,Tamil Nadu,TN,80.1,73.4,51.4,8.1,Coimbatore,2.1,0,24.2,18.9,0.3151,0
PG_2026_0990,POSTGRADUATE,Female,25,2-5 LPA,0,8.23,9.9,74.4,54.5,0.0,54.5,3,0,1,Uttar Pradesh,UP,67.7,57.2,23.2,16.8,Bahraich,54.4,1,92.1,46.5,0.0093,0
PG_2026_0991,POSTGRADUATE,Male,26,2-5 LPA,1,8.31,9.11,70.2,43.2,350000.0,36.6,8,0,6,Bihar,BR,61.8,51.5,14.5,21.4,Muzaffarpur,35.1,1,90.3,38.0,0.0655,0
PG_2026_0992,POSTGRADUATE,Female,21,>10 LPA,0,7.7,6.26,83.8,32.0,0.0,59.7,2,3,6,Maharashtra,MH,82.3,75.9,32.3,11.2,Gadchiroli,28.5,1,89.0,28.9,0.3093,0
PG_2026_0993,POSTGRADUATE,Male,23,5-10 LPA,0,7.03,6.87,84.5,69.3,750000.0,88.0,16,0,19,Rajasthan,RJ,66.1,52.1,26.0,17.2,Jaipur,6.9,0,47.6,22.5,0.0516,0
PG_2026_0994,POSTGRADUATE,Female,26,5-10 LPA,0,7.51,8.13,54.5,52.0,1200000.0,51.5,11,1,30,Haryana,HR,75.6,65.9,29.8,12.5,Nuh / Mewat,44.8,1,88.6,47.0,0.4092,0
PG_2026_0995,POSTGRADUATE,Male,25,5-10 LPA,0,7.53,7.21,87.9,78.2,0.0,75.7,2,1,42,Kerala,KL,94.0,92.1,43.2,3.2,Wayanad,4.1,1,96.1,18.0,0.0124,1
PG_2026_0996,POSTGRADUATE,Male,21,2-5 LPA,1,7.34,7.29,93.1,50.4,750000.0,69.6,14,1,14,Uttar Pradesh,UP,67.7,57.2,23.2,16.8,Lucknow,8.5,0,33.8,24.1,0.1255,0
PG_2026_0997,POSTGRADUATE,Male,21,<2 LPA,0,7.37,6.97,48.7,20.8,350000.0,95.0,4,0,18,Madhya Pradesh,MP,69.3,59.2,24.8,18.5,Barwani,46.1,1,85.5,37.1,0.2046,0
PG_2026_0998,POSTGRADUATE,Male,24,5-10 LPA,0,8.97,9.65,73.6,54.3,150000.0,66.4,1,1,1,Karnataka,KA,75.4,68.1,36.2,12.0,Yadgir,39.4,1,81.2,36.5,0.0166,0
PG_2026_0999,POSTGRADUATE,Female,22,5-10 LPA,0,8.07,7.17,87.1,70.9,0.0,63.1,2,0,0,Rajasthan,RJ,66.1,52.1,26.0,17.2,Kota,8.2,0,39.7,21.0,0.013,0
PG_2026_1000,POSTGRADUATE,Female,23,<2 LPA,0,8.93,9.29,64.6,49.3,150000.0,56.8,1,1,0,Maharashtra,MH,82.3,75.9,32.3,11.2,Pune,3.9,0,39.1,21.0,0.0373,0
PG_2026_1001,POSTGRADUATE,Female,24,2-5 LPA,0,9.79,9.72,80.8,59.9,1200000.0,49.7,5,0,16,Tamil Nadu,TN,80.1,73.4,51.4,8.1,Ramanathapuram,7.8,1,69.7,22.1,0.0479,1
PG_2026_1002,POSTGRADUATE,Female,23,2-5 LPA,0,8.0,8.16,98.5,24.7,0.0,64.4,0,0,3,Haryana,HR,75.6,65.9,29.8,12.5,Nuh / Mewat,44.8,1,88.6,47.0,0.0243,0
PG_2026_1003,POSTGRADUATE,Male,21,2-5 LPA,0,8.62,8.36,62.0,59.3,350000.0,64.1,7,0,39,Uttar Pradesh,UP,67.7,57.2,23.2,16.8,Bahraich,54.4,1,92.1,46.5,0.0412,0
PG_2026_1004,POSTGRADUATE,Male,23,2-5 LPA,0,6.87,6.96,71.5,47.9,150000.0,46.6,3,0,0,Kerala,KL,94.0,92.1,43.2,3.2,Thiruvananthapuram,0.9,0,46.2,15.2,0.0869,0
PG_2026_1005,POSTGRADUATE,Female,24,5-10 LPA,1,8.83,9.44,68.3,66.9,0.0,59.2,1,0,7,Rajasthan,RJ,66.1,52.1,26.0,17.2,Jaipur,6.9,0,47.6,22.5,0.0079,0
PG_2026_1006,POSTGRADUATE,Female,21,2-5 LPA,0,7.36,6.7,82.0,58.6,350000.0,84.3,7,0,4,Rajasthan,RJ,66.1,52.1,26.0,17.2,Jaipur,6.9,0,47.6,22.5,0.0388,0
PG_2026_1007,POSTGRADUATE,Male,22,2-5 LPA,0,8.33,9.45,99.7,31.3,150000.0,74.2,6,1,20,Karnataka,KA,75.4,68.1,36.2,12.0,Yadgir,39.4,1,81.2,36.5,0.0193,0
PG_2026_1008,POSTGRADUATE,Male,21,<2 LPA,1,7.99,8.04,52.2,71.0,0.0,65.6,3,0,14,Kerala,KL,94.0,92.1,43.2,3.2,Thiruvananthapuram,0.9,0,46.2,15.2,0.0223,0
PG_2026_1009,POSTGRADUATE,Male,24,2-5 LPA,0,7.19,5.83,92.3,52.9,0.0,65.4,2,4,8,Bihar,BR,61.8,51.5,14.5,21.4,Katihar,48.7,1,91.1,44.3,0.2382,0
PG_2026_1010,POSTGRADUATE,Male,25,2-5 LPA,0,8.11,7.73,69.4,68.0,350000.0,17.7,9,1,17,Gujarat,GJ,78.0,69.7,21.3,17.9,Ahmedabad,3.8,0,15.9,20.2,0.1382,0
PG_2026_1011,POSTGRADUATE,Male,24,2-5 LPA,0,8.81,8.08,78.2,78.0,150000.0,88.7,1,0,1,Haryana,HR,75.6,65.9,29.8,12.5,Nuh / Mewat,44.8,1,88.6,47.0,0.0059,0
PG_2026_1012,POSTGRADUATE,Male,22,2-5 LPA,0,8.79,8.7,86.0,38.5,350000.0,57.9,9,0,6,Uttar Pradesh,UP,67.7,57.2,23.2,16.8,Noida / Gautam Buddha Nagar,7.1,0,40.9,22.0,0.0419,1
PG_2026_1013,POSTGRADUATE,Male,25,2-5 LPA,1,5.83,6.47,86.5,46.2,350000.0,72.1,17,2,11,Kerala,KL,94.0,92.1,43.2,3.2,Wayanad,4.1,1,96.1,18.0,0.2328,0
PG_2026_1014,POSTGRADUATE,Male,22,2-5 LPA,0,6.83,7.16,71.5,100.0,0.0,79.1,2,0,2,Tamil Nadu,TN,80.1,73.4,51.4,8.1,Chennai,1.2,0,0.0,17.5,0.0055,0
PG_2026_1015,POSTGRADUATE,Female,22,<2 LPA,1,6.03,7.42,63.1,45.9,0.0,63.1,4,2,12,Tamil Nadu,TN,80.1,73.4,51.4,8.1,Ramanathapuram,7.8,1,69.7,22.1,0.1416,0
PG_2026_1016,POSTGRADUATE,Male,25,2-5 LPA,0,8.11,7.07,85.9,67.2,0.0,95.0,5,1,20,Madhya Pradesh,MP,69.3,59.2,24.8,18.5,Alirajpur,52.0,1,92.2,39.5,0.0156,0
PG_2026_1017,POSTGRADUATE,Male,22,5-10 LPA,1,7.42,8.29,77.2,49.9,750000.0,49.7,9,0,1,Rajasthan,RJ,66.1,52.1,26.0,17.2,Kota,8.2,0,39.7,21.0,0.0933,0
PG_2026_1018,POSTGRADUATE,Male,26,2-5 LPA,1,6.23,5.65,52.2,41.1,750000.0,49.7,6,2,1,Karnataka,KA,75.4,68.1,36.2,12.0,Yadgir,39.4,1,81.2,36.5,0.7558,1
PG_2026_1019,POSTGRADUATE,Male,22,<2 LPA,0,6.67,7.24,68.9,65.7,150000.0,42.0,2,0,3,Uttar Pradesh,UP,67.7,57.2,23.2,16.8,Bahraich,54.4,1,92.1,46.5,0.0477,0
PG_2026_1020,POSTGRADUATE,Female,23,<2 LPA,1,9.23,8.43,74.0,37.1,0.0,58.8,3,1,10,Maharashtra,MH,82.3,75.9,32.3,11.2,Mumbai,2.1,0,0.0,19.5,0.0559,0
PG_2026_1021,POSTGRADUATE,Male,24,2-5 LPA,0,5.65,6.27,70.4,39.4,150000.0,45.5,1,2,23,Tamil Nadu,TN,80.1,73.4,51.4,8.1,Chennai,1.2,0,0.0,17.5,0.3342,0
PG_2026_1022,POSTGRADUATE,Female,24,<2 LPA,0,8.14,6.91,70.0,65.2,0.0,76.4,1,1,7,Haryana,HR,75.6,65.9,29.8,12.5,Gurugram,2.5,0,31.2,20.5,0.0364,0
PG_2026_1023,POSTGRADUATE,Male,22,2-5 LPA,0,7.16,7.47,79.6,68.3,0.0,76.3,4,1,11,Kerala,KL,94.0,92.1,43.2,3.2,Ernakulam,0.6,0,31.9,14.8,0.0204,0
PG_2026_1024,POSTGRADUATE,Male,23,5-10 LPA,1,7.91,6.46,86.3,85.3,350000.0,45.5,5,4,21,Maharashtra,MH,82.3,75.9,32.3,11.2,Pune,3.9,0,39.1,21.0,0.1913,0
PG_2026_1025,POSTGRADUATE,Male,23,5-10 LPA,1,6.97,7.84,67.3,88.5,0.0,53.1,1,0,3,Rajasthan,RJ,66.1,52.1,26.0,17.2,Jaisalmer,31.8,1,86.7,33.2,0.0104,0
PG_2026_1026,POSTGRADUATE,Female,25,<2 LPA,1,7.62,5.85,91.1,100.0,750000.0,18.8,7,5,1,Madhya Pradesh,MP,69.3,59.2,24.8,18.5,Barwani,46.1,1,85.5,37.1,0.4863,0
PG_2026_1027,POSTGRADUATE,Male,22,5-10 LPA,0,5.5,5.01,49.9,28.8,0.0,54.0,4,4,15,Uttar Pradesh,UP,67.7,57.2,23.2,16.8,Bahraich,54.4,1,92.1,46.5,0.8451,1
PG_2026_1028,POSTGRADUATE,Female,23,2-5 LPA,0,5.89,5.24,100.0,68.3,0.0,71.5,1,3,4,Gujarat,GJ,78.0,69.7,21.3,17.9,Dahod,40.5,1,88.0,38.1,0.0939,1
PG_2026_1029,POSTGRADUATE,Female,21,2-5 LPA,1,5.5,5.6,73.4,89.3,0.0,60.5,2,5,7,Kerala,KL,94.0,92.1,43.2,3.2,Ernakulam,0.6,0,31.9,14.8,0.2406,0
PG_2026_1030,POSTGRADUATE,Female,22,5-10 LPA,0,7.38,7.13,59.2,28.5,150000.0,84.6,3,0,1,Tamil Nadu,TN,80.1,73.4,51.4,8.1,Coimbatore,2.1,0,24.2,18.9,0.1035,1
PG_2026_1031,POSTGRADUATE,Male,22,<2 LPA,0,7.69,6.48,85.2,37.6,0.0,85.8,2,0,2,Karnataka,KA,75.4,68.1,36.2,12.0,Raichur,36.8,1,74.6,34.0,0.0399,0
PG_2026_1032,POSTGRADUATE,Male,25,<2 LPA,0,6.2,4.61,66.3,70.4,150000.0,86.9,3,2,1,Haryana,HR,75.6,65.9,29.8,12.5,Gurugram,2.5,0,31.2,20.5,0.1831,0
PG_2026_1033,POSTGRADUATE,Female,21,<2 LPA,1,7.91,8.68,95.1,51.1,750000.0,69.8,13,1,35,Madhya Pradesh,MP,69.3,59.2,24.8,18.5,Bhopal,9.4,0,19.1,23.4,0.0556,0
PG_2026_1034,POSTGRADUATE,Male,22,<2 LPA,1,6.89,6.41,56.3,83.8,150000.0,63.7,2,2,22,Madhya Pradesh,MP,69.3,59.2,24.8,18.5,Barwani,46.1,1,85.5,37.1,0.0973,0
PG_2026_1035,POSTGRADUATE,Male,22,2-5 LPA,1,7.27,8.43,68.8,31.7,350000.0,58.9,8,1,3,Gujarat,GJ,78.0,69.7,21.3,17.9,Ahmedabad,3.8,0,15.9,20.2,0.1441,0
PG_2026_1036,POSTGRADUATE,Female,22,<2 LPA,1,6.42,6.02,65.6,32.4,0.0,59.7,2,3,33,Rajasthan,RJ,66.1,52.1,26.0,17.2,Barmer,34.2,1,93.0,35.8,0.4653,0
PG_2026_1037,POSTGRADUATE,Female,25,2-5 LPA,1,8.63,8.36,83.4,72.5,0.0,70.2,2,0,16,Uttar Pradesh,UP,67.7,57.2,23.2,16.8,Balrampur,47.9,1,92.3,45.0,0.0062,0
PG_2026_1038,POSTGRADUATE,Male,23,2-5 LPA,0,7.46,7.34,65.0,62.5,350000.0,85.7,6,0,34,Kerala,KL,94.0,92.1,43.2,3.2,Ernakulam,0.6,0,31.9,14.8,0.0372,0
PG_2026_1039,POSTGRADUATE,Male,22,<2 LPA,1,6.9,7.04,88.1,37.6,750000.0,59.7,13,0,13,Haryana,HR,75.6,65.9,29.8,12.5,Nuh / Mewat,44.8,1,88.6,47.0,0.1755,1
PG_2026_1040,POSTGRADUATE,Male,23,2-5 LPA,0,7.93,7.34,91.6,31.4,150000.0,78.8,5,0,25,Bihar,BR,61.8,51.5,14.5,21.4,Muzaffarpur,35.1,1,90.3,38.0,0.0408,0
PG_2026_1041,POSTGRADUATE,Female,21,2-5 LPA,0,6.85,6.04,64.7,56.3,0.0,50.8,0,1,20,Bihar,BR,61.8,51.5,14.5,21.4,Gaya,38.6,1,86.8,36.2,0.1359,0
PG_2026_1042,POSTGRADUATE,Male,23,2-5 LPA,1,8.21,9.06,89.7,49.8,0.0,56.3,0,0,12,Gujarat,GJ,78.0,69.7,21.3,17.9,Narmada,32.4,1,89.5,30.5,0.0095,0
PG_2026_1043,POSTGRADUATE,Male,23,<2 LPA,1,6.94,6.99,74.9,72.3,750000.0,78.7,7,0,0,Haryana,HR,75.6,65.9,29.8,12.5,Gurugram,2.5,0,31.2,20.5,0.0508,0
PG_2026_1044,POSTGRADUATE,Male,25,5-10 LPA,0,6.6,7.72,71.1,46.8,350000.0,10.0,5,0,12,Madhya Pradesh,MP,69.3,59.2,24.8,18.5,Barwani,46.1,1,85.5,37.1,0.1654,0
PG_2026_1045,POSTGRADUATE,Male,23,5-10 LPA,1,7.8,6.41,64.9,32.0,150000.0,68.5,1,5,44,Rajasthan,RJ,66.1,52.1,26.0,17.2,Jaipur,6.9,0,47.6,22.5,0.6671,1
PG_2026_1046,POSTGRADUATE,Female,24,2-5 LPA,0,6.81,5.47,81.2,73.9,0.0,95.0,2,3,5,Rajasthan,RJ,66.1,52.1,26.0,17.2,Jaipur,6.9,0,47.6,22.5,0.0785,0
PG_2026_1047,POSTGRADUATE,Female,26,5-10 LPA,1,7.81,7.37,80.6,69.4,350000.0,71.7,4,0,4,Tamil Nadu,TN,80.1,73.4,51.4,8.1,Chennai,1.2,0,0.0,17.5,0.0226,0
PG_2026_1048,POSTGRADUATE,Female,24,>10 LPA,0,7.36,6.06,70.5,21.6,750000.0,79.9,18,1,12,Tamil Nadu,TN,80.1,73.4,51.4,8.1,Ramanathapuram,7.8,1,69.7,22.1,0.5875,1
PG_2026_1049,POSTGRADUATE,Male,26,5-10 LPA,0,8.0,6.67,74.8,80.8,0.0,38.4,1,2,1,Rajasthan,RJ,66.1,52.1,26.0,17.2,Jaipur,6.9,0,47.6,22.5,0.0708,0
PG_2026_1050,POSTGRADUATE,Female,26,2-5 LPA,0,9.17,9.88,69.6,46.6,350000.0,45.5,7,1,4,Kerala,KL,94.0,92.1,43.2,3.2,Ernakulam,0.6,0,31.9,14.8,0.0524,0
PG_2026_1051,POSTGRADUATE,Female,25,5-10 LPA,1,6.19,5.53,72.5,74.3,0.0,69.8,1,1,26,Kerala,KL,94.0,92.1,43.2,3.2,Wayanad,4.1,1,96.1,18.0,0.0586,0
PG_2026_1052,POSTGRADUATE,Female,25,<2 LPA,0,8.22,7.67,75.6,31.2,350000.0,51.9,9,0,1,Madhya Pradesh,MP,69.3,59.2,24.8,18.5,Barwani,46.1,1,85.5,37.1,0.1327,0
PG_2026_1053,POSTGRADUATE,Male,22,2-5 LPA,0,6.71,5.98,87.9,50.7,150000.0,32.8,1,2,7,Gujarat,GJ,78.0,69.7,21.3,17.9,Narmada,32.4,1,89.5,30.5,0.2318,0
PG_2026_1054,POSTGRADUATE,Female,21,2-5 LPA,0,7.09,6.22,84.7,90.5,350000.0,72.2,5,2,14,Madhya Pradesh,MP,69.3,59.2,24.8,18.5,Alirajpur,52.0,1,92.2,39.5,0.0485,0
PG_2026_1055,POSTGRADUATE,Female,25,5-10 LPA,0,6.98,5.97,90.9,62.2,0.0,85.8,0,0,6,Madhya Pradesh,MP,69.3,59.2,24.8,18.5,Indore,6.8,0,25.9,21.8,0.0179,0
PG_2026_1056,POSTGRADUATE,Female,26,2-5 LPA,0,6.22,5.57,78.5,66.8,0.0,35.8,3,1,2,Karnataka,KA,75.4,68.1,36.2,12.0,Bengaluru Urban,1.8,0,9.1,18.2,0.1223,0
PG_2026_1057,POSTGRADUATE,Female,22,2-5 LPA,0,6.56,6.37,83.9,76.0,150000.0,47.6,2,2,23,Madhya Pradesh,MP,69.3,59.2,24.8,18.5,Barwani,46.1,1,85.5,37.1,0.0802,0
PG_2026_1058,POSTGRADUATE,Female,21,2-5 LPA,0,5.77,5.39,90.2,38.0,0.0,35.5,3,0,8,Rajasthan,RJ,66.1,52.1,26.0,17.2,Jaipur,6.9,0,47.6,22.5,0.1539,0
PG_2026_1059,POSTGRADUATE,Male,26,2-5 LPA,0,9.41,9.7,72.6,55.3,0.0,64.9,5,0,2,Rajasthan,RJ,66.1,52.1,26.0,17.2,Kota,8.2,0,39.7,21.0,0.0093,0
PG_2026_1060,POSTGRADUATE,Female,21,2-5 LPA,0,9.03,9.4,71.6,31.5,0.0,68.8,3,0,11,Gujarat,GJ,78.0,69.7,21.3,17.9,Narmada,32.4,1,89.5,30.5,0.0221,0
PG_2026_1061,POSTGRADUATE,Male,23,2-5 LPA,0,8.46,9.33,94.0,58.7,350000.0,62.4,9,0,30,Madhya Pradesh,MP,69.3,59.2,24.8,18.5,Barwani,46.1,1,85.5,37.1,0.0108,0
PG_2026_1062,POSTGRADUATE,Male,22,5-10 LPA,0,7.59,7.48,80.5,72.7,0.0,39.9,2,0,5,Maharashtra,MH,82.3,75.9,32.3,11.2,Gadchiroli,28.5,1,89.0,28.9,0.0199,0
PG_2026_1063,POSTGRADUATE,Female,24,<2 LPA,0,8.3,8.27,60.4,94.1,350000.0,48.5,12,1,12,Rajasthan,RJ,66.1,52.1,26.0,17.2,Jaipur,6.9,0,47.6,22.5,0.0362,0
PG_2026_1064,POSTGRADUATE,Female,22,2-5 LPA,1,8.67,7.83,67.9,42.2,0.0,38.7,2,1,39,Kerala,KL,94.0,92.1,43.2,3.2,Thiruvananthapuram,0.9,0,46.2,15.2,0.1071,0
PG_2026_1065,POSTGRADUATE,Female,22,2-5 LPA,0,5.72,5.72,85.2,83.3,0.0,77.7,0,2,12,Tamil Nadu,TN,80.1,73.4,51.4,8.1,Coimbatore,2.1,0,24.2,18.9,0.0368,0
PG_2026_1066,POSTGRADUATE,Female,24,2-5 LPA,0,7.85,7.18,96.4,68.1,350000.0,70.4,3,2,11,Gujarat,GJ,78.0,69.7,21.3,17.9,Ahmedabad,3.8,0,15.9,20.2,0.0431,0
PG_2026_1067,POSTGRADUATE,Female,24,5-10 LPA,0,6.8,7.3,96.2,83.3,0.0,55.7,1,0,35,Tamil Nadu,TN,80.1,73.4,51.4,8.1,Chennai,1.2,0,0.0,17.5,0.0067,0
PG_2026_1068,POSTGRADUATE,Female,26,<2 LPA,1,6.67,6.8,74.6,100.0,0.0,72.4,2,0,3,Rajasthan,RJ,66.1,52.1,26.0,17.2,Jaipur,6.9,0,47.6,22.5,0.007,0
PG_2026_1069,POSTGRADUATE,Female,21,5-10 LPA,1,6.79,6.24,93.4,94.7,0.0,72.5,0,1,0,Karnataka,KA,75.4,68.1,36.2,12.0,Bengaluru Urban,1.8,0,9.1,18.2,0.01,0
PG_2026_1070,POSTGRADUATE,Female,25,5-10 LPA,0,8.12,7.46,63.0,74.5,0.0,56.5,2,1,11,Kerala,KL,94.0,92.1,43.2,3.2,Ernakulam,0.6,0,31.9,14.8,0.037,0
PG_2026_1071,POSTGRADUATE,Male,23,2-5 LPA,0,6.26,6.32,71.6,76.1,750000.0,80.0,7,4,3,Maharashtra,MH,82.3,75.9,32.3,11.2,Nandurbar,33.1,1,83.3,32.4,0.3509,0
PG_2026_1072,POSTGRADUATE,Male,23,2-5 LPA,1,7.4,7.43,69.1,58.8,0.0,46.1,1,0,36,Gujarat,GJ,78.0,69.7,21.3,17.9,Ahmedabad,3.8,0,15.9,20.2,0.039,0
PG_2026_1073,POSTGRADUATE,Female,24,<2 LPA,0,7.44,7.47,68.6,67.0,0.0,81.2,3,0,36,Gujarat,GJ,78.0,69.7,21.3,17.9,Ahmedabad,3.8,0,15.9,20.2,0.0158,0
PG_2026_1074,POSTGRADUATE,Male,22,>10 LPA,1,8.66,8.83,93.0,33.7,0.0,41.5,0,0,5,Kerala,KL,94.0,92.1,43.2,3.2,Thiruvananthapuram,0.9,0,46.2,15.2,0.0229,0
PG_2026_1075,POSTGRADUATE,Male,21,<2 LPA,1,7.55,7.78,82.6,23.3,350000.0,12.5,5,0,8,Maharashtra,MH,82.3,75.9,32.3,11.2,Gadchiroli,28.5,1,89.0,28.9,0.2271,0
PG_2026_1076,POSTGRADUATE,Male,25,<2 LPA,1,8.17,8.56,62.9,54.8,150000.0,45.4,4,0,2,Gujarat,GJ,78.0,69.7,21.3,17.9,Narmada,32.4,1,89.5,30.5,0.041,0
PG_2026_1077,POSTGRADUATE,Male,22,2-5 LPA,0,7.6,8.14,77.4,43.5,0.0,90.1,1,0,20,Rajasthan,RJ,66.1,52.1,26.0,17.2,Jaisalmer,31.8,1,86.7,33.2,0.015,0
PG_2026_1078,POSTGRADUATE,Male,22,2-5 LPA,0,8.9,7.53,90.0,79.2,0.0,49.4,1,1,6,Haryana,HR,75.6,65.9,29.8,12.5,Nuh / Mewat,44.8,1,88.6,47.0,0.0152,0
PG_2026_1079,POSTGRADUATE,Male,22,2-5 LPA,0,6.32,6.47,73.5,91.3,1200000.0,23.3,9,1,5,Karnataka,KA,75.4,68.1,36.2,12.0,Yadgir,39.4,1,81.2,36.5,0.287,0
PG_2026_1080,POSTGRADUATE,Female,23,2-5 LPA,0,8.89,7.96,74.2,50.9,0.0,87.6,2,0,25,Rajasthan,RJ,66.1,52.1,26.0,17.2,Barmer,34.2,1,93.0,35.8,0.0153,0
PG_2026_1081,POSTGRADUATE,Male,21,2-5 LPA,0,8.52,7.62,70.9,67.4,350000.0,56.4,5,1,17,Gujarat,GJ,78.0,69.7,21.3,17.9,Dahod,40.5,1,88.0,38.1,0.0629,0
PG_2026_1082,POSTGRADUATE,Male,24,5-10 LPA,1,7.76,7.48,67.3,61.6,350000.0,68.1,10,0,7,Gujarat,GJ,78.0,69.7,21.3,17.9,Dahod,40.5,1,88.0,38.1,0.0533,0
PG_2026_1083,POSTGRADUATE,Female,21,5-10 LPA,0,6.74,6.46,69.3,75.2,1200000.0,81.2,8,3,23,Kerala,KL,94.0,92.1,43.2,3.2,Thiruvananthapuram,0.9,0,46.2,15.2,0.3994,0
PG_2026_1084,POSTGRADUATE,Male,21,2-5 LPA,1,9.8,9.27,96.7,76.6,0.0,72.6,1,0,4,Haryana,HR,75.6,65.9,29.8,12.5,Gurugram,2.5,0,31.2,20.5,0.002,0
PG_2026_1085,POSTGRADUATE,Male,22,2-5 LPA,0,5.93,4.93,69.9,84.5,350000.0,79.7,6,3,10,Tamil Nadu,TN,80.1,73.4,51.4,8.1,Chennai,1.2,0,0.0,17.5,0.2269,0
PG_2026_1086,POSTGRADUATE,Male,24,2-5 LPA,0,6.9,6.41,57.9,52.0,0.0,19.0,2,3,34,Haryana,HR,75.6,65.9,29.8,12.5,Nuh / Mewat,44.8,1,88.6,47.0,0.5017,1
PG_2026_1087,POSTGRADUATE,Female,22,2-5 LPA,0,6.28,6.47,59.8,46.3,350000.0,61.0,7,2,8,Gujarat,GJ,78.0,69.7,21.3,17.9,Narmada,32.4,1,89.5,30.5,0.3718,0
PG_2026_1088,POSTGRADUATE,Female,24,2-5 LPA,0,9.26,9.72,87.9,51.3,350000.0,73.1,7,1,34,Madhya Pradesh,MP,69.3,59.2,24.8,18.5,Indore,6.8,0,25.9,21.8,0.0167,1
PG_2026_1089,POSTGRADUATE,Male,23,<2 LPA,0,6.78,7.24,66.1,41.8,150000.0,72.9,1,0,6,Tamil Nadu,TN,80.1,73.4,51.4,8.1,Coimbatore,2.1,0,24.2,18.9,0.0615,0
PG_2026_1090,POSTGRADUATE,Male,22,2-5 LPA,1,8.24,7.8,86.9,85.3,350000.0,45.9,7,0,4,Madhya Pradesh,MP,69.3,59.2,24.8,18.5,Alirajpur,52.0,1,92.2,39.5,0.0158,0
PG_2026_1091,POSTGRADUATE,Female,25,2-5 LPA,0,7.08,6.52,71.2,60.7,750000.0,81.3,9,0,20,Bihar,BR,61.8,51.5,14.5,21.4,Katihar,48.7,1,91.1,44.3,0.1061,0
PG_2026_1092,POSTGRADUATE,Female,26,2-5 LPA,0,7.79,7.4,91.7,72.6,150000.0,85.0,3,0,12,Uttar Pradesh,UP,67.7,57.2,23.2,16.8,Varanasi,16.3,0,56.6,29.4,0.0079,0
PG_2026_1093,POSTGRADUATE,Male,24,<2 LPA,0,6.75,6.09,67.6,97.3,0.0,60.8,1,2,11,Haryana,HR,75.6,65.9,29.8,12.5,Gurugram,2.5,0,31.2,20.5,0.0447,0
PG_2026_1094,POSTGRADUATE,Male,26,5-10 LPA,0,7.06,5.97,93.4,37.3,0.0,64.5,5,0,35,Madhya Pradesh,MP,69.3,59.2,24.8,18.5,Barwani,46.1,1,85.5,37.1,0.069,0
PG_2026_1095,POSTGRADUATE,Female,25,>10 LPA,0,8.01,7.95,76.8,35.6,350000.0,46.5,9,1,8,Karnataka,KA,75.4,68.1,36.2,12.0,Raichur,36.8,1,74.6,34.0,0.1663,0
PG_2026_1096,POSTGRADUATE,Male,23,5-10 LPA,0,5.92,5.33,78.3,82.1,0.0,21.2,3,1,5,Gujarat,GJ,78.0,69.7,21.3,17.9,Dahod,40.5,1,88.0,38.1,0.1118,0
PG_2026_1097,POSTGRADUATE,Male,25,<2 LPA,0,6.99,5.69,71.1,44.9,350000.0,10.0,5,4,16,Gujarat,GJ,78.0,69.7,21.3,17.9,Dahod,40.5,1,88.0,38.1,0.8274,0
PG_2026_1098,POSTGRADUATE,Female,26,2-5 LPA,1,7.21,7.26,73.1,63.0,350000.0,65.6,9,1,6,Madhya Pradesh,MP,69.3,59.2,24.8,18.5,Barwani,46.1,1,85.5,37.1,0.0784,0
PG_2026_1099,POSTGRADUATE,Female,21,5-10 LPA,0,5.5,5.99,97.8,33.1,0.0,60.1,0,4,20,Uttar Pradesh,UP,67.7,57.2,23.2,16.8,Varanasi,16.3,0,56.6,29.4,0.3347,0
PG_2026_1100,POSTGRADUATE,Male,23,5-10 LPA,1,7.05,6.97,51.1,89.3,350000.0,61.1,7,1,1,Uttar Pradesh,UP,67.7,57.2,23.2,16.8,Bahraich,54.4,1,92.1,46.5,0.0727,0
PG_2026_1101,POSTGRADUATE,Female,25,<2 LPA,0,8.9,9.9,43.8,10.7,0.0,93.5,0,0,8,Madhya Pradesh,MP,69.3,59.2,24.8,18.5,Alirajpur,52.0,1,92.2,39.5,0.0429,0
PG_2026_1102,POSTGRADUATE,Male,25,2-5 LPA,0,7.09,7.65,62.5,30.5,1200000.0,57.0,8,0,12,Rajasthan,RJ,66.1,52.1,26.0,17.2,Kota,8.2,0,39.7,21.0,0.4228,0
PG_2026_1103,POSTGRADUATE,Female,25,2-5 LPA,0,7.12,6.96,66.2,64.2,350000.0,49.7,6,1,1,Gujarat,GJ,78.0,69.7,21.3,17.9,Narmada,32.4,1,89.5,30.5,0.1279,1
PG_2026_1104,POSTGRADUATE,Female,25,2-5 LPA,0,7.14,6.19,90.9,51.9,150000.0,68.9,0,2,1,Maharashtra,MH,82.3,75.9,32.3,11.2,Mumbai,2.1,0,0.0,19.5,0.0997,0
PG_2026_1105,POSTGRADUATE,Male,25,5-10 LPA,0,5.5,5.04,53.0,59.2,350000.0,49.8,14,3,0,Tamil Nadu,TN,80.1,73.4,51.4,8.1,Ramanathapuram,7.8,1,69.7,22.1,0.7275,1
PG_2026_1106,POSTGRADUATE,Male,22,2-5 LPA,0,7.66,8.08,90.8,78.7,150000.0,65.2,3,0,17,Tamil Nadu,TN,80.1,73.4,51.4,8.1,Chennai,1.2,0,0.0,17.5,0.0067,0
PG_2026_1107,POSTGRADUATE,Female,23,2-5 LPA,1,6.25,6.04,75.8,61.2,150000.0,41.7,0,2,4,Uttar Pradesh,UP,67.7,57.2,23.2,16.8,Lucknow,8.5,0,33.8,24.1,0.1906,0
PG_2026_1108,POSTGRADUATE,Female,24,5-10 LPA,0,6.38,5.72,89.2,36.4,1200000.0,95.0,8,3,17,Gujarat,GJ,78.0,69.7,21.3,17.9,Dahod,40.5,1,88.0,38.1,0.6186,1
PG_2026_1109,POSTGRADUATE,Male,22,2-5 LPA,1,5.77,4.0,86.2,36.6,350000.0,62.0,8,1,7,Bihar,BR,61.8,51.5,14.5,21.4,Muzaffarpur,35.1,1,90.3,38.0,0.4745,0
PG_2026_1110,POSTGRADUATE,Male,26,2-5 LPA,1,8.34,7.0,82.7,100.0,1200000.0,44.6,9,0,10,Madhya Pradesh,MP,69.3,59.2,24.8,18.5,Alirajpur,52.0,1,92.2,39.5,0.0624,0
PG_2026_1111,POSTGRADUATE,Male,22,5-10 LPA,0,9.17,7.9,95.9,91.8,350000.0,57.2,7,1,2,Haryana,HR,75.6,65.9,29.8,12.5,Nuh / Mewat,44.8,1,88.6,47.0,0.012,0
PG_2026_1112,POSTGRADUATE,Female,21,5-10 LPA,1,7.37,6.2,67.4,99.3,350000.0,58.4,7,1,8,Karnataka,KA,75.4,68.1,36.2,12.0,Raichur,36.8,1,74.6,34.0,0.052,0
PG_2026_1113,POSTGRADUATE,Female,26,2-5 LPA,0,8.93,9.9,72.7,70.3,150000.0,70.6,4,0,4,Karnataka,KA,75.4,68.1,36.2,12.0,Bengaluru Urban,1.8,0,9.1,18.2,0.0053,0
PG_2026_1114,POSTGRADUATE,Female,23,2-5 LPA,0,7.29,8.66,63.8,87.2,750000.0,55.9,6,0,1,Rajasthan,RJ,66.1,52.1,26.0,17.2,Barmer,34.2,1,93.0,35.8,0.0263,0
PG_2026_1115,POSTGRADUATE,Male,23,5-10 LPA,0,7.42,7.23,66.3,42.7,0.0,65.8,2,2,7,Madhya Pradesh,MP,69.3,59.2,24.8,18.5,Bhopal,9.4,0,19.1,23.4,0.141,0
PG_2026_1116,POSTGRADUATE,Male,21,2-5 LPA,1,7.4,6.23,100.0,83.5,0.0,77.0,3,3,4,Uttar Pradesh,UP,67.7,57.2,23.2,16.8,Shravasti,49.6,1,96.5,48.2,0.0328,0
PG_2026_1117,POSTGRADUATE,Male,25,<2 LPA,0,6.67,7.33,70.3,45.1,0.0,47.8,2,0,10,Haryana,HR,75.6,65.9,29.8,12.5,Nuh / Mewat,44.8,1,88.6,47.0,0.0628,0
PG_2026_1118,POSTGRADUATE,Male,23,2-5 LPA,1,7.64,7.86,62.6,69.6,0.0,93.8,0,2,10,Karnataka,KA,75.4,68.1,36.2,12.0,Yadgir,39.4,1,81.2,36.5,0.0263,0
PG_2026_1119,POSTGRADUATE,Male,25,2-5 LPA,0,7.53,7.38,60.2,78.6,0.0,21.4,1,0,9,Karnataka,KA,75.4,68.1,36.2,12.0,Yadgir,39.4,1,81.2,36.5,0.0427,0
PG_2026_1120,POSTGRADUATE,Male,25,5-10 LPA,1,9.78,8.64,77.2,47.0,0.0,73.4,1,3,55,Uttar Pradesh,UP,67.7,57.2,23.2,16.8,Shravasti,49.6,1,96.5,48.2,0.0601,0
PG_2026_1121,POSTGRADUATE,Female,23,2-5 LPA,1,7.94,8.39,51.1,38.0,0.0,82.6,2,0,6,Tamil Nadu,TN,80.1,73.4,51.4,8.1,Coimbatore,2.1,0,24.2,18.9,0.0407,0
PG_2026_1122,POSTGRADUATE,Female,21,5-10 LPA,0,7.63,8.99,60.2,4.4,0.0,23.7,2,1,19,Rajasthan,RJ,66.1,52.1,26.0,17.2,Barmer,34.2,1,93.0,35.8,0.2871,0
PG_2026_1123,POSTGRADUATE,Male,21,2-5 LPA,0,8.45,8.74,62.2,100.0,150000.0,71.6,1,0,27,Kerala,KL,94.0,92.1,43.2,3.2,Wayanad,4.1,1,96.1,18.0,0.0043,0
PG_2026_1124,POSTGRADUATE,Female,21,<2 LPA,1,7.85,8.9,65.5,40.7,150000.0,55.8,5,0,20,Madhya Pradesh,MP,69.3,59.2,24.8,18.5,Barwani,46.1,1,85.5,37.1,0.0431,0
PG_2026_1125,POSTGRADUATE,Male,21,<2 LPA,1,8.04,7.94,82.1,79.6,150000.0,52.5,4,0,46,Karnataka,KA,75.4,68.1,36.2,12.0,Bengaluru Urban,1.8,0,9.1,18.2,0.0121,0
PG_2026_1126,POSTGRADUATE,Female,26,5-10 LPA,0,8.0,7.63,98.2,80.1,350000.0,76.6,13,0,0,Gujarat,GJ,78.0,69.7,21.3,17.9,Dahod,40.5,1,88.0,38.1,0.01,0
PG_2026_1127,POSTGRADUATE,Female,24,2-5 LPA,1,6.71,5.82,54.9,45.7,0.0,79.1,1,0,9,Haryana,HR,75.6,65.9,29.8,12.5,Nuh / Mewat,44.8,1,88.6,47.0,0.1096,0
PG_2026_1128,POSTGRADUATE,Female,22,<2 LPA,0,8.39,9.9,74.2,75.6,0.0,60.5,2,0,4,Kerala,KL,94.0,92.1,43.2,3.2,Thiruvananthapuram,0.9,0,46.2,15.2,0.0038,0
PG_2026_1129,POSTGRADUATE,Male,24,2-5 LPA,1,6.44,6.15,79.6,39.7,350000.0,49.7,7,5,4,Madhya Pradesh,MP,69.3,59.2,24.8,18.5,Alirajpur,52.0,1,92.2,39.5,0.7346,1
PG_2026_1130,POSTGRADUATE,Female,23,>10 LPA,1,7.64,8.26,85.8,90.0,0.0,10.0,3,0,4,Rajasthan,RJ,66.1,52.1,26.0,17.2,Jaisalmer,31.8,1,86.7,33.2,0.0114,0
PG_2026_1131,POSTGRADUATE,Male,25,2-5 LPA,0,8.25,8.53,78.9,52.0,750000.0,38.2,7,0,23,Maharashtra,MH,82.3,75.9,32.3,11.2,Mumbai,2.1,0,0.0,19.5,0.0852,0
PG_2026_1132,POSTGRADUATE,Male,26,<2 LPA,1,7.44,7.17,60.6,77.9,0.0,51.6,2,0,11,Gujarat,GJ,78.0,69.7,21.3,17.9,Dahod,40.5,1,88.0,38.1,0.0279,0
PG_2026_1133,POSTGRADUATE,Male,23,5-10 LPA,0,7.68,8.03,100.0,50.7,350000.0,45.6,8,0,4,Haryana,HR,75.6,65.9,29.8,12.5,Nuh / Mewat,44.8,1,88.6,47.0,0.0323,0
PG_2026_1134,POSTGRADUATE,Male,22,<2 LPA,1,8.71,8.77,79.8,55.4,750000.0,68.5,8,0,10,Kerala,KL,94.0,92.1,43.2,3.2,Thiruvananthapuram,0.9,0,46.2,15.2,0.0382,0
PG_2026_1135,POSTGRADUATE,Male,24,<2 LPA,0,6.02,7.21,70.0,83.8,1200000.0,88.8,6,0,19,Maharashtra,MH,82.3,75.9,32.3,11.2,Gadchiroli,28.5,1,89.0,28.9,0.0539,0
PG_2026_1136,POSTGRADUATE,Female,26,>10 LPA,0,8.15,6.12,66.1,47.0,0.0,83.1,4,1,9,Maharashtra,MH,82.3,75.9,32.3,11.2,Gadchiroli,28.5,1,89.0,28.9,0.108,0
PG_2026_1137,POSTGRADUATE,Male,26,>10 LPA,1,5.76,5.41,69.1,52.7,150000.0,19.2,3,0,13,Maharashtra,MH,82.3,75.9,32.3,11.2,Nandurbar,33.1,1,83.3,32.4,0.2598,0
PG_2026_1138,POSTGRADUATE,Male,26,2-5 LPA,0,7.67,6.03,72.2,20.8,0.0,78.7,2,4,22,Karnataka,KA,75.4,68.1,36.2,12.0,Raichur,36.8,1,74.6,34.0,0.5472,1
PG_2026_1139,POSTGRADUATE,Male,22,2-5 LPA,0,5.75,6.21,77.0,39.6,350000.0,85.1,7,2,40,Haryana,HR,75.6,65.9,29.8,12.5,Gurugram,2.5,0,31.2,20.5,0.2415,0
PG_2026_1140,POSTGRADUATE,Female,25,<2 LPA,1,5.5,6.3,70.6,32.4,150000.0,57.7,2,4,44,Madhya Pradesh,MP,69.3,59.2,24.8,18.5,Alirajpur,52.0,1,92.2,39.5,0.5805,1
PG_2026_1141,POSTGRADUATE,Male,26,2-5 LPA,0,6.52,7.4,76.0,37.1,350000.0,59.0,6,2,11,Tamil Nadu,TN,80.1,73.4,51.4,8.1,Coimbatore,2.1,0,24.2,18.9,0.2329,0
PG_2026_1142,POSTGRADUATE,Female,25,<2 LPA,0,6.93,6.49,70.3,73.6,150000.0,67.2,2,1,52,Madhya Pradesh,MP,69.3,59.2,24.8,18.5,Alirajpur,52.0,1,92.2,39.5,0.0518,0
PG_2026_1143,POSTGRADUATE,Female,26,<2 LPA,0,7.5,7.88,54.4,49.0,750000.0,44.6,8,0,17,Haryana,HR,75.6,65.9,29.8,12.5,Nuh / Mewat,44.8,1,88.6,47.0,0.2203,0
PG_2026_1144,POSTGRADUATE,Female,22,2-5 LPA,0,7.04,7.55,87.4,74.1,750000.0,35.0,7,0,9,Haryana,HR,75.6,65.9,29.8,12.5,Gurugram,2.5,0,31.2,20.5,0.0575,0
PG_2026_1145,POSTGRADUATE,Male,26,2-5 LPA,0,7.65,7.91,89.5,61.0,0.0,73.5,3,0,30,Gujarat,GJ,78.0,69.7,21.3,17.9,Dahod,40.5,1,88.0,38.1,0.0096,0
PG_2026_1146,POSTGRADUATE,Female,26,2-5 LPA,0,7.63,7.32,92.3,77.9,0.0,66.6,0,1,2,Rajasthan,RJ,66.1,52.1,26.0,17.2,Jaipur,6.9,0,47.6,22.5,0.0115,0
PG_2026_1147,POSTGRADUATE,Male,25,>10 LPA,0,7.54,8.61,85.0,53.6,750000.0,67.4,6,1,10,Maharashtra,MH,82.3,75.9,32.3,11.2,Nandurbar,33.1,1,83.3,32.4,0.0585,0
PG_2026_1148,POSTGRADUATE,Male,23,2-5 LPA,1,7.05,7.02,68.4,54.0,750000.0,65.9,10,0,2,Haryana,HR,75.6,65.9,29.8,12.5,Nuh / Mewat,44.8,1,88.6,47.0,0.1484,1
PG_2026_1149,POSTGRADUATE,Male,26,<2 LPA,1,8.12,9.25,66.3,48.0,150000.0,40.6,0,1,2,Maharashtra,MH,82.3,75.9,32.3,11.2,Mumbai,2.1,0,0.0,19.5,0.0501,0
PG_2026_1150,POSTGRADUATE,Male,26,2-5 LPA,0,6.92,8.13,58.9,86.2,350000.0,74.7,6,0,5,Haryana,HR,75.6,65.9,29.8,12.5,Gurugram,2.5,0,31.2,20.5,0.0161,0
PG_2026_1151,POSTGRADUATE,Female,23,>10 LPA,0,6.34,5.32,92.4,73.3,350000.0,34.9,10,3,5,Kerala,KL,94.0,92.1,43.2,3.2,Ernakulam,0.6,0,31.9,14.8,0.3344,0
PG_2026_1152,POSTGRADUATE,Male,21,<2 LPA,0,7.27,6.97,74.8,20.7,150000.0,48.7,0,0,25,Madhya Pradesh,MP,69.3,59.2,24.8,18.5,Alirajpur,52.0,1,92.2,39.5,0.1612,0
PG_2026_1153,POSTGRADUATE,Male,26,2-5 LPA,0,6.72,7.01,75.4,70.3,1200000.0,38.8,10,0,0,Kerala,KL,94.0,92.1,43.2,3.2,Wayanad,4.1,1,96.1,18.0,0.2141,0
PG_2026_1154,POSTGRADUATE,Male,21,<2 LPA,0,9.25,8.92,86.1,34.9,350000.0,67.2,8,1,4,Kerala,KL,94.0,92.1,43.2,3.2,Wayanad,4.1,1,96.1,18.0,0.0546,0
PG_2026_1155,POSTGRADUATE,Male,25,2-5 LPA,0,8.59,7.95,84.5,33.2,350000.0,56.0,6,0,10,Rajasthan,RJ,66.1,52.1,26.0,17.2,Kota,8.2,0,39.7,21.0,0.0723,0
PG_2026_1156,POSTGRADUATE,Male,24,2-5 LPA,0,6.92,6.31,80.1,64.2,0.0,57.6,0,3,12,Karnataka,KA,75.4,68.1,36.2,12.0,Yadgir,39.4,1,81.2,36.5,0.1328,0
PG_2026_1157,POSTGRADUATE,Female,21,2-5 LPA,1,9.09,9.39,72.8,46.5,0.0,95.0,5,0,6,Karnataka,KA,75.4,68.1,36.2,12.0,Yadgir,39.4,1,81.2,36.5,0.0082,0
PG_2026_1158,POSTGRADUATE,Male,23,2-5 LPA,1,9.19,7.64,62.3,80.6,0.0,41.7,0,2,7,Uttar Pradesh,UP,67.7,57.2,23.2,16.8,Noida / Gautam Buddha Nagar,7.1,0,40.9,22.0,0.0559,0
PG_2026_1159,POSTGRADUATE,Female,25,2-5 LPA,0,7.53,7.02,50.9,100.0,0.0,87.0,3,0,14,Rajasthan,RJ,66.1,52.1,26.0,17.2,Jaisalmer,31.8,1,86.7,33.2,0.0097,0
PG_2026_1160,POSTGRADUATE,Female,24,2-5 LPA,0,7.07,6.2,80.0,0.0,0.0,36.9,3,2,16,Gujarat,GJ,78.0,69.7,21.3,17.9,Ahmedabad,3.8,0,15.9,20.2,0.6118,0
PG_2026_1161,POSTGRADUATE,Female,22,<2 LPA,1,7.1,6.25,85.1,69.2,350000.0,36.6,9,1,33,Haryana,HR,75.6,65.9,29.8,12.5,Nuh / Mewat,44.8,1,88.6,47.0,0.1295,0
PG_2026_1162,POSTGRADUATE,Female,22,5-10 LPA,0,8.1,8.86,87.5,17.6,350000.0,46.7,10,0,10,Uttar Pradesh,UP,67.7,57.2,23.2,16.8,Varanasi,16.3,0,56.6,29.4,0.0936,1
PG_2026_1163,POSTGRADUATE,Male,24,2-5 LPA,1,6.85,6.6,100.0,52.8,0.0,51.4,0,0,0,Rajasthan,RJ,66.1,52.1,26.0,17.2,Barmer,34.2,1,93.0,35.8,0.0265,0
PG_2026_1164,POSTGRADUATE,Female,25,5-10 LPA,0,7.43,7.9,65.1,32.8,0.0,56.0,4,0,22,Gujarat,GJ,78.0,69.7,21.3,17.9,Narmada,32.4,1,89.5,30.5,0.0739,0
PG_2026_1165,POSTGRADUATE,Male,22,5-10 LPA,0,7.19,7.31,53.2,21.2,0.0,65.1,0,1,1,Haryana,HR,75.6,65.9,29.8,12.5,Gurugram,2.5,0,31.2,20.5,0.2214,0
PG_2026_1166,POSTGRADUATE,Male,23,2-5 LPA,1,7.08,7.9,100.0,51.7,0.0,57.1,2,0,1,Gujarat,GJ,78.0,69.7,21.3,17.9,Narmada,32.4,1,89.5,30.5,0.013,0
PG_2026_1167,POSTGRADUATE,Female,22,5-10 LPA,0,7.25,7.89,56.3,55.2,150000.0,77.0,0,0,12,Haryana,HR,75.6,65.9,29.8,12.5,Gurugram,2.5,0,31.2,20.5,0.0331,0
PG_2026_1168,POSTGRADUATE,Male,21,5-10 LPA,0,9.58,9.9,74.5,53.6,350000.0,19.1,9,0,3,Karnataka,KA,75.4,68.1,36.2,12.0,Raichur,36.8,1,74.6,34.0,0.0393,0
PG_2026_1169,POSTGRADUATE,Male,22,<2 LPA,0,8.12,7.49,63.6,76.6,750000.0,54.3,4,1,6,Karnataka,KA,75.4,68.1,36.2,12.0,Raichur,36.8,1,74.6,34.0,0.1059,0
PG_2026_1170,POSTGRADUATE,Male,24,2-5 LPA,0,8.06,6.73,80.9,52.3,0.0,77.3,1,0,8,Uttar Pradesh,UP,67.7,57.2,23.2,16.8,Lucknow,8.5,0,33.8,24.1,0.0274,0
PG_2026_1171,POSTGRADUATE,Male,26,5-10 LPA,0,6.84,5.65,80.9,58.1,350000.0,81.0,9,1,18,Madhya Pradesh,MP,69.3,59.2,24.8,18.5,Indore,6.8,0,25.9,21.8,0.1246,0
PG_2026_1172,POSTGRADUATE,Male,25,>10 LPA,0,7.47,6.56,81.9,75.5,0.0,60.6,3,0,13,Rajasthan,RJ,66.1,52.1,26.0,17.2,Kota,8.2,0,39.7,21.0,0.0196,0
PG_2026_1173,POSTGRADUATE,Female,22,5-10 LPA,1,7.82,6.89,61.1,62.1,350000.0,61.5,10,3,9,Haryana,HR,75.6,65.9,29.8,12.5,Nuh / Mewat,44.8,1,88.6,47.0,0.3206,0
PG_2026_1174,POSTGRADUATE,Female,21,<2 LPA,0,6.58,5.83,69.7,55.8,0.0,60.5,0,1,31,Maharashtra,MH,82.3,75.9,32.3,11.2,Pune,3.9,0,39.1,21.0,0.113,0
PG_2026_1175,POSTGRADUATE,Male,22,2-5 LPA,1,7.65,5.84,82.1,61.5,0.0,66.4,4,2,0,Tamil Nadu,TN,80.1,73.4,51.4,8.1,Coimbatore,2.1,0,24.2,18.9,0.1073,0
PG_2026_1176,POSTGRADUATE,Female,25,>10 LPA,0,6.86,6.44,87.2,35.8,350000.0,48.9,7,2,15,Bihar,BR,61.8,51.5,14.5,21.4,Katihar,48.7,1,91.1,44.3,0.3275,0
PG_2026_1177,POSTGRADUATE,Male,25,2-5 LPA,0,7.02,5.67,93.8,40.7,150000.0,58.5,2,4,0,Gujarat,GJ,78.0,69.7,21.3,17.9,Narmada,32.4,1,89.5,30.5,0.4175,0
PG_2026_1178,POSTGRADUATE,Female,21,<2 LPA,0,8.32,7.89,61.6,54.4,0.0,66.6,2,0,23,Maharashtra,MH,82.3,75.9,32.3,11.2,Pune,3.9,0,39.1,21.0,0.0307,0
PG_2026_1179,POSTGRADUATE,Male,23,5-10 LPA,0,6.92,7.35,90.9,75.7,350000.0,74.0,8,0,6,Bihar,BR,61.8,51.5,14.5,21.4,Purnia,50.4,1,89.2,42.1,0.0149,0
PG_2026_1180,POSTGRADUATE,Female,21,2-5 LPA,1,5.84,4.03,82.3,76.4,0.0,95.0,3,2,1,Gujarat,GJ,78.0,69.7,21.3,17.9,Ahmedabad,3.8,0,15.9,20.2,0.0952,0
PG_2026_1181,POSTGRADUATE,Male,24,2-5 LPA,1,8.7,9.72,88.1,88.5,0.0,40.6,3,0,19,Karnataka,KA,75.4,68.1,36.2,12.0,Raichur,36.8,1,74.6,34.0,0.0027,0
PG_2026_1182,POSTGRADUATE,Female,24,2-5 LPA,1,7.67,7.76,93.6,86.1,350000.0,47.3,2,1,18,Madhya Pradesh,MP,69.3,59.2,24.8,18.5,Barwani,46.1,1,85.5,37.1,0.0173,0
PG_2026_1183,POSTGRADUATE,Male,23,<2 LPA,1,8.02,8.82,70.9,79.8,350000.0,33.6,8,1,8,Kerala,KL,94.0,92.1,43.2,3.2,Thiruvananthapuram,0.9,0,46.2,15.2,0.0378,1
PG_2026_1184,POSTGRADUATE,Male,23,2-5 LPA,0,7.71,7.1,79.6,17.6,750000.0,30.9,6,1,1,Bihar,BR,61.8,51.5,14.5,21.4,Muzaffarpur,35.1,1,90.3,38.0,0.5527,1
PG_2026_1185,POSTGRADUATE,Male,21,2-5 LPA,1,7.68,8.23,82.7,59.8,0.0,71.8,1,0,2,Bihar,BR,61.8,51.5,14.5,21.4,Patna,18.2,0,56.4,28.5,0.0099,0
PG_2026_1186,POSTGRADUATE,Male,25,<2 LPA,0,7.38,7.55,73.7,30.5,0.0,65.4,2,2,3,Tamil Nadu,TN,80.1,73.4,51.4,8.1,Chennai,1.2,0,0.0,17.5,0.1459,0
PG_2026_1187,POSTGRADUATE,Female,21,5-10 LPA,0,7.54,6.72,61.8,78.7,150000.0,53.2,3,0,14,Bihar,BR,61.8,51.5,14.5,21.4,Gaya,38.6,1,86.8,36.2,0.0415,0
PG_2026_1188,POSTGRADUATE,Male,26,2-5 LPA,0,7.87,6.16,77.6,84.3,350000.0,46.7,12,2,8,Maharashtra,MH,82.3,75.9,32.3,11.2,Mumbai,2.1,0,0.0,19.5,0.1477,0
PG_2026_1189,POSTGRADUATE,Female,21,2-5 LPA,1,6.59,5.47,96.7,44.3,150000.0,24.9,2,0,90,Karnataka,KA,75.4,68.1,36.2,12.0,Raichur,36.8,1,74.6,34.0,0.146,0
PG_2026_1190,POSTGRADUATE,Female,25,>10 LPA,0,9.02,9.21,65.4,36.5,0.0,64.6,1,0,11,Bihar,BR,61.8,51.5,14.5,21.4,Purnia,50.4,1,89.2,42.1,0.025,0
PG_2026_1191,POSTGRADUATE,Male,26,2-5 LPA,1,6.77,5.62,60.2,59.5,150000.0,46.3,5,3,6,Bihar,BR,61.8,51.5,14.5,21.4,Muzaffarpur,35.1,1,90.3,38.0,0.4732,0
PG_2026_1192,POSTGRADUATE,Female,21,<2 LPA,1,8.87,7.62,81.8,68.2,0.0,29.7,0,2,4,Maharashtra,MH,82.3,75.9,32.3,11.2,Pune,3.9,0,39.1,21.0,0.0615,1
PG_2026_1193,POSTGRADUATE,Female,22,2-5 LPA,0,8.22,6.68,61.5,82.6,0.0,65.9,2,0,23,Uttar Pradesh,UP,67.7,57.2,23.2,16.8,Noida / Gautam Buddha Nagar,7.1,0,40.9,22.0,0.0229,0
PG_2026_1194,POSTGRADUATE,Female,21,2-5 LPA,0,6.73,6.32,86.2,61.5,350000.0,61.2,6,3,1,Maharashtra,MH,82.3,75.9,32.3,11.2,Gadchiroli,28.5,1,89.0,28.9,0.2133,0
PG_2026_1195,POSTGRADUATE,Male,22,2-5 LPA,0,9.16,8.49,70.7,57.4,150000.0,71.2,2,0,1,Bihar,BR,61.8,51.5,14.5,21.4,Purnia,50.4,1,89.2,42.1,0.0175,0
PG_2026_1196,POSTGRADUATE,Male,23,2-5 LPA,0,8.62,9.05,58.7,57.2,750000.0,61.6,10,0,15,Karnataka,KA,75.4,68.1,36.2,12.0,Raichur,36.8,1,74.6,34.0,0.0694,1
PG_2026_1197,POSTGRADUATE,Female,26,5-10 LPA,0,8.04,9.15,51.5,71.0,750000.0,73.0,5,2,2,Madhya Pradesh,MP,69.3,59.2,24.8,18.5,Bhopal,9.4,0,19.1,23.4,0.0896,0
PG_2026_1198,POSTGRADUATE,Male,25,2-5 LPA,0,7.2,7.72,79.3,72.6,150000.0,60.3,4,3,0,Tamil Nadu,TN,80.1,73.4,51.4,8.1,Ramanathapuram,7.8,1,69.7,22.1,0.0686,0
PG_2026_1199,POSTGRADUATE,Male,21,2-5 LPA,0,7.82,7.82,71.3,87.8,350000.0,62.0,7,0,60,Haryana,HR,75.6,65.9,29.8,12.5,Gurugram,2.5,0,31.2,20.5,0.0166,0
PG_2026_1200,POSTGRADUATE,Female,24,<2 LPA,1,7.31,6.66,88.7,60.3,0.0,61.4,2,0,6,Uttar Pradesh,UP,67.7,57.2,23.2,16.8,Noida / Gautam Buddha Nagar,7.1,0,40.9,22.0,0.0243,0
PG_2026_1201,POSTGRADUATE,Male,25,<2 LPA,0,7.66,7.92,77.6,89.1,350000.0,72.4,14,0,15,Tamil Nadu,TN,80.1,73.4,51.4,8.1,Chennai,1.2,0,0.0,17.5,0.0129,0
PG_2026_1202,POSTGRADUATE,Female,21,5-10 LPA,0,5.6,5.51,81.9,46.1,150000.0,85.7,0,1,10,Tamil Nadu,TN,80.1,73.4,51.4,8.1,Chennai,1.2,0,0.0,17.5,0.1005,0
PG_2026_1203,POSTGRADUATE,Male,23,5-10 LPA,0,5.5,5.91,100.0,29.7,150000.0,41.9,1,1,0,Gujarat,GJ,78.0,69.7,21.3,17.9,Dahod,40.5,1,88.0,38.1,0.187,0
PG_2026_1204,POSTGRADUATE,Male,23,2-5 LPA,1,8.48,8.3,88.3,5.0,350000.0,69.8,10,0,15,Uttar Pradesh,UP,67.7,57.2,23.2,16.8,Noida / Gautam Buddha Nagar,7.1,0,40.9,22.0,0.1181,0
PG_2026_1205,POSTGRADUATE,Male,26,5-10 LPA,0,7.86,7.67,65.6,57.2,350000.0,45.3,10,0,23,Madhya Pradesh,MP,69.3,59.2,24.8,18.5,Indore,6.8,0,25.9,21.8,0.0893,0
PG_2026_1206,POSTGRADUATE,Female,25,2-5 LPA,1,7.66,6.83,73.1,27.0,0.0,41.9,4,0,21,Haryana,HR,75.6,65.9,29.8,12.5,Nuh / Mewat,44.8,1,88.6,47.0,0.1557,0
PG_2026_1207,POSTGRADUATE,Male,24,<2 LPA,1,7.59,5.79,83.5,70.3,0.0,56.2,0,4,15,Uttar Pradesh,UP,67.7,57.2,23.2,16.8,Shravasti,49.6,1,96.5,48.2,0.2022,0
PG_2026_1208,POSTGRADUATE,Male,25,5-10 LPA,0,8.78,7.44,70.5,30.6,750000.0,37.8,7,3,18,Gujarat,GJ,78.0,69.7,21.3,17.9,Dahod,40.5,1,88.0,38.1,0.6761,1
PG_2026_1209,POSTGRADUATE,Female,25,2-5 LPA,0,7.67,8.08,49.8,47.3,0.0,75.8,1,0,0,Bihar,BR,61.8,51.5,14.5,21.4,Katihar,48.7,1,91.1,44.3,0.0401,0
PG_2026_1210,POSTGRADUATE,Male,25,<2 LPA,0,6.92,6.5,82.3,92.7,150000.0,40.1,4,3,4,Uttar Pradesh,UP,67.7,57.2,23.2,16.8,Shravasti,49.6,1,96.5,48.2,0.0888,0
PG_2026_1211,POSTGRADUATE,Male,24,<2 LPA,1,7.55,6.73,90.2,81.4,150000.0,49.7,2,0,2,Madhya Pradesh,MP,69.3,59.2,24.8,18.5,Indore,6.8,0,25.9,21.8,0.0171,0
PG_2026_1212,POSTGRADUATE,Female,25,>10 LPA,1,9.64,8.85,66.4,50.8,350000.0,95.0,11,2,2,Rajasthan,RJ,66.1,52.1,26.0,17.2,Jaipur,6.9,0,47.6,22.5,0.0612,1
PG_2026_1213,POSTGRADUATE,Male,21,2-5 LPA,1,7.21,7.19,87.1,23.5,150000.0,48.2,3,1,19,Madhya Pradesh,MP,69.3,59.2,24.8,18.5,Indore,6.8,0,25.9,21.8,0.1646,0
PG_2026_1214,POSTGRADUATE,Male,21,5-10 LPA,0,8.79,7.8,72.5,43.2,0.0,63.1,2,1,13,Maharashtra,MH,82.3,75.9,32.3,11.2,Mumbai,2.1,0,0.0,19.5,0.0591,0
PG_2026_1215,POSTGRADUATE,Male,22,<2 LPA,1,7.01,7.21,91.6,81.5,0.0,73.1,4,1,0,Uttar Pradesh,UP,67.7,57.2,23.2,16.8,Shravasti,49.6,1,96.5,48.2,0.0111,0
PG_2026_1216,POSTGRADUATE,Male,23,2-5 LPA,0,9.67,9.83,77.4,69.5,0.0,95.0,2,0,4,Rajasthan,RJ,66.1,52.1,26.0,17.2,Barmer,34.2,1,93.0,35.8,0.0023,0
PG_2026_1217,POSTGRADUATE,Male,26,<2 LPA,1,7.21,7.25,78.9,79.9,0.0,69.1,3,0,2,Maharashtra,MH,82.3,75.9,32.3,11.2,Pune,3.9,0,39.1,21.0,0.0107,0
PG_2026_1218,POSTGRADUATE,Male,26,2-5 LPA,1,7.91,6.79,62.8,100.0,350000.0,78.4,13,1,3,Madhya Pradesh,MP,69.3,59.2,24.8,18.5,Alirajpur,52.0,1,92.2,39.5,0.0353,0
PG_2026_1219,POSTGRADUATE,Male,23,2-5 LPA,1,7.54,6.21,66.6,100.0,150000.0,51.9,1,2,0,Maharashtra,MH,82.3,75.9,32.3,11.2,Gadchiroli,28.5,1,89.0,28.9,0.0579,1
PG_2026_1220,POSTGRADUATE,Male,21,5-10 LPA,0,5.84,4.19,55.9,73.1,750000.0,39.3,6,0,0,Karnataka,KA,75.4,68.1,36.2,12.0,Bengaluru Urban,1.8,0,9.1,18.2,0.4774,0
PG_2026_1221,POSTGRADUATE,Female,24,<2 LPA,0,6.54,6.56,93.4,17.6,750000.0,67.8,4,0,2,Gujarat,GJ,78.0,69.7,21.3,17.9,Ahmedabad,3.8,0,15.9,20.2,0.2292,0
PG_2026_1222,POSTGRADUATE,Male,25,2-5 LPA,1,6.63,7.06,73.8,51.5,0.0,48.4,4,0,1,Bihar,BR,61.8,51.5,14.5,21.4,Gaya,38.6,1,86.8,36.2,0.056,0
PG_2026_1223,POSTGRADUATE,Female,24,2-5 LPA,0,8.14,6.84,74.9,96.7,150000.0,65.0,1,0,23,Uttar Pradesh,UP,67.7,57.2,23.2,16.8,Varanasi,16.3,0,56.6,29.4,0.0106,0
PG_2026_1224,POSTGRADUATE,Male,21,2-5 LPA,0,6.58,5.36,89.1,5.3,0.0,62.8,1,1,14,Bihar,BR,61.8,51.5,14.5,21.4,Muzaffarpur,35.1,1,90.3,38.0,0.349,0
PG_2026_1225,POSTGRADUATE,Female,26,5-10 LPA,1,8.15,7.07,83.5,59.9,0.0,65.2,4,0,1,Uttar Pradesh,UP,67.7,57.2,23.2,16.8,Lucknow,8.5,0,33.8,24.1,0.0229,0
PG_2026_1226,POSTGRADUATE,Female,23,>10 LPA,0,8.93,9.06,91.0,42.1,150000.0,76.2,2,0,17,Bihar,BR,61.8,51.5,14.5,21.4,Katihar,48.7,1,91.1,44.3,0.0108,0
PG_2026_1227,POSTGRADUATE,Male,24,<2 LPA,1,9.45,9.42,79.1,25.4,0.0,88.5,3,0,11,Haryana,HR,75.6,65.9,29.8,12.5,Nuh / Mewat,44.8,1,88.6,47.0,0.0146,0
PG_2026_1228,POSTGRADUATE,Female,25,2-5 LPA,0,8.54,8.75,100.0,51.0,350000.0,81.3,10,0,5,Uttar Pradesh,UP,67.7,57.2,23.2,16.8,Noida / Gautam Buddha Nagar,7.1,0,40.9,22.0,0.0116,0
PG_2026_1229,POSTGRADUATE,Male,22,2-5 LPA,1,8.2,7.89,69.3,69.1,350000.0,63.5,5,0,28,Uttar Pradesh,UP,67.7,57.2,23.2,16.8,Shravasti,49.6,1,96.5,48.2,0.0291,0
PG_2026_1230,POSTGRADUATE,Female,26,<2 LPA,0,7.14,7.0,73.3,70.3,0.0,20.5,4,1,21,Tamil Nadu,TN,80.1,73.4,51.4,8.1,Coimbatore,2.1,0,24.2,18.9,0.0847,0
PG_2026_1231,POSTGRADUATE,Female,23,<2 LPA,0,8.77,7.53,67.2,55.5,150000.0,58.2,1,0,11,Gujarat,GJ,78.0,69.7,21.3,17.9,Ahmedabad,3.8,0,15.9,20.2,0.0428,0
PG_2026_1232,POSTGRADUATE,Female,23,5-10 LPA,1,8.22,8.84,70.6,56.4,0.0,45.6,1,0,6,Uttar Pradesh,UP,67.7,57.2,23.2,16.8,Shravasti,49.6,1,96.5,48.2,0.0192,0
PG_2026_1233,POSTGRADUATE,Female,22,>10 LPA,1,7.41,7.19,82.3,65.2,0.0,62.5,4,1,17,Tamil Nadu,TN,80.1,73.4,51.4,8.1,Coimbatore,2.1,0,24.2,18.9,0.0318,0
PG_2026_1234,POSTGRADUATE,Male,26,<2 LPA,0,7.83,7.16,82.5,70.0,150000.0,83.9,1,0,1,Uttar Pradesh,UP,67.7,57.2,23.2,16.8,Lucknow,8.5,0,33.8,24.1,0.0124,0
PG_2026_1235,POSTGRADUATE,Female,22,<2 LPA,0,7.03,5.9,67.7,52.8,0.0,36.9,2,3,38,Kerala,KL,94.0,92.1,43.2,3.2,Wayanad,4.1,1,96.1,18.0,0.4034,0
PG_2026_1236,POSTGRADUATE,Male,26,5-10 LPA,0,6.79,6.02,90.4,90.4,0.0,46.7,3,1,5,Madhya Pradesh,MP,69.3,59.2,24.8,18.5,Alirajpur,52.0,1,92.2,39.5,0.0261,0
PG_2026_1237,POSTGRADUATE,Male,26,<2 LPA,0,7.12,6.71,84.9,78.3,750000.0,65.1,5,0,3,Haryana,HR,75.6,65.9,29.8,12.5,Nuh / Mewat,44.8,1,88.6,47.0,0.044,0
PG_2026_1238,POSTGRADUATE,Female,22,5-10 LPA,0,6.83,6.31,100.0,67.9,0.0,52.2,1,2,8,Haryana,HR,75.6,65.9,29.8,12.5,Nuh / Mewat,44.8,1,88.6,47.0,0.0494,0
PG_2026_1239,POSTGRADUATE,Female,24,<2 LPA,0,7.13,6.27,80.3,83.9,0.0,40.5,4,1,31,Madhya Pradesh,MP,69.3,59.2,24.8,18.5,Bhopal,9.4,0,19.1,23.4,0.0446,0
PG_2026_1240,POSTGRADUATE,Male,26,>10 LPA,0,8.08,7.8,81.2,47.7,0.0,65.0,5,0,4,Kerala,KL,94.0,92.1,43.2,3.2,Thiruvananthapuram,0.9,0,46.2,15.2,0.026,0
PG_2026_1241,POSTGRADUATE,Male,24,5-10 LPA,1,7.62,7.64,90.8,33.9,350000.0,87.9,8,1,21,Karnataka,KA,75.4,68.1,36.2,12.0,Bengaluru Urban,1.8,0,9.1,18.2,0.0651,0
PG_2026_1242,POSTGRADUATE,Female,22,5-10 LPA,0,8.4,6.15,96.7,32.0,0.0,61.0,3,4,7,Bihar,BR,61.8,51.5,14.5,21.4,Purnia,50.4,1,89.2,42.1,0.3511,0
PG_2026_1243,POSTGRADUATE,Male,23,2-5 LPA,1,6.85,6.61,77.1,67.6,0.0,42.3,0,0,7,Kerala,KL,94.0,92.1,43.2,3.2,Wayanad,4.1,1,96.1,18.0,0.0369,1
PG_2026_1244,POSTGRADUATE,Male,25,5-10 LPA,1,6.01,4.46,78.4,70.1,350000.0,45.5,5,0,3,Maharashtra,MH,82.3,75.9,32.3,11.2,Mumbai,2.1,0,0.0,19.5,0.1721,0
PG_2026_1245,POSTGRADUATE,Female,26,2-5 LPA,1,7.6,6.81,79.6,81.6,750000.0,95.0,9,0,3,Kerala,KL,94.0,92.1,43.2,3.2,Ernakulam,0.6,0,31.9,14.8,0.0279,0
PG_2026_1246,POSTGRADUATE,Female,23,2-5 LPA,0,7.25,6.98,82.6,33.8,0.0,64.4,2,0,2,Gujarat,GJ,78.0,69.7,21.3,17.9,Dahod,40.5,1,88.0,38.1,0.0565,0
PG_2026_1247,POSTGRADUATE,Male,23,2-5 LPA,0,7.66,6.88,81.3,100.0,350000.0,58.5,11,1,4,Kerala,KL,94.0,92.1,43.2,3.2,Thiruvananthapuram,0.9,0,46.2,15.2,0.0271,0
PG_2026_1248,POSTGRADUATE,Female,24,<2 LPA,1,7.49,6.82,86.1,47.8,0.0,43.5,4,0,13,Tamil Nadu,TN,80.1,73.4,51.4,8.1,Coimbatore,2.1,0,24.2,18.9,0.0554,0
PG_2026_1249,POSTGRADUATE,Male,26,2-5 LPA,1,6.05,5.12,85.8,75.6,0.0,95.0,3,1,2,Karnataka,KA,75.4,68.1,36.2,12.0,Bengaluru Urban,1.8,0,9.1,18.2,0.0313,0
PG_2026_1250,POSTGRADUATE,Female,21,2-5 LPA,0,9.8,9.66,81.9,73.3,750000.0,87.4,11,0,2,Gujarat,GJ,78.0,69.7,21.3,17.9,Ahmedabad,3.8,0,15.9,20.2,0.0093,0
PG_2026_1251,POSTGRADUATE,Male,24,2-5 LPA,0,7.0,6.64,72.4,94.1,0.0,65.7,3,0,24,Haryana,HR,75.6,65.9,29.8,12.5,Nuh / Mewat,44.8,1,88.6,47.0,0.0118,0
PG_2026_1252,POSTGRADUATE,Female,22,<2 LPA,0,6.36,5.95,79.0,79.6,350000.0,67.7,10,3,14,Madhya Pradesh,MP,69.3,59.2,24.8,18.5,Barwani,46.1,1,85.5,37.1,0.1816,1
PG_2026_1253,POSTGRADUATE,Male,21,5-10 LPA,0,5.5,4.04,63.5,100.0,150000.0,57.9,1,1,21,Gujarat,GJ,78.0,69.7,21.3,17.9,Narmada,32.4,1,89.5,30.5,0.1068,0
PG_2026_1254,POSTGRADUATE,Male,24,2-5 LPA,1,7.42,6.84,68.7,68.4,350000.0,31.9,9,1,2,Madhya Pradesh,MP,69.3,59.2,24.8,18.5,Barwani,46.1,1,85.5,37.1,0.1659,0
PG_2026_1255,POSTGRADUATE,Female,25,2-5 LPA,0,7.45,4.52,80.2,60.2,0.0,89.4,2,1,21,Maharashtra,MH,82.3,75.9,32.3,11.2,Pune,3.9,0,39.1,21.0,0.0897,0
PG_2026_1256,POSTGRADUATE,Female,23,<2 LPA,1,6.46,5.96,85.9,55.3,0.0,73.2,1,3,36,Madhya Pradesh,MP,69.3,59.2,24.8,18.5,Bhopal,9.4,0,19.1,23.4,0.1393,0
PG_2026_1257,POSTGRADUATE,Male,24,2-5 LPA,0,7.15,6.96,97.1,100.0,350000.0,55.5,9,0,9,Kerala,KL,94.0,92.1,43.2,3.2,Ernakulam,0.6,0,31.9,14.8,0.0099,0
PG_2026_1258,POSTGRADUATE,Female,26,<2 LPA,0,8.16,9.72,81.4,62.9,0.0,27.0,2,0,1,Bihar,BR,61.8,51.5,14.5,21.4,Katihar,48.7,1,91.1,44.3,0.0104,0
PG_2026_1259,POSTGRADUATE,Male,26,2-5 LPA,0,6.55,5.88,65.5,32.9,0.0,54.6,2,2,12,Rajasthan,RJ,66.1,52.1,26.0,17.2,Kota,8.2,0,39.7,21.0,0.3841,0
PG_2026_1260,POSTGRADUATE,Male,21,2-5 LPA,1,5.5,6.08,71.3,100.0,0.0,49.0,3,1,9,Maharashtra,MH,82.3,75.9,32.3,11.2,Pune,3.9,0,39.1,21.0,0.0306,0
PG_2026_1261,POSTGRADUATE,Male,23,2-5 LPA,0,7.25,7.87,50.7,66.1,350000.0,60.6,8,1,2,Haryana,HR,75.6,65.9,29.8,12.5,Gurugram,2.5,0,31.2,20.5,0.1025,0
PG_2026_1262,POSTGRADUATE,Female,23,2-5 LPA,0,6.92,6.84,80.7,94.2,150000.0,51.1,0,0,84,Rajasthan,RJ,66.1,52.1,26.0,17.2,Jaipur,6.9,0,47.6,22.5,0.0124,0
PG_2026_1263,POSTGRADUATE,Male,21,2-5 LPA,0,8.97,6.84,74.4,46.4,750000.0,75.0,10,1,10,Bihar,BR,61.8,51.5,14.5,21.4,Muzaffarpur,35.1,1,90.3,38.0,0.2249,0
PG_2026_1264,POSTGRADUATE,Female,26,<2 LPA,0,7.81,7.25,62.7,47.8,350000.0,42.1,12,0,11,Maharashtra,MH,82.3,75.9,32.3,11.2,Gadchiroli,28.5,1,89.0,28.9,0.1765,0
PG_2026_1265,POSTGRADUATE,Female,25,2-5 LPA,1,7.11,7.83,100.0,43.8,350000.0,40.5,5,0,5,Rajasthan,RJ,66.1,52.1,26.0,17.2,Barmer,34.2,1,93.0,35.8,0.0452,0
PG_2026_1266,POSTGRADUATE,Male,24,2-5 LPA,0,7.28,7.04,71.2,11.6,150000.0,74.8,1,1,18,Uttar Pradesh,UP,67.7,57.2,23.2,16.8,Balrampur,47.9,1,92.3,45.0,0.2224,0
PG_2026_1267,POSTGRADUATE,Female,22,<2 LPA,0,7.18,7.04,73.1,42.9,750000.0,53.4,8,0,16,Bihar,BR,61.8,51.5,14.5,21.4,Purnia,50.4,1,89.2,42.1,0.2095,0
PG_2026_1268,POSTGRADUATE,Female,26,<2 LPA,0,8.57,7.95,84.6,31.9,750000.0,95.0,8,0,4,Kerala,KL,94.0,92.1,43.2,3.2,Ernakulam,0.6,0,31.9,14.8,0.0677,0
PG_2026_1269,POSTGRADUATE,Female,26,5-10 LPA,1,7.28,6.03,83.6,100.0,0.0,49.2,4,2,5,Rajasthan,RJ,66.1,52.1,26.0,17.2,Jaisalmer,31.8,1,86.7,33.2,0.0366,0
PG_2026_1270,POSTGRADUATE,Male,22,<2 LPA,0,6.99,6.74,84.1,85.6,150000.0,59.5,1,1,10,Haryana,HR,75.6,65.9,29.8,12.5,Nuh / Mewat,44.8,1,88.6,47.0,0.0228,0
PG_2026_1271,POSTGRADUATE,Male,22,2-5 LPA,0,8.37,7.48,82.0,41.8,150000.0,74.6,5,2,0,Karnataka,KA,75.4,68.1,36.2,12.0,Yadgir,39.4,1,81.2,36.5,0.0975,0
PG_2026_1272,POSTGRADUATE,Male,21,5-10 LPA,0,5.5,4.39,75.6,46.8,350000.0,56.8,9,1,16,Haryana,HR,75.6,65.9,29.8,12.5,Gurugram,2.5,0,31.2,20.5,0.4465,0
PG_2026_1273,POSTGRADUATE,Female,21,<2 LPA,1,5.5,6.46,71.7,36.3,0.0,65.4,1,1,3,Karnataka,KA,75.4,68.1,36.2,12.0,Bengaluru Urban,1.8,0,9.1,18.2,0.1359,0
PG_2026_1274,POSTGRADUATE,Female,21,5-10 LPA,0,6.93,6.69,58.5,75.7,150000.0,42.8,2,2,9,Haryana,HR,75.6,65.9,29.8,12.5,Nuh / Mewat,44.8,1,88.6,47.0,0.1485,0
PG_2026_1275,POSTGRADUATE,Female,22,>10 LPA,0,7.17,6.68,68.4,90.0,350000.0,63.1,10,1,22,Haryana,HR,75.6,65.9,29.8,12.5,Nuh / Mewat,44.8,1,88.6,47.0,0.0541,0
PG_2026_1276,POSTGRADUATE,Female,22,2-5 LPA,1,6.57,6.75,83.8,34.3,0.0,68.9,2,0,29,Uttar Pradesh,UP,67.7,57.2,23.2,16.8,Balrampur,47.9,1,92.3,45.0,0.0554,0
PG_2026_1277,POSTGRADUATE,Male,22,2-5 LPA,1,7.75,7.47,82.3,36.4,350000.0,80.3,9,0,3,Rajasthan,RJ,66.1,52.1,26.0,17.2,Jaipur,6.9,0,47.6,22.5,0.0619,1
PG_2026_1278,POSTGRADUATE,Female,22,2-5 LPA,0,6.98,7.21,87.1,62.2,350000.0,58.8,13,1,0,Madhya Pradesh,MP,69.3,59.2,24.8,18.5,Barwani,46.1,1,85.5,37.1,0.0724,0
PG_2026_1279,POSTGRADUATE,Female,21,<2 LPA,0,7.51,8.29,70.1,29.2,0.0,26.2,2,0,18,Karnataka,KA,75.4,68.1,36.2,12.0,Bengaluru Urban,1.8,0,9.1,18.2,0.0963,0
PG_2026_1280,POSTGRADUATE,Male,25,2-5 LPA,1,6.69,6.02,79.7,75.0,1200000.0,89.1,5,2,19,Karnataka,KA,75.4,68.1,36.2,12.0,Bengaluru Urban,1.8,0,9.1,18.2,0.2252,0
PG_2026_1281,POSTGRADUATE,Male,22,2-5 LPA,1,6.97,5.91,81.7,42.2,350000.0,42.1,6,0,6,Rajasthan,RJ,66.1,52.1,26.0,17.2,Kota,8.2,0,39.7,21.0,0.1999,0
PG_2026_1282,POSTGRADUATE,Male,22,<2 LPA,0,8.19,7.72,70.3,82.4,750000.0,71.1,9,0,25,Gujarat,GJ,78.0,69.7,21.3,17.9,Narmada,32.4,1,89.5,30.5,0.0349,0
PG_2026_1283,POSTGRADUATE,Female,25,<2 LPA,1,8.22,9.03,71.5,59.3,0.0,37.1,0,2,0,Karnataka,KA,75.4,68.1,36.2,12.0,Raichur,36.8,1,74.6,34.0,0.0462,0
PG_2026_1284,POSTGRADUATE,Female,24,2-5 LPA,1,9.8,9.27,81.1,47.6,0.0,75.7,4,0,16,Bihar,BR,61.8,51.5,14.5,21.4,Gaya,38.6,1,86.8,36.2,0.0093,0
PG_2026_1285,POSTGRADUATE,Female,26,2-5 LPA,1,6.33,5.75,65.9,84.8,750000.0,74.6,5,2,21,Kerala,KL,94.0,92.1,43.2,3.2,Thiruvananthapuram,0.9,0,46.2,15.2,0.1977,0
PG_2026_1286,POSTGRADUATE,Male,24,2-5 LPA,1,7.33,7.08,84.6,49.8,750000.0,56.4,8,1,7,Rajasthan,RJ,66.1,52.1,26.0,17.2,Kota,8.2,0,39.7,21.0,0.1826,0
PG_2026_1287,POSTGRADUATE,Female,21,<2 LPA,0,6.96,6.56,67.1,63.4,0.0,51.2,2,0,5,Karnataka,KA,75.4,68.1,36.2,12.0,Yadgir,39.4,1,81.2,36.5,0.0524,0
PG_2026_1288,POSTGRADUATE,Male,26,2-5 LPA,1,8.84,8.92,83.5,53.2,150000.0,44.1,5,2,2,Haryana,HR,75.6,65.9,29.8,12.5,Gurugram,2.5,0,31.2,20.5,0.0546,1
PG_2026_1289,POSTGRADUATE,Female,25,2-5 LPA,0,7.5,7.13,64.4,31.0,0.0,40.4,0,0,18,Gujarat,GJ,78.0,69.7,21.3,17.9,Ahmedabad,3.8,0,15.9,20.2,0.1361,0
PG_2026_1290,POSTGRADUATE,Female,26,5-10 LPA,1,7.48,8.84,43.1,51.1,0.0,50.0,4,1,0,Maharashtra,MH,82.3,75.9,32.3,11.2,Mumbai,2.1,0,0.0,19.5,0.0829,1
PG_2026_1291,POSTGRADUATE,Female,22,>10 LPA,0,5.5,5.24,87.6,100.0,0.0,67.6,2,1,21,Maharashtra,MH,82.3,75.9,32.3,11.2,Gadchiroli,28.5,1,89.0,28.9,0.02,0
PG_2026_1292,POSTGRADUATE,Female,22,<2 LPA,0,6.77,6.65,62.4,72.9,350000.0,36.0,7,0,44,Uttar Pradesh,UP,67.7,57.2,23.2,16.8,Bahraich,54.4,1,92.1,46.5,0.1057,0
PG_2026_1293,POSTGRADUATE,Male,21,2-5 LPA,1,6.9,7.2,74.4,54.5,0.0,54.9,3,0,25,Gujarat,GJ,78.0,69.7,21.3,17.9,Dahod,40.5,1,88.0,38.1,0.0394,0
PG_2026_1294,POSTGRADUATE,Female,23,<2 LPA,0,6.07,4.93,100.0,55.9,0.0,73.7,2,0,3,Tamil Nadu,TN,80.1,73.4,51.4,8.1,Coimbatore,2.1,0,24.2,18.9,0.0402,0
PG_2026_1295,POSTGRADUATE,Female,23,<2 LPA,0,6.42,5.88,69.7,52.0,0.0,34.2,1,3,39,Rajasthan,RJ,66.1,52.1,26.0,17.2,Jaipur,6.9,0,47.6,22.5,0.4036,0
PG_2026_1296,POSTGRADUATE,Male,21,<2 LPA,1,8.24,9.06,73.0,64.2,0.0,42.8,3,0,15,Rajasthan,RJ,66.1,52.1,26.0,17.2,Jaisalmer,31.8,1,86.7,33.2,0.0138,0
PG_2026_1297,POSTGRADUATE,Female,24,5-10 LPA,0,6.8,6.27,64.2,53.9,0.0,50.3,3,5,5,Madhya Pradesh,MP,69.3,59.2,24.8,18.5,Alirajpur,52.0,1,92.2,39.5,0.5591,1
PG_2026_1298,POSTGRADUATE,Female,22,2-5 LPA,0,6.46,6.42,94.2,23.0,350000.0,26.0,11,5,13,Gujarat,GJ,78.0,69.7,21.3,17.9,Narmada,32.4,1,89.5,30.5,0.836,1
PG_2026_1299,POSTGRADUATE,Male,21,5-10 LPA,0,7.59,6.39,56.0,67.5,750000.0,80.6,9,0,15,Haryana,HR,75.6,65.9,29.8,12.5,Gurugram,2.5,0,31.2,20.5,0.1385,0
PG_2026_1300,POSTGRADUATE,Female,22,2-5 LPA,1,7.69,8.38,100.0,45.8,750000.0,54.2,10,0,10,Uttar Pradesh,UP,67.7,57.2,23.2,16.8,Balrampur,47.9,1,92.3,45.0,0.051,0
PG_2026_1301,POSTGRADUATE,Male,21,<2 LPA,1,7.0,7.26,84.3,26.9,150000.0,56.1,2,1,4,Uttar Pradesh,UP,67.7,57.2,23.2,16.8,Lucknow,8.5,0,33.8,24.1,0.1311,0
PG_2026_1302,POSTGRADUATE,Female,24,5-10 LPA,0,7.05,6.99,85.1,62.1,0.0,88.7,2,0,40,Maharashtra,MH,82.3,75.9,32.3,11.2,Pune,3.9,0,39.1,21.0,0.0124,0
PG_2026_1303,POSTGRADUATE,Male,22,2-5 LPA,0,8.17,9.52,82.4,39.9,150000.0,59.5,3,0,4,Gujarat,GJ,78.0,69.7,21.3,17.9,Ahmedabad,3.8,0,15.9,20.2,0.0168,0
PG_2026_1304,POSTGRADUATE,Male,24,2-5 LPA,1,7.27,6.44,84.0,68.4,0.0,46.3,1,3,8,Kerala,KL,94.0,92.1,43.2,3.2,Ernakulam,0.6,0,31.9,14.8,0.1252,0
PG_2026_1305,POSTGRADUATE,Male,26,2-5 LPA,0,7.55,6.71,76.2,99.4,0.0,81.4,3,0,9,Gujarat,GJ,78.0,69.7,21.3,17.9,Dahod,40.5,1,88.0,38.1,0.0062,0
PG_2026_1306,POSTGRADUATE,Female,25,5-10 LPA,0,6.39,6.79,77.2,94.0,150000.0,60.2,0,1,10,Gujarat,GJ,78.0,69.7,21.3,17.9,Ahmedabad,3.8,0,15.9,20.2,0.0194,0
PG_2026_1307,POSTGRADUATE,Male,25,<2 LPA,0,7.5,6.7,87.1,40.2,350000.0,51.5,5,0,6,Gujarat,GJ,78.0,69.7,21.3,17.9,Ahmedabad,3.8,0,15.9,20.2,0.1056,0
PG_2026_1308,POSTGRADUATE,Male,21,<2 LPA,1,6.66,6.5,85.1,39.0,150000.0,63.8,0,3,17,Uttar Pradesh,UP,67.7,57.2,23.2,16.8,Noida / Gautam Buddha Nagar,7.1,0,40.9,22.0,0.2417,0
PG_2026_1309,POSTGRADUATE,Male,24,<2 LPA,0,8.04,7.67,60.9,74.1,0.0,72.0,5,0,27,Uttar Pradesh,UP,67.7,57.2,23.2,16.8,Lucknow,8.5,0,33.8,24.1,0.0179,0
PG_2026_1310,POSTGRADUATE,Female,22,<2 LPA,0,6.04,5.52,66.0,57.4,150000.0,34.7,2,3,6,Madhya Pradesh,MP,69.3,59.2,24.8,18.5,Alirajpur,52.0,1,92.2,39.5,0.493,0
PG_2026_1311,POSTGRADUATE,Male,25,2-5 LPA,0,6.67,5.33,59.3,97.2,150000.0,75.1,1,0,3,Gujarat,GJ,78.0,69.7,21.3,17.9,Dahod,40.5,1,88.0,38.1,0.0307,0
PG_2026_1312,POSTGRADUATE,Male,26,<2 LPA,0,7.74,8.06,96.3,72.1,350000.0,67.7,11,0,21,Haryana,HR,75.6,65.9,29.8,12.5,Gurugram,2.5,0,31.2,20.5,0.0123,0
PG_2026_1313,POSTGRADUATE,Male,24,>10 LPA,1,7.73,6.85,87.2,65.6,350000.0,91.9,13,0,0,Maharashtra,MH,82.3,75.9,32.3,11.2,Nandurbar,33.1,1,83.3,32.4,0.0256,1
PG_2026_1314,POSTGRADUATE,Male,22,2-5 LPA,1,7.77,8.83,68.6,67.6,0.0,40.7,4,0,3,Tamil Nadu,TN,80.1,73.4,51.4,8.1,Chennai,1.2,0,0.0,17.5,0.0171,0
PG_2026_1315,POSTGRADUATE,Male,26,2-5 LPA,0,8.49,9.2,75.7,40.1,0.0,76.1,1,0,19,Maharashtra,MH,82.3,75.9,32.3,11.2,Mumbai,2.1,0,0.0,19.5,0.0131,0
PG_2026_1316,POSTGRADUATE,Male,22,>10 LPA,0,8.16,7.77,83.7,85.1,0.0,56.3,2,0,12,Kerala,KL,94.0,92.1,43.2,3.2,Ernakulam,0.6,0,31.9,14.8,0.0073,0
PG_2026_1317,POSTGRADUATE,Male,23,2-5 LPA,0,6.22,5.88,76.9,70.0,350000.0,63.5,9,1,1,Rajasthan,RJ,66.1,52.1,26.0,17.2,Kota,8.2,0,39.7,21.0,0.1167,0
PG_2026_1318,POSTGRADUATE,Male,26,2-5 LPA,0,8.49,7.89,94.8,31.6,0.0,51.1,2,0,12,Madhya Pradesh,MP,69.3,59.2,24.8,18.5,Bhopal,9.4,0,19.1,23.4,0.0342,0
PG_2026_1319,POSTGRADUATE,Female,22,2-5 LPA,1,9.07,9.17,72.9,60.3,0.0,58.3,0,0,19,Gujarat,GJ,78.0,69.7,21.3,17.9,Ahmedabad,3.8,0,15.9,20.2,0.0099,0
PG_2026_1320,POSTGRADUATE,Male,22,<2 LPA,1,5.87,5.58,87.2,83.9,150000.0,87.8,0,2,7,Gujarat,GJ,78.0,69.7,21.3,17.9,Narmada,32.4,1,89.5,30.5,0.0372,0
PG_2026_1321,POSTGRADUATE,Female,22,>10 LPA,0,7.43,6.45,92.8,54.5,750000.0,64.2,8,3,9,Madhya Pradesh,MP,69.3,59.2,24.8,18.5,Indore,6.8,0,25.9,21.8,0.3285,0
PG_2026_1322,POSTGRADUATE,Female,23,>10 LPA,1,5.5,4.0,65.3,77.5,350000.0,32.2,3,1,4,Gujarat,GJ,78.0,69.7,21.3,17.9,Dahod,40.5,1,88.0,38.1,0.3804,0
PG_2026_1323,POSTGRADUATE,Male,22,2-5 LPA,0,7.2,8.05,85.2,30.9,750000.0,33.2,5,0,2,Uttar Pradesh,UP,67.7,57.2,23.2,16.8,Noida / Gautam Buddha Nagar,7.1,0,40.9,22.0,0.1785,0
PG_2026_1324,POSTGRADUATE,Male,25,2-5 LPA,1,7.95,6.66,91.3,28.0,0.0,57.8,3,1,1,Gujarat,GJ,78.0,69.7,21.3,17.9,Narmada,32.4,1,89.5,30.5,0.116,1
PG_2026_1325,POSTGRADUATE,Male,26,2-5 LPA,1,6.01,4.55,53.5,77.3,350000.0,73.6,5,4,12,Haryana,HR,75.6,65.9,29.8,12.5,Nuh / Mewat,44.8,1,88.6,47.0,0.5789,1
PG_2026_1326,POSTGRADUATE,Male,24,2-5 LPA,0,7.17,6.08,86.5,24.8,0.0,54.5,1,2,7,Kerala,KL,94.0,92.1,43.2,3.2,Thiruvananthapuram,0.9,0,46.2,15.2,0.2764,0
PG_2026_1327,POSTGRADUATE,Male,24,<2 LPA,1,7.75,7.45,73.9,43.0,0.0,26.5,3,0,7,Bihar,BR,61.8,51.5,14.5,21.4,Patna,18.2,0,56.4,28.5,0.0879,0
PG_2026_1328,POSTGRADUATE,Female,22,<2 LPA,0,6.81,6.4,84.2,72.8,150000.0,60.6,2,1,3,Rajasthan,RJ,66.1,52.1,26.0,17.2,Kota,8.2,0,39.7,21.0,0.0426,0
PG_2026_1329,POSTGRADUATE,Female,23,<2 LPA,0,7.81,6.72,69.4,59.9,0.0,48.7,2,1,8,Madhya Pradesh,MP,69.3,59.2,24.8,18.5,Alirajpur,52.0,1,92.2,39.5,0.0848,0
PG_2026_1330,POSTGRADUATE,Female,25,2-5 LPA,0,5.73,5.5,78.7,56.3,350000.0,74.2,7,2,7,Haryana,HR,75.6,65.9,29.8,12.5,Gurugram,2.5,0,31.2,20.5,0.2372,0
PG_2026_1331,POSTGRADUATE,Male,22,5-10 LPA,1,6.17,5.94,88.2,59.9,750000.0,66.5,4,1,2,Karnataka,KA,75.4,68.1,36.2,12.0,Bengaluru Urban,1.8,0,9.1,18.2,0.1581,0
PG_2026_1332,POSTGRADUATE,Male,22,>10 LPA,0,6.61,6.93,69.9,63.4,0.0,75.1,3,2,23,Gujarat,GJ,78.0,69.7,21.3,17.9,Ahmedabad,3.8,0,15.9,20.2,0.0675,0
PG_2026_1333,POSTGRADUATE,Female,25,2-5 LPA,0,9.12,8.52,71.2,51.3,750000.0,57.9,5,0,2,Karnataka,KA,75.4,68.1,36.2,12.0,Raichur,36.8,1,74.6,34.0,0.0708,0
PG_2026_1334,POSTGRADUATE,Female,22,2-5 LPA,1,9.47,7.32,51.3,76.0,350000.0,82.1,6,0,0,Uttar Pradesh,UP,67.7,57.2,23.2,16.8,Shravasti,49.6,1,96.5,48.2,0.0379,0
PG_2026_1335,POSTGRADUATE,Male,23,5-10 LPA,0,7.74,7.51,84.8,75.0,350000.0,58.0,3,0,3,Maharashtra,MH,82.3,75.9,32.3,11.2,Gadchiroli,28.5,1,89.0,28.9,0.0193,0
PG_2026_1336,POSTGRADUATE,Female,22,5-10 LPA,0,6.31,6.39,75.3,12.7,0.0,54.7,3,1,4,Karnataka,KA,75.4,68.1,36.2,12.0,Raichur,36.8,1,74.6,34.0,0.3082,0
PG_2026_1337,POSTGRADUATE,Male,23,5-10 LPA,0,5.5,4.38,62.3,55.9,0.0,77.8,0,0,8,Tamil Nadu,TN,80.1,73.4,51.4,8.1,Coimbatore,2.1,0,24.2,18.9,0.1308,0
PG_2026_1338,POSTGRADUATE,Male,26,2-5 LPA,0,8.82,9.2,83.1,71.7,350000.0,52.5,6,0,5,Uttar Pradesh,UP,67.7,57.2,23.2,16.8,Varanasi,16.3,0,56.6,29.4,0.0112,0
PG_2026_1339,POSTGRADUATE,Male,22,2-5 LPA,0,8.27,7.52,52.4,45.0,350000.0,46.3,5,1,21,Uttar Pradesh,UP,67.7,57.2,23.2,16.8,Shravasti,49.6,1,96.5,48.2,0.2478,0
PG_2026_1340,POSTGRADUATE,Female,22,<2 LPA,0,5.99,5.1,66.9,94.8,0.0,57.2,3,3,13,Tamil Nadu,TN,80.1,73.4,51.4,8.1,Ramanathapuram,7.8,1,69.7,22.1,0.1456,1
PG_2026_1341,POSTGRADUATE,Male,21,2-5 LPA,0,9.09,8.83,63.2,62.0,350000.0,37.4,8,0,15,Maharashtra,MH,82.3,75.9,32.3,11.2,Gadchiroli,28.5,1,89.0,28.9,0.0492,0
PG_2026_1342,POSTGRADUATE,Male,23,>10 LPA,1,7.28,7.71,89.5,60.5,0.0,71.3,1,0,18,Rajasthan,RJ,66.1,52.1,26.0,17.2,Kota,8.2,0,39.7,21.0,0.0106,1
PG_2026_1343,POSTGRADUATE,Male,21,5-10 LPA,0,8.25,7.49,79.5,62.7,0.0,73.5,3,0,15,Bihar,BR,61.8,51.5,14.5,21.4,Muzaffarpur,35.1,1,90.3,38.0,0.0153,0
PG_2026_1344,POSTGRADUATE,Female,26,2-5 LPA,0,5.73,6.73,100.0,75.3,0.0,11.1,1,0,12,Karnataka,KA,75.4,68.1,36.2,12.0,Bengaluru Urban,1.8,0,9.1,18.2,0.026,0
PG_2026_1345,POSTGRADUATE,Female,23,>10 LPA,1,6.74,6.43,82.4,54.5,750000.0,64.0,5,2,2,Uttar Pradesh,UP,67.7,57.2,23.2,16.8,Shravasti,49.6,1,96.5,48.2,0.2695,1
PG_2026_1346,POSTGRADUATE,Male,25,2-5 LPA,0,7.15,7.91,60.5,30.3,0.0,72.1,3,0,11,Gujarat,GJ,78.0,69.7,21.3,17.9,Dahod,40.5,1,88.0,38.1,0.0655,0
PG_2026_1347,POSTGRADUATE,Male,25,<2 LPA,0,6.93,7.27,90.8,78.2,0.0,50.5,2,0,22,Kerala,KL,94.0,92.1,43.2,3.2,Ernakulam,0.6,0,31.9,14.8,0.011,0
PG_2026_1348,POSTGRADUATE,Male,23,2-5 LPA,1,5.73,5.11,79.3,66.2,0.0,80.1,1,0,2,Kerala,KL,94.0,92.1,43.2,3.2,Wayanad,4.1,1,96.1,18.0,0.0402,0
PG_2026_1349,POSTGRADUATE,Female,24,2-5 LPA,0,6.63,6.31,56.2,43.3,0.0,86.8,1,1,3,Gujarat,GJ,78.0,69.7,21.3,17.9,Dahod,40.5,1,88.0,38.1,0.122,0
PG_2026_1350,POSTGRADUATE,Male,24,2-5 LPA,0,7.48,7.77,66.5,45.8,150000.0,38.7,2,0,4,Haryana,HR,75.6,65.9,29.8,12.5,Nuh / Mewat,44.8,1,88.6,47.0,0.0794,0
PG_2026_1351,POSTGRADUATE,Male,26,2-5 LPA,0,7.49,8.03,96.1,31.2,150000.0,83.6,2,1,15,Maharashtra,MH,82.3,75.9,32.3,11.2,Pune,3.9,0,39.1,21.0,0.0333,0
PG_2026_1352,POSTGRADUATE,Female,21,2-5 LPA,0,6.63,6.33,82.6,55.6,0.0,38.6,0,0,0,Haryana,HR,75.6,65.9,29.8,12.5,Nuh / Mewat,44.8,1,88.6,47.0,0.0585,0
PG_2026_1353,POSTGRADUATE,Male,22,2-5 LPA,0,7.96,8.79,68.6,45.3,150000.0,49.2,0,0,21,Tamil Nadu,TN,80.1,73.4,51.4,8.1,Coimbatore,2.1,0,24.2,18.9,0.0343,0
PG_2026_1354,POSTGRADUATE,Male,22,2-5 LPA,0,7.7,8.65,92.9,45.6,350000.0,51.7,8,0,5,Uttar Pradesh,UP,67.7,57.2,23.2,16.8,Lucknow,8.5,0,33.8,24.1,0.0302,0
PG_2026_1355,POSTGRADUATE,Male,22,5-10 LPA,1,6.78,6.0,88.5,84.3,350000.0,38.2,11,3,24,Rajasthan,RJ,66.1,52.1,26.0,17.2,Barmer,34.2,1,93.0,35.8,0.2044,0
PG_2026_1356,POSTGRADUATE,Male,26,2-5 LPA,1,7.6,7.33,87.9,79.1,150000.0,77.7,4,0,9,Karnataka,KA,75.4,68.1,36.2,12.0,Raichur,36.8,1,74.6,34.0,0.0088,0
PG_2026_1357,POSTGRADUATE,Female,23,<2 LPA,0,7.38,6.63,64.3,74.0,0.0,68.2,2,0,13,Tamil Nadu,TN,80.1,73.4,51.4,8.1,Ramanathapuram,7.8,1,69.7,22.1,0.0276,0
PG_2026_1358,POSTGRADUATE,Male,21,2-5 LPA,0,7.25,8.17,62.5,79.4,150000.0,58.5,2,0,7,Kerala,KL,94.0,92.1,43.2,3.2,Wayanad,4.1,1,96.1,18.0,0.016,0
PG_2026_1359,POSTGRADUATE,Female,25,5-10 LPA,1,7.51,7.54,75.8,68.9,350000.0,86.0,5,0,21,Uttar Pradesh,UP,67.7,57.2,23.2,16.8,Varanasi,16.3,0,56.6,29.4,0.0189,0
PG_2026_1360,POSTGRADUATE,Female,23,2-5 LPA,1,6.64,5.94,65.8,70.9,0.0,75.1,0,1,0,Gujarat,GJ,78.0,69.7,21.3,17.9,Narmada,32.4,1,89.5,30.5,0.056,1
PG_2026_1361,POSTGRADUATE,Female,21,<2 LPA,0,8.87,9.52,99.8,35.5,1200000.0,68.8,6,2,33,Madhya Pradesh,MP,69.3,59.2,24.8,18.5,Bhopal,9.4,0,19.1,23.4,0.1259,0
PG_2026_1362,POSTGRADUATE,Male,24,2-5 LPA,0,6.23,5.61,87.6,60.0,0.0,66.5,1,1,0,Bihar,BR,61.8,51.5,14.5,21.4,Purnia,50.4,1,89.2,42.1,0.0625,0
PG_2026_1363,POSTGRADUATE,Female,24,2-5 LPA,0,7.55,7.64,55.9,70.7,350000.0,52.4,5,0,7,Rajasthan,RJ,66.1,52.1,26.0,17.2,Barmer,34.2,1,93.0,35.8,0.057,0
PG_2026_1364,POSTGRADUATE,Female,24,<2 LPA,0,7.79,7.69,74.4,32.7,350000.0,57.1,4,0,1,Rajasthan,RJ,66.1,52.1,26.0,17.2,Kota,8.2,0,39.7,21.0,0.1011,0
PG_2026_1365,POSTGRADUATE,Female,21,5-10 LPA,0,6.67,5.41,94.9,19.4,350000.0,62.4,10,5,7,Maharashtra,MH,82.3,75.9,32.3,11.2,Gadchiroli,28.5,1,89.0,28.9,0.8215,1
PG_2026_1366,POSTGRADUATE,Female,24,<2 LPA,1,8.04,7.12,62.6,61.9,350000.0,64.7,6,1,10,Uttar Pradesh,UP,67.7,57.2,23.2,16.8,Lucknow,8.5,0,33.8,24.1,0.1069,0
PG_2026_1367,POSTGRADUATE,Male,26,<2 LPA,0,7.05,6.44,93.1,42.6,0.0,69.3,0,1,36,Kerala,KL,94.0,92.1,43.2,3.2,Thiruvananthapuram,0.9,0,46.2,15.2,0.0566,0
PG_2026_1368,POSTGRADUATE,Male,24,<2 LPA,1,9.08,6.9,65.3,54.6,150000.0,59.5,3,1,23,Karnataka,KA,75.4,68.1,36.2,12.0,Raichur,36.8,1,74.6,34.0,0.1068,1
PG_2026_1369,POSTGRADUATE,Male,24,2-5 LPA,1,8.52,8.12,61.1,61.8,150000.0,37.5,2,0,15,Kerala,KL,94.0,92.1,43.2,3.2,Wayanad,4.1,1,96.1,18.0,0.0467,0
PG_2026_1370,POSTGRADUATE,Male,24,>10 LPA,0,7.98,7.95,88.6,83.2,0.0,34.3,2,0,3,Madhya Pradesh,MP,69.3,59.2,24.8,18.5,Alirajpur,52.0,1,92.2,39.5,0.0094,1
PG_2026_1371,POSTGRADUATE,Male,23,2-5 LPA,0,8.17,7.16,68.2,80.5,150000.0,60.9,5,0,20,Kerala,KL,94.0,92.1,43.2,3.2,Wayanad,4.1,1,96.1,18.0,0.0237,1
PG_2026_1372,POSTGRADUATE,Female,25,<2 LPA,0,7.66,7.63,85.6,92.4,0.0,65.8,3,0,0,Kerala,KL,94.0,92.1,43.2,3.2,Wayanad,4.1,1,96.1,18.0,0.0049,0
PG_2026_1373,POSTGRADUATE,Female,24,2-5 LPA,0,8.12,7.18,71.4,46.5,150000.0,27.5,3,0,5,Gujarat,GJ,78.0,69.7,21.3,17.9,Narmada,32.4,1,89.5,30.5,0.1152,0
PG_2026_1374,POSTGRADUATE,Female,26,<2 LPA,0,7.72,7.96,78.1,92.7,150000.0,95.0,2,0,6,Madhya Pradesh,MP,69.3,59.2,24.8,18.5,Alirajpur,52.0,1,92.2,39.5,0.0034,0
PG_2026_1375,POSTGRADUATE,Female,26,2-5 LPA,1,7.09,6.28,61.6,88.6,750000.0,64.8,10,2,0,Madhya Pradesh,MP,69.3,59.2,24.8,18.5,Indore,6.8,0,25.9,21.8,0.2102,0
PG_2026_1376,POSTGRADUATE,Female,26,<2 LPA,0,6.32,5.99,80.5,100.0,750000.0,44.1,4,3,0,Haryana,HR,75.6,65.9,29.8,12.5,Nuh / Mewat,44.8,1,88.6,47.0,0.1936,0
PG_2026_1377,POSTGRADUATE,Female,25,2-5 LPA,0,6.54,6.25,68.3,74.6,0.0,57.1,2,3,7,Tamil Nadu,TN,80.1,73.4,51.4,8.1,Coimbatore,2.1,0,24.2,18.9,0.1454,0
PG_2026_1378,POSTGRADUATE,Male,25,2-5 LPA,0,8.39,8.43,71.9,65.6,0.0,95.0,3,0,6,Karnataka,KA,75.4,68.1,36.2,12.0,Bengaluru Urban,1.8,0,9.1,18.2,0.0068,0
PG_2026_1379,POSTGRADUATE,Male,23,2-5 LPA,0,7.28,7.77,100.0,74.2,350000.0,64.4,11,2,3,Rajasthan,RJ,66.1,52.1,26.0,17.2,Jaisalmer,31.8,1,86.7,33.2,0.0339,0
PG_2026_1380,POSTGRADUATE,Male,25,<2 LPA,0,9.43,9.61,63.2,44.1,0.0,79.2,0,0,9,Gujarat,GJ,78.0,69.7,21.3,17.9,Dahod,40.5,1,88.0,38.1,0.012,0
PG_2026_1381,POSTGRADUATE,Female,21,2-5 LPA,0,8.45,7.61,68.6,40.3,0.0,64.4,2,1,4,Madhya Pradesh,MP,69.3,59.2,24.8,18.5,Alirajpur,52.0,1,92.2,39.5,0.0779,0
PG_2026_1382,POSTGRADUATE,Male,22,5-10 LPA,0,8.7,8.87,88.1,63.2,0.0,60.8,0,0,28,Rajasthan,RJ,66.1,52.1,26.0,17.2,Barmer,34.2,1,93.0,35.8,0.0064,0
PG_2026_1383,POSTGRADUATE,Female,23,<2 LPA,0,8.12,9.38,69.5,61.5,0.0,52.8,5,0,6,Madhya Pradesh,MP,69.3,59.2,24.8,18.5,Barwani,46.1,1,85.5,37.1,0.0124,0
PG_2026_1384,POSTGRADUATE,Male,23,<2 LPA,0,8.48,7.87,88.2,66.3,150000.0,68.4,1,0,45,Kerala,KL,94.0,92.1,43.2,3.2,Wayanad,4.1,1,96.1,18.0,0.011,0
PG_2026_1385,POSTGRADUATE,Male,24,2-5 LPA,0,7.39,6.31,88.8,65.3,0.0,65.8,1,2,42,Rajasthan,RJ,66.1,52.1,26.0,17.2,Kota,8.2,0,39.7,21.0,0.0571,0
PG_2026_1386,POSTGRADUATE,Male,25,5-10 LPA,0,8.22,7.99,76.9,100.0,0.0,75.5,2,0,31,Uttar Pradesh,UP,67.7,57.2,23.2,16.8,Bahraich,54.4,1,92.1,46.5,0.0032,0
PG_2026_1387,POSTGRADUATE,Female,23,<2 LPA,0,7.07,6.79,82.0,87.0,150000.0,50.5,1,0,11,Kerala,KL,94.0,92.1,43.2,3.2,Ernakulam,0.6,0,31.9,14.8,0.0165,0
PG_2026_1388,POSTGRADUATE,Female,22,>10 LPA,0,7.17,7.22,70.1,73.0,350000.0,95.0,4,2,8,Maharashtra,MH,82.3,75.9,32.3,11.2,Nandurbar,33.1,1,83.3,32.4,0.0489,0
PG_2026_1389,POSTGRADUATE,Male,23,2-5 LPA,1,7.44,7.46,59.2,67.8,750000.0,56.0,8,0,11,Haryana,HR,75.6,65.9,29.8,12.5,Nuh / Mewat,44.8,1,88.6,47.0,0.1123,0
PG_2026_1390,POSTGRADUATE,Female,26,5-10 LPA,1,9.07,9.9,89.7,55.2,150000.0,68.7,1,0,2,Uttar Pradesh,UP,67.7,57.2,23.2,16.8,Shravasti,49.6,1,96.5,48.2,0.005,0
PG_2026_1391,POSTGRADUATE,Female,22,2-5 LPA,0,7.92,8.44,68.3,65.3,1200000.0,78.9,10,0,32,Uttar Pradesh,UP,67.7,57.2,23.2,16.8,Varanasi,16.3,0,56.6,29.4,0.0755,0
PG_2026_1392,POSTGRADUATE,Male,23,2-5 LPA,1,7.71,7.8,77.5,39.7,350000.0,64.2,8,1,5,Kerala,KL,94.0,92.1,43.2,3.2,Thiruvananthapuram,0.9,0,46.2,15.2,0.1106,0
PG_2026_1393,POSTGRADUATE,Female,26,5-10 LPA,1,9.8,9.37,66.2,26.9,750000.0,47.6,11,0,6,Uttar Pradesh,UP,67.7,57.2,23.2,16.8,Shravasti,49.6,1,96.5,48.2,0.1648,0
PG_2026_1394,POSTGRADUATE,Female,22,<2 LPA,1,8.29,8.72,56.1,49.9,150000.0,61.5,2,0,9,Maharashtra,MH,82.3,75.9,32.3,11.2,Pune,3.9,0,39.1,21.0,0.0368,0
PG_2026_1395,POSTGRADUATE,Female,25,<2 LPA,0,6.84,7.85,95.0,52.1,750000.0,85.8,7,1,12,Karnataka,KA,75.4,68.1,36.2,12.0,Raichur,36.8,1,74.6,34.0,0.0502,1
PG_2026_1396,POSTGRADUATE,Male,23,<2 LPA,0,9.73,9.11,67.6,65.0,150000.0,95.0,0,0,5,Bihar,BR,61.8,51.5,14.5,21.4,Purnia,50.4,1,89.2,42.1,0.0061,0
PG_2026_1397,POSTGRADUATE,Female,24,2-5 LPA,0,8.92,8.48,76.7,44.7,750000.0,36.1,6,0,1,Rajasthan,RJ,66.1,52.1,26.0,17.2,Kota,8.2,0,39.7,21.0,0.1174,0
PG_2026_1398,POSTGRADUATE,Male,22,2-5 LPA,0,7.92,6.92,74.7,67.8,350000.0,41.4,14,0,11,Karnataka,KA,75.4,68.1,36.2,12.0,Yadgir,39.4,1,81.2,36.5,0.0881,0
PG_2026_1399,POSTGRADUATE,Female,26,<2 LPA,1,7.05,6.62,62.2,38.0,350000.0,80.3,7,0,13,Karnataka,KA,75.4,68.1,36.2,12.0,Bengaluru Urban,1.8,0,9.1,18.2,0.1453,0
PG_2026_1400,POSTGRADUATE,Female,25,>10 LPA,0,7.25,7.18,76.0,89.7,150000.0,63.7,3,1,7,Uttar Pradesh,UP,67.7,57.2,23.2,16.8,Noida / Gautam Buddha Nagar,7.1,0,40.9,22.0,0.0196,0
PG_2026_1401,POSTGRADUATE,Female,21,2-5 LPA,0,6.91,5.88,76.1,67.2,150000.0,45.3,1,2,34,Maharashtra,MH,82.3,75.9,32.3,11.2,Pune,3.9,0,39.1,21.0,0.1661,0
PG_2026_1402,POSTGRADUATE,Female,26,2-5 LPA,0,7.38,6.54,70.9,42.2,1200000.0,42.1,6,1,22,Tamil Nadu,TN,80.1,73.4,51.4,8.1,Coimbatore,2.1,0,24.2,18.9,0.5903,0
PG_2026_1403,POSTGRADUATE,Male,24,5-10 LPA,0,6.68,6.6,78.6,65.8,0.0,63.1,3,0,0,Karnataka,KA,75.4,68.1,36.2,12.0,Raichur,36.8,1,74.6,34.0,0.028,0
PG_2026_1404,POSTGRADUATE,Female,21,2-5 LPA,0,7.7,8.01,91.3,58.9,750000.0,61.0,9,0,24,Tamil Nadu,TN,80.1,73.4,51.4,8.1,Ramanathapuram,7.8,1,69.7,22.1,0.0436,0
PG_2026_1405,POSTGRADUATE,Female,23,5-10 LPA,0,6.93,7.94,87.0,59.6,150000.0,69.4,4,0,30,Bihar,BR,61.8,51.5,14.5,21.4,Muzaffarpur,35.1,1,90.3,38.0,0.015,0
PG_2026_1406,POSTGRADUATE,Female,21,<2 LPA,0,8.26,9.47,67.7,38.8,0.0,72.8,3,0,7,Haryana,HR,75.6,65.9,29.8,12.5,Nuh / Mewat,44.8,1,88.6,47.0,0.0172,0
PG_2026_1407,POSTGRADUATE,Male,25,<2 LPA,0,7.43,7.33,55.3,67.0,0.0,76.5,1,1,14,Kerala,KL,94.0,92.1,43.2,3.2,Wayanad,4.1,1,96.1,18.0,0.0418,0
PG_2026_1408,POSTGRADUATE,Male,21,2-5 LPA,0,6.26,5.93,65.5,32.5,750000.0,45.9,9,3,13,Tamil Nadu,TN,80.1,73.4,51.4,8.1,Ramanathapuram,7.8,1,69.7,22.1,0.8264,1
PG_2026_1409,POSTGRADUATE,Female,22,5-10 LPA,1,7.97,7.69,81.4,24.3,150000.0,59.4,1,0,2,Gujarat,GJ,78.0,69.7,21.3,17.9,Ahmedabad,3.8,0,15.9,20.2,0.0724,0
PG_2026_1410,POSTGRADUATE,Female,26,5-10 LPA,0,7.77,9.2,73.4,91.4,0.0,68.7,2,0,56,Maharashtra,MH,82.3,75.9,32.3,11.2,Mumbai,2.1,0,0.0,19.5,0.0028,0
PG_2026_1411,POSTGRADUATE,Female,25,2-5 LPA,0,5.5,4.94,50.9,82.6,0.0,91.5,8,2,25,Madhya Pradesh,MP,69.3,59.2,24.8,18.5,Alirajpur,52.0,1,92.2,39.5,0.1438,0
PG_2026_1412,POSTGRADUATE,Female,22,5-10 LPA,0,6.72,7.38,65.1,23.2,150000.0,48.8,4,0,14,Uttar Pradesh,UP,67.7,57.2,23.2,16.8,Shravasti,49.6,1,96.5,48.2,0.1773,0
PG_2026_1413,POSTGRADUATE,Female,21,2-5 LPA,1,7.98,6.89,100.0,78.9,150000.0,66.0,0,0,18,Rajasthan,RJ,66.1,52.1,26.0,17.2,Kota,8.2,0,39.7,21.0,0.0086,0
PG_2026_1414,POSTGRADUATE,Male,21,5-10 LPA,0,6.91,6.33,78.8,67.5,150000.0,71.7,1,2,27,Karnataka,KA,75.4,68.1,36.2,12.0,Raichur,36.8,1,74.6,34.0,0.0771,0
PG_2026_1415,POSTGRADUATE,Male,25,2-5 LPA,0,6.68,6.06,90.1,72.5,0.0,18.5,3,3,11,Gujarat,GJ,78.0,69.7,21.3,17.9,Dahod,40.5,1,88.0,38.1,0.192,0
PG_2026_1416,POSTGRADUATE,Male,22,2-5 LPA,0,8.09,8.57,95.1,10.5,750000.0,80.8,4,0,2,Rajasthan,RJ,66.1,52.1,26.0,17.2,Kota,8.2,0,39.7,21.0,0.0844,0
PG_2026_1417,POSTGRADUATE,Female,22,2-5 LPA,1,8.42,8.27,73.1,55.2,0.0,21.3,1,1,4,Tamil Nadu,TN,80.1,73.4,51.4,8.1,Chennai,1.2,0,0.0,17.5,0.065,0
PG_2026_1418,POSTGRADUATE,Female,26,>10 LPA,0,5.74,6.0,66.5,49.7,150000.0,39.2,1,2,5,Rajasthan,RJ,66.1,52.1,26.0,17.2,Jaisalmer,31.8,1,86.7,33.2,0.3419,0
PG_2026_1419,POSTGRADUATE,Male,23,<2 LPA,0,9.41,9.03,81.6,47.2,150000.0,56.0,2,1,4,Tamil Nadu,TN,80.1,73.4,51.4,8.1,Coimbatore,2.1,0,24.2,18.9,0.0296,0
PG_2026_1420,POSTGRADUATE,Male,24,2-5 LPA,0,6.5,5.23,87.5,80.0,150000.0,50.3,4,0,4,Bihar,BR,61.8,51.5,14.5,21.4,Gaya,38.6,1,86.8,36.2,0.0455,0
PG_2026_1421,POSTGRADUATE,Female,21,>10 LPA,0,9.12,8.85,59.3,81.0,0.0,68.1,4,2,6,Bihar,BR,61.8,51.5,14.5,21.4,Patna,18.2,0,56.4,28.5,0.0218,0
PG_2026_1422,POSTGRADUATE,Male,23,5-10 LPA,0,6.07,5.89,76.9,53.5,150000.0,60.7,3,1,3,Gujarat,GJ,78.0,69.7,21.3,17.9,Dahod,40.5,1,88.0,38.1,0.1301,0
PG_2026_1423,POSTGRADUATE,Female,25,2-5 LPA,0,6.8,6.03,73.2,81.2,350000.0,57.0,10,4,5,Karnataka,KA,75.4,68.1,36.2,12.0,Bengaluru Urban,1.8,0,9.1,18.2,0.3281,0
PG_2026_1424,POSTGRADUATE,Male,23,2-5 LPA,1,7.89,8.04,84.0,50.1,0.0,21.8,0,0,14,Gujarat,GJ,78.0,69.7,21.3,17.9,Narmada,32.4,1,89.5,30.5,0.0381,0
PG_2026_1425,POSTGRADUATE,Male,22,2-5 LPA,0,6.64,6.01,75.9,50.5,150000.0,93.3,0,5,7,Madhya Pradesh,MP,69.3,59.2,24.8,18.5,Alirajpur,52.0,1,92.2,39.5,0.3561,0
PG_2026_1426,POSTGRADUATE,Female,26,5-10 LPA,0,7.88,7.4,63.7,38.5,350000.0,95.0,9,0,11,Kerala,KL,94.0,92.1,43.2,3.2,Thiruvananthapuram,0.9,0,46.2,15.2,0.0766,0
PG_2026_1427,POSTGRADUATE,Male,23,2-5 LPA,0,6.69,5.1,61.6,100.0,0.0,81.7,1,2,6,Kerala,KL,94.0,92.1,43.2,3.2,Ernakulam,0.6,0,31.9,14.8,0.0545,0
PG_2026_1428,POSTGRADUATE,Male,23,<2 LPA,1,7.03,6.48,68.4,56.9,350000.0,46.2,7,1,16,Kerala,KL,94.0,92.1,43.2,3.2,Ernakulam,0.6,0,31.9,14.8,0.2036,0
PG_2026_1429,POSTGRADUATE,Female,22,2-5 LPA,0,7.55,6.6,62.2,76.7,0.0,72.6,7,0,3,Gujarat,GJ,78.0,69.7,21.3,17.9,Ahmedabad,3.8,0,15.9,20.2,0.0297,0
PG_2026_1430,POSTGRADUATE,Male,24,5-10 LPA,1,7.35,8.18,67.7,77.0,750000.0,49.1,7,0,27,Gujarat,GJ,78.0,69.7,21.3,17.9,Dahod,40.5,1,88.0,38.1,0.0505,0
PG_2026_1431,POSTGRADUATE,Male,25,2-5 LPA,0,8.49,8.44,80.7,82.5,750000.0,61.4,12,0,12,Rajasthan,RJ,66.1,52.1,26.0,17.2,Jaisalmer,31.8,1,86.7,33.2,0.0233,0
PG_2026_1432,POSTGRADUATE,Female,26,>10 LPA,1,7.3,6.13,69.7,49.2,750000.0,52.6,4,3,31,Rajasthan,RJ,66.1,52.1,26.0,17.2,Barmer,34.2,1,93.0,35.8,0.6064,1
PG_2026_1433,POSTGRADUATE,Male,25,2-5 LPA,0,7.06,6.63,78.1,52.5,350000.0,52.4,14,1,2,Madhya Pradesh,MP,69.3,59.2,24.8,18.5,Indore,6.8,0,25.9,21.8,0.188,0
PG_2026_1434,POSTGRADUATE,Female,25,<2 LPA,1,6.56,7.59,34.2,46.9,350000.0,82.1,7,1,39,Tamil Nadu,TN,80.1,73.4,51.4,8.1,Chennai,1.2,0,0.0,17.5,0.212,0
PG_2026_1435,POSTGRADUATE,Female,26,2-5 LPA,1,7.67,6.97,76.9,71.4,350000.0,45.2,6,0,18,Tamil Nadu,TN,80.1,73.4,51.4,8.1,Coimbatore,2.1,0,24.2,18.9,0.0518,0
PG_2026_1436,POSTGRADUATE,Female,21,2-5 LPA,0,8.6,9.52,67.3,23.9,750000.0,52.9,5,0,12,Madhya Pradesh,MP,69.3,59.2,24.8,18.5,Barwani,46.1,1,85.5,37.1,0.1251,0
PG_2026_1437,POSTGRADUATE,Female,24,5-10 LPA,1,6.25,5.46,77.8,69.5,0.0,59.9,3,1,4,Uttar Pradesh,UP,67.7,57.2,23.2,16.8,Varanasi,16.3,0,56.6,29.4,0.0784,0
PG_2026_1438,POSTGRADUATE,Female,22,2-5 LPA,0,6.23,4.89,94.9,99.5,150000.0,71.4,4,5,15,Gujarat,GJ,78.0,69.7,21.3,17.9,Ahmedabad,3.8,0,15.9,20.2,0.1568,0
PG_2026_1439,POSTGRADUATE,Male,24,>10 LPA,0,8.4,7.95,80.3,34.8,1200000.0,64.3,7,0,9,Bihar,BR,61.8,51.5,14.5,21.4,Katihar,48.7,1,91.1,44.3,0.2072,0
PG_2026_1440,POSTGRADUATE,Male,21,2-5 LPA,1,8.11,7.13,82.4,34.9,0.0,62.0,3,0,4,Tamil Nadu,TN,80.1,73.4,51.4,8.1,Ramanathapuram,7.8,1,69.7,22.1,0.0547,0
PG_2026_1441,POSTGRADUATE,Female,21,2-5 LPA,0,8.92,8.93,95.4,50.4,750000.0,77.0,9,0,7,Uttar Pradesh,UP,67.7,57.2,23.2,16.8,Noida / Gautam Buddha Nagar,7.1,0,40.9,22.0,0.0233,0
PG_2026_1442,POSTGRADUATE,Male,24,<2 LPA,0,6.1,6.66,71.3,85.8,150000.0,39.3,0,0,4,Karnataka,KA,75.4,68.1,36.2,12.0,Raichur,36.8,1,74.6,34.0,0.0304,0
PG_2026_1443,POSTGRADUATE,Male,24,<2 LPA,0,7.34,7.52,74.4,66.4,750000.0,95.0,2,0,7,Rajasthan,RJ,66.1,52.1,26.0,17.2,Jaipur,6.9,0,47.6,22.5,0.0294,0
PG_2026_1444,POSTGRADUATE,Male,21,>10 LPA,1,5.5,5.68,70.6,46.5,0.0,73.3,0,1,8,Haryana,HR,75.6,65.9,29.8,12.5,Gurugram,2.5,0,31.2,20.5,0.1261,0
PG_2026_1445,POSTGRADUATE,Female,26,<2 LPA,0,8.44,9.72,75.0,88.7,0.0,63.0,2,0,11,Uttar Pradesh,UP,67.7,57.2,23.2,16.8,Varanasi,16.3,0,56.6,29.4,0.0025,0
PG_2026_1446,POSTGRADUATE,Female,26,<2 LPA,1,9.43,9.55,74.9,51.8,750000.0,32.5,12,1,1,Gujarat,GJ,78.0,69.7,21.3,17.9,Ahmedabad,3.8,0,15.9,20.2,0.1177,1
PG_2026_1447,POSTGRADUATE,Male,26,2-5 LPA,0,6.87,6.43,94.9,90.2,1200000.0,86.1,6,2,6,Gujarat,GJ,78.0,69.7,21.3,17.9,Ahmedabad,3.8,0,15.9,20.2,0.0869,0
PG_2026_1448,POSTGRADUATE,Female,22,2-5 LPA,1,6.94,5.96,62.5,55.7,350000.0,75.6,6,1,12,Haryana,HR,75.6,65.9,29.8,12.5,Gurugram,2.5,0,31.2,20.5,0.1853,0
PG_2026_1449,POSTGRADUATE,Female,25,2-5 LPA,0,6.31,5.14,84.6,2.2,0.0,22.0,3,1,32,Rajasthan,RJ,66.1,52.1,26.0,17.2,Jaisalmer,31.8,1,86.7,33.2,0.6503,1
PG_2026_1450,POSTGRADUATE,Female,26,<2 LPA,1,7.11,7.2,87.6,13.9,1200000.0,79.0,10,0,4,Karnataka,KA,75.4,68.1,36.2,12.0,Raichur,36.8,1,74.6,34.0,0.3536,0
PG_2026_1451,POSTGRADUATE,Male,25,5-10 LPA,0,7.75,7.82,72.3,51.3,1200000.0,43.8,11,0,1,Haryana,HR,75.6,65.9,29.8,12.5,Nuh / Mewat,44.8,1,88.6,47.0,0.2578,1
PG_2026_1452,POSTGRADUATE,Female,24,>10 LPA,0,8.64,8.42,65.2,72.8,750000.0,53.3,8,0,26,Haryana,HR,75.6,65.9,29.8,12.5,Nuh / Mewat,44.8,1,88.6,47.0,0.0523,0
PG_2026_1453,POSTGRADUATE,Female,24,2-5 LPA,1,7.45,7.76,68.4,28.5,350000.0,63.8,11,0,18,Bihar,BR,61.8,51.5,14.5,21.4,Muzaffarpur,35.1,1,90.3,38.0,0.1443,0
PG_2026_1454,POSTGRADUATE,Male,26,2-5 LPA,1,8.14,7.05,48.5,48.1,150000.0,73.3,2,0,49,Karnataka,KA,75.4,68.1,36.2,12.0,Bengaluru Urban,1.8,0,9.1,18.2,0.092,1
PG_2026_1455,POSTGRADUATE,Female,22,<2 LPA,0,7.94,7.24,72.3,37.3,350000.0,77.2,6,0,0,Madhya Pradesh,MP,69.3,59.2,24.8,18.5,Barwani,46.1,1,85.5,37.1,0.0858,0
PG_2026_1456,POSTGRADUATE,Female,26,5-10 LPA,0,8.98,9.82,90.9,76.0,0.0,31.4,5,2,5,Madhya Pradesh,MP,69.3,59.2,24.8,18.5,Indore,6.8,0,25.9,21.8,0.0128,0
PG_2026_1457,POSTGRADUATE,Male,26,5-10 LPA,0,6.91,7.18,70.2,44.5,150000.0,73.1,2,0,1,Uttar Pradesh,UP,67.7,57.2,23.2,16.8,Balrampur,47.9,1,92.3,45.0,0.053,0
PG_2026_1458,POSTGRADUATE,Male,23,>10 LPA,0,7.89,8.88,49.8,64.3,350000.0,53.0,13,0,0,Uttar Pradesh,UP,67.7,57.2,23.2,16.8,Shravasti,49.6,1,96.5,48.2,0.057,0
PG_2026_1459,POSTGRADUATE,Male,21,5-10 LPA,0,6.24,6.41,89.0,68.2,150000.0,44.1,0,2,0,Rajasthan,RJ,66.1,52.1,26.0,17.2,Kota,8.2,0,39.7,21.0,0.088,0
PG_2026_1460,POSTGRADUATE,Female,25,5-10 LPA,1,9.8,8.74,95.0,43.5,0.0,50.0,1,0,14,Tamil Nadu,TN,80.1,73.4,51.4,8.1,Chennai,1.2,0,0.0,17.5,0.0141,0
PG_2026_1461,POSTGRADUATE,Female,21,5-10 LPA,1,7.41,7.55,84.2,63.7,350000.0,78.7,4,2,9,Rajasthan,RJ,66.1,52.1,26.0,17.2,Barmer,34.2,1,93.0,35.8,0.0514,0
PG_2026_1462,POSTGRADUATE,Male,25,2-5 LPA,0,8.2,8.73,100.0,57.0,150000.0,39.1,3,0,1,Rajasthan,RJ,66.1,52.1,26.0,17.2,Jaipur,6.9,0,47.6,22.5,0.0128,0
PG_2026_1463,POSTGRADUATE,Male,23,2-5 LPA,0,8.87,8.26,100.0,50.7,150000.0,60.4,2,0,9,Bihar,BR,61.8,51.5,14.5,21.4,Katihar,48.7,1,91.1,44.3,0.013,1
PG_2026_1464,POSTGRADUATE,Male,24,2-5 LPA,0,6.21,6.46,100.0,86.3,750000.0,69.3,7,1,3,Tamil Nadu,TN,80.1,73.4,51.4,8.1,Ramanathapuram,7.8,1,69.7,22.1,0.0396,0
PG_2026_1465,POSTGRADUATE,Male,25,2-5 LPA,0,5.74,5.36,61.5,61.1,350000.0,55.4,11,5,6,Rajasthan,RJ,66.1,52.1,26.0,17.2,Jaipur,6.9,0,47.6,22.5,0.7807,1
PG_2026_1466,POSTGRADUATE,Female,23,5-10 LPA,0,7.37,7.01,61.0,85.1,150000.0,91.0,4,1,3,Tamil Nadu,TN,80.1,73.4,51.4,8.1,Chennai,1.2,0,0.0,17.5,0.0236,0
PG_2026_1467,POSTGRADUATE,Female,22,2-5 LPA,0,7.15,5.94,72.2,61.3,150000.0,31.8,2,2,2,Tamil Nadu,TN,80.1,73.4,51.4,8.1,Coimbatore,2.1,0,24.2,18.9,0.2649,0
PG_2026_1468,POSTGRADUATE,Male,26,<2 LPA,1,7.96,7.91,53.5,71.9,150000.0,44.1,3,0,10,Uttar Pradesh,UP,67.7,57.2,23.2,16.8,Balrampur,47.9,1,92.3,45.0,0.042,0
PG_2026_1469,POSTGRADUATE,Male,24,2-5 LPA,0,8.5,9.57,73.9,40.4,350000.0,34.0,3,1,3,Kerala,KL,94.0,92.1,43.2,3.2,Ernakulam,0.6,0,31.9,14.8,0.073,0
PG_2026_1470,POSTGRADUATE,Female,25,>10 LPA,0,8.03,7.05,74.3,66.7,1200000.0,69.7,10,0,2,Tamil Nadu,TN,80.1,73.4,51.4,8.1,Coimbatore,2.1,0,24.2,18.9,0.144,1
PG_2026_1471,POSTGRADUATE,Male,25,>10 LPA,1,9.01,7.58,100.0,60.2,350000.0,59.5,5,0,0,Maharashtra,MH,82.3,75.9,32.3,11.2,Mumbai,2.1,0,0.0,19.5,0.0205,0
PG_2026_1472,POSTGRADUATE,Male,21,5-10 LPA,0,7.57,6.31,84.5,77.0,0.0,67.5,4,2,2,Tamil Nadu,TN,80.1,73.4,51.4,8.1,Ramanathapuram,7.8,1,69.7,22.1,0.0469,0
PG_2026_1473,POSTGRADUATE,Male,21,5-10 LPA,1,7.85,7.32,99.2,79.0,0.0,40.9,1,1,51,Uttar Pradesh,UP,67.7,57.2,23.2,16.8,Lucknow,8.5,0,33.8,24.1,0.0155,0
PG_2026_1474,POSTGRADUATE,Female,24,>10 LPA,0,8.13,7.17,42.6,96.5,150000.0,79.9,1,0,13,Bihar,BR,61.8,51.5,14.5,21.4,Purnia,50.4,1,89.2,42.1,0.0173,0
PG_2026_1475,POSTGRADUATE,Male,23,>10 LPA,1,6.74,5.92,91.4,76.5,350000.0,65.0,5,2,5,Gujarat,GJ,78.0,69.7,21.3,17.9,Narmada,32.4,1,89.5,30.5,0.085,0
PG_2026_1476,POSTGRADUATE,Male,26,>10 LPA,0,6.44,7.23,84.7,100.0,1200000.0,39.4,6,2,23,Karnataka,KA,75.4,68.1,36.2,12.0,Raichur,36.8,1,74.6,34.0,0.1308,0
PG_2026_1477,POSTGRADUATE,Female,25,5-10 LPA,1,6.79,7.65,69.3,36.6,150000.0,56.2,3,1,7,Bihar,BR,61.8,51.5,14.5,21.4,Gaya,38.6,1,86.8,36.2,0.1233,0
PG_2026_1478,POSTGRADUATE,Female,26,5-10 LPA,1,6.75,6.17,68.3,71.2,150000.0,53.8,3,2,0,Maharashtra,MH,82.3,75.9,32.3,11.2,Pune,3.9,0,39.1,21.0,0.1441,0
PG_2026_1479,POSTGRADUATE,Female,21,2-5 LPA,0,5.74,5.83,88.6,48.8,750000.0,71.8,11,2,18,Bihar,BR,61.8,51.5,14.5,21.4,Gaya,38.6,1,86.8,36.2,0.3551,0
PG_2026_1480,POSTGRADUATE,Male,21,2-5 LPA,0,5.5,5.74,77.8,65.3,0.0,86.0,3,1,13,Tamil Nadu,TN,80.1,73.4,51.4,8.1,Coimbatore,2.1,0,24.2,18.9,0.0478,0
PG_2026_1481,POSTGRADUATE,Male,25,<2 LPA,0,6.32,7.09,87.9,53.9,350000.0,61.9,6,0,43,Uttar Pradesh,UP,67.7,57.2,23.2,16.8,Noida / Gautam Buddha Nagar,7.1,0,40.9,22.0,0.0464,0
PG_2026_1482,POSTGRADUATE,Female,24,<2 LPA,0,7.61,6.95,76.7,48.4,350000.0,62.0,10,0,1,Gujarat,GJ,78.0,69.7,21.3,17.9,Narmada,32.4,1,89.5,30.5,0.0926,0
PG_2026_1483,POSTGRADUATE,Female,26,2-5 LPA,0,8.07,7.85,68.6,62.6,150000.0,38.1,4,0,0,Rajasthan,RJ,66.1,52.1,26.0,17.2,Jaisalmer,31.8,1,86.7,33.2,0.0447,0
PG_2026_1484,POSTGRADUATE,Female,21,>10 LPA,0,8.36,9.34,72.1,81.5,150000.0,50.1,1,0,19,Rajasthan,RJ,66.1,52.1,26.0,17.2,Kota,8.2,0,39.7,21.0,0.0067,0
PG_2026_1485,POSTGRADUATE,Female,21,2-5 LPA,1,6.81,6.59,67.8,83.1,0.0,58.0,7,0,15,Rajasthan,RJ,66.1,52.1,26.0,17.2,Jaipur,6.9,0,47.6,22.5,0.0271,0
PG_2026_1486,POSTGRADUATE,Male,26,2-5 LPA,0,5.5,4.56,100.0,63.9,350000.0,62.9,9,2,14,Madhya Pradesh,MP,69.3,59.2,24.8,18.5,Indore,6.8,0,25.9,21.8,0.2203,0
PG_2026_1487,POSTGRADUATE,Female,22,<2 LPA,1,7.56,7.22,72.3,85.7,750000.0,40.2,12,0,14,Karnataka,KA,75.4,68.1,36.2,12.0,Yadgir,39.4,1,81.2,36.5,0.0758,0
PG_2026_1488,POSTGRADUATE,Male,24,5-10 LPA,1,7.88,8.82,74.7,53.2,150000.0,61.6,0,1,21,Maharashtra,MH,82.3,75.9,32.3,11.2,Gadchiroli,28.5,1,89.0,28.9,0.0276,1
PG_2026_1489,POSTGRADUATE,Female,21,2-5 LPA,0,6.91,4.83,82.6,56.8,350000.0,84.1,11,2,1,Rajasthan,RJ,66.1,52.1,26.0,17.2,Kota,8.2,0,39.7,21.0,0.2698,0
PG_2026_1490,POSTGRADUATE,Female,22,<2 LPA,0,7.97,8.87,74.8,44.6,0.0,50.1,4,0,9,Haryana,HR,75.6,65.9,29.8,12.5,Nuh / Mewat,44.8,1,88.6,47.0,0.0254,0
PG_2026_1491,POSTGRADUATE,Male,22,<2 LPA,0,7.0,7.25,68.3,41.3,0.0,79.8,5,0,30,Bihar,BR,61.8,51.5,14.5,21.4,Katihar,48.7,1,91.1,44.3,0.0471,0
PG_2026_1492,POSTGRADUATE,Female,26,2-5 LPA,1,6.73,6.08,36.6,48.3,150000.0,85.4,2,2,12,Rajasthan,RJ,66.1,52.1,26.0,17.2,Barmer,34.2,1,93.0,35.8,0.3443,0
PG_2026_1493,POSTGRADUATE,Male,25,5-10 LPA,0,5.81,5.47,55.9,98.3,350000.0,46.5,7,0,2,Rajasthan,RJ,66.1,52.1,26.0,17.2,Jaisalmer,31.8,1,86.7,33.2,0.0842,0
PG_2026_1494,POSTGRADUATE,Male,26,2-5 LPA,0,5.88,6.45,73.8,43.8,0.0,76.1,0,1,8,Madhya Pradesh,MP,69.3,59.2,24.8,18.5,Barwani,46.1,1,85.5,37.1,0.0819,0
PG_2026_1495,POSTGRADUATE,Female,25,2-5 LPA,1,7.44,7.11,88.0,52.3,0.0,45.5,6,2,25,Tamil Nadu,TN,80.1,73.4,51.4,8.1,Chennai,1.2,0,0.0,17.5,0.1014,0
PG_2026_1496,POSTGRADUATE,Male,21,5-10 LPA,0,6.42,5.61,70.1,48.4,350000.0,73.3,8,1,9,Gujarat,GJ,78.0,69.7,21.3,17.9,Dahod,40.5,1,88.0,38.1,0.2421,0
PG_2026_1497,POSTGRADUATE,Male,25,>10 LPA,0,6.87,7.22,84.7,48.2,0.0,32.8,0,0,7,Uttar Pradesh,UP,67.7,57.2,23.2,16.8,Shravasti,49.6,1,96.5,48.2,0.0495,0
PG_2026_1498,POSTGRADUATE,Female,26,5-10 LPA,0,7.22,6.53,70.9,82.7,750000.0,88.9,9,0,39,Rajasthan,RJ,66.1,52.1,26.0,17.2,Jaipur,6.9,0,47.6,22.5,0.0452,0
PG_2026_1499,POSTGRADUATE,Female,25,2-5 LPA,0,6.72,6.29,68.6,52.3,350000.0,71.3,10,1,1,Maharashtra,MH,82.3,75.9,32.3,11.2,Nandurbar,33.1,1,83.3,32.4,0.1826,0
PG_2026_1500,POSTGRADUATE,Female,26,<2 LPA,0,8.77,7.87,78.0,78.1,0.0,79.9,1,1,3,Karnataka,KA,75.4,68.1,36.2,12.0,Raichur,36.8,1,74.6,34.0,0.0103,0
PG_2026_1501,POSTGRADUATE,Male,26,2-5 LPA,0,9.2,7.78,56.4,72.6,0.0,39.1,0,2,0,Bihar,BR,61.8,51.5,14.5,21.4,Purnia,50.4,1,89.2,42.1,0.0835,0
PG_2026_1502,POSTGRADUATE,Male,21,2-5 LPA,0,7.27,5.94,85.5,26.9,150000.0,43.1,1,3,24,Gujarat,GJ,78.0,69.7,21.3,17.9,Dahod,40.5,1,88.0,38.1,0.5056,1
PG_2026_1503,POSTGRADUATE,Female,22,2-5 LPA,1,6.94,5.77,78.2,46.5,0.0,49.7,2,2,8,Madhya Pradesh,MP,69.3,59.2,24.8,18.5,Barwani,46.1,1,85.5,37.1,0.2365,0
PG_2026_1504,POSTGRADUATE,Female,23,<2 LPA,0,7.15,5.94,100.0,53.4,0.0,71.8,1,1,18,Rajasthan,RJ,66.1,52.1,26.0,17.2,Kota,8.2,0,39.7,21.0,0.0416,0
PG_2026_1505,POSTGRADUATE,Male,22,2-5 LPA,0,7.98,7.3,68.4,75.7,350000.0,62.9,9,0,19,Rajasthan,RJ,66.1,52.1,26.0,17.2,Jaipur,6.9,0,47.6,22.5,0.0378,0
PG_2026_1506,POSTGRADUATE,Female,24,2-5 LPA,0,8.78,9.9,81.2,50.3,150000.0,41.7,1,2,1,Haryana,HR,75.6,65.9,29.8,12.5,Nuh / Mewat,44.8,1,88.6,47.0,0.035,0
PG_2026_1507,POSTGRADUATE,Female,22,2-5 LPA,0,8.53,7.1,56.5,57.0,350000.0,93.4,5,0,13,Madhya Pradesh,MP,69.3,59.2,24.8,18.5,Indore,6.8,0,25.9,21.8,0.0539,0
PG_2026_1508,POSTGRADUATE,Female,23,2-5 LPA,1,7.89,9.13,69.0,76.7,150000.0,75.0,1,0,25,Gujarat,GJ,78.0,69.7,21.3,17.9,Ahmedabad,3.8,0,15.9,20.2,0.006,0
PG_2026_1509,POSTGRADUATE,Male,23,<2 LPA,0,7.04,6.73,56.8,83.6,350000.0,67.8,4,1,9,Tamil Nadu,TN,80.1,73.4,51.4,8.1,Coimbatore,2.1,0,24.2,18.9,0.0678,0
PG_2026_1510,POSTGRADUATE,Female,23,<2 LPA,1,7.66,5.92,48.6,90.7,750000.0,50.8,8,1,4,Kerala,KL,94.0,92.1,43.2,3.2,Ernakulam,0.6,0,31.9,14.8,0.2494,1
PG_2026_1511,POSTGRADUATE,Female,25,<2 LPA,1,7.16,7.12,77.9,30.1,750000.0,61.5,9,0,0,Karnataka,KA,75.4,68.1,36.2,12.0,Raichur,36.8,1,74.6,34.0,0.2323,0
PG_2026_1512,POSTGRADUATE,Male,26,2-5 LPA,0,8.13,8.51,69.0,61.8,0.0,47.4,1,0,12,Haryana,HR,75.6,65.9,29.8,12.5,Nuh / Mewat,44.8,1,88.6,47.0,0.0194,0
PG_2026_1513,POSTGRADUATE,Male,24,<2 LPA,0,5.5,4.19,71.8,68.9,150000.0,71.3,1,0,41,Gujarat,GJ,78.0,69.7,21.3,17.9,Narmada,32.4,1,89.5,30.5,0.1057,1
PG_2026_1514,POSTGRADUATE,Male,26,<2 LPA,0,8.41,7.8,99.7,70.1,0.0,38.2,1,0,8,Gujarat,GJ,78.0,69.7,21.3,17.9,Ahmedabad,3.8,0,15.9,20.2,0.0104,0
PG_2026_1515,POSTGRADUATE,Female,22,2-5 LPA,1,7.52,8.08,77.7,33.9,750000.0,60.2,12,0,9,Maharashtra,MH,82.3,75.9,32.3,11.2,Mumbai,2.1,0,0.0,19.5,0.152,0
PG_2026_1516,POSTGRADUATE,Male,24,2-5 LPA,0,8.69,7.22,82.2,39.2,0.0,48.9,1,1,4,Uttar Pradesh,UP,67.7,57.2,23.2,16.8,Varanasi,16.3,0,56.6,29.4,0.0869,0
PG_2026_1517,POSTGRADUATE,Male,23,<2 LPA,0,7.96,7.02,66.5,61.0,0.0,55.4,0,0,21,Madhya Pradesh,MP,69.3,59.2,24.8,18.5,Alirajpur,52.0,1,92.2,39.5,0.0391,0
PG_2026_1518,POSTGRADUATE,Female,22,5-10 LPA,0,6.27,6.91,87.3,23.3,350000.0,47.6,5,0,27,Karnataka,KA,75.4,68.1,36.2,12.0,Bengaluru Urban,1.8,0,9.1,18.2,0.1698,0
PG_2026_1519,POSTGRADUATE,Female,23,>10 LPA,0,7.71,7.09,75.8,86.5,750000.0,43.8,6,1,46,Bihar,BR,61.8,51.5,14.5,21.4,Purnia,50.4,1,89.2,42.1,0.0879,1
PG_2026_1520,POSTGRADUATE,Female,22,>10 LPA,0,5.51,4.0,62.9,70.5,0.0,62.0,3,3,15,Madhya Pradesh,MP,69.3,59.2,24.8,18.5,Bhopal,9.4,0,19.1,23.4,0.4281,0
PG_2026_1521,POSTGRADUATE,Female,24,2-5 LPA,0,8.78,8.16,96.7,73.9,350000.0,70.2,7,0,7,Bihar,BR,61.8,51.5,14.5,21.4,Patna,18.2,0,56.4,28.5,0.0089,0
PG_2026_1522,POSTGRADUATE,Female,26,2-5 LPA,0,6.36,6.37,53.4,72.4,0.0,65.3,4,3,9,Kerala,KL,94.0,92.1,43.2,3.2,Ernakulam,0.6,0,31.9,14.8,0.1968,0
PG_2026_1523,POSTGRADUATE,Male,22,2-5 LPA,0,7.69,6.4,86.0,88.1,0.0,49.1,4,1,8,Rajasthan,RJ,66.1,52.1,26.0,17.2,Barmer,34.2,1,93.0,35.8,0.026,0
PG_2026_1524,POSTGRADUATE,Female,26,2-5 LPA,0,7.67,8.38,82.9,88.4,0.0,92.6,2,2,4,Uttar Pradesh,UP,67.7,57.2,23.2,16.8,Bahraich,54.4,1,92.1,46.5,0.0062,0
PG_2026_1525,POSTGRADUATE,Female,26,2-5 LPA,0,7.08,7.78,71.5,85.3,0.0,55.9,3,0,6,Bihar,BR,61.8,51.5,14.5,21.4,Patna,18.2,0,56.4,28.5,0.0107,0
PG_2026_1526,POSTGRADUATE,Female,26,<2 LPA,0,7.0,5.89,80.3,58.2,750000.0,95.0,10,2,8,Rajasthan,RJ,66.1,52.1,26.0,17.2,Kota,8.2,0,39.7,21.0,0.2295,0
PG_2026_1527,POSTGRADUATE,Female,25,2-5 LPA,1,7.68,7.75,53.8,31.4,750000.0,42.6,6,0,13,Tamil Nadu,TN,80.1,73.4,51.4,8.1,Coimbatore,2.1,0,24.2,18.9,0.356,1
PG_2026_1528,POSTGRADUATE,Female,23,2-5 LPA,1,7.24,7.67,58.4,35.2,0.0,33.4,1,0,8,Rajasthan,RJ,66.1,52.1,26.0,17.2,Jaisalmer,31.8,1,86.7,33.2,0.1266,0
PG_2026_1529,POSTGRADUATE,Female,24,<2 LPA,0,8.23,7.45,80.7,51.3,350000.0,66.8,12,0,3,Rajasthan,RJ,66.1,52.1,26.0,17.2,Barmer,34.2,1,93.0,35.8,0.0569,0
PG_2026_1530,POSTGRADUATE,Male,26,>10 LPA,0,6.71,5.89,75.1,65.8,150000.0,53.2,4,4,0,Uttar Pradesh,UP,67.7,57.2,23.2,16.8,Balrampur,47.9,1,92.3,45.0,0.3548,0
PG_2026_1531,POSTGRADUATE,Male,26,2-5 LPA,0,7.83,8.86,77.3,59.1,350000.0,52.5,5,0,7,Gujarat,GJ,78.0,69.7,21.3,17.9,Dahod,40.5,1,88.0,38.1,0.0239,0
PG_2026_1532,POSTGRADUATE,Male,26,>10 LPA,0,7.54,7.41,58.7,70.8,750000.0,41.5,5,1,8,Haryana,HR,75.6,65.9,29.8,12.5,Nuh / Mewat,44.8,1,88.6,47.0,0.1905,0
PG_2026_1533,POSTGRADUATE,Female,26,2-5 LPA,1,7.23,4.85,75.3,73.7,350000.0,63.5,6,3,4,Tamil Nadu,TN,80.1,73.4,51.4,8.1,Coimbatore,2.1,0,24.2,18.9,0.3445,0
PG_2026_1534,POSTGRADUATE,Female,22,2-5 LPA,1,8.81,7.9,99.5,100.0,1200000.0,56.1,5,1,6,Haryana,HR,75.6,65.9,29.8,12.5,Nuh / Mewat,44.8,1,88.6,47.0,0.0272,0
PG_2026_1535,POSTGRADUATE,Female,26,<2 LPA,0,7.68,6.53,66.2,82.2,0.0,62.4,5,0,38,Maharashtra,MH,82.3,75.9,32.3,11.2,Nandurbar,33.1,1,83.3,32.4,0.0259,0
PG_2026_1536,POSTGRADUATE,Male,24,2-5 LPA,1,7.53,7.2,73.6,90.3,750000.0,76.0,11,0,4,Tamil Nadu,TN,80.1,73.4,51.4,8.1,Coimbatore,2.1,0,24.2,18.9,0.0311,0
PG_2026_1537,POSTGRADUATE,Female,26,2-5 LPA,0,6.34,5.48,66.5,55.7,150000.0,65.5,2,1,16,Haryana,HR,75.6,65.9,29.8,12.5,Gurugram,2.5,0,31.2,20.5,0.1722,0
PG_2026_1538,POSTGRADUATE,Male,22,2-5 LPA,0,8.12,7.82,53.4,59.1,750000.0,46.6,6,2,14,Gujarat,GJ,78.0,69.7,21.3,17.9,Ahmedabad,3.8,0,15.9,20.2,0.3383,0
PG_2026_1539,POSTGRADUATE,Male,23,5-10 LPA,1,9.8,9.22,46.5,92.4,0.0,78.4,1,0,1,Madhya Pradesh,MP,69.3,59.2,24.8,18.5,Alirajpur,52.0,1,92.2,39.5,0.0048,0
PG_2026_1540,POSTGRADUATE,Male,25,>10 LPA,0,7.08,8.32,83.4,60.0,0.0,84.8,2,0,3,Madhya Pradesh,MP,69.3,59.2,24.8,18.5,Bhopal,9.4,0,19.1,23.4,0.0074,0
PG_2026_1541,POSTGRADUATE,Male,22,5-10 LPA,0,7.67,7.59,68.6,78.4,0.0,59.3,2,1,0,Haryana,HR,75.6,65.9,29.8,12.5,Gurugram,2.5,0,31.2,20.5,0.0242,0
PG_2026_1542,POSTGRADUATE,Female,26,5-10 LPA,1,7.21,4.96,96.8,22.1,0.0,81.0,0,0,7,Kerala,KL,94.0,92.1,43.2,3.2,Thiruvananthapuram,0.9,0,46.2,15.2,0.1067,0
PG_2026_1543,POSTGRADUATE,Male,26,<2 LPA,1,7.53,7.8,93.1,73.7,0.0,56.4,0,0,14,Karnataka,KA,75.4,68.1,36.2,12.0,Raichur,36.8,1,74.6,34.0,0.0075,0
PG_2026_1544,POSTGRADUATE,Female,25,5-10 LPA,1,6.59,6.36,73.9,78.7,150000.0,72.0,3,3,7,Gujarat,GJ,78.0,69.7,21.3,17.9,Dahod,40.5,1,88.0,38.1,0.1015,0
PG_2026_1545,POSTGRADUATE,Male,21,>10 LPA,0,8.23,7.36,51.0,33.0,750000.0,57.5,10,0,6,Gujarat,GJ,78.0,69.7,21.3,17.9,Dahod,40.5,1,88.0,38.1,0.3762,0
PG_2026_1546,POSTGRADUATE,Female,24,5-10 LPA,0,7.07,6.33,44.5,28.4,350000.0,59.5,6,0,8,Tamil Nadu,TN,80.1,73.4,51.4,8.1,Coimbatore,2.1,0,24.2,18.9,0.4094,0
PG_2026_1547,POSTGRADUATE,Male,22,2-5 LPA,0,8.03,8.32,82.1,100.0,0.0,64.0,0,0,1,Gujarat,GJ,78.0,69.7,21.3,17.9,Narmada,32.4,1,89.5,30.5,0.0027,0
PG_2026_1548,POSTGRADUATE,Female,24,>10 LPA,0,7.38,6.7,95.6,74.7,0.0,78.8,2,0,16,Rajasthan,RJ,66.1,52.1,26.0,17.2,Kota,8.2,0,39.7,21.0,0.0084,0
PG_2026_1549,POSTGRADUATE,Male,25,2-5 LPA,0,5.57,5.55,73.3,67.6,150000.0,39.1,0,1,13,Uttar Pradesh,UP,67.7,57.2,23.2,16.8,Shravasti,49.6,1,96.5,48.2,0.1452,0
PG_2026_1550,POSTGRADUATE,Female,25,5-10 LPA,0,5.84,4.61,66.4,59.2,350000.0,75.9,11,0,8,Haryana,HR,75.6,65.9,29.8,12.5,Gurugram,2.5,0,31.2,20.5,0.2133,0
PG_2026_1551,POSTGRADUATE,Male,24,2-5 LPA,1,8.93,8.8,60.9,94.9,350000.0,49.6,5,0,18,Bihar,BR,61.8,51.5,14.5,21.4,Gaya,38.6,1,86.8,36.2,0.0124,0
PG_2026_1552,POSTGRADUATE,Female,21,5-10 LPA,1,8.21,7.64,92.5,52.5,0.0,30.5,1,1,10,Uttar Pradesh,UP,67.7,57.2,23.2,16.8,Shravasti,49.6,1,96.5,48.2,0.0479,0
PG_2026_1553,POSTGRADUATE,Female,21,<2 LPA,1,7.1,6.67,88.3,52.7,0.0,68.6,2,0,5,Madhya Pradesh,MP,69.3,59.2,24.8,18.5,Barwani,46.1,1,85.5,37.1,0.0276,0
PG_2026_1554,POSTGRADUATE,Female,24,5-10 LPA,0,9.27,8.86,74.6,41.4,0.0,33.3,1,2,1,Bihar,BR,61.8,51.5,14.5,21.4,Katihar,48.7,1,91.1,44.3,0.0918,0
PG_2026_1555,POSTGRADUATE,Female,24,2-5 LPA,0,6.33,5.47,71.4,100.0,0.0,41.3,2,2,21,Uttar Pradesh,UP,67.7,57.2,23.2,16.8,Varanasi,16.3,0,56.6,29.4,0.0754,0
PG_2026_1556,POSTGRADUATE,Female,25,<2 LPA,0,7.14,6.72,90.6,52.4,0.0,75.4,2,1,19,Tamil Nadu,TN,80.1,73.4,51.4,8.1,Ramanathapuram,7.8,1,69.7,22.1,0.036,0
PG_2026_1557,POSTGRADUATE,Male,23,2-5 LPA,0,9.74,9.83,90.0,51.8,0.0,68.6,2,1,22,Gujarat,GJ,78.0,69.7,21.3,17.9,Dahod,40.5,1,88.0,38.1,0.008,0
PG_2026_1558,POSTGRADUATE,Male,21,2-5 LPA,0,6.61,5.92,69.4,65.6,0.0,71.7,1,0,6,Kerala,KL,94.0,92.1,43.2,3.2,Thiruvananthapuram,0.9,0,46.2,15.2,0.0419,0
PG_2026_1559,POSTGRADUATE,Female,25,<2 LPA,0,8.99,8.82,77.7,61.7,350000.0,79.9,3,0,7,Tamil Nadu,TN,80.1,73.4,51.4,8.1,Ramanathapuram,7.8,1,69.7,22.1,0.012,0
PG_2026_1560,POSTGRADUATE,Female,24,5-10 LPA,0,7.43,6.7,93.0,9.2,0.0,82.6,1,1,22,Gujarat,GJ,78.0,69.7,21.3,17.9,Ahmedabad,3.8,0,15.9,20.2,0.1178,0
PG_2026_1561,POSTGRADUATE,Male,25,>10 LPA,1,7.2,6.9,62.9,38.7,150000.0,48.1,1,0,24,Karnataka,KA,75.4,68.1,36.2,12.0,Bengaluru Urban,1.8,0,9.1,18.2,0.1373,0
PG_2026_1562,POSTGRADUATE,Female,23,<2 LPA,1,6.59,8.0,71.9,46.8,750000.0,79.0,7,0,13,Uttar Pradesh,UP,67.7,57.2,23.2,16.8,Shravasti,49.6,1,96.5,48.2,0.0756,0
PG_2026_1563,POSTGRADUATE,Female,22,>10 LPA,1,6.95,6.21,78.7,58.8,0.0,43.4,1,1,16,Rajasthan,RJ,66.1,52.1,26.0,17.2,Barmer,34.2,1,93.0,35.8,0.0934,0
PG_2026_1564,POSTGRADUATE,Male,21,<2 LPA,0,6.81,6.37,86.1,50.9,750000.0,76.9,5,2,10,Tamil Nadu,TN,80.1,73.4,51.4,8.1,Coimbatore,2.1,0,24.2,18.9,0.2307,0
PG_2026_1565,POSTGRADUATE,Male,23,5-10 LPA,0,8.52,9.46,87.8,9.8,350000.0,82.5,17,0,6,Kerala,KL,94.0,92.1,43.2,3.2,Wayanad,4.1,1,96.1,18.0,0.0568,0
PG_2026_1566,POSTGRADUATE,Male,25,5-10 LPA,0,7.17,8.11,67.3,32.9,0.0,53.7,3,0,2,Rajasthan,RJ,66.1,52.1,26.0,17.2,Jaipur,6.9,0,47.6,22.5,0.0629,0
PG_2026_1567,POSTGRADUATE,Male,22,2-5 LPA,0,7.12,7.6,74.9,42.8,0.0,69.8,1,0,5,Tamil Nadu,TN,80.1,73.4,51.4,8.1,Chennai,1.2,0,0.0,17.5,0.0326,0
PG_2026_1568,POSTGRADUATE,Female,21,2-5 LPA,0,9.02,9.09,95.2,29.9,750000.0,43.6,9,0,12,Uttar Pradesh,UP,67.7,57.2,23.2,16.8,Shravasti,49.6,1,96.5,48.2,0.0807,0
PG_2026_1569,POSTGRADUATE,Male,22,2-5 LPA,0,9.22,9.18,84.0,75.6,0.0,76.6,0,0,5,Uttar Pradesh,UP,67.7,57.2,23.2,16.8,Balrampur,47.9,1,92.3,45.0,0.0029,0
PG_2026_1570,POSTGRADUATE,Female,21,2-5 LPA,0,6.72,5.88,62.6,53.5,350000.0,53.2,10,1,26,Uttar Pradesh,UP,67.7,57.2,23.2,16.8,Varanasi,16.3,0,56.6,29.4,0.3157,0
PG_2026_1571,POSTGRADUATE,Female,25,2-5 LPA,0,6.85,6.71,86.8,50.4,0.0,65.7,0,0,0,Haryana,HR,75.6,65.9,29.8,12.5,Gurugram,2.5,0,31.2,20.5,0.0301,0
PG_2026_1572,POSTGRADUATE,Female,26,<2 LPA,0,9.23,8.27,65.3,37.5,750000.0,45.6,7,0,32,Madhya Pradesh,MP,69.3,59.2,24.8,18.5,Bhopal,9.4,0,19.1,23.4,0.1884,0
PG_2026_1573,POSTGRADUATE,Female,22,2-5 LPA,0,7.03,5.43,74.4,89.5,350000.0,47.3,12,1,8,Bihar,BR,61.8,51.5,14.5,21.4,Patna,18.2,0,56.4,28.5,0.1243,0
PG_2026_1574,POSTGRADUATE,Male,26,<2 LPA,0,8.79,8.0,94.0,26.4,0.0,74.2,2,0,1,Bihar,BR,61.8,51.5,14.5,21.4,Gaya,38.6,1,86.8,36.2,0.0251,0
PG_2026_1575,POSTGRADUATE,Female,24,<2 LPA,0,8.53,9.26,86.8,59.8,150000.0,81.0,2,0,26,Rajasthan,RJ,66.1,52.1,26.0,17.2,Jaipur,6.9,0,47.6,22.5,0.0054,0
PG_2026_1576,POSTGRADUATE,Male,22,2-5 LPA,0,9.15,9.17,51.8,39.1,0.0,75.6,1,0,10,Bihar,BR,61.8,51.5,14.5,21.4,Purnia,50.4,1,89.2,42.1,0.0282,0
PG_2026_1577,POSTGRADUATE,Female,25,2-5 LPA,1,7.26,8.56,73.5,92.9,0.0,51.8,1,0,19,Gujarat,GJ,78.0,69.7,21.3,17.9,Dahod,40.5,1,88.0,38.1,0.0051,0
PG_2026_1578,POSTGRADUATE,Male,26,<2 LPA,0,7.21,7.29,49.2,21.4,750000.0,70.1,10,0,1,Haryana,HR,75.6,65.9,29.8,12.5,Nuh / Mewat,44.8,1,88.6,47.0,0.4351,1
PG_2026_1579,POSTGRADUATE,Female,23,2-5 LPA,1,7.55,7.94,74.4,75.1,350000.0,46.9,8,1,4,Tamil Nadu,TN,80.1,73.4,51.4,8.1,Chennai,1.2,0,0.0,17.5,0.0493,0
PG_2026_1580,POSTGRADUATE,Female,23,2-5 LPA,0,7.02,7.15,65.4,42.4,750000.0,55.7,15,0,3,Karnataka,KA,75.4,68.1,36.2,12.0,Yadgir,39.4,1,81.2,36.5,0.28,0
PG_2026_1581,POSTGRADUATE,Male,24,2-5 LPA,0,7.06,7.15,61.1,83.0,350000.0,89.8,5,0,21,Uttar Pradesh,UP,67.7,57.2,23.2,16.8,Varanasi,16.3,0,56.6,29.4,0.0205,0
PG_2026_1582,POSTGRADUATE,Male,26,5-10 LPA,1,6.73,7.34,72.5,31.5,0.0,43.2,1,0,1,Rajasthan,RJ,66.1,52.1,26.0,17.2,Kota,8.2,0,39.7,21.0,0.0958,0
PG_2026_1583,POSTGRADUATE,Male,22,5-10 LPA,1,7.1,7.54,66.5,45.7,0.0,43.9,3,0,3,Bihar,BR,61.8,51.5,14.5,21.4,Purnia,50.4,1,89.2,42.1,0.0682,0
PG_2026_1584,POSTGRADUATE,Female,25,2-5 LPA,0,8.22,8.64,97.6,55.6,0.0,59.8,4,0,36,Madhya Pradesh,MP,69.3,59.2,24.8,18.5,Bhopal,9.4,0,19.1,23.4,0.0083,0
PG_2026_1585,POSTGRADUATE,Male,22,2-5 LPA,1,6.01,5.63,87.6,100.0,0.0,69.9,2,2,10,Maharashtra,MH,82.3,75.9,32.3,11.2,Mumbai,2.1,0,0.0,19.5,0.0253,0
PG_2026_1586,POSTGRADUATE,Female,23,2-5 LPA,1,6.92,5.59,71.0,52.4,0.0,48.5,1,3,4,Tamil Nadu,TN,80.1,73.4,51.4,8.1,Ramanathapuram,7.8,1,69.7,22.1,0.3602,0
PG_2026_1587,POSTGRADUATE,Male,23,<2 LPA,1,5.5,4.29,91.7,51.7,350000.0,51.4,3,1,6,Gujarat,GJ,78.0,69.7,21.3,17.9,Narmada,32.4,1,89.5,30.5,0.2858,0
PG_2026_1588,POSTGRADUATE,Female,24,5-10 LPA,0,7.19,5.74,80.2,72.8,150000.0,59.1,4,1,0,Haryana,HR,75.6,65.9,29.8,12.5,Nuh / Mewat,44.8,1,88.6,47.0,0.0737,0
PG_2026_1589,POSTGRADUATE,Male,21,2-5 LPA,0,6.55,6.12,59.9,72.0,350000.0,65.8,13,1,12,Gujarat,GJ,78.0,69.7,21.3,17.9,Dahod,40.5,1,88.0,38.1,0.1655,0
PG_2026_1590,POSTGRADUATE,Female,25,2-5 LPA,0,7.76,7.35,93.2,35.2,0.0,60.1,1,2,0,Rajasthan,RJ,66.1,52.1,26.0,17.2,Barmer,34.2,1,93.0,35.8,0.0883,0
PG_2026_1591,POSTGRADUATE,Male,24,<2 LPA,0,8.81,7.55,65.1,100.0,350000.0,64.3,6,0,0,Madhya Pradesh,MP,69.3,59.2,24.8,18.5,Alirajpur,52.0,1,92.2,39.5,0.014,0
PG_2026_1592,POSTGRADUATE,Male,23,2-5 LPA,1,7.22,6.43,80.9,48.0,0.0,73.3,1,2,15,Gujarat,GJ,78.0,69.7,21.3,17.9,Ahmedabad,3.8,0,15.9,20.2,0.1019,0
PG_2026_1593,POSTGRADUATE,Female,26,5-10 LPA,1,8.02,7.73,68.2,50.4,0.0,50.6,3,1,6,Bihar,BR,61.8,51.5,14.5,21.4,Katihar,48.7,1,91.1,44.3,0.071,0
PG_2026_1594,POSTGRADUATE,Male,25,<2 LPA,0,8.35,7.28,81.3,50.5,150000.0,61.0,2,0,19,Maharashtra,MH,82.3,75.9,32.3,11.2,Nandurbar,33.1,1,83.3,32.4,0.0378,0
PG_2026_1595,POSTGRADUATE,Male,25,2-5 LPA,1,7.03,6.34,70.0,43.8,350000.0,61.0,8,5,18,Karnataka,KA,75.4,68.1,36.2,12.0,Yadgir,39.4,1,81.2,36.5,0.7043,1
PG_2026_1596,POSTGRADUATE,Female,26,5-10 LPA,1,6.53,5.76,80.6,81.8,0.0,74.0,0,3,7,Tamil Nadu,TN,80.1,73.4,51.4,8.1,Ramanathapuram,7.8,1,69.7,22.1,0.0736,0
PG_2026_1597,POSTGRADUATE,Male,22,2-5 LPA,0,7.18,5.62,56.7,100.0,350000.0,95.0,9,2,8,Haryana,HR,75.6,65.9,29.8,12.5,Nuh / Mewat,44.8,1,88.6,47.0,0.0793,0
PG_2026_1598,POSTGRADUATE,Male,23,2-5 LPA,0,8.57,8.32,50.7,31.2,0.0,47.0,1,1,2,Rajasthan,RJ,66.1,52.1,26.0,17.2,Jaisalmer,31.8,1,86.7,33.2,0.1557,0
PG_2026_1599,POSTGRADUATE,Male,21,2-5 LPA,0,7.8,7.37,71.2,63.7,750000.0,50.0,8,0,0,Maharashtra,MH,82.3,75.9,32.3,11.2,Mumbai,2.1,0,0.0,19.5,0.1073,0
PG_2026_1600,POSTGRADUATE,Male,23,2-5 LPA,0,7.53,6.91,85.2,83.8,0.0,72.8,3,1,11,Bihar,BR,61.8,51.5,14.5,21.4,Muzaffarpur,35.1,1,90.3,38.0,0.0142,0
PG_2026_1601,POSTGRADUATE,Female,25,5-10 LPA,1,6.73,6.05,84.6,57.3,0.0,62.3,1,1,30,Karnataka,KA,75.4,68.1,36.2,12.0,Raichur,36.8,1,74.6,34.0,0.0641,0
PG_2026_1602,POSTGRADUATE,Male,22,2-5 LPA,0,7.1,6.88,75.0,78.0,0.0,95.0,1,1,1,Rajasthan,RJ,66.1,52.1,26.0,17.2,Barmer,34.2,1,93.0,35.8,0.0144,0
PG_2026_1603,POSTGRADUATE,Female,21,>10 LPA,1,7.13,5.37,68.6,71.4,0.0,85.7,2,0,34,Haryana,HR,75.6,65.9,29.8,12.5,Nuh / Mewat,44.8,1,88.6,47.0,0.0371,0
PG_2026_1604,POSTGRADUATE,Male,25,<2 LPA,0,9.02,8.53,100.0,68.0,0.0,32.9,0,1,21,Karnataka,KA,75.4,68.1,36.2,12.0,Raichur,36.8,1,74.6,34.0,0.013,0
PG_2026_1605,POSTGRADUATE,Male,25,2-5 LPA,1,7.29,6.1,62.2,68.1,0.0,79.2,3,2,28,Karnataka,KA,75.4,68.1,36.2,12.0,Bengaluru Urban,1.8,0,9.1,18.2,0.1013,0
PG_2026_1606,POSTGRADUATE,Female,22,<2 LPA,0,8.88,8.61,65.8,92.3,750000.0,70.3,12,1,17,Maharashtra,MH,82.3,75.9,32.3,11.2,Pune,3.9,0,39.1,21.0,0.0322,0
PG_2026_1607,POSTGRADUATE,Male,26,2-5 LPA,0,6.39,7.01,63.8,52.1,0.0,57.0,2,0,11,Bihar,BR,61.8,51.5,14.5,21.4,Patna,18.2,0,56.4,28.5,0.0594,0
PG_2026_1608,POSTGRADUATE,Male,24,2-5 LPA,0,7.52,6.91,72.2,61.2,1200000.0,59.2,5,0,7,Kerala,KL,94.0,92.1,43.2,3.2,Wayanad,4.1,1,96.1,18.0,0.195,1
PG_2026_1609,POSTGRADUATE,Female,24,2-5 LPA,0,7.44,8.44,66.7,40.6,0.0,54.2,0,2,17,Madhya Pradesh,MP,69.3,59.2,24.8,18.5,Barwani,46.1,1,85.5,37.1,0.0956,0
PG_2026_1610,POSTGRADUATE,Male,23,5-10 LPA,1,7.49,6.89,58.0,49.9,0.0,46.5,0,2,23,Haryana,HR,75.6,65.9,29.8,12.5,Gurugram,2.5,0,31.2,20.5,0.2126,0
PG_2026_1611,POSTGRADUATE,Female,22,5-10 LPA,0,5.5,5.58,62.5,49.1,0.0,57.3,3,1,1,Kerala,KL,94.0,92.1,43.2,3.2,Ernakulam,0.6,0,31.9,14.8,0.2137,0
PG_2026_1612,POSTGRADUATE,Male,21,5-10 LPA,1,7.46,7.52,79.5,37.8,350000.0,58.3,8,1,33,Uttar Pradesh,UP,67.7,57.2,23.2,16.8,Shravasti,49.6,1,96.5,48.2,0.1409,0
PG_2026_1613,POSTGRADUATE,Female,22,>10 LPA,0,6.48,5.29,88.9,52.2,150000.0,69.1,2,2,0,Karnataka,KA,75.4,68.1,36.2,12.0,Yadgir,39.4,1,81.2,36.5,0.1695,0
PG_2026_1614,POSTGRADUATE,Female,23,<2 LPA,0,5.68,5.98,61.9,65.5,150000.0,94.9,1,3,3,Bihar,BR,61.8,51.5,14.5,21.4,Katihar,48.7,1,91.1,44.3,0.1576,0
PG_2026_1615,POSTGRADUATE,Male,24,2-5 LPA,1,6.92,8.44,95.1,28.9,750000.0,76.7,6,1,19,Rajasthan,RJ,66.1,52.1,26.0,17.2,Jaisalmer,31.8,1,86.7,33.2,0.0904,1
PG_2026_1616,POSTGRADUATE,Female,26,>10 LPA,0,5.58,4.79,87.0,35.8,350000.0,88.5,9,2,1,Kerala,KL,94.0,92.1,43.2,3.2,Wayanad,4.1,1,96.1,18.0,0.3717,0
PG_2026_1617,POSTGRADUATE,Male,26,5-10 LPA,0,9.29,9.7,56.9,38.0,1200000.0,79.9,11,0,5,Bihar,BR,61.8,51.5,14.5,21.4,Purnia,50.4,1,89.2,42.1,0.132,0
PG_2026_1618,POSTGRADUATE,Male,24,<2 LPA,1,7.77,7.69,62.7,66.7,350000.0,60.8,10,1,1,Rajasthan,RJ,66.1,52.1,26.0,17.2,Barmer,34.2,1,93.0,35.8,0.0844,0
PG_2026_1619,POSTGRADUATE,Male,25,2-5 LPA,0,7.52,5.63,72.4,84.6,0.0,77.5,2,0,11,Haryana,HR,75.6,65.9,29.8,12.5,Nuh / Mewat,44.8,1,88.6,47.0,0.0217,1
PG_2026_1620,POSTGRADUATE,Male,21,>10 LPA,0,7.36,7.54,59.2,55.0,750000.0,71.1,6,1,4,Uttar Pradesh,UP,67.7,57.2,23.2,16.8,Varanasi,16.3,0,56.6,29.4,0.1772,0
PG_2026_1621,POSTGRADUATE,Female,26,2-5 LPA,0,7.63,6.89,88.9,66.8,0.0,48.8,2,0,24,Kerala,KL,94.0,92.1,43.2,3.2,Ernakulam,0.6,0,31.9,14.8,0.0219,1
PG_2026_1622,POSTGRADUATE,Male,24,2-5 LPA,1,6.94,6.95,93.9,71.2,750000.0,67.5,7,0,5,Kerala,KL,94.0,92.1,43.2,3.2,Ernakulam,0.6,0,31.9,14.8,0.0387,0
PG_2026_1623,POSTGRADUATE,Female,23,<2 LPA,0,7.86,8.2,52.0,76.0,150000.0,51.8,0,1,73,Karnataka,KA,75.4,68.1,36.2,12.0,Yadgir,39.4,1,81.2,36.5,0.0415,0
PG_2026_1624,POSTGRADUATE,Male,21,2-5 LPA,1,7.29,6.31,84.7,63.5,350000.0,50.8,7,2,10,Madhya Pradesh,MP,69.3,59.2,24.8,18.5,Indore,6.8,0,25.9,21.8,0.1705,0
PG_2026_1625,POSTGRADUATE,Female,23,2-5 LPA,1,6.99,5.71,47.2,48.1,0.0,63.4,2,2,0,Haryana,HR,75.6,65.9,29.8,12.5,Nuh / Mewat,44.8,1,88.6,47.0,0.3693,0
PG_2026_1626,POSTGRADUATE,Female,25,<2 LPA,0,8.87,9.11,45.4,76.2,750000.0,34.4,8,0,9,Kerala,KL,94.0,92.1,43.2,3.2,Thiruvananthapuram,0.9,0,46.2,15.2,0.0813,0
PG_2026_1627,POSTGRADUATE,Female,25,2-5 LPA,1,8.79,7.01,80.3,84.7,350000.0,75.1,5,0,0,Madhya Pradesh,MP,69.3,59.2,24.8,18.5,Indore,6.8,0,25.9,21.8,0.0158,0
PG_2026_1628,POSTGRADUATE,Male,24,<2 LPA,0,6.15,5.87,45.4,51.6,0.0,81.0,4,1,1,Karnataka,KA,75.4,68.1,36.2,12.0,Yadgir,39.4,1,81.2,36.5,0.1859,0
PG_2026_1629,POSTGRADUATE,Female,23,2-5 LPA,1,6.64,6.54,77.9,28.8,0.0,60.0,1,0,9,Madhya Pradesh,MP,69.3,59.2,24.8,18.5,Indore,6.8,0,25.9,21.8,0.0989,0
PG_2026_1630,POSTGRADUATE,Male,22,<2 LPA,0,7.01,7.45,84.1,28.1,0.0,70.2,6,0,2,Gujarat,GJ,78.0,69.7,21.3,17.9,Dahod,40.5,1,88.0,38.1,0.0524,0
PG_2026_1631,POSTGRADUATE,Female,24,<2 LPA,1,5.85,4.95,77.0,53.3,0.0,46.9,1,5,33,Bihar,BR,61.8,51.5,14.5,21.4,Katihar,48.7,1,91.1,44.3,0.6446,1
PG_2026_1632,POSTGRADUATE,Male,22,5-10 LPA,0,7.43,8.37,84.4,69.3,750000.0,43.9,10,0,25,Kerala,KL,94.0,92.1,43.2,3.2,Thiruvananthapuram,0.9,0,46.2,15.2,0.0447,1
PG_2026_1633,POSTGRADUATE,Female,25,5-10 LPA,1,8.12,9.22,74.9,24.5,0.0,60.9,1,0,16,Maharashtra,MH,82.3,75.9,32.3,11.2,Pune,3.9,0,39.1,21.0,0.0305,0
PG_2026_1634,POSTGRADUATE,Female,23,5-10 LPA,1,7.91,7.38,72.7,71.7,0.0,58.5,0,0,1,Tamil Nadu,TN,80.1,73.4,51.4,8.1,Coimbatore,2.1,0,24.2,18.9,0.0176,0
PG_2026_1635,POSTGRADUATE,Female,23,2-5 LPA,1,8.58,7.67,72.5,66.7,150000.0,42.6,3,0,17,Maharashtra,MH,82.3,75.9,32.3,11.2,Pune,3.9,0,39.1,21.0,0.0338,0
PG_2026_1636,POSTGRADUATE,Male,24,<2 LPA,0,8.29,7.69,62.2,49.4,0.0,42.7,2,1,23,Maharashtra,MH,82.3,75.9,32.3,11.2,Gadchiroli,28.5,1,89.0,28.9,0.0991,1
PG_2026_1637,POSTGRADUATE,Female,21,5-10 LPA,0,7.05,6.52,77.8,20.9,750000.0,72.6,8,2,17,Karnataka,KA,75.4,68.1,36.2,12.0,Bengaluru Urban,1.8,0,9.1,18.2,0.5498,1
PG_2026_1638,POSTGRADUATE,Female,21,<2 LPA,1,5.5,4.72,77.9,40.2,350000.0,59.3,10,4,9,Bihar,BR,61.8,51.5,14.5,21.4,Katihar,48.7,1,91.1,44.3,0.7773,1
PG_2026_1639,POSTGRADUATE,Male,23,5-10 LPA,0,6.88,5.96,82.8,48.4,750000.0,63.2,9,1,4,Maharashtra,MH,82.3,75.9,32.3,11.2,Mumbai,2.1,0,0.0,19.5,0.2936,0
PG_2026_1640,POSTGRADUATE,Female,22,<2 LPA,0,7.08,6.07,82.4,66.5,0.0,95.0,3,1,20,Maharashtra,MH,82.3,75.9,32.3,11.2,Nandurbar,33.1,1,83.3,32.4,0.0283,0
PG_2026_1641,POSTGRADUATE,Male,23,<2 LPA,1,7.62,8.49,67.8,93.0,750000.0,94.9,5,0,0,Bihar,BR,61.8,51.5,14.5,21.4,Patna,18.2,0,56.4,28.5,0.0094,0
PG_2026_1642,POSTGRADUATE,Female,23,5-10 LPA,1,6.68,6.61,67.3,60.7,150000.0,60.0,3,1,9,Tamil Nadu,TN,80.1,73.4,51.4,8.1,Ramanathapuram,7.8,1,69.7,22.1,0.0956,0
PG_2026_1643,POSTGRADUATE,Female,21,5-10 LPA,0,5.85,5.96,68.4,82.1,0.0,67.2,7,0,38,Haryana,HR,75.6,65.9,29.8,12.5,Gurugram,2.5,0,31.2,20.5,0.0322,0
PG_2026_1644,POSTGRADUATE,Male,21,<2 LPA,0,7.74,7.87,72.4,64.1,150000.0,37.8,1,0,6,Gujarat,GJ,78.0,69.7,21.3,17.9,Dahod,40.5,1,88.0,38.1,0.0343,0
PG_2026_1645,POSTGRADUATE,Male,22,5-10 LPA,1,7.28,6.49,73.1,40.2,350000.0,45.1,10,1,19,Rajasthan,RJ,66.1,52.1,26.0,17.2,Jaipur,6.9,0,47.6,22.5,0.3115,0
PG_2026_1646,POSTGRADUATE,Female,22,<2 LPA,0,6.69,7.14,83.1,68.1,350000.0,64.3,5,0,0,Gujarat,GJ,78.0,69.7,21.3,17.9,Narmada,32.4,1,89.5,30.5,0.0297,0
PG_2026_1647,POSTGRADUATE,Female,26,2-5 LPA,0,6.21,5.85,57.6,54.3,0.0,78.7,1,5,2,Uttar Pradesh,UP,67.7,57.2,23.2,16.8,Lucknow,8.5,0,33.8,24.1,0.5035,1
PG_2026_1648,POSTGRADUATE,Male,25,2-5 LPA,0,7.45,6.63,80.6,58.4,750000.0,74.8,8,0,17,Haryana,HR,75.6,65.9,29.8,12.5,Gurugram,2.5,0,31.2,20.5,0.0913,0
PG_2026_1649,POSTGRADUATE,Female,26,5-10 LPA,0,7.68,7.71,86.0,78.4,150000.0,43.1,1,0,1,Maharashtra,MH,82.3,75.9,32.3,11.2,Gadchiroli,28.5,1,89.0,28.9,0.0138,0
PG_2026_1650,POSTGRADUATE,Female,23,2-5 LPA,0,6.54,7.15,77.9,94.2,0.0,84.2,5,0,28,Bihar,BR,61.8,51.5,14.5,21.4,Patna,18.2,0,56.4,28.5,0.0056,0
PG_2026_1651,POSTGRADUATE,Female,24,5-10 LPA,0,9.19,8.23,78.0,83.5,150000.0,25.3,2,0,2,Madhya Pradesh,MP,69.3,59.2,24.8,18.5,Indore,6.8,0,25.9,21.8,0.0163,0
PG_2026_1652,POSTGRADUATE,Female,26,2-5 LPA,0,6.02,6.2,100.0,87.1,150000.0,45.1,1,0,2,Karnataka,KA,75.4,68.1,36.2,12.0,Bengaluru Urban,1.8,0,9.1,18.2,0.0148,0
PG_2026_1653,POSTGRADUATE,Female,21,>10 LPA,1,7.11,7.92,82.0,56.0,0.0,68.5,2,0,31,Tamil Nadu,TN,80.1,73.4,51.4,8.1,Coimbatore,2.1,0,24.2,18.9,0.0151,0
PG_2026_1654,POSTGRADUATE,Female,21,5-10 LPA,0,6.4,5.85,83.9,52.0,0.0,83.4,2,1,37,Uttar Pradesh,UP,67.7,57.2,23.2,16.8,Shravasti,49.6,1,96.5,48.2,0.0599,0
PG_2026_1655,POSTGRADUATE,Male,22,5-10 LPA,1,6.37,5.94,71.8,43.7,150000.0,72.3,0,3,18,Kerala,KL,94.0,92.1,43.2,3.2,Ernakulam,0.6,0,31.9,14.8,0.3158,0
PG_2026_1656,POSTGRADUATE,Female,24,2-5 LPA,0,8.46,9.28,80.6,74.3,350000.0,65.9,12,1,3,Maharashtra,MH,82.3,75.9,32.3,11.2,Nandurbar,33.1,1,83.3,32.4,0.0164,0
PG_2026_1657,POSTGRADUATE,Female,23,5-10 LPA,0,6.21,5.62,75.6,65.7,150000.0,72.4,3,5,24,Gujarat,GJ,78.0,69.7,21.3,17.9,Ahmedabad,3.8,0,15.9,20.2,0.4075,0
PG_2026_1658,POSTGRADUATE,Female,25,5-10 LPA,0,6.55,7.14,75.6,60.6,0.0,48.8,3,0,9,Madhya Pradesh,MP,69.3,59.2,24.8,18.5,Indore,6.8,0,25.9,21.8,0.0359,0
PG_2026_1659,POSTGRADUATE,Male,23,2-5 LPA,0,6.81,5.12,74.9,20.9,0.0,56.2,2,2,11,Haryana,HR,75.6,65.9,29.8,12.5,Gurugram,2.5,0,31.2,20.5,0.5132,1
PG_2026_1660,POSTGRADUATE,Male,26,5-10 LPA,1,6.4,5.23,77.2,79.1,0.0,54.5,3,2,19,Haryana,HR,75.6,65.9,29.8,12.5,Nuh / Mewat,44.8,1,88.6,47.0,0.1145,0
PG_2026_1661,POSTGRADUATE,Male,22,<2 LPA,0,7.66,7.14,73.4,49.8,0.0,68.5,1,0,0,Haryana,HR,75.6,65.9,29.8,12.5,Gurugram,2.5,0,31.2,20.5,0.0353,0
PG_2026_1662,POSTGRADUATE,Female,24,<2 LPA,1,7.25,7.08,62.4,98.1,0.0,59.9,2,0,19,Madhya Pradesh,MP,69.3,59.2,24.8,18.5,Indore,6.8,0,25.9,21.8,0.0118,0
PG_2026_1663,POSTGRADUATE,Female,26,2-5 LPA,0,6.86,6.51,57.4,59.3,150000.0,10.0,1,1,7,Uttar Pradesh,UP,67.7,57.2,23.2,16.8,Bahraich,54.4,1,92.1,46.5,0.286,1
PG_2026_1664,POSTGRADUATE,Male,25,2-5 LPA,0,5.76,5.11,78.5,62.8,0.0,64.8,3,3,10,Kerala,KL,94.0,92.1,43.2,3.2,Thiruvananthapuram,0.9,0,46.2,15.2,0.2399,0
PG_2026_1665,POSTGRADUATE,Male,25,2-5 LPA,1,6.2,6.21,79.0,30.8,0.0,61.3,6,2,10,Gujarat,GJ,78.0,69.7,21.3,17.9,Narmada,32.4,1,89.5,30.5,0.2728,0
PG_2026_1666,POSTGRADUATE,Male,21,>10 LPA,0,7.32,9.04,83.3,70.3,0.0,70.1,2,1,0,Uttar Pradesh,UP,67.7,57.2,23.2,16.8,Bahraich,54.4,1,92.1,46.5,0.0077,0
PG_2026_1667,POSTGRADUATE,Male,26,2-5 LPA,0,7.87,8.01,75.7,49.9,0.0,88.7,3,1,8,Kerala,KL,94.0,92.1,43.2,3.2,Ernakulam,0.6,0,31.9,14.8,0.0242,0
PG_2026_1668,POSTGRADUATE,Male,22,5-10 LPA,0,6.78,6.62,62.4,69.2,350000.0,57.0,9,0,11,Haryana,HR,75.6,65.9,29.8,12.5,Gurugram,2.5,0,31.2,20.5,0.0883,0
PG_2026_1669,POSTGRADUATE,Female,25,5-10 LPA,0,7.49,8.15,94.3,35.9,350000.0,62.4,13,0,29,Maharashtra,MH,82.3,75.9,32.3,11.2,Pune,3.9,0,39.1,21.0,0.0503,1
PG_2026_1670,POSTGRADUATE,Male,23,2-5 LPA,0,7.17,6.34,77.7,48.8,0.0,72.0,1,0,0,Tamil Nadu,TN,80.1,73.4,51.4,8.1,Chennai,1.2,0,0.0,17.5,0.046,0
PG_2026_1671,POSTGRADUATE,Male,23,2-5 LPA,0,7.95,7.26,70.3,54.8,150000.0,55.3,2,3,34,Rajasthan,RJ,66.1,52.1,26.0,17.2,Jaipur,6.9,0,47.6,22.5,0.1931,0
PG_2026_1672,POSTGRADUATE,Female,25,2-5 LPA,1,6.61,6.18,82.5,41.6,0.0,41.7,1,4,2,Karnataka,KA,75.4,68.1,36.2,12.0,Yadgir,39.4,1,81.2,36.5,0.4439,0
PG_2026_1673,POSTGRADUATE,Male,23,2-5 LPA,0,6.87,6.74,95.2,40.8,0.0,86.4,4,2,0,Kerala,KL,94.0,92.1,43.2,3.2,Thiruvananthapuram,0.9,0,46.2,15.2,0.0641,0
PG_2026_1674,POSTGRADUATE,Male,24,2-5 LPA,0,7.5,6.91,57.5,71.5,0.0,87.1,5,1,4,Tamil Nadu,TN,80.1,73.4,51.4,8.1,Ramanathapuram,7.8,1,69.7,22.1,0.0393,0
PG_2026_1675,POSTGRADUATE,Female,23,2-5 LPA,1,5.5,4.42,94.3,48.5,0.0,47.6,2,3,16,Maharashtra,MH,82.3,75.9,32.3,11.2,Pune,3.9,0,39.1,21.0,0.3922,0
PG_2026_1676,POSTGRADUATE,Female,25,2-5 LPA,0,6.91,5.82,100.0,79.7,0.0,94.0,3,4,29,Madhya Pradesh,MP,69.3,59.2,24.8,18.5,Bhopal,9.4,0,19.1,23.4,0.054,0
PG_2026_1677,POSTGRADUATE,Male,21,>10 LPA,0,6.22,5.63,65.5,72.9,0.0,83.4,0,2,24,Bihar,BR,61.8,51.5,14.5,21.4,Muzaffarpur,35.1,1,90.3,38.0,0.0844,0
PG_2026_1678,POSTGRADUATE,Female,21,2-5 LPA,0,8.98,9.21,67.8,79.4,350000.0,59.9,8,0,4,Gujarat,GJ,78.0,69.7,21.3,17.9,Dahod,40.5,1,88.0,38.1,0.0124,0
PG_2026_1679,POSTGRADUATE,Male,22,2-5 LPA,0,7.74,6.63,79.6,80.2,0.0,82.9,5,1,15,Madhya Pradesh,MP,69.3,59.2,24.8,18.5,Barwani,46.1,1,85.5,37.1,0.0194,0
PG_2026_1680,POSTGRADUATE,Male,26,<2 LPA,0,8.24,8.7,93.6,31.3,150000.0,80.5,0,0,15,Tamil Nadu,TN,80.1,73.4,51.4,8.1,Ramanathapuram,7.8,1,69.7,22.1,0.0152,0
PG_2026_1681,POSTGRADUATE,Female,23,5-10 LPA,0,7.04,5.39,98.1,59.8,0.0,76.2,3,3,9,Karnataka,KA,75.4,68.1,36.2,12.0,Raichur,36.8,1,74.6,34.0,0.1173,0
PG_2026_1682,POSTGRADUATE,Female,21,2-5 LPA,0,7.88,8.45,89.0,96.7,350000.0,71.1,8,0,22,Uttar Pradesh,UP,67.7,57.2,23.2,16.8,Lucknow,8.5,0,33.8,24.1,0.0044,1
PG_2026_1683,POSTGRADUATE,Male,25,<2 LPA,1,6.23,5.89,84.0,59.6,150000.0,75.7,4,0,2,Uttar Pradesh,UP,67.7,57.2,23.2,16.8,Shravasti,49.6,1,96.5,48.2,0.0434,0
PG_2026_1684,POSTGRADUATE,Male,24,2-5 LPA,0,8.05,8.1,71.0,74.7,350000.0,66.8,9,1,20,Madhya Pradesh,MP,69.3,59.2,24.8,18.5,Alirajpur,52.0,1,92.2,39.5,0.0358,0
PG_2026_1685,POSTGRADUATE,Male,26,5-10 LPA,0,5.65,6.2,64.1,62.3,150000.0,41.5,3,5,1,Rajasthan,RJ,66.1,52.1,26.0,17.2,Jaipur,6.9,0,47.6,22.5,0.595,1
PG_2026_1686,POSTGRADUATE,Male,25,2-5 LPA,0,8.85,6.46,77.8,35.8,150000.0,44.4,1,3,22,Madhya Pradesh,MP,69.3,59.2,24.8,18.5,Barwani,46.1,1,85.5,37.1,0.4082,0
PG_2026_1687,POSTGRADUATE,Female,21,<2 LPA,0,6.85,7.62,68.7,62.3,0.0,34.8,1,0,20,Maharashtra,MH,82.3,75.9,32.3,11.2,Mumbai,2.1,0,0.0,19.5,0.0395,0
PG_2026_1688,POSTGRADUATE,Male,22,<2 LPA,0,7.38,5.67,59.5,44.3,150000.0,69.4,1,4,10,Tamil Nadu,TN,80.1,73.4,51.4,8.1,Coimbatore,2.1,0,24.2,18.9,0.5793,1
PG_2026_1689,POSTGRADUATE,Female,23,2-5 LPA,0,8.22,9.45,62.7,65.6,750000.0,47.1,9,1,7,Karnataka,KA,75.4,68.1,36.2,12.0,Raichur,36.8,1,74.6,34.0,0.0777,1
PG_2026_1690,POSTGRADUATE,Male,26,2-5 LPA,1,8.64,8.34,77.4,41.2,0.0,79.6,1,0,5,Kerala,KL,94.0,92.1,43.2,3.2,Thiruvananthapuram,0.9,0,46.2,15.2,0.0178,0
PG_2026_1691,POSTGRADUATE,Female,24,<2 LPA,1,7.8,7.44,76.1,29.1,750000.0,60.2,8,0,8,Karnataka,KA,75.4,68.1,36.2,12.0,Raichur,36.8,1,74.6,34.0,0.2155,0
PG_2026_1692,POSTGRADUATE,Male,22,>10 LPA,1,6.72,7.51,68.5,95.5,750000.0,89.2,7,0,16,Karnataka,KA,75.4,68.1,36.2,12.0,Bengaluru Urban,1.8,0,9.1,18.2,0.0173,0
PG_2026_1693,POSTGRADUATE,Male,25,5-10 LPA,0,7.37,7.4,60.7,63.1,350000.0,46.9,9,0,30,Gujarat,GJ,78.0,69.7,21.3,17.9,Ahmedabad,3.8,0,15.9,20.2,0.0913,0
PG_2026_1694,POSTGRADUATE,Female,25,2-5 LPA,1,6.88,6.74,63.4,91.3,1200000.0,60.5,9,0,2,Maharashtra,MH,82.3,75.9,32.3,11.2,Mumbai,2.1,0,0.0,19.5,0.1194,0
PG_2026_1695,POSTGRADUATE,Male,24,>10 LPA,0,7.08,8.33,75.7,100.0,350000.0,56.3,11,1,5,Madhya Pradesh,MP,69.3,59.2,24.8,18.5,Bhopal,9.4,0,19.1,23.4,0.0152,0
PG_2026_1696,POSTGRADUATE,Male,22,5-10 LPA,1,8.79,8.51,92.9,56.8,0.0,85.4,1,0,24,Bihar,BR,61.8,51.5,14.5,21.4,Patna,18.2,0,56.4,28.5,0.0053,0
PG_2026_1697,POSTGRADUATE,Male,23,5-10 LPA,0,8.24,6.33,59.6,22.7,0.0,51.6,1,0,27,Gujarat,GJ,78.0,69.7,21.3,17.9,Dahod,40.5,1,88.0,38.1,0.238,0
PG_2026_1698,POSTGRADUATE,Male,25,<2 LPA,0,8.78,8.36,70.7,66.8,150000.0,49.1,2,1,4,Madhya Pradesh,MP,69.3,59.2,24.8,18.5,Bhopal,9.4,0,19.1,23.4,0.0341,0
PG_2026_1699,POSTGRADUATE,Female,26,2-5 LPA,1,6.28,6.16,67.8,33.8,150000.0,48.9,2,3,90,Maharashtra,MH,82.3,75.9,32.3,11.2,Mumbai,2.1,0,0.0,19.5,0.5276,1
PG_2026_1700,POSTGRADUATE,Male,21,<2 LPA,0,7.55,7.67,67.7,0.0,750000.0,71.9,10,0,0,Tamil Nadu,TN,80.1,73.4,51.4,8.1,Coimbatore,2.1,0,24.2,18.9,0.4232,1
PG_2026_1701,POSTGRADUATE,Male,22,2-5 LPA,0,7.12,5.48,58.3,21.5,0.0,44.7,4,1,1,Bihar,BR,61.8,51.5,14.5,21.4,Katihar,48.7,1,91.1,44.3,0.5327,1
PG_2026_1702,POSTGRADUATE,Female,26,2-5 LPA,1,6.48,5.64,83.0,97.1,150000.0,78.1,1,0,31,Haryana,HR,75.6,65.9,29.8,12.5,Gurugram,2.5,0,31.2,20.5,0.0123,0
PG_2026_1703,POSTGRADUATE,Male,23,<2 LPA,0,7.46,7.37,88.8,48.1,750000.0,51.1,6,2,9,Madhya Pradesh,MP,69.3,59.2,24.8,18.5,Indore,6.8,0,25.9,21.8,0.2342,0
PG_2026_1704,POSTGRADUATE,Female,22,5-10 LPA,0,5.86,5.57,85.9,75.3,350000.0,62.4,6,0,1,Kerala,KL,94.0,92.1,43.2,3.2,Thiruvananthapuram,0.9,0,46.2,15.2,0.0526,0
PG_2026_1705,POSTGRADUATE,Female,21,2-5 LPA,0,6.93,5.95,62.5,62.2,750000.0,34.9,6,2,12,Haryana,HR,75.6,65.9,29.8,12.5,Nuh / Mewat,44.8,1,88.6,47.0,0.5533,1
PG_2026_1706,POSTGRADUATE,Male,24,5-10 LPA,0,7.8,7.52,81.4,72.4,0.0,65.1,1,0,28,Maharashtra,MH,82.3,75.9,32.3,11.2,Nandurbar,33.1,1,83.3,32.4,0.0112,0
PG_2026_1707,POSTGRADUATE,Male,22,2-5 LPA,0,8.97,8.82,93.9,62.0,0.0,62.1,3,1,7,Rajasthan,RJ,66.1,52.1,26.0,17.2,Kota,8.2,0,39.7,21.0,0.0102,0
PG_2026_1708,POSTGRADUATE,Male,25,<2 LPA,1,7.2,6.9,57.5,63.6,1200000.0,66.4,5,1,2,Karnataka,KA,75.4,68.1,36.2,12.0,Yadgir,39.4,1,81.2,36.5,0.3321,0
PG_2026_1709,POSTGRADUATE,Female,26,5-10 LPA,1,6.75,7.27,78.1,79.4,0.0,86.2,0,0,15,Uttar Pradesh,UP,67.7,57.2,23.2,16.8,Varanasi,16.3,0,56.6,29.4,0.0071,0
PG_2026_1710,POSTGRADUATE,Male,24,>10 LPA,0,9.55,7.86,85.5,59.2,0.0,32.5,0,1,3,Gujarat,GJ,78.0,69.7,21.3,17.9,Ahmedabad,3.8,0,15.9,20.2,0.0388,0
PG_2026_1711,POSTGRADUATE,Male,22,<2 LPA,1,6.42,8.19,57.1,62.2,0.0,34.4,1,0,1,Maharashtra,MH,82.3,75.9,32.3,11.2,Mumbai,2.1,0,0.0,19.5,0.0413,0
PG_2026_1712,POSTGRADUATE,Male,25,2-5 LPA,1,7.5,6.91,64.7,57.4,0.0,72.9,1,1,16,Madhya Pradesh,MP,69.3,59.2,24.8,18.5,Barwani,46.1,1,85.5,37.1,0.0587,0
PG_2026_1713,POSTGRADUATE,Female,22,2-5 LPA,0,7.5,7.91,81.8,87.1,150000.0,46.7,2,1,5,Bihar,BR,61.8,51.5,14.5,21.4,Gaya,38.6,1,86.8,36.2,0.0165,0
PG_2026_1714,POSTGRADUATE,Female,25,2-5 LPA,1,7.77,6.66,69.3,59.7,350000.0,77.8,9,0,1,Karnataka,KA,75.4,68.1,36.2,12.0,Yadgir,39.4,1,81.2,36.5,0.0659,0
PG_2026_1715,POSTGRADUATE,Male,23,2-5 LPA,1,6.65,5.98,57.0,13.4,350000.0,42.3,7,0,23,Maharashtra,MH,82.3,75.9,32.3,11.2,Pune,3.9,0,39.1,21.0,0.588,1
PG_2026_1716,POSTGRADUATE,Female,21,2-5 LPA,0,6.28,6.75,63.2,76.9,150000.0,70.4,0,0,2,Haryana,HR,75.6,65.9,29.8,12.5,Nuh / Mewat,44.8,1,88.6,47.0,0.0271,0
PG_2026_1717,POSTGRADUATE,Male,22,2-5 LPA,0,8.56,6.53,65.2,48.0,750000.0,86.0,10,0,2,Madhya Pradesh,MP,69.3,59.2,24.8,18.5,Indore,6.8,0,25.9,21.8,0.1716,0
PG_2026_1718,POSTGRADUATE,Female,26,2-5 LPA,1,7.48,6.77,72.1,75.6,350000.0,62.7,3,1,10,Karnataka,KA,75.4,68.1,36.2,12.0,Raichur,36.8,1,74.6,34.0,0.0597,0
PG_2026_1719,POSTGRADUATE,Female,22,2-5 LPA,1,9.21,9.2,73.1,58.3,750000.0,46.5,10,0,12,Rajasthan,RJ,66.1,52.1,26.0,17.2,Jaisalmer,31.8,1,86.7,33.2,0.0547,0
PG_2026_1720,POSTGRADUATE,Male,22,2-5 LPA,0,8.19,7.92,68.6,40.9,350000.0,24.3,10,0,13,Haryana,HR,75.6,65.9,29.8,12.5,Nuh / Mewat,44.8,1,88.6,47.0,0.1742,0
PG_2026_1721,POSTGRADUATE,Male,24,2-5 LPA,0,9.55,7.6,70.3,64.7,350000.0,57.0,13,2,10,Uttar Pradesh,UP,67.7,57.2,23.2,16.8,Noida / Gautam Buddha Nagar,7.1,0,40.9,22.0,0.1398,0
PG_2026_1722,POSTGRADUATE,Female,26,<2 LPA,0,6.59,6.58,60.3,41.8,350000.0,73.0,4,1,16,Haryana,HR,75.6,65.9,29.8,12.5,Nuh / Mewat,44.8,1,88.6,47.0,0.2169,0
PG_2026_1723,POSTGRADUATE,Female,21,<2 LPA,1,7.72,7.89,77.9,61.7,0.0,60.7,3,0,10,Gujarat,GJ,78.0,69.7,21.3,17.9,Dahod,40.5,1,88.0,38.1,0.0172,1
PG_2026_1724,POSTGRADUATE,Female,22,2-5 LPA,0,7.6,7.13,85.8,75.6,150000.0,44.6,0,0,4,Uttar Pradesh,UP,67.7,57.2,23.2,16.8,Noida / Gautam Buddha Nagar,7.1,0,40.9,22.0,0.0197,0
PG_2026_1725,POSTGRADUATE,Male,24,>10 LPA,1,5.57,5.79,82.8,15.0,0.0,77.1,2,2,17,Karnataka,KA,75.4,68.1,36.2,12.0,Yadgir,39.4,1,81.2,36.5,0.3181,1
PG_2026_1726,POSTGRADUATE,Male,24,2-5 LPA,0,6.7,4.94,94.5,80.1,0.0,61.1,2,1,12,Maharashtra,MH,82.3,75.9,32.3,11.2,Pune,3.9,0,39.1,21.0,0.0429,0
PG_2026_1727,POSTGRADUATE,Female,26,5-10 LPA,1,7.16,7.37,59.4,39.0,150000.0,41.9,5,1,26,Rajasthan,RJ,66.1,52.1,26.0,17.2,Jaisalmer,31.8,1,86.7,33.2,0.2246,0
PG_2026_1728,POSTGRADUATE,Male,21,2-5 LPA,0,7.76,8.74,83.0,57.3,750000.0,59.3,11,0,24,Karnataka,KA,75.4,68.1,36.2,12.0,Bengaluru Urban,1.8,0,9.1,18.2,0.0439,0
PG_2026_1729,POSTGRADUATE,Female,23,2-5 LPA,1,6.95,6.77,84.5,38.6,350000.0,68.3,10,0,0,Haryana,HR,75.6,65.9,29.8,12.5,Nuh / Mewat,44.8,1,88.6,47.0,0.0999,0
PG_2026_1730,POSTGRADUATE,Female,22,2-5 LPA,0,8.18,7.93,68.7,42.8,150000.0,26.8,3,0,7,Karnataka,KA,75.4,68.1,36.2,12.0,Raichur,36.8,1,74.6,34.0,0.0976,0
PG_2026_1731,POSTGRADUATE,Male,22,2-5 LPA,0,6.86,6.01,74.2,93.8,0.0,82.6,0,2,26,Tamil Nadu,TN,80.1,73.4,51.4,8.1,Ramanathapuram,7.8,1,69.7,22.1,0.0275,1
PG_2026_1732,POSTGRADUATE,Male,26,5-10 LPA,1,6.73,6.92,78.6,57.6,150000.0,55.3,2,0,10,Bihar,BR,61.8,51.5,14.5,21.4,Katihar,48.7,1,91.1,44.3,0.0435,0
PG_2026_1733,POSTGRADUATE,Male,26,<2 LPA,0,8.3,8.27,87.1,31.5,0.0,62.3,3,0,10,Gujarat,GJ,78.0,69.7,21.3,17.9,Narmada,32.4,1,89.5,30.5,0.0292,0
PG_2026_1734,POSTGRADUATE,Female,26,<2 LPA,1,7.24,6.71,61.6,100.0,1200000.0,63.1,8,0,4,Gujarat,GJ,78.0,69.7,21.3,17.9,Narmada,32.4,1,89.5,30.5,0.0895,0
PG_2026_1735,POSTGRADUATE,Female,24,<2 LPA,0,7.4,7.8,61.3,51.3,0.0,72.6,2,1,22,Kerala,KL,94.0,92.1,43.2,3.2,Ernakulam,0.6,0,31.9,14.8,0.0519,0
PG_2026_1736,POSTGRADUATE,Female,25,<2 LPA,1,6.98,6.36,69.3,40.6,0.0,43.0,2,1,16,Madhya Pradesh,MP,69.3,59.2,24.8,18.5,Bhopal,9.4,0,19.1,23.4,0.1992,0
PG_2026_1737,POSTGRADUATE,Male,26,2-5 LPA,0,6.11,6.02,70.2,78.2,0.0,69.0,1,0,7,Tamil Nadu,TN,80.1,73.4,51.4,8.1,Chennai,1.2,0,0.0,17.5,0.0266,1
PG_2026_1738,POSTGRADUATE,Female,25,<2 LPA,0,8.35,7.41,72.7,47.1,1200000.0,95.0,8,0,0,Bihar,BR,61.8,51.5,14.5,21.4,Gaya,38.6,1,86.8,36.2,0.1392,0
PG_2026_1739,POSTGRADUATE,Male,23,<2 LPA,1,6.42,6.78,64.0,48.4,150000.0,63.3,6,0,2,Madhya Pradesh,MP,69.3,59.2,24.8,18.5,Indore,6.8,0,25.9,21.8,0.0931,0
PG_2026_1740,POSTGRADUATE,Male,22,2-5 LPA,1,9.59,9.9,60.3,74.1,0.0,63.0,2,0,0,Maharashtra,MH,82.3,75.9,32.3,11.2,Pune,3.9,0,39.1,21.0,0.0058,0
PG_2026_1741,POSTGRADUATE,Male,21,<2 LPA,1,8.0,8.12,67.2,42.8,0.0,56.2,2,0,11,Tamil Nadu,TN,80.1,73.4,51.4,8.1,Chennai,1.2,0,0.0,17.5,0.0417,0
PG_2026_1742,POSTGRADUATE,Female,22,>10 LPA,0,9.34,7.95,97.9,60.0,750000.0,52.0,5,0,10,Gujarat,GJ,78.0,69.7,21.3,17.9,Narmada,32.4,1,89.5,30.5,0.0374,0
PG_2026_1743,POSTGRADUATE,Female,25,>10 LPA,0,8.12,7.4,62.0,22.6,750000.0,63.5,12,0,12,Bihar,BR,61.8,51.5,14.5,21.4,Katihar,48.7,1,91.1,44.3,0.3671,0
PG_2026_1744,POSTGRADUATE,Male,23,<2 LPA,1,7.56,6.95,94.9,31.2,0.0,67.9,0,0,8,Gujarat,GJ,78.0,69.7,21.3,17.9,Ahmedabad,3.8,0,15.9,20.2,0.0384,0
PG_2026_1745,POSTGRADUATE,Female,22,<2 LPA,1,7.67,7.59,81.2,36.4,0.0,78.6,2,0,19,Haryana,HR,75.6,65.9,29.8,12.5,Gurugram,2.5,0,31.2,20.5,0.0297,0
PG_2026_1746,POSTGRADUATE,Male,24,<2 LPA,1,7.37,5.82,82.6,16.0,350000.0,47.9,8,2,0,Maharashtra,MH,82.3,75.9,32.3,11.2,Gadchiroli,28.5,1,89.0,28.9,0.6247,1
PG_2026_1747,POSTGRADUATE,Male,24,<2 LPA,0,6.0,6.52,72.4,76.7,1200000.0,69.8,5,1,18,Karnataka,KA,75.4,68.1,36.2,12.0,Raichur,36.8,1,74.6,34.0,0.1881,0
PG_2026_1748,POSTGRADUATE,Female,26,<2 LPA,1,7.4,6.7,80.2,49.1,0.0,75.0,4,1,6,Gujarat,GJ,78.0,69.7,21.3,17.9,Dahod,40.5,1,88.0,38.1,0.0588,0
PG_2026_1749,POSTGRADUATE,Female,22,2-5 LPA,0,7.91,6.43,78.5,30.8,350000.0,81.0,13,1,9,Maharashtra,MH,82.3,75.9,32.3,11.2,Gadchiroli,28.5,1,89.0,28.9,0.2299,0
PG_2026_1750,POSTGRADUATE,Male,24,5-10 LPA,1,8.7,8.22,63.2,99.5,750000.0,93.1,6,0,34,Madhya Pradesh,MP,69.3,59.2,24.8,18.5,Alirajpur,52.0,1,92.2,39.5,0.0107,0
PG_2026_1751,POSTGRADUATE,Male,24,2-5 LPA,0,8.76,8.82,74.4,59.0,1200000.0,82.0,3,0,6,Haryana,HR,75.6,65.9,29.8,12.5,Gurugram,2.5,0,31.2,20.5,0.0481,0
PG_2026_1752,POSTGRADUATE,Male,25,2-5 LPA,0,6.54,4.9,58.7,100.0,0.0,33.5,1,2,4,Madhya Pradesh,MP,69.3,59.2,24.8,18.5,Alirajpur,52.0,1,92.2,39.5,0.1557,0
PG_2026_1753,POSTGRADUATE,Female,21,5-10 LPA,1,7.36,7.3,89.2,47.1,0.0,70.1,2,0,13,Madhya Pradesh,MP,69.3,59.2,24.8,18.5,Indore,6.8,0,25.9,21.8,0.0226,0
PG_2026_1754,POSTGRADUATE,Female,23,5-10 LPA,0,7.79,9.12,64.4,94.0,350000.0,46.4,7,0,10,Madhya Pradesh,MP,69.3,59.2,24.8,18.5,Bhopal,9.4,0,19.1,23.4,0.011,0
PG_2026_1755,POSTGRADUATE,Female,25,<2 LPA,0,7.23,7.03,73.0,76.2,0.0,72.4,4,2,5,Bihar,BR,61.8,51.5,14.5,21.4,Muzaffarpur,35.1,1,90.3,38.0,0.0418,0
PG_2026_1756,POSTGRADUATE,Male,26,<2 LPA,1,7.33,6.41,89.8,19.4,150000.0,58.9,0,1,7,Karnataka,KA,75.4,68.1,36.2,12.0,Yadgir,39.4,1,81.2,36.5,0.1899,0
PG_2026_1757,POSTGRADUATE,Female,25,<2 LPA,0,7.7,6.41,92.4,85.9,0.0,93.3,4,5,7,Uttar Pradesh,UP,67.7,57.2,23.2,16.8,Noida / Gautam Buddha Nagar,7.1,0,40.9,22.0,0.0673,0
PG_2026_1758,POSTGRADUATE,Male,22,5-10 LPA,0,7.26,7.66,86.8,55.7,150000.0,42.4,1,1,9,Tamil Nadu,TN,80.1,73.4,51.4,8.1,Coimbatore,2.1,0,24.2,18.9,0.0495,0
PG_2026_1759,POSTGRADUATE,Male,21,2-5 LPA,0,5.58,4.67,65.9,76.2,750000.0,95.0,6,2,3,Tamil Nadu,TN,80.1,73.4,51.4,8.1,Chennai,1.2,0,0.0,17.5,0.2938,0
PG_2026_1760,POSTGRADUATE,Male,25,5-10 LPA,1,9.03,9.16,78.7,55.8,1200000.0,89.5,8,0,2,Karnataka,KA,75.4,68.1,36.2,12.0,Raichur,36.8,1,74.6,34.0,0.0406,0
PG_2026_1761,POSTGRADUATE,Male,24,2-5 LPA,1,7.34,7.0,79.0,99.3,0.0,52.3,3,0,1,Bihar,BR,61.8,51.5,14.5,21.4,Gaya,38.6,1,86.8,36.2,0.0087,0
PG_2026_1762,POSTGRADUATE,Male,23,>10 LPA,0,7.71,7.79,70.7,43.7,150000.0,74.9,2,1,25,Maharashtra,MH,82.3,75.9,32.3,11.2,Nandurbar,33.1,1,83.3,32.4,0.0608,1
PG_2026_1763,POSTGRADUATE,Female,22,2-5 LPA,0,7.33,6.85,66.1,73.1,750000.0,44.5,9,3,2,Haryana,HR,75.6,65.9,29.8,12.5,Nuh / Mewat,44.8,1,88.6,47.0,0.4108,0
PG_2026_1764,POSTGRADUATE,Female,26,2-5 LPA,1,7.51,8.14,71.8,60.0,350000.0,63.2,4,1,1,Uttar Pradesh,UP,67.7,57.2,23.2,16.8,Balrampur,47.9,1,92.3,45.0,0.0507,0
PG_2026_1765,POSTGRADUATE,Male,24,<2 LPA,0,6.98,6.81,56.3,55.3,350000.0,37.6,4,0,7,Madhya Pradesh,MP,69.3,59.2,24.8,18.5,Indore,6.8,0,25.9,21.8,0.174,1
PG_2026_1766,POSTGRADUATE,Male,26,<2 LPA,0,7.67,6.92,73.5,40.9,1200000.0,52.3,8,1,3,Bihar,BR,61.8,51.5,14.5,21.4,Muzaffarpur,35.1,1,90.3,38.0,0.4978,0
PG_2026_1767,POSTGRADUATE,Male,23,<2 LPA,1,7.76,6.99,62.2,78.3,150000.0,53.9,2,0,4,Maharashtra,MH,82.3,75.9,32.3,11.2,Gadchiroli,28.5,1,89.0,28.9,0.0343,0
PG_2026_1768,POSTGRADUATE,Female,26,2-5 LPA,1,7.86,9.88,66.5,45.8,350000.0,60.7,7,1,6,Gujarat,GJ,78.0,69.7,21.3,17.9,Dahod,40.5,1,88.0,38.1,0.0442,0
PG_2026_1769,POSTGRADUATE,Female,21,<2 LPA,0,6.93,6.02,69.2,30.7,0.0,80.6,3,4,17,Tamil Nadu,TN,80.1,73.4,51.4,8.1,Chennai,1.2,0,0.0,17.5,0.4831,0
PG_2026_1770,POSTGRADUATE,Male,22,<2 LPA,0,7.04,6.34,61.9,35.7,350000.0,48.0,11,0,50,Haryana,HR,75.6,65.9,29.8,12.5,Gurugram,2.5,0,31.2,20.5,0.3225,0
PG_2026_1771,POSTGRADUATE,Male,26,<2 LPA,1,7.82,6.62,88.2,46.9,0.0,69.1,0,0,0,Uttar Pradesh,UP,67.7,57.2,23.2,16.8,Bahraich,54.4,1,92.1,46.5,0.032,0
PG_2026_1772,POSTGRADUATE,Female,21,2-5 LPA,1,7.1,6.44,67.2,55.3,750000.0,58.0,11,4,12,Madhya Pradesh,MP,69.3,59.2,24.8,18.5,Bhopal,9.4,0,19.1,23.4,0.6798,1
PG_2026_1773,POSTGRADUATE,Male,24,2-5 LPA,1,7.72,7.33,75.2,42.9,0.0,82.6,1,0,8,Maharashtra,MH,82.3,75.9,32.3,11.2,Gadchiroli,28.5,1,89.0,28.9,0.0292,0
PG_2026_1774,POSTGRADUATE,Female,25,<2 LPA,0,6.26,5.19,54.4,53.9,0.0,95.0,1,2,11,Madhya Pradesh,MP,69.3,59.2,24.8,18.5,Alirajpur,52.0,1,92.2,39.5,0.2073,0
PG_2026_1775,POSTGRADUATE,Female,21,2-5 LPA,0,6.58,5.72,71.0,69.4,0.0,53.6,2,1,6,Rajasthan,RJ,66.1,52.1,26.0,17.2,Jaipur,6.9,0,47.6,22.5,0.0906,0
PG_2026_1776,POSTGRADUATE,Male,21,5-10 LPA,0,6.45,6.85,74.2,20.3,0.0,66.5,2,0,3,Uttar Pradesh,UP,67.7,57.2,23.2,16.8,Bahraich,54.4,1,92.1,46.5,0.1127,0
PG_2026_1777,POSTGRADUATE,Female,22,2-5 LPA,0,8.66,7.57,74.6,48.3,350000.0,35.8,7,2,27,Gujarat,GJ,78.0,69.7,21.3,17.9,Ahmedabad,3.8,0,15.9,20.2,0.2435,0
PG_2026_1778,POSTGRADUATE,Female,26,2-5 LPA,0,9.61,8.4,79.9,48.7,0.0,82.9,1,0,9,Rajasthan,RJ,66.1,52.1,26.0,17.2,Barmer,34.2,1,93.0,35.8,0.0116,0
PG_2026_1779,POSTGRADUATE,Female,21,2-5 LPA,0,8.49,8.73,65.7,65.5,0.0,70.0,2,0,18,Haryana,HR,75.6,65.9,29.8,12.5,Nuh / Mewat,44.8,1,88.6,47.0,0.0111,0
PG_2026_1780,POSTGRADUATE,Female,21,<2 LPA,1,8.18,7.52,67.0,57.9,0.0,90.3,3,0,12,Madhya Pradesh,MP,69.3,59.2,24.8,18.5,Alirajpur,52.0,1,92.2,39.5,0.0185,0
PG_2026_1781,POSTGRADUATE,Male,22,<2 LPA,1,6.81,7.06,76.9,37.0,0.0,62.1,1,2,0,Maharashtra,MH,82.3,75.9,32.3,11.2,Gadchiroli,28.5,1,89.0,28.9,0.1428,0
PG_2026_1782,POSTGRADUATE,Male,23,5-10 LPA,1,8.01,7.28,73.7,71.6,150000.0,35.1,0,0,33,Madhya Pradesh,MP,69.3,59.2,24.8,18.5,Indore,6.8,0,25.9,21.8,0.0356,0
PG_2026_1783,POSTGRADUATE,Male,26,2-5 LPA,0,8.58,9.45,68.7,28.7,750000.0,69.5,5,2,12,Karnataka,KA,75.4,68.1,36.2,12.0,Raichur,36.8,1,74.6,34.0,0.1891,0
PG_2026_1784,POSTGRADUATE,Female,25,>10 LPA,0,5.88,5.69,75.4,64.8,350000.0,82.9,6,2,2,Maharashtra,MH,82.3,75.9,32.3,11.2,Gadchiroli,28.5,1,89.0,28.9,0.1566,0
PG_2026_1785,POSTGRADUATE,Male,22,2-5 LPA,0,7.56,6.9,84.8,74.5,150000.0,66.6,4,0,5,Bihar,BR,61.8,51.5,14.5,21.4,Purnia,50.4,1,89.2,42.1,0.0177,0
PG_2026_1786,POSTGRADUATE,Male,25,2-5 LPA,1,6.46,5.81,93.1,64.2,150000.0,95.0,6,5,20,Maharashtra,MH,82.3,75.9,32.3,11.2,Nandurbar,33.1,1,83.3,32.4,0.2139,0
PG_2026_1787,POSTGRADUATE,Male,26,<2 LPA,0,7.0,6.11,45.9,51.0,350000.0,34.0,5,4,1,Madhya Pradesh,MP,69.3,59.2,24.8,18.5,Barwani,46.1,1,85.5,37.1,0.802,1
PG_2026_1788,POSTGRADUATE,Male,26,<2 LPA,0,6.88,6.5,79.6,31.9,0.0,67.9,2,1,10,Madhya Pradesh,MP,69.3,59.2,24.8,18.5,Alirajpur,52.0,1,92.2,39.5,0.1226,0
PG_2026_1789,POSTGRADUATE,Female,21,2-5 LPA,1,7.0,7.51,82.9,75.8,750000.0,75.3,4,0,8,Haryana,HR,75.6,65.9,29.8,12.5,Gurugram,2.5,0,31.2,20.5,0.0263,0
PG_2026_1790,POSTGRADUATE,Male,25,<2 LPA,0,6.93,7.95,67.6,63.3,0.0,52.8,2,0,14,Karnataka,KA,75.4,68.1,36.2,12.0,Yadgir,39.4,1,81.2,36.5,0.0242,0
PG_2026_1791,POSTGRADUATE,Male,25,<2 LPA,1,6.63,5.5,92.4,86.4,0.0,95.0,0,1,1,Tamil Nadu,TN,80.1,73.4,51.4,8.1,Chennai,1.2,0,0.0,17.5,0.0131,0
PG_2026_1792,POSTGRADUATE,Female,23,>10 LPA,0,6.53,6.78,100.0,35.6,150000.0,68.7,0,0,5,Bihar,BR,61.8,51.5,14.5,21.4,Purnia,50.4,1,89.2,42.1,0.0382,0
PG_2026_1793,POSTGRADUATE,Male,24,<2 LPA,0,7.5,7.13,87.7,62.3,150000.0,45.7,2,0,3,Karnataka,KA,75.4,68.1,36.2,12.0,Yadgir,39.4,1,81.2,36.5,0.0307,0
PG_2026_1794,POSTGRADUATE,Female,22,2-5 LPA,1,6.78,5.69,71.8,73.1,350000.0,26.2,10,1,6,Uttar Pradesh,UP,67.7,57.2,23.2,16.8,Noida / Gautam Buddha Nagar,7.1,0,40.9,22.0,0.2521,0
PG_2026_1795,POSTGRADUATE,Female,22,<2 LPA,1,7.93,6.29,72.7,87.1,1200000.0,73.0,12,3,39,Maharashtra,MH,82.3,75.9,32.3,11.2,Nandurbar,33.1,1,83.3,32.4,0.3706,1
PG_2026_1796,POSTGRADUATE,Female,21,2-5 LPA,0,5.5,5.8,94.4,36.1,0.0,54.9,2,3,5,Kerala,KL,94.0,92.1,43.2,3.2,Thiruvananthapuram,0.9,0,46.2,15.2,0.2859,0
PG_2026_1797,POSTGRADUATE,Female,24,<2 LPA,0,5.65,4.92,48.0,82.2,0.0,40.9,6,1,8,Kerala,KL,94.0,92.1,43.2,3.2,Thiruvananthapuram,0.9,0,46.2,15.2,0.2267,1
PG_2026_1798,POSTGRADUATE,Male,24,2-5 LPA,0,7.92,6.52,71.7,9.7,350000.0,50.1,13,0,1,Gujarat,GJ,78.0,69.7,21.3,17.9,Dahod,40.5,1,88.0,38.1,0.4508,0
PG_2026_1799,POSTGRADUATE,Female,24,>10 LPA,1,7.56,8.44,54.2,88.9,350000.0,42.5,9,0,5,Bihar,BR,61.8,51.5,14.5,21.4,Purnia,50.4,1,89.2,42.1,0.0295,1
PG_2026_1800,POSTGRADUATE,Female,23,<2 LPA,0,8.2,7.45,67.3,47.4,750000.0,24.2,10,1,12,Tamil Nadu,TN,80.1,73.4,51.4,8.1,Chennai,1.2,0,0.0,17.5,0.405,0
PG_2026_1801,POSTGRADUATE,Male,22,<2 LPA,0,5.5,4.43,88.3,98.8,750000.0,71.0,6,1,5,Karnataka,KA,75.4,68.1,36.2,12.0,Raichur,36.8,1,74.6,34.0,0.0971,0
PG_2026_1802,POSTGRADUATE,Female,25,5-10 LPA,0,8.04,9.12,95.9,68.1,750000.0,45.3,8,0,1,Karnataka,KA,75.4,68.1,36.2,12.0,Yadgir,39.4,1,81.2,36.5,0.0203,0
PG_2026_1803,POSTGRADUATE,Female,22,<2 LPA,0,9.25,8.69,80.5,62.2,150000.0,63.8,2,0,41,Gujarat,GJ,78.0,69.7,21.3,17.9,Dahod,40.5,1,88.0,38.1,0.0115,0
PG_2026_1804,POSTGRADUATE,Male,21,5-10 LPA,1,6.31,5.44,74.8,65.5,0.0,76.3,1,2,10,Tamil Nadu,TN,80.1,73.4,51.4,8.1,Chennai,1.2,0,0.0,17.5,0.1073,0
PG_2026_1805,POSTGRADUATE,Female,26,<2 LPA,0,7.52,7.62,100.0,63.0,350000.0,84.0,6,0,10,Bihar,BR,61.8,51.5,14.5,21.4,Muzaffarpur,35.1,1,90.3,38.0,0.0116,1
PG_2026_1806,POSTGRADUATE,Male,24,5-10 LPA,0,8.83,8.24,59.4,64.3,150000.0,58.3,1,0,7,Kerala,KL,94.0,92.1,43.2,3.2,Wayanad,4.1,1,96.1,18.0,0.0273,0
PG_2026_1807,POSTGRADUATE,Male,22,2-5 LPA,1,7.55,7.51,52.8,49.9,750000.0,59.2,7,0,21,Maharashtra,MH,82.3,75.9,32.3,11.2,Nandurbar,33.1,1,83.3,32.4,0.2018,1
PG_2026_1808,POSTGRADUATE,Female,21,<2 LPA,0,5.83,4.51,80.1,45.8,750000.0,66.8,7,2,4,Kerala,KL,94.0,92.1,43.2,3.2,Ernakulam,0.6,0,31.9,14.8,0.6098,1
PG_2026_1809,POSTGRADUATE,Female,21,2-5 LPA,0,7.07,6.89,85.5,92.3,350000.0,51.0,9,0,6,Maharashtra,MH,82.3,75.9,32.3,11.2,Gadchiroli,28.5,1,89.0,28.9,0.0205,0
PG_2026_1810,POSTGRADUATE,Female,23,2-5 LPA,0,7.55,7.28,98.9,41.6,350000.0,72.5,9,0,1,Tamil Nadu,TN,80.1,73.4,51.4,8.1,Coimbatore,2.1,0,24.2,18.9,0.0416,0
PG_2026_1811,POSTGRADUATE,Female,22,2-5 LPA,0,7.99,8.61,69.3,35.8,750000.0,44.6,3,1,0,Tamil Nadu,TN,80.1,73.4,51.4,8.1,Ramanathapuram,7.8,1,69.7,22.1,0.209,0
PG_2026_1812,POSTGRADUATE,Female,23,2-5 LPA,0,6.45,6.38,72.5,64.2,0.0,71.1,1,0,5,Bihar,BR,61.8,51.5,14.5,21.4,Muzaffarpur,35.1,1,90.3,38.0,0.0318,0
PG_2026_1813,POSTGRADUATE,Female,24,5-10 LPA,0,6.2,7.39,79.5,75.3,0.0,33.3,2,2,2,Haryana,HR,75.6,65.9,29.8,12.5,Nuh / Mewat,44.8,1,88.6,47.0,0.0582,0
PG_2026_1814,POSTGRADUATE,Female,26,<2 LPA,0,5.76,4.72,76.8,100.0,350000.0,62.8,4,0,36,Haryana,HR,75.6,65.9,29.8,12.5,Nuh / Mewat,44.8,1,88.6,47.0,0.0434,0
PG_2026_1815,POSTGRADUATE,Male,22,2-5 LPA,0,6.07,6.48,74.8,41.1,0.0,44.6,1,0,12,Karnataka,KA,75.4,68.1,36.2,12.0,Raichur,36.8,1,74.6,34.0,0.0995,0
PG_2026_1816,POSTGRADUATE,Female,26,>10 LPA,0,6.54,7.51,85.2,13.8,750000.0,63.3,10,0,7,Uttar Pradesh,UP,67.7,57.2,23.2,16.8,Lucknow,8.5,0,33.8,24.1,0.2581,0
PG_2026_1817,POSTGRADUATE,Female,24,<2 LPA,0,8.17,8.22,80.6,68.2,1200000.0,53.8,7,0,35,Madhya Pradesh,MP,69.3,59.2,24.8,18.5,Indore,6.8,0,25.9,21.8,0.0787,0
PG_2026_1818,POSTGRADUATE,Male,23,2-5 LPA,1,6.54,5.5,63.6,5.0,350000.0,55.5,11,1,15,Haryana,HR,75.6,65.9,29.8,12.5,Nuh / Mewat,44.8,1,88.6,47.0,0.7491,1
PG_2026_1819,POSTGRADUATE,Female,23,<2 LPA,1,8.91,9.65,99.6,77.1,350000.0,63.9,12,0,0,Maharashtra,MH,82.3,75.9,32.3,11.2,Gadchiroli,28.5,1,89.0,28.9,0.0044,1
PG_2026_1820,POSTGRADUATE,Male,22,<2 LPA,0,7.61,7.75,83.0,84.1,0.0,26.1,0,1,11,Maharashtra,MH,82.3,75.9,32.3,11.2,Pune,3.9,0,39.1,21.0,0.0214,0
PG_2026_1821,POSTGRADUATE,Male,24,5-10 LPA,1,7.14,6.28,87.6,29.9,1200000.0,57.8,4,4,32,Maharashtra,MH,82.3,75.9,32.3,11.2,Mumbai,2.1,0,0.0,19.5,0.8258,1
PG_2026_1822,POSTGRADUATE,Male,25,2-5 LPA,0,7.16,8.05,64.7,79.4,150000.0,57.2,2,1,9,Bihar,BR,61.8,51.5,14.5,21.4,Muzaffarpur,35.1,1,90.3,38.0,0.0267,0
PG_2026_1823,POSTGRADUATE,Male,23,2-5 LPA,0,6.6,7.06,80.0,68.1,750000.0,68.6,4,0,16,Maharashtra,MH,82.3,75.9,32.3,11.2,Gadchiroli,28.5,1,89.0,28.9,0.0536,0
PG_2026_1824,POSTGRADUATE,Female,21,<2 LPA,0,8.93,6.99,92.0,73.6,0.0,24.1,1,1,5,Uttar Pradesh,UP,67.7,57.2,23.2,16.8,Varanasi,16.3,0,56.6,29.4,0.0382,0
PG_2026_1825,POSTGRADUATE,Male,25,<2 LPA,0,6.09,5.19,76.0,63.1,0.0,59.1,1,1,26,Bihar,BR,61.8,51.5,14.5,21.4,Muzaffarpur,35.1,1,90.3,38.0,0.1103,0
PG_2026_1826,POSTGRADUATE,Female,23,2-5 LPA,0,7.81,8.13,97.9,56.8,150000.0,44.7,1,0,36,Gujarat,GJ,78.0,69.7,21.3,17.9,Narmada,32.4,1,89.5,30.5,0.0158,0
PG_2026_1827,POSTGRADUATE,Male,22,5-10 LPA,0,7.44,6.34,68.9,62.3,0.0,77.1,3,2,20,Madhya Pradesh,MP,69.3,59.2,24.8,18.5,Barwani,46.1,1,85.5,37.1,0.0937,0
PG_2026_1828,POSTGRADUATE,Female,25,5-10 LPA,1,6.77,5.02,83.3,45.8,150000.0,86.4,1,2,3,Uttar Pradesh,UP,67.7,57.2,23.2,16.8,Bahraich,54.4,1,92.1,46.5,0.1933,0
PG_2026_1829,POSTGRADUATE,Female,23,2-5 LPA,1,8.43,7.79,74.3,70.5,350000.0,61.6,5,2,3,Tamil Nadu,TN,80.1,73.4,51.4,8.1,Chennai,1.2,0,0.0,17.5,0.0683,0
PG_2026_1830,POSTGRADUATE,Male,21,2-5 LPA,1,7.6,6.77,100.0,47.6,350000.0,38.3,7,0,3,Gujarat,GJ,78.0,69.7,21.3,17.9,Dahod,40.5,1,88.0,38.1,0.0771,0
PG_2026_1831,POSTGRADUATE,Male,21,2-5 LPA,1,6.58,6.49,64.8,37.0,150000.0,50.2,3,0,1,Rajasthan,RJ,66.1,52.1,26.0,17.2,Jaisalmer,31.8,1,86.7,33.2,0.1711,0
PG_2026_1832,POSTGRADUATE,Male,23,>10 LPA,1,7.36,6.74,83.5,59.0,750000.0,88.8,10,1,7,Kerala,KL,94.0,92.1,43.2,3.2,Thiruvananthapuram,0.9,0,46.2,15.2,0.1016,0
PG_2026_1833,POSTGRADUATE,Male,23,2-5 LPA,1,8.15,7.02,52.8,73.2,350000.0,26.8,5,0,3,Karnataka,KA,75.4,68.1,36.2,12.0,Raichur,36.8,1,74.6,34.0,0.1251,0
PG_2026_1834,POSTGRADUATE,Male,26,>10 LPA,1,8.25,7.99,57.5,74.8,0.0,89.3,2,0,0,Maharashtra,MH,82.3,75.9,32.3,11.2,Gadchiroli,28.5,1,89.0,28.9,0.0104,0
PG_2026_1835,POSTGRADUATE,Male,21,2-5 LPA,0,6.38,5.68,70.5,77.9,150000.0,67.1,3,5,30,Maharashtra,MH,82.3,75.9,32.3,11.2,Nandurbar,33.1,1,83.3,32.4,0.3589,0
PG_2026_1836,POSTGRADUATE,Female,23,<2 LPA,1,7.88,6.81,81.8,69.1,150000.0,92.7,5,1,0,Uttar Pradesh,UP,67.7,57.2,23.2,16.8,Shravasti,49.6,1,96.5,48.2,0.0248,0
PG_2026_1837,POSTGRADUATE,Female,25,<2 LPA,0,8.22,8.48,65.9,79.5,350000.0,56.9,11,0,35,Kerala,KL,94.0,92.1,43.2,3.2,Ernakulam,0.6,0,31.9,14.8,0.0229,0
PG_2026_1838,POSTGRADUATE,Male,26,2-5 LPA,1,8.08,7.59,60.9,57.1,150000.0,37.8,2,0,4,Tamil Nadu,TN,80.1,73.4,51.4,8.1,Coimbatore,2.1,0,24.2,18.9,0.0715,0
PG_2026_1839,POSTGRADUATE,Male,24,>10 LPA,0,6.86,6.97,90.3,79.6,0.0,66.5,6,0,4,Haryana,HR,75.6,65.9,29.8,12.5,Gurugram,2.5,0,31.2,20.5,0.0105,0
PG_2026_1840,POSTGRADUATE,Male,25,2-5 LPA,0,7.57,6.07,59.6,54.4,750000.0,81.0,6,0,24,Karnataka,KA,75.4,68.1,36.2,12.0,Yadgir,39.4,1,81.2,36.5,0.1952,0
PG_2026_1841,POSTGRADUATE,Male,22,2-5 LPA,0,9.19,7.57,74.2,16.3,0.0,62.7,2,0,16,Madhya Pradesh,MP,69.3,59.2,24.8,18.5,Alirajpur,52.0,1,92.2,39.5,0.0957,0
PG_2026_1842,POSTGRADUATE,Female,21,2-5 LPA,0,6.34,6.09,52.5,68.4,0.0,72.7,0,0,0,Tamil Nadu,TN,80.1,73.4,51.4,8.1,Chennai,1.2,0,0.0,17.5,0.0535,0
PG_2026_1843,POSTGRADUATE,Male,26,2-5 LPA,1,5.91,5.08,47.9,54.8,0.0,75.7,3,2,1,Rajasthan,RJ,66.1,52.1,26.0,17.2,Barmer,34.2,1,93.0,35.8,0.3416,0
PG_2026_1844,POSTGRADUATE,Male,25,<2 LPA,0,7.05,6.01,75.8,32.1,150000.0,60.4,3,5,22,Rajasthan,RJ,66.1,52.1,26.0,17.2,Barmer,34.2,1,93.0,35.8,0.6946,1
PG_2026_1845,POSTGRADUATE,Male,21,2-5 LPA,1,8.15,7.96,84.3,29.7,0.0,73.8,3,0,4,Bihar,BR,61.8,51.5,14.5,21.4,Gaya,38.6,1,86.8,36.2,0.0317,0
PG_2026_1846,POSTGRADUATE,Male,22,<2 LPA,0,8.89,8.12,59.6,75.5,350000.0,48.9,8,0,0,Uttar Pradesh,UP,67.7,57.2,23.2,16.8,Lucknow,8.5,0,33.8,24.1,0.0402,0
PG_2026_1847,POSTGRADUATE,Male,22,<2 LPA,1,6.45,6.02,70.1,45.1,1200000.0,43.7,5,0,19,Uttar Pradesh,UP,67.7,57.2,23.2,16.8,Balrampur,47.9,1,92.3,45.0,0.502,1
PG_2026_1848,POSTGRADUATE,Male,26,<2 LPA,0,7.12,7.91,88.8,86.2,0.0,53.2,2,0,30,Bihar,BR,61.8,51.5,14.5,21.4,Muzaffarpur,35.1,1,90.3,38.0,0.0059,0
PG_2026_1849,POSTGRADUATE,Male,21,5-10 LPA,1,7.13,6.5,94.3,40.0,0.0,51.1,1,0,2,Uttar Pradesh,UP,67.7,57.2,23.2,16.8,Balrampur,47.9,1,92.3,45.0,0.0526,0
PG_2026_1850,POSTGRADUATE,Female,21,<2 LPA,0,7.93,7.53,100.0,41.8,0.0,64.5,0,0,1,Gujarat,GJ,78.0,69.7,21.3,17.9,Narmada,32.4,1,89.5,30.5,0.0181,0
PG_2026_1851,POSTGRADUATE,Male,23,>10 LPA,0,7.41,7.69,73.4,46.0,0.0,30.2,4,0,10,Karnataka,KA,75.4,68.1,36.2,12.0,Bengaluru Urban,1.8,0,9.1,18.2,0.0688,0
PG_2026_1852,POSTGRADUATE,Male,22,>10 LPA,0,7.09,5.5,58.2,47.6,350000.0,63.1,7,2,7,Rajasthan,RJ,66.1,52.1,26.0,17.2,Kota,8.2,0,39.7,21.0,0.4927,0
PG_2026_1853,POSTGRADUATE,Male,22,5-10 LPA,0,7.01,6.52,76.8,73.4,0.0,29.7,2,0,17,Madhya Pradesh,MP,69.3,59.2,24.8,18.5,Barwani,46.1,1,85.5,37.1,0.0438,0
PG_2026_1854,POSTGRADUATE,Male,21,<2 LPA,1,8.51,7.72,75.0,72.4,0.0,44.4,2,0,7,Bihar,BR,61.8,51.5,14.5,21.4,Katihar,48.7,1,91.1,44.3,0.0189,0
PG_2026_1855,POSTGRADUATE,Male,24,5-10 LPA,1,8.02,7.07,100.0,51.6,0.0,39.8,2,0,16,Kerala,KL,94.0,92.1,43.2,3.2,Ernakulam,0.6,0,31.9,14.8,0.0287,0
PG_2026_1856,POSTGRADUATE,Female,22,2-5 LPA,0,7.75,6.95,84.2,93.1,150000.0,71.6,2,1,12,Haryana,HR,75.6,65.9,29.8,12.5,Nuh / Mewat,44.8,1,88.6,47.0,0.0128,0
PG_2026_1857,POSTGRADUATE,Male,26,<2 LPA,0,5.69,5.19,100.0,52.9,0.0,56.0,2,1,6,Maharashtra,MH,82.3,75.9,32.3,11.2,Pune,3.9,0,39.1,21.0,0.0863,1
PG_2026_1858,POSTGRADUATE,Female,22,>10 LPA,1,6.03,4.0,79.9,58.8,350000.0,58.8,11,0,10,Gujarat,GJ,78.0,69.7,21.3,17.9,Narmada,32.4,1,89.5,30.5,0.2644,1
PG_2026_1859,POSTGRADUATE,Female,21,5-10 LPA,0,7.51,6.76,54.6,48.1,350000.0,62.6,9,0,19,Rajasthan,RJ,66.1,52.1,26.0,17.2,Kota,8.2,0,39.7,21.0,0.175,0
PG_2026_1860,POSTGRADUATE,Female,26,5-10 LPA,0,8.26,8.03,89.5,39.9,350000.0,64.5,7,0,0,Tamil Nadu,TN,80.1,73.4,51.4,8.1,Chennai,1.2,0,0.0,17.5,0.0425,0
PG_2026_1861,POSTGRADUATE,Male,23,2-5 LPA,0,7.12,6.57,51.9,34.3,0.0,44.9,1,1,9,Kerala,KL,94.0,92.1,43.2,3.2,Ernakulam,0.6,0,31.9,14.8,0.3029,0
PG_2026_1862,POSTGRADUATE,Male,21,<2 LPA,0,9.8,7.86,72.6,82.3,0.0,64.2,1,0,7,Uttar Pradesh,UP,67.7,57.2,23.2,16.8,Lucknow,8.5,0,33.8,24.1,0.0087,0
PG_2026_1863,POSTGRADUATE,Male,25,>10 LPA,1,7.21,9.49,100.0,54.3,0.0,64.2,3,1,11,Maharashtra,MH,82.3,75.9,32.3,11.2,Pune,3.9,0,39.1,21.0,0.0074,0
PG_2026_1864,POSTGRADUATE,Female,23,2-5 LPA,0,6.51,6.31,70.6,99.2,350000.0,34.4,6,1,2,Bihar,BR,61.8,51.5,14.5,21.4,Katihar,48.7,1,91.1,44.3,0.0684,0
PG_2026_1865,POSTGRADUATE,Male,26,<2 LPA,0,6.98,7.7,87.3,69.2,0.0,54.3,3,0,4,Uttar Pradesh,UP,67.7,57.2,23.2,16.8,Varanasi,16.3,0,56.6,29.4,0.0127,0
PG_2026_1866,POSTGRADUATE,Male,23,2-5 LPA,1,6.9,6.76,69.1,54.0,0.0,72.2,2,1,3,Kerala,KL,94.0,92.1,43.2,3.2,Thiruvananthapuram,0.9,0,46.2,15.2,0.0655,0
PG_2026_1867,POSTGRADUATE,Female,25,<2 LPA,0,6.32,5.94,73.9,82.7,350000.0,46.9,9,1,0,Karnataka,KA,75.4,68.1,36.2,12.0,Yadgir,39.4,1,81.2,36.5,0.1112,0
PG_2026_1868,POSTGRADUATE,Female,24,5-10 LPA,0,6.7,7.25,59.2,45.6,0.0,80.9,3,0,13,Uttar Pradesh,UP,67.7,57.2,23.2,16.8,Bahraich,54.4,1,92.1,46.5,0.0485,0
PG_2026_1869,POSTGRADUATE,Male,26,<2 LPA,0,7.59,6.57,100.0,84.1,0.0,50.6,0,0,4,Tamil Nadu,TN,80.1,73.4,51.4,8.1,Ramanathapuram,7.8,1,69.7,22.1,0.0093,0
PG_2026_1870,POSTGRADUATE,Female,22,2-5 LPA,1,8.9,9.35,53.3,47.6,150000.0,52.4,1,0,11,Karnataka,KA,75.4,68.1,36.2,12.0,Raichur,36.8,1,74.6,34.0,0.0357,0
PG_2026_1871,POSTGRADUATE,Male,24,2-5 LPA,0,7.12,5.98,57.7,68.6,0.0,63.1,3,2,0,Karnataka,KA,75.4,68.1,36.2,12.0,Bengaluru Urban,1.8,0,9.1,18.2,0.1569,0
PG_2026_1872,POSTGRADUATE,Male,24,<2 LPA,0,7.02,7.16,86.4,45.3,0.0,57.9,0,0,14,Gujarat,GJ,78.0,69.7,21.3,17.9,Ahmedabad,3.8,0,15.9,20.2,0.0331,0
PG_2026_1873,POSTGRADUATE,Male,25,2-5 LPA,0,7.42,9.04,69.1,44.3,0.0,55.9,2,0,41,Haryana,HR,75.6,65.9,29.8,12.5,Nuh / Mewat,44.8,1,88.6,47.0,0.0231,0
PG_2026_1874,POSTGRADUATE,Male,21,2-5 LPA,1,8.0,8.23,64.7,60.9,350000.0,61.7,8,1,9,Gujarat,GJ,78.0,69.7,21.3,17.9,Narmada,32.4,1,89.5,30.5,0.0673,0
PG_2026_1875,POSTGRADUATE,Male,26,2-5 LPA,1,8.4,6.78,87.3,81.5,150000.0,65.5,3,1,42,Maharashtra,MH,82.3,75.9,32.3,11.2,Mumbai,2.1,0,0.0,19.5,0.0223,0
PG_2026_1876,POSTGRADUATE,Female,26,<2 LPA,0,7.59,6.84,93.3,78.2,0.0,43.1,2,0,11,Karnataka,KA,75.4,68.1,36.2,12.0,Yadgir,39.4,1,81.2,36.5,0.0149,0
PG_2026_1877,POSTGRADUATE,Male,22,2-5 LPA,0,5.98,6.47,68.8,20.4,0.0,71.0,2,3,1,Uttar Pradesh,UP,67.7,57.2,23.2,16.8,Balrampur,47.9,1,92.3,45.0,0.4294,0
PG_2026_1878,POSTGRADUATE,Male,26,2-5 LPA,1,6.26,5.47,96.2,39.3,150000.0,15.1,1,1,2,Kerala,KL,94.0,92.1,43.2,3.2,Ernakulam,0.6,0,31.9,14.8,0.2861,0
PG_2026_1879,POSTGRADUATE,Male,21,2-5 LPA,0,6.69,6.15,64.4,36.5,0.0,59.9,3,1,9,Gujarat,GJ,78.0,69.7,21.3,17.9,Ahmedabad,3.8,0,15.9,20.2,0.2164,0
PG_2026_1880,POSTGRADUATE,Male,26,2-5 LPA,1,6.35,6.9,88.5,51.4,150000.0,53.7,5,2,11,Haryana,HR,75.6,65.9,29.8,12.5,Gurugram,2.5,0,31.2,20.5,0.1166,0
PG_2026_1881,POSTGRADUATE,Female,21,<2 LPA,0,5.5,4.94,82.4,34.3,0.0,46.3,1,1,1,Maharashtra,MH,82.3,75.9,32.3,11.2,Nandurbar,33.1,1,83.3,32.4,0.2931,0
PG_2026_1882,POSTGRADUATE,Female,24,2-5 LPA,0,7.77,7.69,69.3,56.1,0.0,40.6,3,0,10,Gujarat,GJ,78.0,69.7,21.3,17.9,Dahod,40.5,1,88.0,38.1,0.0441,0
PG_2026_1883,POSTGRADUATE,Male,23,5-10 LPA,1,8.58,8.2,64.1,51.8,350000.0,56.8,6,1,1,Uttar Pradesh,UP,67.7,57.2,23.2,16.8,Shravasti,49.6,1,96.5,48.2,0.0953,1
PG_2026_1884,POSTGRADUATE,Female,24,2-5 LPA,1,6.76,6.54,75.5,32.4,150000.0,47.6,1,0,4,Gujarat,GJ,78.0,69.7,21.3,17.9,Narmada,32.4,1,89.5,30.5,0.1433,0
PG_2026_1885,POSTGRADUATE,Male,22,2-5 LPA,0,6.33,5.27,91.0,57.0,0.0,50.8,2,3,5,Maharashtra,MH,82.3,75.9,32.3,11.2,Nandurbar,33.1,1,83.3,32.4,0.2367,0
PG_2026_1886,POSTGRADUATE,Female,25,<2 LPA,0,6.78,6.25,79.3,60.8,350000.0,77.6,5,1,3,Gujarat,GJ,78.0,69.7,21.3,17.9,Ahmedabad,3.8,0,15.9,20.2,0.0835,0
PG_2026_1887,POSTGRADUATE,Male,26,>10 LPA,1,8.6,8.19,69.5,72.1,0.0,69.8,2,0,1,Madhya Pradesh,MP,69.3,59.2,24.8,18.5,Barwani,46.1,1,85.5,37.1,0.0106,0
PG_2026_1888,POSTGRADUATE,Male,23,2-5 LPA,0,9.56,8.89,87.0,48.8,0.0,63.0,2,0,15,Bihar,BR,61.8,51.5,14.5,21.4,Gaya,38.6,1,86.8,36.2,0.011,0
PG_2026_1889,POSTGRADUATE,Male,24,5-10 LPA,0,8.84,9.41,88.8,60.1,0.0,55.1,2,1,20,Madhya Pradesh,MP,69.3,59.2,24.8,18.5,Alirajpur,52.0,1,92.2,39.5,0.0102,0
PG_2026_1890,POSTGRADUATE,Male,24,5-10 LPA,0,6.93,6.65,78.4,54.1,350000.0,70.7,9,1,10,Karnataka,KA,75.4,68.1,36.2,12.0,Raichur,36.8,1,74.6,34.0,0.1112,0
PG_2026_1891,POSTGRADUATE,Female,23,5-10 LPA,0,6.9,6.36,77.3,68.7,750000.0,49.7,10,3,12,Maharashtra,MH,82.3,75.9,32.3,11.2,Nandurbar,33.1,1,83.3,32.4,0.4161,0
PG_2026_1892,POSTGRADUATE,Male,22,>10 LPA,0,8.0,6.91,84.2,71.8,0.0,90.1,2,0,11,Uttar Pradesh,UP,67.7,57.2,23.2,16.8,Bahraich,54.4,1,92.1,46.5,0.0092,0
PG_2026_1893,POSTGRADUATE,Female,25,5-10 LPA,0,6.41,4.21,60.5,83.0,150000.0,51.9,4,1,26,Tamil Nadu,TN,80.1,73.4,51.4,8.1,Coimbatore,2.1,0,24.2,18.9,0.2126,0
PG_2026_1894,POSTGRADUATE,Male,25,<2 LPA,0,7.09,7.11,69.3,36.7,0.0,49.0,2,0,10,Kerala,KL,94.0,92.1,43.2,3.2,Ernakulam,0.6,0,31.9,14.8,0.0923,0
PG_2026_1895,POSTGRADUATE,Male,22,2-5 LPA,1,6.42,6.26,69.3,82.3,750000.0,57.6,6,1,3,Kerala,KL,94.0,92.1,43.2,3.2,Wayanad,4.1,1,96.1,18.0,0.1394,0
PG_2026_1896,POSTGRADUATE,Female,22,>10 LPA,0,6.01,6.76,71.9,52.1,150000.0,60.8,0,0,7,Kerala,KL,94.0,92.1,43.2,3.2,Ernakulam,0.6,0,31.9,14.8,0.0578,0
PG_2026_1897,POSTGRADUATE,Male,24,2-5 LPA,0,7.12,6.73,69.5,46.6,0.0,95.0,3,1,16,Gujarat,GJ,78.0,69.7,21.3,17.9,Narmada,32.4,1,89.5,30.5,0.0567,0
PG_2026_1898,POSTGRADUATE,Male,24,2-5 LPA,0,5.72,5.49,67.0,65.0,0.0,80.0,3,0,1,Madhya Pradesh,MP,69.3,59.2,24.8,18.5,Barwani,46.1,1,85.5,37.1,0.0521,1
PG_2026_1899,POSTGRADUATE,Male,26,2-5 LPA,1,7.26,7.18,78.6,60.4,0.0,65.7,2,0,27,Uttar Pradesh,UP,67.7,57.2,23.2,16.8,Noida / Gautam Buddha Nagar,7.1,0,40.9,22.0,0.0227,1
PG_2026_1900,POSTGRADUATE,Female,25,<2 LPA,0,7.59,6.87,92.7,51.5,0.0,38.1,2,1,17,Maharashtra,MH,82.3,75.9,32.3,11.2,Gadchiroli,28.5,1,89.0,28.9,0.0659,0
PG_2026_1901,POSTGRADUATE,Male,21,5-10 LPA,0,6.18,6.72,97.3,47.1,150000.0,66.0,2,0,24,Tamil Nadu,TN,80.1,73.4,51.4,8.1,Chennai,1.2,0,0.0,17.5,0.0326,1
PG_2026_1902,POSTGRADUATE,Male,24,2-5 LPA,0,8.96,7.51,70.0,90.9,750000.0,32.1,9,1,8,Uttar Pradesh,UP,67.7,57.2,23.2,16.8,Lucknow,8.5,0,33.8,24.1,0.0988,0
PG_2026_1903,POSTGRADUATE,Male,21,<2 LPA,0,6.6,6.83,68.3,82.2,150000.0,59.8,2,1,1,Karnataka,KA,75.4,68.1,36.2,12.0,Yadgir,39.4,1,81.2,36.5,0.0396,0
PG_2026_1904,POSTGRADUATE,Male,26,2-5 LPA,0,6.0,5.49,68.5,15.2,0.0,61.1,3,2,1,Rajasthan,RJ,66.1,52.1,26.0,17.2,Barmer,34.2,1,93.0,35.8,0.5436,1
PG_2026_1905,POSTGRADUATE,Female,22,<2 LPA,0,5.5,5.34,70.2,34.9,0.0,95.0,2,2,0,Rajasthan,RJ,66.1,52.1,26.0,17.2,Barmer,34.2,1,93.0,35.8,0.2329,0
PG_2026_1906,POSTGRADUATE,Male,25,2-5 LPA,0,7.52,7.18,73.2,80.2,150000.0,75.5,5,1,2,Maharashtra,MH,82.3,75.9,32.3,11.2,Gadchiroli,28.5,1,89.0,28.9,0.025,0
PG_2026_1907,POSTGRADUATE,Male,21,5-10 LPA,1,8.18,7.95,58.0,30.3,150000.0,82.6,3,0,4,Karnataka,KA,75.4,68.1,36.2,12.0,Bengaluru Urban,1.8,0,9.1,18.2,0.0695,0
PG_2026_1908,POSTGRADUATE,Female,26,2-5 LPA,0,8.12,6.86,90.3,68.2,350000.0,49.7,2,0,14,Haryana,HR,75.6,65.9,29.8,12.5,Gurugram,2.5,0,31.2,20.5,0.0333,0
PG_2026_1909,POSTGRADUATE,Female,21,5-10 LPA,0,8.01,7.82,62.1,86.4,350000.0,61.9,9,0,16,Tamil Nadu,TN,80.1,73.4,51.4,8.1,Ramanathapuram,7.8,1,69.7,22.1,0.0245,0
PG_2026_1910,POSTGRADUATE,Male,24,2-5 LPA,1,8.66,6.87,79.9,75.0,150000.0,68.5,4,0,20,Madhya Pradesh,MP,69.3,59.2,24.8,18.5,Bhopal,9.4,0,19.1,23.4,0.0197,1
PG_2026_1911,POSTGRADUATE,Female,26,2-5 LPA,0,7.63,6.9,71.3,51.0,0.0,71.7,1,0,0,Maharashtra,MH,82.3,75.9,32.3,11.2,Mumbai,2.1,0,0.0,19.5,0.0385,0
PG_2026_1912,POSTGRADUATE,Male,23,5-10 LPA,0,7.33,6.22,83.1,88.6,350000.0,77.3,13,0,2,Bihar,BR,61.8,51.5,14.5,21.4,Katihar,48.7,1,91.1,44.3,0.0246,0
PG_2026_1913,POSTGRADUATE,Female,25,2-5 LPA,1,5.5,5.08,83.8,59.9,350000.0,20.2,8,2,10,Uttar Pradesh,UP,67.7,57.2,23.2,16.8,Balrampur,47.9,1,92.3,45.0,0.4751,0
PG_2026_1914,POSTGRADUATE,Male,22,5-10 LPA,0,8.52,8.88,72.7,17.3,150000.0,53.8,1,2,6,Gujarat,GJ,78.0,69.7,21.3,17.9,Ahmedabad,3.8,0,15.9,20.2,0.1697,0
PG_2026_1915,POSTGRADUATE,Male,24,5-10 LPA,1,5.57,4.69,76.1,53.5,350000.0,70.6,6,2,20,Kerala,KL,94.0,92.1,43.2,3.2,Thiruvananthapuram,0.9,0,46.2,15.2,0.3751,1
PG_2026_1916,POSTGRADUATE,Male,23,<2 LPA,1,7.81,7.43,75.2,70.4,350000.0,52.1,9,0,1,Rajasthan,RJ,66.1,52.1,26.0,17.2,Jaipur,6.9,0,47.6,22.5,0.0428,0
PG_2026_1917,POSTGRADUATE,Female,26,5-10 LPA,1,7.27,5.74,64.7,99.5,0.0,62.9,2,3,3,Gujarat,GJ,78.0,69.7,21.3,17.9,Ahmedabad,3.8,0,15.9,20.2,0.0856,0
PG_2026_1918,POSTGRADUATE,Male,26,<2 LPA,0,8.84,9.54,74.8,100.0,350000.0,20.3,10,0,15,Uttar Pradesh,UP,67.7,57.2,23.2,16.8,Balrampur,47.9,1,92.3,45.0,0.0098,1
PG_2026_1919,POSTGRADUATE,Male,24,2-5 LPA,1,8.49,7.55,78.3,75.2,150000.0,48.9,1,0,1,Gujarat,GJ,78.0,69.7,21.3,17.9,Narmada,32.4,1,89.5,30.5,0.0188,0
PG_2026_1920,POSTGRADUATE,Male,24,>10 LPA,0,7.98,9.9,68.7,53.4,750000.0,70.5,7,0,4,Rajasthan,RJ,66.1,52.1,26.0,17.2,Jaisalmer,31.8,1,86.7,33.2,0.0289,0
PG_2026_1921,POSTGRADUATE,Male,25,<2 LPA,0,9.35,9.77,83.4,66.8,750000.0,29.4,3,0,4,Bihar,BR,61.8,51.5,14.5,21.4,Patna,18.2,0,56.4,28.5,0.0248,0
PG_2026_1922,POSTGRADUATE,Male,24,2-5 LPA,0,6.33,5.89,82.6,57.1,150000.0,36.5,1,1,14,Kerala,KL,94.0,92.1,43.2,3.2,Ernakulam,0.6,0,31.9,14.8,0.1437,0
PG_2026_1923,POSTGRADUATE,Female,21,2-5 LPA,0,5.91,4.38,88.7,26.2,350000.0,50.7,11,3,6,Haryana,HR,75.6,65.9,29.8,12.5,Nuh / Mewat,44.8,1,88.6,47.0,0.7871,1
PG_2026_1924,POSTGRADUATE,Male,22,2-5 LPA,0,7.03,7.17,53.4,73.2,0.0,47.3,2,0,0,Uttar Pradesh,UP,67.7,57.2,23.2,16.8,Lucknow,8.5,0,33.8,24.1,0.0438,0
PG_2026_1925,POSTGRADUATE,Male,23,<2 LPA,0,6.52,6.58,100.0,53.7,750000.0,78.4,7,1,4,Maharashtra,MH,82.3,75.9,32.3,11.2,Gadchiroli,28.5,1,89.0,28.9,0.0912,0
PG_2026_1926,POSTGRADUATE,Male,26,5-10 LPA,0,8.81,8.73,89.6,54.2,0.0,80.1,2,0,7,Bihar,BR,61.8,51.5,14.5,21.4,Katihar,48.7,1,91.1,44.3,0.0066,0
PG_2026_1927,POSTGRADUATE,Female,25,2-5 LPA,0,7.83,8.24,42.4,19.4,0.0,59.8,3,1,7,Rajasthan,RJ,66.1,52.1,26.0,17.2,Barmer,34.2,1,93.0,35.8,0.2364,0
PG_2026_1928,POSTGRADUATE,Female,24,<2 LPA,1,7.14,7.54,73.5,43.6,0.0,49.1,2,0,8,Kerala,KL,94.0,92.1,43.2,3.2,Ernakulam,0.6,0,31.9,14.8,0.0527,0
PG_2026_1929,POSTGRADUATE,Male,21,2-5 LPA,0,7.03,8.15,84.1,57.6,350000.0,79.5,5,0,30,Uttar Pradesh,UP,67.7,57.2,23.2,16.8,Lucknow,8.5,0,33.8,24.1,0.0178,1
PG_2026_1930,POSTGRADUATE,Male,25,<2 LPA,1,7.4,5.97,73.2,55.3,350000.0,89.8,6,2,1,Rajasthan,RJ,66.1,52.1,26.0,17.2,Barmer,34.2,1,93.0,35.8,0.1715,0
PG_2026_1931,POSTGRADUATE,Male,22,>10 LPA,0,8.94,8.87,91.2,61.7,750000.0,74.1,10,1,4,Maharashtra,MH,82.3,75.9,32.3,11.2,Pune,3.9,0,39.1,21.0,0.0329,0
PG_2026_1932,POSTGRADUATE,Female,24,2-5 LPA,0,7.94,7.11,72.0,63.4,350000.0,75.1,9,0,3,Uttar Pradesh,UP,67.7,57.2,23.2,16.8,Lucknow,8.5,0,33.8,24.1,0.0452,0
PG_2026_1933,POSTGRADUATE,Female,25,2-5 LPA,0,6.81,6.56,79.9,41.4,350000.0,56.2,6,0,5,Haryana,HR,75.6,65.9,29.8,12.5,Nuh / Mewat,44.8,1,88.6,47.0,0.1253,0
PG_2026_1934,POSTGRADUATE,Female,22,2-5 LPA,1,8.11,8.63,77.3,65.1,0.0,50.1,1,0,1,Gujarat,GJ,78.0,69.7,21.3,17.9,Ahmedabad,3.8,0,15.9,20.2,0.012,0
PG_2026_1935,POSTGRADUATE,Female,25,2-5 LPA,0,6.11,6.78,68.2,86.7,0.0,70.2,2,0,11,Bihar,BR,61.8,51.5,14.5,21.4,Katihar,48.7,1,91.1,44.3,0.0141,0
PG_2026_1936,POSTGRADUATE,Male,26,<2 LPA,0,9.09,8.44,59.7,62.5,750000.0,63.0,5,0,4,Kerala,KL,94.0,92.1,43.2,3.2,Wayanad,4.1,1,96.1,18.0,0.064,0
PG_2026_1937,POSTGRADUATE,Female,24,2-5 LPA,0,6.52,6.25,82.7,55.5,350000.0,78.9,12,1,20,Karnataka,KA,75.4,68.1,36.2,12.0,Yadgir,39.4,1,81.2,36.5,0.1095,0
PG_2026_1938,POSTGRADUATE,Female,21,2-5 LPA,1,8.44,7.46,43.3,47.8,0.0,45.0,3,0,5,Kerala,KL,94.0,92.1,43.2,3.2,Wayanad,4.1,1,96.1,18.0,0.1223,0
PG_2026_1939,POSTGRADUATE,Male,21,<2 LPA,0,6.76,5.78,83.0,61.1,350000.0,53.9,11,5,0,Haryana,HR,75.6,65.9,29.8,12.5,Nuh / Mewat,44.8,1,88.6,47.0,0.604,1
PG_2026_1940,POSTGRADUATE,Female,25,5-10 LPA,1,7.36,6.88,81.9,42.6,0.0,65.4,1,1,4,Madhya Pradesh,MP,69.3,59.2,24.8,18.5,Bhopal,9.4,0,19.1,23.4,0.0691,0
PG_2026_1941,POSTGRADUATE,Male,22,2-5 LPA,0,8.12,8.18,73.8,48.3,350000.0,73.2,5,0,16,Uttar Pradesh,UP,67.7,57.2,23.2,16.8,Bahraich,54.4,1,92.1,46.5,0.0368,0
PG_2026_1942,POSTGRADUATE,Female,22,2-5 LPA,1,7.44,6.2,80.9,75.2,350000.0,60.2,11,3,18,Bihar,BR,61.8,51.5,14.5,21.4,Purnia,50.4,1,89.2,42.1,0.2035,0
PG_2026_1943,POSTGRADUATE,Male,22,2-5 LPA,1,6.83,5.54,78.1,39.1,0.0,71.3,3,1,5,Madhya Pradesh,MP,69.3,59.2,24.8,18.5,Indore,6.8,0,25.9,21.8,0.1575,0
PG_2026_1944,POSTGRADUATE,Male,21,>10 LPA,1,6.89,6.81,94.9,86.3,350000.0,49.2,10,1,3,Haryana,HR,75.6,65.9,29.8,12.5,Nuh / Mewat,44.8,1,88.6,47.0,0.0348,0
PG_2026_1945,POSTGRADUATE,Female,25,2-5 LPA,1,9.29,9.9,57.4,43.8,750000.0,92.9,8,0,2,Karnataka,KA,75.4,68.1,36.2,12.0,Raichur,36.8,1,74.6,34.0,0.0371,1
PG_2026_1946,POSTGRADUATE,Female,21,2-5 LPA,0,7.5,6.78,73.1,78.6,1200000.0,48.0,12,1,1,Kerala,KL,94.0,92.1,43.2,3.2,Thiruvananthapuram,0.9,0,46.2,15.2,0.2662,0
PG_2026_1947,POSTGRADUATE,Female,24,2-5 LPA,1,8.13,7.93,86.7,77.0,0.0,60.6,2,0,30,Madhya Pradesh,MP,69.3,59.2,24.8,18.5,Alirajpur,52.0,1,92.2,39.5,0.0074,1
PG_2026_1948,POSTGRADUATE,Male,21,<2 LPA,0,8.18,9.02,86.1,87.4,0.0,63.0,1,0,1,Haryana,HR,75.6,65.9,29.8,12.5,Nuh / Mewat,44.8,1,88.6,47.0,0.0027,0
PG_2026_1949,POSTGRADUATE,Female,25,2-5 LPA,0,8.13,7.14,87.6,60.3,150000.0,33.9,2,2,27,Tamil Nadu,TN,80.1,73.4,51.4,8.1,Ramanathapuram,7.8,1,69.7,22.1,0.1045,0
PG_2026_1950,POSTGRADUATE,Female,21,<2 LPA,1,7.57,7.07,100.0,41.7,1200000.0,77.7,11,0,20,Rajasthan,RJ,66.1,52.1,26.0,17.2,Jaisalmer,31.8,1,86.7,33.2,0.1396,0
PG_2026_1951,POSTGRADUATE,Female,23,<2 LPA,0,6.22,4.94,75.1,51.8,350000.0,53.6,5,1,0,Rajasthan,RJ,66.1,52.1,26.0,17.2,Kota,8.2,0,39.7,21.0,0.3199,0
PG_2026_1952,POSTGRADUATE,Female,23,>10 LPA,0,6.87,5.99,76.3,50.0,0.0,88.2,2,1,13,Karnataka,KA,75.4,68.1,36.2,12.0,Bengaluru Urban,1.8,0,9.1,18.2,0.0673,1
PG_2026_1953,POSTGRADUATE,Male,24,2-5 LPA,0,9.8,9.9,68.5,50.7,150000.0,21.0,1,1,2,Gujarat,GJ,78.0,69.7,21.3,17.9,Ahmedabad,3.8,0,15.9,20.2,0.0458,0
PG_2026_1954,POSTGRADUATE,Female,26,2-5 LPA,1,6.66,8.57,64.8,75.6,0.0,56.0,0,0,0,Haryana,HR,75.6,65.9,29.8,12.5,Gurugram,2.5,0,31.2,20.5,0.0107,0
PG_2026_1955,POSTGRADUATE,Female,22,5-10 LPA,0,7.24,7.95,78.7,69.3,0.0,95.0,1,0,5,Rajasthan,RJ,66.1,52.1,26.0,17.2,Kota,8.2,0,39.7,21.0,0.0059,0
PG_2026_1956,POSTGRADUATE,Male,22,2-5 LPA,1,7.64,6.65,88.5,88.7,750000.0,29.7,3,0,15,Madhya Pradesh,MP,69.3,59.2,24.8,18.5,Barwani,46.1,1,85.5,37.1,0.053,0
PG_2026_1957,POSTGRADUATE,Male,23,>10 LPA,1,8.18,8.77,77.0,85.5,350000.0,76.3,8,0,19,Gujarat,GJ,78.0,69.7,21.3,17.9,Dahod,40.5,1,88.0,38.1,0.007,0
PG_2026_1958,POSTGRADUATE,Male,25,>10 LPA,0,8.83,7.42,67.7,46.7,0.0,50.2,2,0,6,Maharashtra,MH,82.3,75.9,32.3,11.2,Pune,3.9,0,39.1,21.0,0.0584,0
PG_2026_1959,POSTGRADUATE,Male,21,5-10 LPA,1,7.04,7.09,91.1,100.0,0.0,89.9,1,2,0,Tamil Nadu,TN,80.1,73.4,51.4,8.1,Coimbatore,2.1,0,24.2,18.9,0.0067,0
PG_2026_1960,POSTGRADUATE,Male,23,<2 LPA,0,8.95,8.04,57.2,54.0,0.0,95.0,1,1,2,Madhya Pradesh,MP,69.3,59.2,24.8,18.5,Alirajpur,52.0,1,92.2,39.5,0.0296,0
PG_2026_1961,POSTGRADUATE,Female,22,5-10 LPA,0,6.25,5.2,69.0,67.0,750000.0,74.5,6,3,13,Haryana,HR,75.6,65.9,29.8,12.5,Nuh / Mewat,44.8,1,88.6,47.0,0.4917,0
PG_2026_1962,POSTGRADUATE,Female,22,<2 LPA,1,7.14,7.31,91.2,42.7,350000.0,79.2,14,0,15,Maharashtra,MH,82.3,75.9,32.3,11.2,Nandurbar,33.1,1,83.3,32.4,0.0512,1
PG_2026_1963,POSTGRADUATE,Male,24,2-5 LPA,1,8.57,8.76,69.8,59.1,350000.0,41.3,11,0,15,Kerala,KL,94.0,92.1,43.2,3.2,Thiruvananthapuram,0.9,0,46.2,15.2,0.0474,0
PG_2026_1964,POSTGRADUATE,Female,26,2-5 LPA,1,8.53,6.87,100.0,73.9,750000.0,52.5,4,0,15,Uttar Pradesh,UP,67.7,57.2,23.2,16.8,Balrampur,47.9,1,92.3,45.0,0.0373,1
PG_2026_1965,POSTGRADUATE,Female,23,5-10 LPA,1,6.84,6.89,79.6,61.1,350000.0,52.9,11,1,43,Tamil Nadu,TN,80.1,73.4,51.4,8.1,Ramanathapuram,7.8,1,69.7,22.1,0.1127,0
PG_2026_1966,POSTGRADUATE,Female,22,<2 LPA,1,9.8,8.98,77.3,85.4,0.0,84.0,1,1,0,Uttar Pradesh,UP,67.7,57.2,23.2,16.8,Varanasi,16.3,0,56.6,29.4,0.0041,0
PG_2026_1967,POSTGRADUATE,Female,24,5-10 LPA,0,7.18,7.18,79.6,77.6,150000.0,58.2,1,0,56,Maharashtra,MH,82.3,75.9,32.3,11.2,Gadchiroli,28.5,1,89.0,28.9,0.017,1
PG_2026_1968,POSTGRADUATE,Male,24,<2 LPA,1,7.95,7.76,72.2,56.0,0.0,43.1,1,1,35,Karnataka,KA,75.4,68.1,36.2,12.0,Raichur,36.8,1,74.6,34.0,0.0562,0
PG_2026_1969,POSTGRADUATE,Male,21,2-5 LPA,0,7.98,8.21,83.9,71.2,150000.0,56.2,6,1,7,Haryana,HR,75.6,65.9,29.8,12.5,Nuh / Mewat,44.8,1,88.6,47.0,0.0215,0
PG_2026_1970,POSTGRADUATE,Male,22,5-10 LPA,0,7.26,5.18,93.3,41.4,750000.0,72.1,12,3,16,Gujarat,GJ,78.0,69.7,21.3,17.9,Dahod,40.5,1,88.0,38.1,0.6001,1
PG_2026_1971,POSTGRADUATE,Male,23,2-5 LPA,0,7.37,6.69,70.1,70.3,0.0,64.5,1,1,14,Bihar,BR,61.8,51.5,14.5,21.4,Patna,18.2,0,56.4,28.5,0.0433,0
PG_2026_1972,POSTGRADUATE,Male,25,<2 LPA,1,6.7,7.41,74.6,68.4,150000.0,39.4,1,0,7,Gujarat,GJ,78.0,69.7,21.3,17.9,Narmada,32.4,1,89.5,30.5,0.0345,0
PG_2026_1973,POSTGRADUATE,Male,25,>10 LPA,0,7.53,7.84,92.1,80.6,150000.0,80.0,1,0,3,Uttar Pradesh,UP,67.7,57.2,23.2,16.8,Lucknow,8.5,0,33.8,24.1,0.0048,0
PG_2026_1974,POSTGRADUATE,Female,23,>10 LPA,1,7.34,6.5,75.5,63.1,750000.0,95.0,9,0,23,Uttar Pradesh,UP,67.7,57.2,23.2,16.8,Balrampur,47.9,1,92.3,45.0,0.0686,0
PG_2026_1975,POSTGRADUATE,Male,21,2-5 LPA,0,7.01,5.46,69.5,39.4,150000.0,82.0,0,4,10,Haryana,HR,75.6,65.9,29.8,12.5,Nuh / Mewat,44.8,1,88.6,47.0,0.5045,1
PG_2026_1976,POSTGRADUATE,Female,23,5-10 LPA,0,8.05,8.54,67.9,56.2,150000.0,83.9,1,0,17,Kerala,KL,94.0,92.1,43.2,3.2,Wayanad,4.1,1,96.1,18.0,0.0145,1
PG_2026_1977,POSTGRADUATE,Female,26,2-5 LPA,1,8.16,6.89,62.9,49.5,350000.0,45.3,9,0,12,Gujarat,GJ,78.0,69.7,21.3,17.9,Dahod,40.5,1,88.0,38.1,0.1719,0
PG_2026_1978,POSTGRADUATE,Male,24,2-5 LPA,1,6.1,6.51,83.6,44.0,150000.0,46.9,4,0,26,Gujarat,GJ,78.0,69.7,21.3,17.9,Dahod,40.5,1,88.0,38.1,0.091,0
PG_2026_1979,POSTGRADUATE,Male,26,<2 LPA,1,5.54,4.0,69.1,30.8,750000.0,81.9,9,2,0,Haryana,HR,75.6,65.9,29.8,12.5,Gurugram,2.5,0,31.2,20.5,0.7939,1
PG_2026_1980,POSTGRADUATE,Male,23,5-10 LPA,1,9.8,9.9,56.3,79.6,0.0,89.8,2,1,10,Karnataka,KA,75.4,68.1,36.2,12.0,Yadgir,39.4,1,81.2,36.5,0.0052,0
PG_2026_1981,POSTGRADUATE,Male,25,<2 LPA,0,8.46,9.59,94.2,78.1,350000.0,23.6,13,1,25,Haryana,HR,75.6,65.9,29.8,12.5,Gurugram,2.5,0,31.2,20.5,0.0193,0
PG_2026_1982,POSTGRADUATE,Female,25,2-5 LPA,1,6.71,7.07,78.7,41.1,0.0,54.7,2,0,6,Karnataka,KA,75.4,68.1,36.2,12.0,Yadgir,39.4,1,81.2,36.5,0.0567,0
PG_2026_1983,POSTGRADUATE,Female,21,<2 LPA,1,8.58,7.95,72.1,95.0,350000.0,57.2,8,0,41,Haryana,HR,75.6,65.9,29.8,12.5,Nuh / Mewat,44.8,1,88.6,47.0,0.0134,0
PG_2026_1984,POSTGRADUATE,Male,25,>10 LPA,0,7.06,7.86,75.4,90.0,150000.0,76.3,1,1,5,Maharashtra,MH,82.3,75.9,32.3,11.2,Pune,3.9,0,39.1,21.0,0.0099,0
PG_2026_1985,POSTGRADUATE,Female,23,<2 LPA,0,5.5,4.59,87.0,68.9,750000.0,59.5,7,3,10,Bihar,BR,61.8,51.5,14.5,21.4,Gaya,38.6,1,86.8,36.2,0.5086,1
PG_2026_1986,POSTGRADUATE,Male,25,>10 LPA,0,9.18,8.38,74.3,40.1,750000.0,51.4,7,1,10,Kerala,KL,94.0,92.1,43.2,3.2,Wayanad,4.1,1,96.1,18.0,0.1822,0
PG_2026_1987,POSTGRADUATE,Male,21,5-10 LPA,0,7.9,8.69,85.5,77.8,350000.0,67.5,9,0,0,Bihar,BR,61.8,51.5,14.5,21.4,Muzaffarpur,35.1,1,90.3,38.0,0.0092,0
PG_2026_1988,POSTGRADUATE,Female,23,2-5 LPA,1,6.75,5.4,86.4,52.3,350000.0,51.0,9,5,3,Karnataka,KA,75.4,68.1,36.2,12.0,Raichur,36.8,1,74.6,34.0,0.6956,1
PG_2026_1989,POSTGRADUATE,Male,23,2-5 LPA,0,8.97,8.39,74.2,65.8,150000.0,77.4,2,3,6,Madhya Pradesh,MP,69.3,59.2,24.8,18.5,Indore,6.8,0,25.9,21.8,0.0476,0
PG_2026_1990,POSTGRADUATE,Female,21,2-5 LPA,1,8.29,6.84,64.2,88.2,150000.0,86.6,1,0,25,Kerala,KL,94.0,92.1,43.2,3.2,Thiruvananthapuram,0.9,0,46.2,15.2,0.0128,0
PG_2026_1991,POSTGRADUATE,Male,23,5-10 LPA,0,6.63,6.65,63.9,34.7,150000.0,81.4,3,0,1,Uttar Pradesh,UP,67.7,57.2,23.2,16.8,Lucknow,8.5,0,33.8,24.1,0.1008,0
PG_2026_1992,POSTGRADUATE,Female,22,2-5 LPA,0,5.96,6.35,50.3,83.6,0.0,58.7,1,1,69,Maharashtra,MH,82.3,75.9,32.3,11.2,Gadchiroli,28.5,1,89.0,28.9,0.065,0
PG_2026_1993,POSTGRADUATE,Male,25,2-5 LPA,1,7.05,8.03,64.9,40.8,150000.0,74.4,5,1,3,Gujarat,GJ,78.0,69.7,21.3,17.9,Ahmedabad,3.8,0,15.9,20.2,0.0771,0
PG_2026_1994,POSTGRADUATE,Female,26,>10 LPA,0,9.35,8.05,60.4,72.9,350000.0,78.8,7,0,12,Maharashtra,MH,82.3,75.9,32.3,11.2,Gadchiroli,28.5,1,89.0,28.9,0.0243,0
PG_2026_1995,POSTGRADUATE,Female,25,2-5 LPA,1,6.36,5.85,81.3,71.6,150000.0,52.8,1,3,0,Karnataka,KA,75.4,68.1,36.2,12.0,Yadgir,39.4,1,81.2,36.5,0.1734,0
PG_2026_1996,POSTGRADUATE,Male,24,2-5 LPA,1,6.6,5.87,73.2,31.2,0.0,85.7,2,2,5,Tamil Nadu,TN,80.1,73.4,51.4,8.1,Coimbatore,2.1,0,24.2,18.9,0.2208,0
PG_2026_1997,POSTGRADUATE,Male,23,2-5 LPA,1,8.4,7.36,65.7,20.2,750000.0,95.0,7,0,9,Karnataka,KA,75.4,68.1,36.2,12.0,Raichur,36.8,1,74.6,34.0,0.2046,0
PG_2026_1998,POSTGRADUATE,Female,24,<2 LPA,0,7.54,7.53,91.9,48.0,350000.0,59.2,10,0,53,Tamil Nadu,TN,80.1,73.4,51.4,8.1,Coimbatore,2.1,0,24.2,18.9,0.0481,0
PG_2026_1999,POSTGRADUATE,Male,25,5-10 LPA,0,8.04,7.68,58.8,71.4,150000.0,37.9,2,1,13,Maharashtra,MH,82.3,75.9,32.3,11.2,Nandurbar,33.1,1,83.3,32.4,0.0724,0
PG_2026_2000,POSTGRADUATE,Male,21,<2 LPA,1,6.61,6.55,88.4,52.6,150000.0,76.7,1,0,9,Tamil Nadu,TN,80.1,73.4,51.4,8.1,Coimbatore,2.1,0,24.2,18.9,0.0302,0
